,cont1_S3,cont2_S4
AAAGAAGCAATGAAGCTTTTTTACACGT,1,0
AAAGAAGCCTGATACAACTTCTTCAATT,0,1
AAAGATTACTCAAACGCCTGCTACAGTG,0,1
AAAGTAACCATAGAGGACTTTCACAACG,0,1
AAAGTACGCTCAGAGGGGTGTCGCACGT,42,117
AAAGTACGCTCAGAGGGGTGTCTCACTT,0,8
AAAGTACGCTCAGAGGGGTGTCTCCCGT,0,1
AAAGTACGCTCAGAGGGTTGTCGCACTT,1,0
AAAGTACGCTCAGAGGGTTGTCTCACGT,0,1
AAAGTACGCTCAGAGGTCTGACGCACGT,0,1
AAAGTACGCTCAGAGGTTTGTCGCACGT,1,14
AAAGTACGCTCAGAGGTTTGTCTCACTT,2,3
AAAGTACGCTCTGAGGGTTGTCTCACGA,1,0
AAAGTAGACTGTGAGCTTTGTTTCAATG,1,0
AAAGTAGCCTAATAGGCATGAAGCATCG,1,0
AAAGTAGCCTAATAGGCATGATGCAGCG,29,33
AAAGTAGCCTAATAGGCATGATTCATCT,5,1
AAAGTAGCCTAATAGGCATTATTCAGCG,1,0
AAAGTAGTCTTTTAGATTTTCTCCATTT,0,1
AAAGTATACACAAAGGCCTGCTACCGTT,0,1
AAAGTATACTACTAGGGTTGGTACATTC,0,31
AAAGTATACTACTAGGTTTGTTACATTC,0,4
AAAGTATACTGCCAGTAATGCAGCATTA,62,37
AAAGTATACTGCCAGTAATTCATCATTA,2,3
AAAGTATCCTGATAGTATTGATGCATGG,28,36
AAAGTATCCTGATAGTATTTATGCATGT,0,2
AAAGTATCCTGATAGTATTTATTCATGG,1,0
AAAGTATCCTGATAGTATTTATTCATTT,2,4
AAAGTATTCTAGTAGAACCGGGGCCTGC,0,1
AAAGTATTCTAGTAGAACTGGGGCATGA,144,151
AAAGTATTCTAGTAGAACTGGGTCATTA,2,0
AAAGTATTCTAGTAGAACTGGGTCCTGA,1,1
AAAGTATTCTAGTAGAACTGGTGCCTGA,1,0
AAAGTATTCTAGTAGAACTGGTTCATGA,6,4
AAAGTATTCTAGTAGAACTGTGGCCTGA,3,1
AAAGTATTCTAGTAGAACTGTGTCATGA,15,20
AAAGTATTCTAGTAGAACTGTTGCATGA,7,8
AAAGTATTCTAGTAGAACTGTTTCATTA,10,7
AAAGTATTCTAGTAGAACTGTTTCCTTC,0,1
AAAGTATTCTAGTAGAACTTGGTCATGA,0,1
AAAGTATTCTAGTAGAACTTGTGCATGA,0,1
AAAGTATTCTAGTAGAACTTGTTCATTA,0,1
AAAGTATTCTAGTAGAACTTTTGCATTA,1,2
AAAGTATTCTAGTAGAACTTTTTCATGA,2,2
AAAGTATTCTAGTAGATCTGTTTCATGA,0,1
AAAGTATTCTCTGAGGAGTGCGTCATAC,47,75
AAAGTATTCTCTGAGGAGTGCGTCCTCC,1,0
AAAGTATTCTCTGAGGATTGCTTCATAC,2,2
AAAGTATTCTCTGATGATTTCTTCATAC,0,1
AAAGTCAACTAGAAGGATTTTTACACAC,1,0
AAAGTCAGCTAAAAGCTTTTAGCCATTT,0,1
AAAGTCAGCTCGGAGGTTGGTCACCGTG,1,0
AAAGTCAGCTCGGAGGTTTGTCACAGTG,49,0
AAAGTCAGCTCGGAGGTTTTTCACATTT,4,0
AAAGTCAGCTTACAGTCATGTATCAGAC,1,0
AAAGTCCCCTGAGAGGCTTGACCCAACG,1,0
AAAGTCCGCTACTAGCGTTGTACCATAT,1,0
AAAGTCCGCTCGGAGCTTTGTACCAGTT,1,0
AAAGTCGGCTGTGAGAGATGTTGCAGAG,0,42
AAAGTCGGCTGTGAGAGATGTTGCCGCG,0,1
AAAGTCGGCTGTGAGAGATGTTTCATAG,0,3
AAAGTCGGCTGTGAGAGATTTTTCATAT,0,3
AAAGTCGGCTGTGAGATATTTTGCATAT,0,1
AAAGTCGGCTGTGAGATATTTTTCAGAG,0,2
AAAGTCGGCTTAAAGTATTTACACACTA,1,0
AAAGTCTACTGAGAGGTATGATCCACTT,0,1
AAAGTCTGCTAATAGCGGTGAGCCATTT,76,93
AAAGTCTGCTAATAGCGGTTATCCATTT,1,0
AAAGTCTGCTAATAGCGTGGAGCCATTT,1,0
AAAGTCTGCTAATAGCTGTGAGCCAAAA,0,1
AAAGTCTGCTAATAGCTGTGAGTCCTTT,1,0
AAAGTCTGCTAATAGCTGTGATCCATTT,1,0
AAAGTCTGCTAATAGCTTTGAGCCATTT,7,9
AAAGTCTGCTAATAGCTTTTATCCATTT,2,1
AAAGTCTTCTTGCAGGCCTGTACCACGC,34,0
AAAGTGACCTCACAGGTTTTTTTCATTT,0,1
AAAGTGAGCTCCGAGTATTGTCTCATGC,1,0
AAAGTGAGCTCCGAGTTTTGGGTCAGGC,164,63
AAAGTGAGCTCCGAGTTTTGGGTCATTC,1,1
AAAGTGAGCTCCGAGTTTTGGTTCATGC,1,0
AAAGTGAGCTCCGAGTTTTGTGTCAGTC,7,4
AAAGTGAGCTCCGAGTTTTGTGTCATGC,2,1
AAAGTGAGCTCCGAGTTTTGTTTCAGGC,2,1
AAAGTGAGCTCCGAGTTTTTGGTCAGTC,4,2
AAAGTGAGCTCCGAGTTTTTTGTCAGGC,1,0
AAAGTGAGCTCCGAGTTTTTTTTCATTC,13,9
AAAGTGAGCTCCGAGTTTTTTTTCCGGC,0,1
AAAGTGAGCTCCTAGTTTTGTTACATTC,1,0
AAAGTGAGCTGCTAGGGGTGGAACAGGA,42,7
AAAGTGAGCTGCTAGGGGTGTAACATTA,3,0
AAAGTGAGCTGCTAGGGTTGTAACAGTA,1,0
AAAGTGAGCTGCTAGGTGTGGAACCGGA,0,1
AAAGTGAGCTGCTAGGTTTGGAACAGGA,2,0
AAAGTGAGCTGCTAGGTTTGTAACATTA,2,0
AAAGTGAGCTGCTAGTATTGGAACAGGA,1,0
AAAGTGCACTGTAAGTTCTGGTTCATGC,35,36
AAAGTGCACTGTAAGTTCTGTTTCATTC,2,2
AAAGTGCACTGTAAGTTCTGTTTCCTGC,1,0
AAAGTGCACTGTAAGTTCTTTTTCATGC,1,0
AAAGTGCCCTACCAGAATTTGTGCATGA,1,0
AAAGTGCCCTGTGAGTTCGGTGGCCTTG,0,1
AAAGTGCCCTGTGAGTTCTGTGGCATTG,0,33
AAAGTGCCCTGTGAGTTCTGTTTCATTT,0,3
AAAGTGCGCTCACAGTTATGTTTCATTA,0,41
AAAGTGCGCTCACAGTTATGTTTCCTTC,0,1
AAAGTGCTCTTCAAGGCCTTGGCCATGG,0,1
AAAGTGCTCTTCTAGGCCTCGTCCCTGT,0,1
AAAGTGCTCTTCTAGGCCTGGGCCATGG,175,204
AAAGTGCTCTTCTAGGCCTGGGCCATTT,0,2
AAAGTGCTCTTCTAGGCCTGGGTCATGT,0,1
AAAGTGCTCTTCTAGGCCTGGTCCATGT,1,0
AAAGTGCTCTTCTAGGCCTGGTCCATTG,4,0
AAAGTGCTCTTCTAGGCCTGGTCCCTGG,2,2
AAAGTGCTCTTCTAGGCCTGTGCCATGT,0,4
AAAGTGCTCTTCTAGGCCTGTGCCATTG,1,3
AAAGTGCTCTTCTAGGCCTGTGCCCTGG,0,1
AAAGTGCTCTTCTAGGCCTGTTCCATGG,8,4
AAAGTGCTCTTCTAGGCCTGTTCCATTT,22,18
AAAGTGCTCTTCTAGGCCTGTTCCCTGT,0,2
AAAGTGCTCTTCTAGGCCTGTTCCCTTG,0,2
AAAGTGCTCTTCTAGGCCTTGGCCATGT,1,0
AAAGTGCTCTTCTAGGCCTTGGCCATTG,0,1
AAAGTGCTCTTCTAGGCCTTGTCCATTT,1,1
AAAGTGCTCTTCTAGGCCTTTGCCATGG,1,1
AAAGTGCTCTTCTAGGCCTTTTCCATGT,0,5
AAAGTGCTCTTCTAGGCCTTTTCCATTG,0,1
AAAGTGGACTCGAAGCGATGAATCATAG,34,0
AAAGTGGACTCGAAGCTATTAATCATAG,1,0
AAAGTGGCCTCATAGGAAGGGTACCCGG,1,0
AAAGTGGCCTCATAGGAATGGTACACGG,26,0
AAAGTGGCCTCATAGGAATGTTACACTG,1,0
AAAGTGGCCTCATAGGAATTTTACACTT,1,0
AAAGTGGCCTCCCAGCAATGGATCACTC,0,33
AAAGTGGCCTCCCAGCAATTTATCACTC,0,2
AAAGTGGCCTTTAAGGTATTTTTCAATT,0,1
AAAGTGGGCTGGAAGTTTTTTTCCAACT,0,1
AAAGTGGGCTTAAAGTATATACACACTA,1,0
AAAGTGGGCTTAAAGTATTGACACACTA,111,82
AAAGTGTACTCATAGGAATGCGTCACAA,0,1
AAAGTGTACTCATAGGAATGCTGCCCCA,0,1
AAAGTGTACTCATAGGAGTGCGGCACAC,1,0
AAAGTGTACTCATAGGATTGCGGCACAA,52,110
AAAGTGTACTCATAGGATTGCGGCCCCA,1,3
AAAGTGTACTCATAGGATTGCTGCCCAA,1,0
AAAGTGTACTCATAGGATTGCTGCCCCC,0,1
AAAGTGTACTCATAGGATTGCTTCACAA,7,16
AAAGTGTACTCATAGGATTTCGTCACAA,1,2
AAAGTGTACTCATAGGATTTCTGCACAA,1,0
AAAGTGTGCTGGCAGGATTGGGCCATTT,0,21
AAAGTGTGCTGGCAGGATTGTTCCATTT,0,3
AAAGTGTGCTGTCAGCCATGCTTCATTT,0,1
AAAGTGTTCAGCGAGGTCTTTGCCACTT,1,0
AAAGTGTTCTATTAGCACTGGACCAGTC,30,0
AAAGTGTTCTATTAGCACTTTACCAGTC,2,0
AAAGTGTTCTGAGAGGTCTGATCCACAA,1,0
AAAGTGTTCTGCGAGGTCCGTGCCCCTT,0,1
AAAGTGTTCTGCGAGGTCTCTGCCCCTT,1,0
AAAGTGTTCTGCGAGGTCTGTGCCACTT,36,41
AAAGTGTTCTGCGAGGTCTTTTCCACTT,1,1
AAAGTTCCCTAAAAGATCTGCCCCAATA,0,1
AAAGTTCCCTATAAGAGCTGGTCCATGA,1,0
AAAGTTCCCTATAAGAGCTTTTCCATGA,0,1
AAAGTTCCCTATAAGTCCTGCTACAAGC,0,1
AAAGTTCCCTATAAGTGCTGGGCCATGA,234,122
AAAGTTCCCTATAAGTGCTGGGCCCTGC,2,0
AAAGTTCCCTATAAGTGCTGGTCCATTA,6,3
AAAGTTCCCTATAAGTGCTGGTCCCTGA,1,2
AAAGTTCCCTATAAGTGCTGTGCCATTA,4,3
AAAGTTCCCTATAAGTGCTGTTCCATGA,17,10
AAAGTTCCCTATAAGTGCTTTGCCATGA,0,1
AAAGTTCCCTATAAGTTCTGGGCCATTA,2,0
AAAGTTCCCTATAAGTTCTGGTCCATGA,1,2
AAAGTTCCCTATAAGTTCTGTGCCATGA,2,0
AAAGTTCCCTATAAGTTCTGTTCCCTGA,0,1
AAAGTTCCCTATAAGTTCTTTTCCATTA,10,9
AAAGTTCCCTTTAAGTTCTGCGCCAAGC,1,0
AAAGTTCGCTATTAGCCGTGCATCACGC,0,1
AAAGTTCGCTGTCAGCGGTGAGGCACAG,50,25
AAAGTTCGCTGTCAGCGTTGAGTCACAG,4,2
AAAGTTCGCTGTCAGCGTTGATGCACAG,0,1
AAAGTTCGCTGTCAGCTGTGAGGCACAT,0,1
AAAGTTCGCTGTCAGCTGTGAGTCACAG,2,1
AAAGTTCGCTGTCAGCTTTGAGGCCCCG,1,0
AAAGTTCGCTGTCAGCTTTGATTCACAG,2,1
AAAGTTCGCTGTCAGCTTTTAGTCACAG,0,1
AAAGTTCGCTGTCAGCTTTTATTCACAT,1,0
AAAGTTCTCTATCAGAGGTGCCGCAAGC,20,33
AAAGTTCTCTATCAGAGGTGCCGCCCGC,0,1
AAAGTTCTCTATCAGAGGTGCCTCAATC,2,0
AAAGTTCTCTATCAGAGGTTCCTCAAGC,1,1
AAAGTTCTCTATCAGAGTTGCCTCAAGC,0,1
AAAGTTCTCTATCAGATGTGCCTCACGC,0,1
AAAGTTCTCTATCAGATTTTCCTCAATC,0,1
AAAGTTCTCTTCTAGGCCTGTTCCATGT,1,0
AAAGTTCTCTTGCAGGGTTGGGGCAAAA,0,39
AAAGTTCTCTTGCAGGGTTGTGTCAAAA,0,2
AAAGTTCTCTTGCAGGGTTTGGTCAAAA,0,1
AAAGTTCTCTTGCAGGTTTGTGGCAAAA,0,1
AAAGTTCTCTTGCAGGTTTTTTTCAAAA,0,7
AAAGTTGACTGGTAGCGTTGTTCCATTA,100,58
AAAGTTGACTGGTAGCTTTTTTCCATTA,1,1
AAAGTTGTCTAATAGACATGAGTCACCC,1,0
AAAGTTGTCTTTGAGCTTTGCCTCATCT,0,1
AAAGTTTACTCAAAGGCCTGCTACAGTG,0,45
AAAGTTTACTCAAAGGCCTTCTACATTG,0,2
AAAGTTTACTTTTAGACGTGTCGCACCA,0,14
AAAGTTTACTTTTAGACTTGTCTCACCA,0,3
AAAGTTTCCTATGAGCGTTGGGACATTC,73,31
AAAGTTTCCTATGAGCGTTGTTACATTC,2,1
AAAGTTTCCTATGAGCGTTTGTACATTC,1,0
AAAGTTTCCTATGAGCGTTTTGACATTC,2,0
AAAGTTTCCTATGAGCTTTGGTACATTC,1,0
AAAGTTTCCTATGAGCTTTGTGACATTC,1,1
AAAGTTTCCTATGAGCTTTTTTACATTC,8,3
AAAGTTTTCTTGGAGAGATGAGTCAGCT,31,236
AAAGTTTTCTTGGAGAGATGATTCATCT,1,5
AAAGTTTTCTTGGAGAGATGATTCCGCT,0,2
AAAGTTTTCTTGGAGAGATTAGTCATCT,1,3
AAAGTTTTCTTGGAGAGATTATTCAGCT,0,1
AAAGTTTTCTTGGAGATATGAGTCATCT,0,1
AAAGTTTTCTTGGAGATATGATTCAGCT,0,1
AAAGTTTTCTTGGAGATATTATTCATCT,1,3
AACGAGTCCTTGAAGTCTTTTCTCATTA,1,0
AACGATCACTCTTAGACCTGAGTCATCC,0,1
AACGATGTCTCAGAGGTTATTCTCAACG,0,1
AACGTAAACTGGTAGCCCTGTTGCATCA,0,3
AACGTAAGCTATAAGTTTTTTACCATTC,0,1
AACGTAAGCTTAAAGACTTTTTACATCC,1,0
AACGTAAGCTTATAGACGAGTGACCTCC,2,0
AACGTAAGCTTATAGACGTGTGACATCC,176,94
AACGTAAGCTTATAGACGTTTTACATCC,4,0
AACGTAAGCTTATAGACTAGTGACATCC,0,1
AACGTAAGCTTATAGACTTGTGACAACC,1,0
AACGTAAGCTTATAGACTTGTGACCTCC,1,0
AACGTAAGCTTATAGACTTGTTACATCC,15,10
AACGTAAGCTTATAGACTTTTGACATCC,1,3
AACGTAATCTGGGAGTTATGATGCCGTA,0,1
AACGTACCCTGAGAGGCCTGTGTCAATT,0,1
AACGTACCCTGGCAGGTATGTGTCATAA,1,0
AACGTACCCTGGCAGGTTGGGGGCCTAA,1,0
AACGTACCCTGGCAGGTTTGGGGCATAA,31,0
AACGTACCCTGGCAGGTTTGTTTCATAA,4,0
AACGTACCCTTCCAGTCTAGCAGCCCCA,1,0
AACGTACCCTTCCAGTCTTGCAGCACCA,97,34
AACGTACCCTTCCAGTCTTGCAGCCCCC,2,0
AACGTACCCTTCCAGTCTTTCATCACCA,7,2
AACGTACTCTTTTAGTTTTGTCTCAGTG,39,0
AACGTACTCTTTTAGTTTTTTCTCATTT,1,0
AACGTAGACTGATAGTCTTGTCTCAAGA,1,0
AACGTATCCTAGGAGTATTCTGTCATGC,0,1
AACGTATCCTAGGAGTATTGGGGCAGGC,120,118
AACGTATCCTAGGAGTATTGGGGCATTC,4,1
AACGTATCCTAGGAGTATTGGGTCCGGC,0,1
AACGTATCCTAGGAGTATTGGTGCAGTC,2,4
AACGTATCCTAGGAGTATTGGTGCATGC,6,3
AACGTATCCTAGGAGTATTGGTGCCGGC,0,2
AACGTATCCTAGGAGTATTGGTGCCTTC,1,0
AACGTATCCTAGGAGTATTGGTTCATTC,0,1
AACGTATCCTAGGAGTATTGTGGCATGC,2,2
AACGTATCCTAGGAGTATTGTGGCCGGC,1,0
AACGTATCCTAGGAGTATTGTGTCAGTC,4,2
AACGTATCCTAGGAGTATTGTTTCAGGC,10,10
AACGTATCCTAGGAGTATTTGGTCAGGC,0,1
AACGTATCCTAGGAGTATTTGTGCAGGC,2,1
AACGTATCCTAGGAGTATTTGTTCAGTC,2,1
AACGTATCCTAGGAGTATTTTGGCAGGC,1,1
AACGTATCCTAGGAGTATTTTTGCAGTC,1,0
AACGTATCCTAGGAGTATTTTTGCATGC,0,1
AACGTATCCTAGGAGTATTTTTTCATTC,10,12
AACGTATCCTAGGAGTTTTGTGGCAGGC,0,1
AACGTATCCTGGAAGGCCTGGGGCACCT,81,33
AACGTATCCTGGAAGGCCTGTGGCCCCT,1,0
AACGTATCCTGGAAGGCCTGTTTCACCT,14,7
AACGTATCCTGGAAGGCCTTGTTCACCT,1,0
AACGTATCCTGGAAGGCCTTTGTCACCT,3,0
AACGTATCCTGGAATTCCTTTTTCACCT,1,0
AACGTATGCTTAAAGACTTGCTACAAAT,0,1
AACGTATGCTTTGAGGCATGGGCCCCAT,0,1
AACGTCAACTAGAAGGATTGGGACACAC,195,31
AACGTCAACTAGAAGGATTGGGACCCCC,5,0
AACGTCAACTAGAAGGATTGTGACCCAC,1,0
AACGTCAACTAGAAGGATTGTTACACAC,14,1
AACGTCAACTAGAAGGATTTTGACACAC,0,1
AACGTCAACTGACAGGAATGGTCCAAAT,1,0
AACGTCAACTGACAGGTATGGGCCATAT,72,64
AACGTCAACTGACAGGTATGGGCCCTCT,0,1
AACGTCAACTGACAGGTATGGTCCCTAT,1,0
AACGTCAACTGACAGGTATGTTCCATAT,14,8
AACGTCAACTGACAGGTATGTTCCCTCT,0,1
AACGTCAGCTCCAAGTTGTGGATCACGT,44,0
AACGTCAGCTCCAAGTTGTGTATCACTT,3,0
AACGTCAGCTCCAAGTTGTTTATCACGT,1,0
AACGTCCACTATAAGAGGTGTGCCAAGG,41,110
AACGTCCACTATAAGAGGTGTGCCAATT,1,1
AACGTCCACTATAAGAGGTGTTCCAAGT,2,0
AACGTCCACTATAAGAGTTGTGCCAAGT,0,1
AACGTCCACTATAAGAGTTGTGCCCAGG,1,0
AACGTCCACTATAAGAGTTGTTCCAAGG,0,2
AACGTCCACTATAAGAGTTGTTCCCCGG,0,1
AACGTCCACTATAAGAGTTTTGCCAATG,0,1
AACGTCCACTATAAGATGTGTGCCAATG,0,1
AACGTCCACTATAAGATGTTTTCCAAGG,0,1
AACGTCCACTATAAGATTTGTGCCAAGG,1,5
AACGTCCACTATAAGATTTGTGCCAATT,1,0
AACGTCCACTATAAGATTTGTTCCAATG,1,2
AACGTCCACTATAAGATTTTTTCCAATT,2,3
AACGTCCCCTGGGAGGGGTGCGTCAGTC,28,0
AACGTCCCCTGGGAGGGGTTCTTCATTC,2,0
AACGTCCCCTGGGAGGGTTTCTTCAGTC,1,0
AACGTCCCCTGGGAGGTTTGCGTCATTC,1,0
AACGTCCCCTGGGAGGTTTGCTTCAGTC,1,0
AACGTCCCCTGGGAGGTTTTCTTCATTC,2,0
AACGTCCTCTCTTAGATCTGTGTCAGAT,0,1
AACGTCGACTACGAGCCCTGTTTCAAGC,81,0
AACGTCGACTACGAGCCCTGTTTCCCGC,3,0
AACGTCGACTACGAGCCCTTTTTCAATC,6,0
AACGTCGACTGAAAGTGTTTATACACAT,0,1
AACGTCGCCTATGAGTATTGTAACAGTC,0,73
AACGTCGCCTATGAGTATTTTAACATTC,0,3
AACGTCGCCTCAGAGCGTTGTTACATAT,0,1
AACGTCGCCTGTTAGCGTTGGGCCATGC,37,0
AACGTCGCCTGTTAGCGTTGTGCCATTC,1,0
AACGTCGCCTGTTAGCGTTGTTCCATGC,3,0
AACGTCGCCTGTTAGCGTTTTTCCATTC,1,0
AACGTCGCCTGTTAGCTTTGGTCCATTC,1,0
AACGTCGTCTGAAAGTGTTGATACACAT,108,82
AACGTCGTCTGAAAGTGTTGATACCCCT,1,0
AACGTCGTCTGAAAGTTTTTATACACAT,1,5
AACGTCTGCTGGAAGCGATGAACCAAGC,57,10
AACGTCTGCTGGAAGCGATGAACCCCGC,4,0
AACGTCTGCTGGAAGCGATTAACCCATC,0,1
AACGTCTGCTGGAAGCTATTAACCAATC,11,1
AACGTCTGCTGGAAGCTATTAACCCCTC,1,0
AACGTCTGCTGGCAGGGGTGACGCATCA,0,62
AACGTCTGCTGGCAGGGGTGACTCCTCA,0,1
AACGTCTGCTGGCAGGTGTGACGCCTCA,0,1
AACGTCTGCTGGCAGGTTTGACTCATCA,0,14
AACGTCTTCTACTAGCCTTGTCTCATAG,0,29
AACGTCTTCTACTAGCCTTTTCTCATAT,0,3
AACGTCTTCTGGGAGCGGTGTCGCAGTG,0,21
AACGTCTTCTGGGAGCTGTGTCTCAGTG,0,1
AACGTCTTCTGGGAGCTTTGTCGCAGTG,0,1
AACGTCTTCTGGGAGCTTTGTCTCATTG,0,2
AACGTCTTCTGGGAGCTTTTTCTCAGTG,0,1
AACGTGATCCCCTAGTATTTAGTCAATG,1,0
AACGTGCACTATCAGTTTTTTAACAGTC,0,1
AACGTGCACTGAGAGATCTGGGTCATAA,0,1
AACGTGCCCTGGAAGCAGTGTCTCAGCA,41,0
AACGTGCCCTGGAAGCATTGTCTCATCA,1,0
AACGTGCCCTGGAAGCATTTTCTCAGCA,2,0
AACGTGCGCAAGGAGTGGTGCCACATTT,0,1
AACGTGCGCTAGGAGTGGTGCCACATTG,0,43
AACGTGCGCTAGGAGTGTTGCCACATTT,0,1
AACGTGCGCTAGGAGTTTTGCCACATTG,0,2
AACGTGCGCTAGGAGTTTTTCCACATTT,0,3
AACGTGCGCTAGGAGTTTTTCCACCTTG,0,1
AACGTGCGCTATGAGACATGCATCAAGC,36,63
AACGTGCGCTATGAGACATGCATCCCGC,1,2
AACGTGCGCTATGAGACATTCATCAATC,6,10
AACGTGCGCTGAAAGAAATTCCTCATCT,0,1
AACGTGCGCTGGAAGATGTGACTCAAGG,54,51
AACGTGCGCTGGAAGATGTGACTCCATG,1,0
AACGTGCGCTGGAAGATGTGACTCCCGG,3,0
AACGTGCGCTGGAAGATGTTACTCAATT,2,4
AACGTGCGCTTTTAGTGATGCCGCACAT,0,99
AACGTGCGCTTTTAGTGATGCCGCCCCT,0,4
AACGTGCGCTTTTAGTGATGCCTCCCAT,0,1
AACGTGCGCTTTTAGTGATTCCTCACAT,0,9
AACGTGGACTGAGAGCCATGGAGCATTG,24,34
AACGTGGACTGAGAGCCATGGAGCCTTT,1,1
AACGTGGACTGAGAGCCATGGATCATTT,0,1
AACGTGGACTGAGAGCCATGTATCATTG,1,3
AACGTGGACTGAGAGCCATTTATCATTT,0,1
AACGTGGACTGTGAGGGCTGTCTCACAA,47,0
AACGTGGGCTAAAAGACATTGGTCACTA,1,0
AACGTGGGCTAACAGGTATGGCCCACTG,0,40
AACGTGGGCTAACAGGTATGTCCCACTT,0,6
AACGTGGGCTTAAAGACATGCTTCACTA,0,1
AACGTGGGCTTAAAGACATGGGTCACTA,41,56
AACGTGGGCTTAAAGACATTTTTCACTA,5,13
AACGTGGGCTTAAGGACATGTGTCACTA,1,0
AACGTGGTCTAGAAGATCTGTTCCATTA,39,42
AACGTGGTCTCACAGACATGGGTCACAG,40,39
AACGTGGTCTCACAGACATGGTTCACAT,2,5
AACGTGGTCTCACAGACATGGTTCCCAG,0,1
AACGTGGTCTCACAGACATTTGTCACAT,2,5
AACGTGGTCTCACAGACATTTTTCACAG,6,6
AACGTGGTCTCACAGACCTGGGTCCCAG,0,1
AACGTGGTCTCACAGTGGTGTATCAAGG,37,39
AACGTGGTCTCACAGTGGTGTATCAATT,1,0
AACGTGGTCTCACAGTGGTGTATCCCGG,3,0
AACGTGGTCTCACAGTGTTTTATCAATT,0,2
AACGTGGTCTCACAGTTTTGTATCAATG,2,1
AACGTGGTCTTGGAGTGTTGTATCAACC,0,41
AACGTGTACTGACAGAGCTGCCCCAACA,1,0
AACGTGTCCTTGAAGTCGTGGCGCAGTA,30,89
AACGTGTCCTTGAAGTCGTGTCTCAGTA,1,5
AACGTGTCCTTGAAGTCGTTTCGCAGTA,0,2
AACGTGTCCTTGAAGTCTTGGCGCATTA,0,1
AACGTGTCCTTGAAGTCTTGGCGCCGTA,0,2
AACGTGTCCTTGAAGTCTTGGCTCAGTA,1,7
AACGTGTCCTTGAAGTCTTGTCGCAGTA,1,2
AACGTGTCCTTGAAGTCTTGTCTCATTA,0,1
AACGTGTCCTTGAAGTCTTGTCTCCGTA,0,1
AACGTGTCCTTGAAGTCTTTTCTCAGTA,2,2
AACGTGTGCTGTAAGGTATGATTCACAT,1,0
AACGTGTGCTGTAAGGTTTGATTCACTT,47,0
AACGTGTGCTGTTAGTTGTGTCACAGAG,39,0
AACGTGTGCTGTTAGTTTTTTCACATAT,1,0
AACGTGTGCTTGGAGGTATGGGGCAGAT,0,36
AACGTGTGCTTGGAGGTATGGTTCATAT,0,1
AACGTGTGCTTGGAGGTATGTTTCAGAT,0,4
AACGTGTGCTTGGAGGTATTTTTCATAT,0,1
AACGTGTTCTCCTAGTGGTCGGGCCTTA,1,0
AACGTGTTCTCCTAGTGGTGGGGCATTA,140,71
AACGTGTTCTCCTAGTGGTGGGGCCTTC,1,0
AACGTGTTCTCCTAGTGGTGGTTCATTA,1,1
AACGTGTTCTCCTAGTGGTGTGGCCTTA,2,0
AACGTGTTCTCCTAGTGGTGTTGCATTA,7,7
AACGTGTTCTCCTAGTGGTGTTTCCTTA,0,1
AACGTGTTCTCCTAGTGGTTGGTCATTA,1,0
AACGTGTTCTCCTAGTGGTTTTTCATTA,3,3
AACGTGTTCTCCTAGTGTAGTTGCATTA,0,1
AACGTGTTCTCCTAGTGTTGGGTCATTA,0,2
AACGTGTTCTCCTAGTGTTGGTGCATTA,4,2
AACGTGTTCTCCTAGTGTTGTGGCATTA,2,0
AACGTGTTCTCCTAGTGTTGTTTCATTA,1,3
AACGTGTTCTCCTAGTTGTGGTGCATTA,1,0
AACGTGTTCTCCTAGTTGTGTGGCATTA,4,0
AACGTGTTCTCCTAGTTGTGTTTCATTA,1,0
AACGTGTTCTCCTAGTTTTGGGGCATTA,1,0
AACGTGTTCTCCTAGTTTTGGTTCATTA,1,0
AACGTGTTCTCCTAGTTTTGTGTCATTA,5,0
AACGTGTTCTCCTAGTTTTGTTGCATTA,1,0
AACGTGTTCTCCTAGTTTTTGTTCATTT,1,0
AACGTGTTCTCCTAGTTTTTTTTCATTA,2,0
AACGTTAGCTATGAGTCTTGAACCACAT,0,1
AACGTTAGCTGCAAGGCCTGTGACATAA,0,41
AACGTTAGCTGCAAGGCCTGTGACCTCA,0,1
AACGTTATCTGAAAGATCTGTCTCAACA,0,1
AACGTTCTCTGTTAGACCTGAGTCATCC,110,265
AACGTTCTCTGTTAGACCTTATTCATCC,6,11
AACGTTGACTGCAAGATATGTGCCACTC,0,112
AACGTTGACTGCAAGATATTTTCCACTC,0,6
AACGTTGCCTACAAGGGAGGGGTCCCGA,0,1
AACGTTGCCTACAAGGGATGGGTCACGA,103,88
AACGTTGCCTACAAGGGATGGGTCCCGC,1,0
AACGTTGCCTACAAGGGATGTGTCACGC,1,0
AACGTTGCCTACAAGGGATGTGTCACTA,7,3
AACGTTGCCTACAAGGGATGTGTCCCGA,1,2
AACGTTGCCTACAAGGGATGTTTCACGA,2,1
AACGTTGCCTACAAGGTATGGGTCACTA,2,0
AACGTTGCCTACAAGGTATGTGTCACGA,2,2
AACGTTGCCTACAAGGTATTTTTCACTA,7,7
AACGTTGCCTTTTAGGATTGCGCCAGCG,0,35
AACGTTGCCTTTTAGGATTGCTCCAGCT,0,4
AACGTTGCCTTTTAGGATTGCTCCATCG,0,2
AACGTTGCCTTTTAGGATTTCTCCATCT,0,1
AACGTTGTCTAAGAGGTTTTTCTCAACT,1,0
AACGTTGTCTCAGAGGTGTGTCTCAACG,83,174
AACGTTGTCTCAGAGGTGTGTCTCCCCG,4,9
AACGTTGTCTCAGAGGTGTTTCTCAACT,1,4
AACGTTGTCTCAGAGGTTTGTCTCAACT,5,6
AACGTTTCCTAAAAGCTATGCTTCACCA,1,0
AACGTTTGCTCGAAGTACTGTAGCATGG,58,0
AACGTTTGCTCGAAGTACTGTATCATGT,2,0
AACGTTTGCTCGAAGTACTTTATCATTT,2,0
AACGTTTGCTTTAAGAAGTGCCCCACTG,5,0
AACGTTTGCTTTAAGAAGTTCCCCACTT,1,0
AACGTTTTCTACTAGTTGTGAGGCAAGC,0,24
AACGTTTTCTACTAGTTGTGAGTCAATC,0,1
AACGTTTTCTACTAGTTTTGAGTCAAGC,0,1
AACGTTTTCTACTAGTTTTGATTCAATC,0,1
AACGTTTTCTGTAAGTACTTGTACAGTC,1,0
AACTTCAACTGACATGTATTTTCCATAT,0,1
AACTTGTTCTCCTAGTGTTGTTGCATTA,1,0
AAGATCTGCTTAGAGGTATTTCACAATT,1,0
AAGCTACACATGAAGCGATGCTCCATTC,1,0
AAGCTAGCCTAAAACAGATTTATCATTT,1,0
AAGCTCGACAGACACTTTTGTTTCACGT,1,0
AAGCTCGACTCCAACCATTTTTACACTT,1,0
AAGGAATGCTCACAGGAATGCGCCAGCG,0,1
AAGGTAAACTAAGAGGGTTGATTCAAAT,34,39
AAGGTAAACTAAGAGGGTTGATTCCACT,2,0
AAGGTAAACTAAGAGGGTTGATTCCCAT,0,1
AAGGTAAACTAAGAGGTTTTATTCAAAT,1,2
AAGGTAAACTAAGAGGTTTTATTCCCCT,0,1
AAGGTAAACTTACAGTAATGTCCCACTC,31,0
AAGGTAACCTTGCAGGTGTGCTCCACAC,35,0
AAGGTAACCTTGCAGGTGTGCTCCCCCC,1,0
AAGGTAAGCTGCCAGGTTAGCCTCATCA,0,1
AAGGTAAGCTGCCAGGTTTGCCTCAGCA,23,156
AAGGTAAGCTGCCAGGTTTTCCTCATCA,0,5
AAGGTAAGCTGCCAGGTTTTCCTCCGCA,0,1
AAGGTAAGCTGGCAGTCTTTATCCATCT,1,0
AAGGTAATCTCAAAGGCATGACCAACTG,1,0
AAGGTAATCTCAAAGGCATGACCCACGG,189,76
AAGGTAATCTCAAAGGCATGACCCACTT,21,5
AAGGTAATCTCAAAGGCATGACCCCCGT,1,0
AAGGTAATCTCAAAGGCATTACCCACGT,2,3
AAGGTAATCTCAAAGGCATTACCCACTG,8,1
AAGGTAATCTCAAAGTCATGACCCACGT,1,0
AAGGTAATCTCGCAGTTATGCTTCACAT,0,30
AAGGTACACTACCAGAAGTGGGGCATTC,0,23
AAGGTACACTACCAGAAGTGGGTCATCC,0,1
AAGGTACACTACCAGAAGTGGTTCAATC,0,1
AAGGTACACTACCAGAAGTGTGTCATTC,0,2
AAGGTACACTACCAGAAGTGTTGCATTC,0,1
AAGGTACACTACCAGAAGTTGGTCATTC,0,1
AAGGTACACTACCAGAAGTTGTGCATTC,0,1
AAGGTACACTACCAGAATTGGGGCATAC,0,1
AAGGTACACTACCAGAATTTTTTCATTC,0,1
AAGGTACACTATGAGAGATGCATCAATG,38,0
AAGGTACACTATGAGAGATGCATCCCTG,1,0
AAGGTACACTATGAGATATTCATCAATG,3,0
AAGGTACTCTCAGAGTCTTGCATCAAGA,1,0
AAGGTACTCTCAGAGTGGTGCTGCAAGT,119,57
AAGGTACTCTCAGAGTGGTGCTGCCCGT,4,3
AAGGTACTCTCAGAGTGGTGCTTCAATT,1,1
AAGGTACTCTCAGAGTGTTGCTGCACGT,1,0
AAGGTACTCTCAGAGTGTTGCTTCAAGT,6,5
AAGGTACTCTCAGAGTGTTTCTGCAAGT,1,0
AAGGTACTCTCAGAGTTGTGCTGCACGT,0,1
AAGGTACTCTCAGAGTTGTTCTGCAAGT,1,1
AAGGTACTCTCAGAGTTTTGCTGCAAGT,4,4
AAGGTACTCTCAGAGTTTTGCTGCCCGT,1,1
AAGGTACTCTCAGAGTTTTTCTTCAATT,9,2
AAGGTAGACTTACAGGTATTTCTCATCT,1,0
AAGGTAGGCTAGTAGTCATGTTTCATGT,0,1
AAGGTAGGCTCGTAGCCTTGAGTCAGCT,0,42
AAGGTAGGCTCGTAGCCTTTATTCATCT,0,3
AAGGTAGGCTGTAAGCAGTGTTCCAGTT,1,0
AAGGTAGTCTGAAAGTTCTGCGGCACAG,0,38
AAGGTAGTCTGAAAGTTCTGCGTCACAT,0,1
AAGGTAGTCTGAAAGTTCTTCTTCACAG,0,5
AAGGTATACTTGTAGCGCGGTAGCCGGT,0,1
AAGGTATACTTGTAGCGCTGTAGCAGGT,29,112
AAGGTATACTTGTAGCGCTGTATCAGTT,0,2
AAGGTATACTTGTAGCTCTGTAGCAGTT,1,5
AAGGTATACTTGTAGCTCTGTAGCATGT,1,3
AAGGTATACTTGTAGCTCTTTATCATTT,0,4
AAGGTATCCTCGTAGTCTTTCCTCATCT,1,0
AAGGTATCCTTCAAGACATGAGCCACTG,0,68
AAGGTATCCTTCAAGACATTATCCACTT,0,7
AAGGTATGCTACCAGTATTGACGCATAA,39,44
AAGGTATGCTACCAGTATTGACGCCTCA,1,1
AAGGTATGCTACCAGTATTGACTCATCC,0,1
AAGGTATGCTCACAGGATTGGGCCAGCG,182,82
AAGGTATGCTCACAGGATTGGGCCATCT,1,0
AAGGTATGCTCACAGGATTGGGCCCGCT,1,0
AAGGTATGCTCACAGGATTGGTCCAGCT,3,2
AAGGTATGCTCACAGGATTGGTCCATCG,2,0
AAGGTATGCTCACAGGATTGGTCCCGCG,1,0
AAGGTATGCTCACAGGATTGTGCCAGCT,3,1
AAGGTATGCTCACAGGATTGTGCCATCG,2,1
AAGGTATGCTCACAGGATTGTGCCCGCG,2,0
AAGGTATGCTCACAGGATTGTTACAGCT,1,0
AAGGTATGCTCACAGGATTGTTCCAGCG,11,9
AAGGTATGCTCACAGGATTTTGCCAGCG,1,1
AAGGTATGCTCACAGGATTTTTCCATCT,10,2
AAGGTATGCTCCCAGATTTGACTCAAAG,50,79
AAGGTATGCTCCCAGATTTGACTCCACG,1,0
AAGGTATGCTCCCAGATTTGACTCCCAG,1,2
AAGGTATGCTCCCAGATTTTACTCAAAT,1,3
AAGGTATGCTCTCAGGATTGCGCCAGCT,0,1
AAGGTATTCTGGTAGGAGAGCCTCATAG,1,0
AAGGTATTCTGGTAGGAGTGCCGCATAG,47,0
AAGGTATTCTGGTAGGAGTGCCTCATAT,1,0
AAGGTATTCTGGTAGGAGTTCCTCATAG,5,0
AAGGTATTCTGGTAGGATTGCCTCATAG,1,0
AAGGTATTCTGGTAGGATTTCCTCATAT,1,0
AAGGTCACCTATCAGTTATGTTTCACAT,1,0
AAGGTCACCTCGCAGTACTGCTCCATCC,0,31
AAGGTCAGCTACGAGTCTTGCCGCAACC,1,0
AAGGTCCACTGGGAGGCATTTTTCACTC,1,1
AAGGTCCCCTAACAGAGATGTAGCAAAC,81,0
AAGGTCCCCTAACAGAGATGTAGCCCAC,4,0
AAGGTCCCCTAACAGAGATTTATCAAAC,2,0
AAGGTCCCCTAACAGATATGTATCAAAC,5,0
AAGGTCCGCTAAGAGGGGTGTACCAAAA,39,0
AAGGTCCGCTAAGAGGGGTGTACCACCA,1,0
AAGGTCCGCTAAGAGGGGTGTACCCCAA,1,0
AAGGTCCGCTAAGAGGTTTGTACCAAAA,4,0
AAGGTCCGCTACAAGTCGTGGCTCACGG,18,0
AAGGTCCGCTACAAGTCTTGGCTCACTG,1,0
AAGGTCCGCTACAAGTCTTGTCTCACGG,2,0
AAGGTCCGCTACAAGTCTTGTCTCACTT,1,0
AAGGTCCGCTACAAGTCTTTTCTCCCTT,1,0
AAGGTCCGCTAGCAGGAGTGTGACATGC,0,19
AAGGTCCGCTCCCAGGGATGACTCAGTA,0,1
AAGGTCGACTTGCAGCCCTGGAACACGA,229,87
AAGGTCGACTTGCAGCCCTGGAACCCGC,2,1
AAGGTCGACTTGCAGCCCTGTAACACTA,18,11
AAGGTCGACTTGCAGCCCTGTAACCCGA,1,0
AAGGTCGACTTGCAGCCCTGTATCACCA,1,0
AAGGTCGACTTGCAGCCCTTGAACACTA,3,1
AAGGTCGACTTGCAGCCCTTTAACACGA,1,1
AAGGTCGGCTACGAGTAATGTGACAGTC,0,36
AAGGTCGGCTAGAAGACATGACCCATAC,1,0
AAGGTCGGCTCAAAGTAGTGGCGCATCG,30,0
AAGGTCGGCTCAAAGTAGTGGCTCCTCG,1,0
AAGGTCGGCTCAAAGTAGTGTCTCATCT,4,0
AAGGTCGGCTCAAAGTAGTTGCTCATCT,1,0
AAGGTCGGCTCGTAACGCTGCCGCCATA,0,1
AAGGTCGGCTCGTAGCGCGGCCTCCCTA,0,1
AAGGTCGGCTCGTAGCGCTGCCGCAATA,138,79
AAGGTCGGCTCGTAGCGCTGCCGCCCTA,3,0
AAGGTCGGCTCGTAGCGCTTCCTCAATA,1,1
AAGGTCGGCTCGTAGCTCTGCCTCAATA,21,6
AAGGTCGGCTCGTAGCTCTTCCGCAATA,1,1
AAGGTCGGCTTGAAGACTTGATCCAGAC,0,1
AAGGTCGGCTTGAAGACTTGTGCCAGAC,232,209
AAGGTCGGCTTGAAGACTTGTGCCCGCC,5,4
AAGGTCGGCTTGAAGACTTGTTCCAGCC,0,1
AAGGTCGGCTTGAAGACTTGTTCCATAC,7,10
AAGGTCGGCTTGAAGACTTGTTCCCGAC,1,0
AAGGTCGGCTTGAAGACTTGTTCCCTCC,1,0
AAGGTCGGCTTGAAGACTTTTGCCATAC,3,3
AAGGTCGGCTTGAAGACTTTTTCCAGAC,3,5
AAGGTCTCCTATTAGTTGTGGCGCATGT,30,21
AAGGTCTCCTATTAGTTGTGTCTCATGT,5,3
AAGGTCTCCTATTAGTTGTTTCTCATTT,3,0
AAGGTCTCCTATTAGTTTTGGCTCATGT,0,1
AAGGTCTCCTATTAGTTTTGTCTCATTT,0,1
AAGGTCTCCTATTAGTTTTTTCGCATTT,1,0
AAGGTCTCCTATTAGTTTTTTCTCATGT,1,0
AAGGTCTTCTCGAAGGACTGAGGCACGT,34,0
AAGGTCTTCTCGAAGGACTGAGTCCCGT,1,0
AAGGTCTTCTCGAAGGACTGATGCCCGT,1,0
AAGGTCTTCTCGAAGGACTGATTCACGT,2,0
AAGGTCTTCTCGAAGGACTTAGTCACGT,1,0
AAGGTGAACTCCGAGCTATGTCACATGG,207,445
AAGGTGAACTCCGAGCTATGTCACATTT,21,29
AAGGTGAACTCCGAGCTATGTCACCTGT,1,1
AAGGTGAACTCCGAGCTATTTCACAATT,1,0
AAGGTGAACTCCGAGCTATTTCACATGT,3,3
AAGGTGAACTCCGAGCTATTTCACATTG,1,3
AAGGTGAACTGGCAGGACTGCATCATTA,1,0
AAGGTGACCTCGGAGCAGTGACCCATTA,1,0
AAGGTGAGCTGGAAGCCGTGGTGCATTA,0,22
AAGGTGAGCTGGAAGCCTTTTTTCATTA,0,3
AAGGTGAGCTGGATGCCTTGGTGCATTA,0,1
AAGGTGATCTAGTAGAACTGTACCAAAA,0,1
AAGGTGATCTAGTAGAACTGTACCAATT,0,40
AAGGTGATCTAGTAGAACTGTACCCCTT,0,1
AAGGTGCACTCCCAGGTCTGAGTCATTC,0,37
AAGGTGCACTCTGAGATATGCTCCACAC,1,0
AAGGTGCACTGGCAGCTGTTTTCCATCC,1,0
AAGGTGCACTGTGAGGAGTGTCTCCTCT,1,0
AAGGTGCACTGTGAGGATTTTCTCATCG,1,0
AAGGTGCACTGTGAGGTGAGTCTCATCG,2,0
AAGGTGCACTGTGAGGTGTGTCGCATCG,154,134
AAGGTGCACTGTGAGGTGTGTCGCCTCT,1,1
AAGGTGCACTGTGAGGTGTGTCTCATCT,11,10
AAGGTGCACTGTGAGGTGTGTCTCCTCG,0,1
AAGGTGCACTGTGAGGTGTTTAGCATCG,1,0
AAGGTGCACTGTGAGGTGTTTCGCATCT,0,1
AAGGTGCACTGTGAGGTGTTTCGCCTCG,1,0
AAGGTGCACTGTGAGGTTTGTCGCATCT,1,1
AAGGTGCACTGTGAGGTTTGTCTCATCG,1,0
AAGGTGCACTGTGAGGTTTTTCTCATCT,2,1
AAGGTGCCCTGGCAGGTTTGCCTCAAGT,0,49
AAGGTGCCCTGGCAGGTTTGCCTCCCGT,0,1
AAGGTGCGCTGGCAGCGCTGCTGCAGGC,33,0
AAGGTGCGCTGGCAGCGCTGCTTCAGTC,3,0
AAGGTGCGCTGGCAGCTCTGCTGCAGTC,1,0
AAGGTGCGCTGGCAGCTCTGCTGCATGC,2,0
AAGGTGCGCTGGCAGCTCTGCTTCAGGC,1,0
AAGGTGCGCTGTTAGGGCTGCGTCACTT,1,0
AAGGTGGACTCTGAGAGAATCGCCACCC,1,0
AAGGTGGACTCTGAGAGATGCGCCACCC,126,23
AAGGTGGACTCTGAGAGATGCTCCCCCC,1,1
AAGGTGGACTCTGAGAGATTCTCCACCC,19,1
AAGGTGGACTCTGAGATATGCGCCCCCC,1,0
AAGGTGGACTCTGAGATATTCTCCCCCC,1,0
AAGGTGGACTGCAAGCCGTGTGACACGT,32,15
AAGGTGGACTGCAAGCCTTGTGACCCGT,0,1
AAGGTGGACTGCAAGCCTTGTTACACGT,0,1
AAGGTGGACTGCAAGCCTTTTGACACTT,1,1
AAGGTGGCCTCGTAGGATTGATCCACGT,13,36
AAGGTGGCCTCGTAGGATTTATCCACTT,2,2
AAGGTGGGCTAGAAGGTATGTATCACCG,0,37
AAGGTGGGCTAGAAGGTATTTATCACCT,0,3
AAGGTGGGCTATCAGCACTGTATCAACA,0,21
AAGGTGGGCTCAGAGTCATGCTCCATAT,0,34
AAGGTGGGCTGGAAGCATTGTTTCAGTC,0,25
AAGGTGGTCTAGTAGTCGTGGCGCAAAC,0,4
AAGGTGGTCTAGTAGTCGTGTCTCAAAC,0,2
AAGGTGGTCTAGTAGTCGTTTCGCAAAC,0,1
AAGGTGGTCTGCAAGGTGTGCTCCATAG,0,39
AAGGTGGTCTGCAAGGTGTTCTCCATAT,0,1
AAGGTGGTCTGGGAGCGCTGCCTCACAC,0,32
AAGGTGGTCTGGGAGCGCTGCCTCCCCC,0,2
AAGGTGGTCTGGGAGCTCTTCCTCACAC,0,2
AAGGTGTACTGCGAGGAGTGCGTCATCA,65,45
AAGGTGTACTGCGAGGAGTTCTTCATCA,2,0
AAGGTGTCCTAGGAGGTTTTCTTCAGAC,1,0
AAGGTGTGCTACTAGGATTGTGACATGT,5,48
AAGGTGTGCTACTAGGATTGTTACAAGA,0,1
AAGGTGTGCTACTAGGATTGTTACATTT,0,1
AAGGTGTGCTACTAGGATTTTGACATTT,0,1
AAGGTGTGCTCGGAGATCTGTGGCATAG,2,12
AAGGTGTGCTCGGAGATCTGTGGCCTCG,1,0
AAGGTGTGCTCGGAGATCTGTGTCATCG,0,1
AAGGTGTGCTCGGAGATCTGTTTCATAG,0,2
AAGGTGTGCTCGGAGATCTTTTTCATAT,0,1
AAGGTGTGCTCGGAGCTCTGTTTCCTAT,0,1
AAGGTGTGCTGACAGCATTGGGTCAAAC,25,66
AAGGTGTGCTGACAGCATTGGGTCCCCC,0,1
AAGGTGTGCTGACAGCATTGTGTCCAAC,2,0
AAGGTGTGCTGACAGCATTTTTTCAAAC,5,4
AAGGTGTGCTTGAAGCTGTGGCACATGG,27,35
AAGGTGTGCTTGAAGCTGTGGCACATTT,0,1
AAGGTGTGCTTGAAGCTGTGTCACATGT,1,0
AAGGTGTGCTTGAAGCTGTGTCACATTG,1,1
AAGGTGTGCTTGAAGCTGTTTCACATGG,0,1
AAGGTGTGCTTGAAGCTGTTTCACATTT,1,1
AAGGTGTTCTGGCAGAACTGGGACAGAG,0,29
AAGGTGTTCTGGCAGAACTGTGACAGAT,0,1
AAGGTGTTCTGGCAGAACTGTTACAGAG,0,3
AAGGTGTTCTGGCAGAACTGTTACATAT,0,1
AAGGTTAACTGCAGTTTTTACACATTAC,0,1
AAGGTTAGCTAGGAGATTAGGTTCAGGA,1,0
AAGGTTAGCTAGGAGATTTGGGGCAGGA,29,13
AAGGTTAGCTAGGAGATTTGGGGCCGGC,0,1
AAGGTTAGCTAGGAGATTTGGGTCAGTA,1,0
AAGGTTAGCTAGGAGATTTGGGTCATGA,1,0
AAGGTTAGCTAGGAGATTTGGTGCCGTC,1,0
AAGGTTAGCTAGGAGATTTGTGGCAGCA,1,0
AAGGTTAGCTAGGAGATTTGTGTCAGGA,3,0
AAGGTTAGCTAGGAGATTTGTTTCATTA,1,2
AAGGTTAGCTAGGAGATTTTGTTCATGA,1,0
AAGGTTAGCTAGGAGATTTTTTTCAGGA,1,0
AAGGTTAGCTCGGAGATCTGCTACATGA,23,0
AAGGTTAGCTCGTAGATCTGCTACATTA,1,0
AAGGTTAGCTGAGAGGCGTGTAACAACG,0,25
AAGGTTAGCTGAGAGGCTTGTAACAACT,0,1
AAGGTTAGCTGCTAGTTGTGTGCCACCC,32,17
AAGGTTAGCTGCTAGTTTTGTTCCACCC,1,0
AAGGTTAGCTTGCAGGTGTGGCACAGCT,0,33
AAGGTTAGCTTGCAGGTGTTTCACATCT,0,2
AAGGTTAGCTTGCAGGTTTGTCACAGCT,0,1
AAGGTTCCATGGTACATCTTTTACATTT,0,1
AAGGTTCCCACGTACAGCTGGGACAGTG,0,1
AAGGTTCCCTGGTAGAGCTGGGACAGTG,0,95
AAGGTTCCCTGGTAGAGCTGGTACCGTG,0,2
AAGGTTCCCTGGTAGAGCTGTTACAGTG,0,5
AAGGTTCCCTGGTAGAGCTTGTACAGTG,0,1
AAGGTTCCCTGGTAGAGCTTTGACAGTG,0,1
AAGGTTCCCTGGTAGAGCTTTTACAGTT,0,1
AAGGTTCCCTGGTAGATCTGGTACAGTG,0,1
AAGGTTCCCTGGTAGATCTGTGACAGTG,0,1
AAGGTTCCCTGGTAGATCTGTTACATTG,0,2
AAGGTTCCCTGGTAGATCTTTTACATTT,0,1
AAGGTTCGCTATGAGGGTTGCCACAATG,0,15
AAGGTTCGCTATGAGGTTTTCCACAATG,0,2
AAGGTTCGCTTCGAGGAATGGGCCAAGG,0,4
AAGGTTCGCTTCGAGGAATGTGCCAAGT,0,1
AAGGTTCTCTATGAGTAATGTCACAGCA,24,65
AAGGTTCTCTATGAGTAATTTCACATCA,2,2
AAGGTTCTCTGGAAGTACTGCTCCAGGT,0,67
AAGGTTCTCTGGAAGTACTGCTCCATTT,0,4
AAGGTTCTCTGGAAGTACTTCTCCAGTT,0,2
AAGGTTCTCTTACAGCCATGAAACCTCT,0,1
AAGGTTGACTACGAGGGCTGACCCACAT,26,0
AAGGTTGACTACGAGGTCTTACCCACAT,2,0
AAGGTTGACTTACAGCTATGCCTCATCT,1,0
AAGGTTGACTTACAGGTATGGCGCAGCT,216,172
AAGGTTGACTTACAGGTATGGCTCATCT,2,3
AAGGTTGACTTACAGGTATGGCTCCGCT,0,2
AAGGTTGACTTACAGGTATGTCGCATCT,3,1
AAGGTTGACTTACAGGTATGTCGCCGCT,0,1
AAGGTTGACTTACAGGTATGTCTCAGCT,18,14
AAGGTTGACTTACAGGTATTGCTCAGCT,1,3
AAGGTTGACTTGCAGGTATAGCGCAGCT,1,0
AAGGTTGACTTGCAGGTATGGCGCCGCT,7,1
AAGGTTGACTTGCAGGTATGGCTCAGCT,1,0
AAGGTTGACTTGCAGGTATGTCGCAGCT,11,2
AAGGTTGACTTGCAGGTATTGCGCATCT,3,0
AAGGTTGACTTGCAGGTATTTCTCATCT,9,8
AAGGTTGCCTCATAGCGTTGGAGCATCT,0,76
AAGGTTGCCTCATAGCGTTGTATCATCT,0,1
AAGGTTGCCTCATAGCTTTGGATCATCT,0,4
AAGGTTGCCTCATAGCTTTTTATCATCT,0,4
AAGGTTGCCTCGGAGGGATGATCCAAGC,0,42
AAGGTTGCCTCGGAGGGATGATCCCCGC,0,4
AAGGTTGCCTCGGAGGGATTATCCAATC,0,2
AAGGTTGCCTCGGAGGTATGATCCAATC,0,1
AAGGTTGCCTCGGAGGTATTATCCAAGC,0,1
AAGGTTGCCTCGTAGTCATGAGGCACAA,0,56
AAGGTTGCCTCGTAGTCATGAGGCCCCA,0,1
AAGGTTGCCTCGTAGTCATGAGTCCCAA,0,1
AAGGTTGCCTCGTAGTCATGATTCACAA,0,4
AAGGTTGCCTCGTAGTCATTAGTCACAA,0,1
AAGGTTGGCTCGGAGTGTTGCACCATAG,33,45
AAGGTTGGCTCGGAGTGTTGCACCCTCG,0,1
AAGGTTGGCTCGGAGTGTTGCACTATAT,0,1
AAGGTTGGCTCGGAGTGTTTCACCATAT,1,5
AAGGTTGGCTCGGAGTTTTGCACCATAT,0,1
AAGGTTGGCTCGGAGTTTTTCACCATAG,0,2
AAGGTTGTCTATCAGAACTGCGCCACTT,30,21
AAGGTTGTCTATCAGAACTGCTCCCCTT,1,0
AAGGTTGTCTATCAGAACTTCTCCACTT,1,1
AAGGTTTGCTAGGAGCTTTGTGCCAATA,31,0
AAGGTTTGCTAGGAGCTTTGTGCCCCTA,1,0
AAGGTTTGCTGCTAGTATTGGACCACAT,0,34
AAGGTTTGCTGCTAGTATTTTACCACAT,0,1
AAGGTTTGCTTGGAGAGGTGTATCACAG,31,0
AAGGTTTGCTTGGAGAGGTTTATCACAT,1,0
AAGGTTTGCTTGGAGATTTTTATCACAT,3,0
AAGGTTTTCTCGCAGAACTGCTTCAACA,104,77
AAGGTTTTCTCGCAGAACTGCTTCCCCA,3,3
AAGGTTTTCTCGCAGATCTGTACCCTAT,1,0
AAGGTTTTCTCGCAGATCTGTTCCAGAT,158,48
AAGGTTTTCTCGCAGATCTGTTCCCGCT,1,1
AAGGTTTTCTCGCAGATCTTTTCCATAT,4,2
AAGGTTTTCTTAGAGTGGTGTAGCACGG,0,40
AAGGTTTTCTTAGAGTGGTGTATCACTG,0,2
AAGGTTTTCTTAGAGTGGTTTATCACTT,0,1
AAGGTTTTCTTAGAGTGTTGTATCACGG,0,3
AAGGTTTTCTTAGAGTGTTGTATCACTT,0,1
AAGGTTTTCTTAGAGTGTTTTATCACTG,0,1
AAGGTTTTCTTAGAGTTTTGTATCACTG,0,8
AAGGTTTTCTTAGAGTTTTTTATCACTT,0,1
AAGTTCACCTAACAGAGATTTATCAAAC,1,0
AATGAACGCTCGGAGGTCTTCCCCAGTA,0,1
AATGACCCCAGAGAGGCTTTTCCCAATT,1,0
AATGAGCCCTCACAGCTATTTTACACAT,0,1
AATGATGACTTTTAGATGTTTTACATTT,1,0
AATGTAAGCTAGAAGTGGTGCACCATAG,0,33
AATGTAAGCTAGAAGTGGTTCACCATTT,0,1
AATGTAAGCTAGAAGTTTTGCACCATAT,0,3
AATGTAAGCTGAGAGATTTGTAACACTT,36,0
AATGTAATCTCCCAGGCTTGTAACAGGC,11,60
AATGTAATCTCCCAGGCTTGTAACATTC,3,8
AATGTAATCTCCCAGGCTTGTAACTGTC,0,1
AATGTAATCTGGGAGTTATGATGCAGTA,20,14
AATGTAATCTGGGAGTTATGATTCATTA,1,2
AATGTAATCTGGGAGTTATGATTCCGTA,0,1
AATGTAATCTGGGAGTTATTATGCATTA,1,0
AATGTAATCTGGGAGTTTTGATTCAGTA,1,0
AATGTAATCTGTAAGCCGTGCTCCACAG,1,0
AATGTAATCTGTAAGGCTTGATCCATAG,0,1
AATGTAATCTGTAAGGGGTGATCCAGTG,33,42
AATGTAATCTGTAAGGGTTGATCCAGTT,0,1
AATGTAATCTGTAAGGTTTGATCCAGTG,3,5
AATGTAATCTGTAAGGTTTGATCCATTT,0,1
AATGTAATCTGTAAGGTTTTATCCATTG,1,0
AATGTACGCTCGGAGGGCTGCCCCAGTA,0,34
AATGTACGCTCGGAGGTCTTCCCCATTA,0,1
AATGTAGACTATGAGCAATGATACAGTA,1,0
AATGTAGACTTCCAGTGGTGCGCCAGTT,17,66
AATGTAGACTTCCAGTGTTGCTCCCGTT,0,1
AATGTAGACTTCCAGTGTTTCTCCAGTT,1,2
AATGTAGACTTCCAGTTTTGCGCCCGAT,0,1
AATGTAGACTTCCAGTTTTGCTCCAGTT,2,3
AATGTAGACTTCCAGTTTTTCTCCATTT,0,3
AATGTAGCCTCGAAGGCTTGATCCAAGC,0,1
AATGTAGCCTGCCAGAGTTCTGCCCTAC,0,1
AATGTAGCCTGCCAGAGTTGTGCCATAC,0,27
AATGTAGTCTTCGAGATCTGCTACATTA,77,58
AATGTAGTCTTCGAGATCTGCTACCTTC,0,1
AATGTATACTAAAAGACCTGATTCAGAA,1,0
AATGTATACTCACAGGTTTGGTGCACTG,33,5
AATGTATACTCACAGGTTTGGTTCCCTG,1,0
AATGTATACTCACAGGTTTGTTTCACTG,2,0
AATGTATACTCACAGGTTTTTTGCACTG,2,0
AATGTATACTCTCAGCATTGCGACAGAT,32,0
AATGTATACTCTCAGCATTGCGACCGCT,1,0
AATGTATACTCTCAGCATTTCTACATAT,6,0
AATGTATACTTCTAGGGGTGCTTCATCT,0,33
AATGTATACTTCTAGGTGTGCTTCCTCT,0,1
AATGTATGCTAGGAGTAGTGTGGCACTT,1,0
AATGTATGCTCGGAGGAGTGAGGCACTT,1,0
AATGTATGCTCGGAGGAGTGTGGCACTG,320,234
AATGTATGCTCGGAGGAGTGTGGCCCTT,1,0
AATGTATGCTCGGAGGAGTGTGTCACTT,7,1
AATGTATGCTCGGAGGAGTGTGTCCCTG,0,2
AATGTATGCTCGGAGGAGTGTTGCACTT,1,1
AATGTATGCTCGGAGGAGTGTTGCCCTG,1,1
AATGTATGCTCGGAGGAGTGTTTCACTG,19,11
AATGTATGCTCGGAGGAGTGTTTCCCTT,1,1
AATGTATGCTCGGAGGAGTTTGGCCCTG,1,0
AATGTATGCTCGGAGGAGTTTGTCACTG,1,1
AATGTATGCTCGGAGGATTGTGGCCCTG,1,0
AATGTATGCTCGGAGGATTGTGTCACTG,5,5
AATGTATGCTCGGAGGATTGTTGCACTG,1,1
AATGTATGCTCGGAGGATTGTTTCCCTG,1,0
AATGTATGCTCGGAGGATTTTTTCACTT,8,9
AATGTATGCTCGGAGTATTGTGTCACAT,1,0
AATGTATGCTCTTAGCTCTGCTGCACCA,0,36
AATGTATGCTCTTAGCTCTGCTTCCCCA,0,1
AATGTATGCTCTTAGCTCTTCTTCACCA,0,4
AATGTATGCTGCCAGTCTTGAGGCAGGG,0,34
AATGTATGCTGCCAGTCTTGAGGCAGTT,0,1
AATGTATGCTGCCAGTCTTGAGGCATTG,0,1
AATGTATGCTGCCAGTCTTGAGTCAGTG,0,3
AATGTATGCTGCCAGTCTTGAGTCATTT,0,5
AATGTATGCTGCCAGTCTTGATTCATTG,0,2
AATGTATGCTGCCAGTCTTTATTCAGTG,0,1
AATGTATGCTGCCAGTCTTTATTCATTT,0,1
AATGTATTCTAGAAGAACTGTTGCAAGA,0,1
AATGTATTCTATTAGAAGTGTAACAAGT,0,6
AATGTCAACTTAAAGGGGTGCGGCAGCG,34,0
AATGTCAACTTAAAGGGGTGCGTCAGCT,1,0
AATGTCAACTTAAAGGGGTGCTGCAGCT,1,0
AATGTCAACTTAAAGGGGTGCTGCCGCG,1,0
AATGTCAACTTAAAGGGGTGCTTCATCG,1,0
AATGTCAACTTAAAGGTGTGCGGCATCT,1,0
AATGTCAACTTAAAGGTGTGCTTCAGCG,2,0
AATGTCAACTTAAAGGTTTGCTGCATCG,1,0
AATGTCAACTTAAAGGTTTGCTTCAGCT,1,0
AATGTCACCTGCAAGGCGTTCCCCATAC,0,1
AATGTCAGCTAAAAGATTTGAATCATTA,1,0
AATGTCCCCTGAGAGGCTTGTCCCAAGG,572,266
AATGTCCCCTGAGAGGCTTGTCCCAATT,45,23
AATGTCCCCTGAGAGGCTTGTCCCACGT,0,1
AATGTCCCCTGAGAGGCTTGTCCCCATG,0,1
AATGTCCCCTGAGAGGCTTGTCCCCCGG,22,8
AATGTCCCCTGAGAGGCTTTTCCCAAGT,6,4
AATGTCCCCTGAGAGGCTTTTCCCAATG,5,6
AATGTCCCCTGAGAGTCTTTTCCCAATT,1,0
AATGTCCCCTGTCAGCCCTGCCGCAGCA,1,0
AATGTCCGCTACTAGCGTTGTACCATAG,218,302
AATGTCCGCTACTAGCGTTGTACCCTAT,1,1
AATGTCCGCTACTAGCGTTGTACCCTCG,3,3
AATGTCCGCTACTAGCTTTGAACCATAG,0,1
AATGTCCGCTACTAGCTTTGTACCAAAG,1,0
AATGTCCGCTACTAGCTTTGTACCATCG,2,0
AATGTCCGCTACTAGCTTTTTACCATAT,15,19
AATGTCGACTCACAGTGGTGTACCAGCG,1,0
AATGTCGACTCGCAGTGGTGTACCAGAG,53,26
AATGTCGACTCGCAGTGGTGTACCCTAT,1,0
AATGTCGACTCGCAGTGTTGTACCAGCG,1,0
AATGTCGACTCGCAGTGTTGTACCATAG,5,0
AATGTCGACTCGCAGTTGTGAACCAGAT,0,1
AATGTCGACTCGCAGTTGTGTACCATAG,1,1
AATGTCGACTCGCAGTTTAGTACCCTAT,0,1
AATGTCGACTCGCAGTTTTGTACCAGAG,2,0
AATGTCGACTCGCAGTTTTGTACCATAT,0,2
AATGTCGACTGTTAGTCGTGGCGCATGC,25,24
AATGTCGACTGTTAGTCGTGGCTCCTGC,0,1
AATGTCGACTGTTAGTCGTGTCGCATTC,0,2
AATGTCGACTGTTAGTCGTGTCTCATGC,1,4
AATGTCGACTGTTAGTCTTGTCGCATGC,1,0
AATGTCGACTGTTAGTCTTGTCTCCTGC,1,0
AATGTCGACTGTTAGTCTTTGCGCATTC,1,0
AATGTCGACTGTTAGTCTTTTCTCATTC,2,1
AATGTCGCCTATAAGGTTTGAGGCATCG,24,47
AATGTCGCCTATAAGGTTTGATTCATCT,1,5
AATGTCGCCTATAAGGTTTTAGTCATCT,0,1
AATGTCGCCTATAAGGTTTTATTCATCG,0,2
AATGTCGCCTCCGAGGTTTTGTTCAGAC,1,0
AATGTCGGCTGTCAGACGTGCTCCAACC,25,39
AATGTCGGCTGTCAGACGTGCTCCCCCC,0,1
AATGTCGGCTGTCAGACTTGCTCCCACC,0,1
AATGTCGGCTGTCAGACTTGCTTCAACC,1,0
AATGTCGGCTGTCAGACTTTCTCCAACC,1,0
AATGTCGTCTGGTAGTCTTGCACCATCA,1,0
AATGTCTACTTACAGGTAGGTTTCACGC,0,1
AATGTCTACTTACAGGTATGTTTCAAGC,0,81
AATGTCTACTTACAGGTATGTTTCCCGC,0,2
AATGTCTACTTACAGGTATTTTTCAATC,0,1
AATGTCTCCTAAGAGGCGTGGCCCAAAC,31,13
AATGTCTCCTAAGAGGCGTGTCCCCCAC,1,2
AATGTCTCCTAAGAGGCGTTTCCCAAAC,3,0
AATGTCTCCTAAGAGGCTTGTCCCAAAC,0,1
AATGTCTCCTAAGAGTCTTTTCCCAAAC,0,1
AATGTCTGCTAAGAGTACTGGCACAAGC,34,58
AATGTCTGCTAAGAGTACTGTCACAATC,6,13
AATGTCTGCTAAGAGTACTTTCACCAGC,0,1
AATGTCTGCTACGAGGACTGCTGCAATT,32,22
AATGTCTGCTACGAGGACTGCTGCCCTT,0,2
AATGTCTGCTACGAGGACTTCTTCAATT,3,0
AATGTCTGCTGGCAGTGATTCATCACTT,0,1
AATGTGACCTAGGAGCGCTGGGACATGG,65,0
AATGTGACCTAGGAGCGCTGGTACATGT,4,0
AATGTGACCTAGGAGCGCTGTGACATTG,2,0
AATGTGACCTAGGAGCGCTGTTACCTGT,1,0
AATGTGACCTAGGAGCTCTGTGACATGG,1,0
AATGTGACCTAGGAGCTCTGTGACATTT,3,0
AATGTGACCTAGGAGCTCTGTTACATTG,2,0
AATGTGACCTAGGAGCTCTTGGACATGT,1,0
AATGTGACCTAGGAGCTCTTGGACATTG,1,0
AATGTGACCTAGGAGCTCTTGTACATGG,1,0
AATGTGACCTAGGAGCTCTTTTACATTT,4,0
AATGTGACCTGCCAGTCCCGAATCAATC,1,0
AATGTGACCTGCCAGTCCTGAATCAAGC,122,147
AATGTGACCTGCCAGTCCTGAATCCCGC,6,5
AATGTGACCTGCCAGTCCTTAATCAATC,4,1
AATGTGACCTGCCAGTCCTTAATCCAGC,0,1
AATGTGAGCTACAAGTGCTGCTACATTA,21,24
AATGTGAGCTACAAGTGCTGCTACCTTC,0,1
AATGTGAGCTACAAGTTCTTCTACATTA,1,1
AATGTGAGCTGTGAGGGGTGTCACAGGG,34,98
AATGTGAGCTGTGAGGGGTGTCACAGTT,0,1
AATGTGAGCTGTGAGGGGTGTCACATTG,1,2
AATGTGAGCTGTGAGGGTTGTCACAGGT,1,0
AATGTGAGCTGTGAGGGTTGTCACAGTG,1,0
AATGTGAGCTGTGAGGTGTGTCACAGGT,0,1
AATGTGAGCTGTGAGGTGTGTCACAGTG,1,3
AATGTGAGCTGTGAGGTGTGTCACCGGG,1,0
AATGTGAGCTGTGAGGTGTTTCACATTT,0,1
AATGTGAGCTGTGAGGTTTGTCACAGGG,3,5
AATGTGAGCTGTGAGGTTTGTCACATTT,1,6
AATGTGAGCTGTGAGGTTTTTCACAGTG,0,1
AATGTGAGCTTTAAGCCTTGCTCCCGCA,1,0
AATGTGATCTGGCAGTGATTCAGCACTT,1,0
AATGTGGACTGGGAGGAATGTCTCCTCT,1,0
AATGTGGACTGGGAGGTATGTCTCATCT,38,0
AATGTGGACTTTAAGTGATGGACCACAT,91,28
AATGTGGACTTTAAGTGATGGACCCCCT,1,1
AATGTGGACTTTAAGTGATTTACCACAT,2,1
AATGTGGACTTTAAGTTATGTACCACAT,2,0
AATGTGGGCTCAAAGAAGAGTAACACAA,1,0
AATGTGGGCTCAAAGAAGTCGAACCCAA,0,1
AATGTGGGCTCAAAGAAGTGGAACACAA,177,427
AATGTGGGCTCAAAGAAGTGGAACACCC,1,0
AATGTGGGCTCAAAGAAGTGGAACCCAC,1,0
AATGTGGGCTCAAAGAAGTGGAACCCCA,0,3
AATGTGGGCTCAAAGAAGTGTAACCCAA,1,1
AATGTGGGCTCAAAGAAGTTTAACACAA,3,4
AATGTGGGCTCAAAGAATGTTAACACAA,0,1
AATGTGGGCTCAAAGAATTGGAACACAC,2,0
AATGTGGGCTCAAAGAATTGGAACCCAA,1,0
AATGTGGGCTCAAAGAATTGTAACACAA,6,42
AATGTGGGCTCAAAGAATTTGAACACAA,1,7
AATGTGGGCTCAAAGAATTTTAACACAC,1,0
AATGTGGGCTCAAAGAATTTTAACCCAA,1,0
AATGTGGGCTCCGAGATTTGGATCAGTA,31,0
AATGTGGGCTCCGAGATTTTTATCAGTA,1,0
AATGTGGGCTTAGAGTCGTGGCTCATAT,0,2
AATGTGTACTTCTAGTAGTGTGACAGAG,38,0
AATGTGTACTTCTAGTAGTTTGACAGAT,1,0
AATGTGTACTTCTAGTAGTTTTACATAT,2,0
AATGTGTACTTCTAGTATTGTGACAGAT,1,0
AATGTGTACTTCTAGTATTGTGACATAC,1,0
AATGTGTCCTAAGAGGGGTGCGTCATAC,31,29
AATGTGTCCTAAGAGGGGTGCGTCCTCC,0,1
AATGTGTCCTAAGAGGGGTGCTTCCTAC,1,0
AATGTGTCCTAAGAGGTGTGCGCCATAC,1,0
AATGTGTCCTAAGAGGTTTGCGTCATAC,3,2
AATGTGTCCTAAGAGGTTTTCTTCATAC,2,1
AATGTGTGCTACCAGGGCTGTATCAGTG,0,26
AATGTGTGCTACCAGGTCTGTATCCGTG,0,1
AATGTGTGCTAGAAGGGCTGAATCAAGA,16,0
AATGTGTGCTAGAAGGTCTGAATCAATA,1,0
AATGTGTGCTATGAGCCTTGCGCCAGCA,204,151
AATGTGTGCTATGAGCCTTGCGCCCGCC,1,0
AATGTGTGCTATGAGCCTTGCTCCCGCA,5,0
AATGTGTGCTATGAGCCTTTCTCCATCA,20,12
AATGTGTGCTATTAGCGTTGGATCACAG,0,26
AATGTGTGCTATTAGCGTTGGATCCCCG,0,1
AATGTGTGCTATTAGCTTTTTATCACAT,0,1
AATGTGTGCTGTCAGCCATGGATCAAAA,0,1
AATGTGTTCTAGCAGTTATTCAGCACTT,0,1
AATGTGTTCTGGCAGTCATGCAGCACCT,0,1
AATGTGTTCTGGCAGTCATGCAGCACTA,1,0
AATGTGTTCTGGCAGTGAGGCAGCCCGT,1,0
AATGTGTTCTGGCAGTGATGCAGCACGT,140,150
AATGTGTTCTGGCAGTGATGCATCACTT,8,8
AATGTGTTCTGGCAGTGATTCATCACGT,4,2
AATGTGTTCTGGCAGTTATGCAGCACTT,0,1
AATGTGTTCTGGCAGTTATGCATCACGT,0,1
AATGTGTTCTGGCAGTTATTCATCACTT,1,2
AATGTGTTCTGTGAGTTAATTGTCACTT,1,0
AATGTGTTCTGTGAGTTATGTGGCACGG,69,120
AATGTGTTCTGTGAGTTATGTGGCACTT,0,3
AATGTGTTCTGTGAGTTATGTGTCACGT,0,3
AATGTGTTCTGTGAGTTATGTGTCACTG,11,15
AATGTGTTCTGTGAGTTATGTGTCCCGG,0,2
AATGTGTTCTGTGAGTTATGTTGCACTG,1,1
AATGTGTTCTGTGAGTTATGTTGCCCGG,0,1
AATGTGTTCTGTGAGTTATGTTTCACGG,2,2
AATGTGTTCTGTGAGTTATGTTTCCCGT,1,0
AATGTGTTCTGTGAGTTATTTTTCACTT,6,6
AATGTTACCTTACAGGGGTGTTTCAATT,0,59
AATGTTACCTTACAGGGGTGTTTCCCTT,0,1
AATGTTACCTTACAGGGTTTTTTCAATT,0,1
AATGTTACCTTACAGGTTTGTTTCAATT,0,14
AATGTTAGCTACGAGAGATGGCTCAACT,32,22
AATGTTAGCTACGAGAGATGGCTCCCCT,3,1
AATGTTAGCTACGAGAGATTTCTCAACT,1,0
AATGTTAGCTACGAGATATGTCTCAACT,0,1
AATGTTAGCTTAAAGCCATGCTTCACTA,67,29
AATGTTCGCTGCTAGTACTGTCGCAAGG,0,1
AATGTTCGCTGCTAGTGCTGGCGCAAGG,0,78
AATGTTCGCTGCTAGTGCTGTCGCAAGT,0,1
AATGTTCGCTGCTAGTGCTGTCTCAAGG,0,9
AATGTTCGCTGCTAGTGCTGTCTCAATT,0,1
AATGTTCGCTGCTAGTGCTTGCGCAAGT,0,1
AATGTTCGCTGCTAGTGCTTGCTCAATT,0,1
AATGTTCGCTGCTAGTTCTGTCTCAATG,0,1
AATGTTCGCTGCTAGTTCTTTCTCAATT,0,5
AATGTTGACATATAGTTTTTTTACCTTT,0,1
AATGTTGACTATAAGTAGTGTGACATTG,1,0
AATGTTGACTCGCAGAAGTGGGGCAGTA,0,22
AATGTTGACTCGCAGAAGTGTTGCAGTA,0,1
AATGTTGACTCGCAGAAGTTTGTCAGTA,0,1
AATGTTGACTCGCAGAATTGTGGCAGTA,0,1
AATGTTGACTCGCAGAATTGTTTCCGTA,0,1
AATGTTGACTCGCAGAATTTTTTCAGTA,0,3
AATGTTGACTTTTAGTATTGTGACATTG,1,0
AATGTTGACTTTTAGTTGTGTGACAAAT,1,0
AATGTTGACTTTTAGTTGTGTGACATTG,487,265
AATGTTGACTTTTAGTTGTGTGACCTTT,2,0
AATGTTGACTTTTAGTTGTGTTACATTT,3,4
AATGTTGACTTTTAGTTGTGTTACCTTG,1,1
AATGTTGACTTTTAGTTTTGTGACATTT,14,5
AATGTTGACTTTTAGTTTTGTTACATTG,1,2
AATGTTGACTTTTAGTTTTTTGACATTG,1,2
AATGTTGACTTTTAGTTTTTTTACATTT,6,7
AATGTTGACTTTTAGTTTTTTTACCTTG,1,0
AATGTTGCCTACTAGATTTGTGCCATAA,49,35
AATGTTGCCTACTAGATTTGTGCCATCC,1,0
AATGTTGCCTACTAGATTTGTGCCCTCA,0,1
AATGTTGCCTTTTAGATGTGTGACATTG,1,0
AATGTTGGCTGCTAGGAGTGCAGCAATG,61,0
AATGTTGGCTGCTAGGAGTGCATCAATT,2,0
AATGTTGGCTGCTAGGAGTTCAGCCCTG,1,0
AATGTTGGCTGCTAGGATTTCATCAATG,3,0
AATGTTGGCTTGAAGGGGTGGCACACAT,45,32
AATGTTGGCTTGAAGGGGTGGCACCCCT,0,1
AATGTTGGCTTGAAGGGGTTTCACACAT,3,0
AATGTTGGCTTGAAGGTGTTGCACACAT,0,1
AATGTTGGCTTGAAGGTTTGTCACACAT,10,4
AATGTTGTCTAATAGACATGAGGCACCC,36,99
AATGTTGTCTAATAGACATGAGTCCCCC,0,1
AATGTTGTCTAATAGACATTATTCACCC,1,13
AATGTTGTCTAATAGCCATTATGCCCCC,0,1
AATGTTGTCTAATATACCTGATGCACCC,1,0
AATGTTGTCTGGCAGGGGTGATTCATAA,40,0
AATGTTGTCTGGCAGGGGTGATTCCTCA,2,0
AATGTTGTCTGGCAGGTTTGATTCATAA,4,0
AATGTTGTCTGTCAGGGATGGCGCACTG,0,29
AATGTTGTCTGTCAGGGATGTCTCACTG,0,2
AATGTTGTCTGTCAGGTATTTCTCACTT,0,5
AATGTTTGCTAAGAGCATTGGATCACAA,1,0
AATGTTTGCTAAGAGCATTGGTTCACTT,27,0
AATGTTTGCTATCAGAAGTGTGTCACGC,0,18
AATGTTTGCTATCAGAAGTGTTTCCCGC,0,2
AATGTTTTCTTGTAGGCATGCGGCATTG,27,0
AATGTTTTCTTGTAGGCATGCTTCATTT,1,0
AATGTTTTCTTGTAGGCATTCTTCATTG,3,0
ACAGAAGTCTTTTAGTCTTGCTCCAAAT,1,0
ACAGAGAACTGCCAGAAATGACTCACTG,1,0
ACAGATAGCTAGCAGATCTGCCTCATTT,1,0
ACAGATAGCTGCTAGGTTTTATACATTA,1,0
ACAGTAAACTTTGAGGACTGCGACACCG,32,0
ACAGTAAACTTTGAGGACTGCTACACAG,1,0
ACAGTAAACTTTGAGGACTGCTACACCT,1,0
ACAGTAAGCTGCTAGGGGTTATACATTA,1,0
ACAGTAATCTTTGAGCACTGCTACACCG,1,0
ACAGTACTCTAATAGCAATTCAACAATT,0,1
ACAGTACTCTATTAGCAAATCAACAAAA,1,0
ACAGTACTCTATTAGCAATGCAACAATT,103,111
ACAGTACTCTATTAGCAATGCAACCCTT,5,3
ACAGTACTCTATTAGCAATTCAACACTT,1,0
ACAGTACTCTCACAGCTTTGCTCCAAGC,1,0
ACAGTACTCTGCCAGGGTTGCGGCAAGG,61,0
ACAGTACTCTGCCAGGGTTGCTTCAAGG,2,0
ACAGTACTCTGCCAGGGTTTCGTCAAGG,2,0
ACAGTACTCTGCCAGGGTTTCTTCCAGG,1,0
ACAGTACTCTGCCAGGTTTTCGGCAAGG,2,0
ACAGTACTCTGCCAGGTTTTCTTCAATT,4,0
ACAGTACTCTGCTAGGGTTGCTTCAATG,1,0
ACAGTACTGTATTAGCAATTCAACAATT,1,0
ACAGTAGACTACCAGGCATGGCGCAGTA,1,0
ACAGTAGACTACCAGGGATGGAGCAGGA,174,6
ACAGTAGACTACCAGGGATGGAGCATTA,1,0
ACAGTAGACTACCAGGGATGGAGCCGGC,1,0
ACAGTAGACTACCAGGGATGGATCAGTA,1,0
ACAGTAGACTACCAGGGATGGATCATGA,2,0
ACAGTAGACTACCAGGGATGTAGCAGTA,4,0
ACAGTAGACTACCAGGGATGTAGCATGA,1,0
ACAGTAGACTACCAGGGATGTATCAGGA,4,0
ACAGTAGACTACCAGGGATTGAGCATGA,1,0
ACAGTAGACTACCAGGGATTGATCAGGA,2,1
ACAGTAGACTACCAGGGATTTATCATTA,6,2
ACAGTAGACTACCAGGTATGGAGCAGTA,1,1
ACAGTAGACTACCAGGTATGGAGCATGA,3,0
ACAGTAGACTACCAGGTATGGATCAGGA,4,0
ACAGTAGACTACCAGGTATGTATCATTA,2,0
ACAGTAGACTACCAGGTATTGATCATTA,1,0
ACAGTAGACTACCAGGTATTTATCAGTA,3,0
ACAGTAGACTACCAGGTATTTATCATGA,2,0
ACAGTAGACTGTCAGGCTTTATTCACAT,1,0
ACAGTAGCCTAAGAGCGCTGGAACACCT,1,0
ACAGTAGCCTCGGAGCGCTGTTCCACGA,0,1
ACAGTAGTCTACCAGTCGTGCGACATAA,1,0
ACAGTAGTCTTTTAGTGGTGCGCCATTT,100,59
ACAGTAGTCTTTTAGTGGTTCTCCATTT,4,1
ACAGTAGTCTTTTAGTGTTGCTCCAATT,1,0
ACAGTAGTCTTTTAGTTTTGCTCCATTT,15,6
ACAGTAGTCTTTTAGTTTTTCGCCATTT,2,1
ACAGTATACTCGGAGCAATGTGCCATGT,32,0
ACAGTATACTCGGAGCAATGTTCCATTT,1,0
ACAGTATACTCGGAGCAATGTTCCCTGT,1,0
ACAGTATACTCGTAGGGATGATCCATCG,36,0
ACAGTATACTCGTAGGTATGATCCATCT,5,0
ACAGTATACTCGTAGGTATGATCCCTCG,1,0
ACAGTATCCTGACAGCAGTGCCTCCTAA,0,1
ACAGTATGCTGAGAGGTATGGTTCAAAT,40,73
ACAGTATGCTGAGAGGTATGGTTCCCCT,0,2
ACAGTATGCTGAGAGGTATGTTTCCCAT,1,0
ACAGTATGCTGAGAGGTATTTTTCAAAT,2,3
ACAGTATGCTTCTAGCCTTGTTGCAAGG,0,29
ACAGTATGCTTCTAGCCTTGTTGCAATT,0,2
ACAGTATGCTTCTAGCCTTGTTGCCCGG,0,1
ACAGTATGCTTCTAGCCTTGTTTCAATG,0,2
ACAGTATGCTTCTAGCCTTGTTTCACGG,0,1
ACAGTATTCTGTTAGGCATGAACCACGC,31,49
ACAGTATTCTGTTAGGCATTAACCACTC,4,1
ACAGTCACCTCCAAGCCGTGTCACACGC,155,65
ACAGTCACCTCCAAGCCGTGTCTCACTC,1,0
ACAGTCACCTCCAAGCCTTTTCACACTC,6,9
ACAGTCACCTGACAGCATTTTCTCCTAT,0,1
ACAGTCAGCTCAAAGGTCGGGATCCCGG,0,1
ACAGTCAGCTCAAAGGTCTGGATCACGG,0,140
ACAGTCAGCTCAAAGGTCTGGATCACTT,0,6
ACAGTCAGCTCAAAGGTCTGGATCCCGT,0,1
ACAGTCAGCTCAAAGGTCTGTATCACGT,0,1
ACAGTCAGCTCAAAGGTCTGTATCACTG,0,2
ACAGTCAGCTCAAAGGTCTTGATCACTG,0,1
ACAGTCAGCTCAAAGGTCTTTATCACGG,0,1
ACAGTCAGCTCAAAGGTCTTTATCACTT,0,8
ACAGTCAGCTTAGAGAAGTGTGTCAAGA,0,16
ACAGTCAGCTTAGAGAAGTGTTTCAATA,0,4
ACAGTCAGCTTAGAGAATTGTTTCAAGA,0,1
ACAGTCAGCTTAGAGAATTTTTTCAATA,0,1
ACAGTCAGCTTGCAGGTCTGAGTCAGCG,0,119
ACAGTCAGCTTGCAGGTCTGAGTCATCT,0,2
ACAGTCAGCTTGCAGGTCTGATTCCGCG,0,1
ACAGTCAGCTTGCAGGTCTTATTCATCT,0,5
ACAGTCAGCTTGCAGGTCTTATTCCTCG,0,1
ACAGTCAGCTTGCAGTTCTGATTCATCT,0,1
ACAGTCATCTCAAAGATTTTTTACACAA,1,0
ACAGTCATCTGGAAGATATGTTTCATGT,1,0
ACAGTCCCCTCTGAGGGATGCGGCAAGT,27,84
ACAGTCCCCTCTGAGGGATGCGGCCCGT,3,1
ACAGTCCCCTCTGAGGGATGCTTCCCGT,0,1
ACAGTCCCCTCTGAGGGATTCGGCACGT,1,0
ACAGTCCCCTCTGAGGGATTCGTCAAGT,1,0
ACAGTCCCCTCTGAGGGATTCTGCAAGT,1,3
ACAGTCCCCTCTGAGGGATTCTTCAATT,1,0
ACAGTCCCCTCTGAGGTATGCGGCAATT,1,0
ACAGTCCCCTCTGAGGTATGCGTCAAGT,1,3
ACAGTCCCCTCTGAGGTATGCTGCAAGT,0,1
ACAGTCCCCTCTGAGGTATTCGTCAATT,0,1
ACAGTCCCCTCTGAGGTATTCTGCAATT,1,0
ACAGTCCCCTCTGAGGTATTCTTCAAGT,1,1
ACAGTCCGCTATTAGCTGTGTTACAGCG,64,10
ACAGTCCGCTATTAGCTGTGTTACATCT,6,2
ACAGTCCGCTATTAGCTGTTTTACATCG,0,1
ACAGTCCGCTATTAGCTTTGTTACAGCT,2,0
ACAGTCCGCTATTAGCTTTGTTACATCG,2,0
ACAGTCCGCTATTAGCTTTTTTACATCT,1,0
ACAGTCCGCTCAGAGGTTTGTGACAGGG,0,1
ACAGTCGCCTCCAAGCCCTGACACACGC,1,0
ACAGTCGGCTTGAAGGTGTGGGTCAGGA,31,3
ACAGTCGGCTTGAAGGTGTGTGTCATGA,1,0
ACAGTCGGCTTGAAGGTGTTTGTCAGTA,1,0
ACAGTCGGCTTGAAGGTGTTTTTCATGA,2,0
ACAGTCGGCTTGAAGGTTTTTGTCATTA,2,0
ACAGTCTCCGGACAGCAGGGGCGCATAT,1,0
ACAGTCTCCTATTAGGCCTGGCGCAGTG,0,1
ACAGTCTCCTCACAGAGTTGCGGCACAG,58,2
ACAGTCTCCTCACAGAGTTGCGGCCCAT,1,0
ACAGTCTCCTCACAGAGTTGCGGCCCCG,1,0
ACAGTCTCCTCACAGAGTTTCGTCACAG,4,0
ACAGTCTCCTCACAGAGTTTCTTCACAT,4,0
ACAGTCTCCTCACAGATTTGCGTCACAG,1,0
ACAGTCTCCTCACAGATTTGCTTCACAT,2,1
ACAGTCTCCTCACAGATTTTCTTCACAG,1,0
ACAGTCTCCTGACAGCAGTGGCGCATAT,297,344
ACAGTCTCCTGACAGCAGTGGCGCCTCT,3,7
ACAGTCTCCTGACAGCAGTGGCTCCTAT,1,0
ACAGTCTCCTGACAGCAGTGTCTCATAT,34,35
ACAGTCTCCTGACAGCAGTGTCTCCTCT,1,1
ACAGTCTCCTGACAGCAGTTGCTCATAT,4,1
ACAGTCTCCTGACAGCAGTTTCGCATAT,4,0
ACAGTCTCCTGACAGCATTGTCGCATAT,3,3
ACAGTCTCCTGACAGCATTGTCGCCTCT,0,1
ACAGTCTCCTGACAGCATTGTCTCATCT,0,1
ACAGTCTCCTGACAGCATTTGCGCATAT,0,1
ACAGTCTCCTGACAGCATTTTCTCATAT,10,11
ACAGTCTTCTCATAGAATTGCGTCAGGT,21,0
ACAGTCTTCTCATAGAATTGCTTCATGT,1,0
ACAGTCTTCTCATAGAATTTCGTCAGTT,1,0
ACAGTCTTCTCATAGAATTTCTTCATTT,3,0
ACAGTGAACTGCCAGAAATGACGCACTG,44,67
ACAGTGAACTGCCAGAAATGACGCCCTT,0,1
ACAGTGAACTGCCAGAAATGACTCACAG,0,1
ACAGTGAACTGCCAGAAATGACTCCCTG,0,1
ACAGTGAACTGCCAGAAATTACTCACTT,2,5
ACAGTGACCTGCAAGTCGGGGTCCCCTG,1,0
ACAGTGACCTGCAAGTCGTGGTCCACTG,71,75
ACAGTGACCTGCAAGTCGTGTACCACAT,1,0
ACAGTGACCTGCAAGTCGTTTTCCACTG,0,2
ACAGTGACCTGCAAGTCTTGGTCCACTT,1,0
ACAGTGACCTGCAAGTCTTTTTCCACTT,4,4
ACAGTGACCTGCAAGTCTTTTTCCCCTG,0,1
ACAGTGAGCTCACAGAGGTGTGCCACAC,33,0
ACAGTGAGCTCACAGAGGTGTGCCCCCC,1,0
ACAGTGAGCTCACAGAGTTGTTCCACAC,1,0
ACAGTGAGCTCACAGATTTTTTCCACAC,3,0
ACAGTGATCTACAAGATTTGATACAAAC,1,0
ACAGTGATCTCAAAGATGTGACGCACCT,45,0
ACAGTGATCTCAAAGATGTTACTCACCT,1,0
ACAGTGATCTCAAAGATTTGACTCACCT,2,0
ACAGTGATCTGCCAGAACTGACGCACTG,1,0
ACAGTGCACTAGAAGAATTGTGACCTCA,1,0
ACAGTGCCCTAGAAGAAATTTGACATCA,0,1
ACAGTGCCCTAGAAGAATGGTGACCTCA,1,0
ACAGTGCCCTAGAAGAATTGTGACATCA,114,64
ACAGTGCCCTAGAAGAATTGTGACCTCC,1,0
ACAGTGCCCTAGAAGAATTTTTACATCA,3,3
ACAGTGCGCTCAAAGACTTGCATCACAG,117,0
ACAGTGCGCTCAAAGACTTGCATCCCAT,2,0
ACAGTGCGCTCAAAGACTTGCATCCCCG,1,0
ACAGTGCGCTCAAAGACTTTCATCACAT,7,0
ACAGTGCTCTACAAGATGTGAGACAAAG,231,179
ACAGTGCTCTACAAGATGTGAGACACCG,3,0
ACAGTGCTCTACAAGATGTGAGACCACG,1,0
ACAGTGCTCTACAAGATGTGAGACCCAG,3,6
ACAGTGCTCTACAAGATGTGATACCAAG,0,1
ACAGTGCTCTACAAGATGTGTTACAAAT,0,1
ACAGTGCTCTACAAGATGTTAGACAAAT,5,1
ACAGTGCTCTACAAGATGTTAGACCCAT,1,0
ACAGTGCTCTACAAGATGTTATACAAAG,1,0
ACAGTGCTCTACAAGATTTGAGACCCAT,1,0
ACAGTGCTCTACAAGATTTGATACAAAT,16,7
ACAGTGCTCTACAAGATTTTAGACAAAG,0,1
ACAGTGCTCTTAGAGCTTTGTAACAATG,0,85
ACAGTGCTCTTAGAGCTTTTTAACAATT,0,2
ACAGTGCTCTTCAAGATTTGAGACAAAG,1,0
ACAGTGCTCTTTTAGGGATGCACCACGG,0,26
ACAGTGCTCTTTTAGGGATGCACCACTT,0,1
ACAGTGCTCTTTTAGGTATGCACCACTG,0,3
ACAGTGGACTTCGAGCCCTGTTGCACTT,43,123
ACAGTGGACTTCGAGCCCTGTTTCCCTT,1,0
ACAGTGGACTTCGAGCCCTTTTTCACTT,2,4
ACAGTGGCCTAGGAGATCTGCGTCAGGT,32,0
ACAGTGGCCTAGGAGATCTGCTTCAGTT,1,0
ACAGTGGCCTAGGAGATCTGCTTCATGT,1,0
ACAGTGGCCTAGGAGATCTTCGTCATGT,1,0
ACAGTGGCCTAGGAGATCTTCTTCATTT,3,0
ACAGTGGTCTAACAGTCGTGCCGCACCC,1,0
ACAGTGGTCTTAGAGTATTGCAACACTG,0,5
ACAGTGGTCTTAGAGTATTTCAACACTT,0,1
ACAGTGGTCTTGCAGTAGTGACTCACTT,38,36
ACAGTGGTCTTGCAGTATTTACTCACTT,0,1
ACAGTGTACTCGGAGTCATGGTACAACA,1,0
ACAGTGTACTCGGAGTCTTGTTACAACT,0,1
ACAGTGTACTCGGAGTGTTGGTACAACT,56,43
ACAGTGTACTCGGAGTGTTGGTACCCCT,2,0
ACAGTGTACTCGGAGTTTTTTTACAACT,5,7
ACAGTGTCCTGGCAGCTCTGTCACAGAA,143,32
ACAGTGTCCTGGCAGCTCTGTCACCGCA,3,0
ACAGTGTCCTGGCAGCTCTTTCACATAA,5,0
ACAGTGTGCTTGAAGACCTGCCCCATGT,32,0
ACAGTGTGCTTGAAGACCTTCCCCATTT,2,0
ACAGTGTTCTAACAGCAGTGCTTCACAT,1,0
ACAGTTAACTGAAAGAAATGACTCACTG,0,1
ACAGTTAACTTTTAGGCATGAATCACTC,1,0
ACAGTTACCTGGCAGCTGTGGCCCCCTC,1,0
ACAGTTACCTGGGAGAGGTGCACCATAG,83,36
ACAGTTACCTGGGAGAGGTTCACCATAT,2,0
ACAGTTACCTGGGAGAGTTGCACCCTAT,1,0
ACAGTTACCTGGGAGATGTTCACCATAG,2,0
ACAGTTACCTGGGAGATTTGCACCAAAT,1,0
ACAGTTACCTGGGAGATTTTCACCATAT,3,2
ACAGTTAGCTACAAGAAATGAGGCACTC,1,0
ACAGTTAGCTACAAGTAATGATTCAATA,0,1
ACAGTTAGCTAGCAGAGCTGCCTCATTT,12,0
ACAGTTAGCTAGCAGCGCTGCCTCATTA,1,0
ACAGTTAGCTCGTAGCGCTGCGACATTC,27,39
ACAGTTAGCTCGTAGCGCTGCTACCTTC,0,1
ACAGTTAGCTCGTAGCGCTTCTACATTC,1,0
ACAGTTAGCTCGTAGCTCTGCTACATTC,2,2
ACAGTTAGCTGCTAGGGGTGATACATTA,379,175
ACAGTTAGCTGCTAGGGGTGATACCTTC,2,0
ACAGTTAGCTGCTAGGGTTGATACCTTA,1,0
ACAGTTAGCTGCTAGGGTTTATACATTA,3,1
ACAGTTAGCTGCTAGGTTTGATACATTA,27,21
ACAGTTAGCTGCTAGTTTTTATACATTA,1,0
ACAGTTAGCTTGTAGCCTTGGTGCATTT,66,44
ACAGTTAGCTTGTAGCCTTGTTTCATTT,0,5
ACAGTTAGCTTGTAGCCTTTGTTCATTT,1,0
ACAGTTCACTTTCAGGAGTGAGGCACAA,0,30
ACAGTTCACTTTCAGGAGTTATTCACAA,0,1
ACAGTTCACTTTCAGGATTGATTCACAA,0,5
ACAGTTCCCTGGCAGCGGAGGCCCCCTC,1,0
ACAGTTCCCTGGCAGCGGTGGCCCACTC,35,0
ACAGTTCCCTGGCAGCTTTGGCCCACTC,2,0
ACAGTTCCCTGGCAGCTTTTTCCCACTC,2,0
ACAGTTCGCTGTTAGGCTTGTGCCAGGA,22,0
ACAGTTCGCTGTTAGGCTTGTGCCATTA,1,0
ACAGTTCGCTGTTAGGCTTTTTCCATTA,1,0
ACAGTTCTCTCATAGGTATGGGACATTG,62,129
ACAGTTCTCTCATAGGTATGGGACCTTT,1,0
ACAGTTCTCTCATAGGTATGGTACATTT,0,2
ACAGTTCTCTCATAGGTATGTGACATTT,1,3
ACAGTTCTCTCATAGGTATGTTACATTG,3,5
ACAGTTCTCTCATAGGTATTGGACATTT,1,0
ACAGTTCTCTCATAGGTATTGTACATTG,0,1
ACAGTTCTCTCATAGGTATTTGACATTG,1,2
ACAGTTCTCTCATAGGTATTTTACATTT,6,10
ACAGTTCTCTCATAGTTATTTTACCTTG,0,1
ACAGTTGACTGGTAGGAGTGTTGCATGG,37,0
ACAGTTGACTGGTAGGAGTGTTTCATTG,1,0
ACAGTTGACTGGTAGGAGTTTTTCATTT,2,0
ACAGTTGACTTCTAAAGATGTTCCATAC,0,13
ACAGTTGCCTACAAGCGCTGGCGCACCG,0,79
ACAGTTGCCTACAAGCGCTGTCTCACCG,0,5
ACAGTTGCCTACAAGCGCTGTCTCCCCT,0,1
ACAGTTGCCTACAAGCTCTGGCTCACCG,0,1
ACAGTTGCCTACAAGCTCTGTCGCACCT,0,1
ACAGTTGCCTACAAGCTCTTTCTCACCT,0,5
ACAGTTGCCTACCAGCGCTGGCTCACCT,0,1
ACAGTTGCCTGAGAGGGATGGCACAAGC,0,47
ACAGTTGCCTGAGAGGGATGGCACCCGC,0,1
ACAGTTGCCTGAGAGGGATGTCACAATC,0,6
ACAGTTGCCTGAGAGGTATGGCACAATC,0,3
ACAGTTGCCTGAGAGGTATTTCACAATC,0,2
ACAGTTGCCTGCGAGAGTTGGACCACTT,34,0
ACAGTTGCCTGCGAGAGTTTTACCACTT,1,0
ACAGTTGCCTGCGAGATTTGTACCACTT,1,0
ACAGTTGGCTTTGAGGCATTTAACAATG,0,1
ACAGTTTACTCACAGCGTTGAGTCAATA,59,87
ACAGTTTACTCACAGCGTTGAGTCCCTA,0,1
ACAGTTTACTCACAGCGTTGATTCCATA,1,0
ACAGTTTACTCACAGCGTTTATTCAATA,3,1
ACAGTTTACTCACAGCTTTGAGACAATA,1,1
ACAGTTTACTCACAGCTTTGATTCAATA,4,6
ACAGTTTACTCACAGCTTTTAGTCAATA,0,2
ACAGTTTGCAACAAGTAATGATTCAATA,0,1
ACAGTTTGCTACAAGTAAGGAGGCACGA,0,1
ACAGTTTGCTACAAGTAAGGAGGCCAGA,1,0
ACAGTTTGCTACAAGTAAGGATGCCCGA,0,1
ACAGTTTGCTACAAGTAATGAGGCAAGA,628,541
ACAGTTTGCTACAAGTAATGAGGCACGC,1,2
ACAGTTTGCTACAAGTAATGAGGCCAGC,3,0
ACAGTTTGCTACAAGTAATGAGGCCCGA,16,13
ACAGTTTGCTACAAGTAATGAGTCAATA,8,10
ACAGTTTGCTACAAGTAATGAGTCACGA,0,1
ACAGTTTGCTACAAGTAATGAGTCCAGA,0,1
ACAGTTTGCTACAAGTAATGATGCAATA,3,1
ACAGTTTGCTACAAGTAATGATGCCAGA,0,2
ACAGTTTGCTACAAGTAATGATTCAAGA,24,19
ACAGTTTGCTACAAGTAATGATTCCCGA,2,1
ACAGTTTGCTACAAGTAATTAGTCAAGA,12,3
ACAGTTTGCTACAAGTAATTATGCAAGA,2,1
ACAGTTTGCTACAAGTAATTATTCAATA,61,45
ACAGTTTGCTACAAGTAATTATTCACGA,1,0
ACAGTTTGCTACAATTAATTAGTCAATA,1,0
ACAGTTTGCTGGGAGTTGTGTGCCAAGT,0,22
ACAGTTTGCTGGGAGTTGTGTTCCCAGT,0,1
ACAGTTTGCTGGGAGTTGTTTTCCAATT,0,1
ACAGTTTGCTTCAAGCCTTGAATCATAT,0,1
ACAGTTTGCTTCCAGCCATGAATCAGAA,0,1
ACAGTTTGCTTCCAGCCTGGAATCCGAT,1,0
ACAGTTTGCTTCCAGCCTTGAATCAGAT,93,77
ACAGTTTGCTTCCAGCCTTGAATCCGCT,0,1
ACAGTTTGCTTCCAGCCTTTAATCAGCT,0,1
ACAGTTTGCTTCCAGCCTTTAATCATAT,4,1
ACAGTTTTCTACGAGGGTTGGGTCAGCT,33,31
ACAGTTTTCTACGAGGGTTGTGTCATCT,0,2
ACAGTTTTCTACGAGGTTTGGGTCATCT,1,0
ACAGTTTTCTACGAGGTTTGGTTCAGCT,2,1
ACAGTTTTCTACGAGGTTTTGGTCAGCT,1,3
ACAGTTTTCTACGAGGTTTTTTTCATCT,3,4
ACATTCTCCTCACAGAGTTGCGGCACAT,1,0
ACCATGTGCTCATAGAGATGTGTCATCA,0,1
ACCCTGACCTCATAGAGATGGGTCATCA,1,0
ACCGAAGGCTAAAAGCAATTTCTCACCT,0,1
ACCGACAGCTGACAGGCTTGATTCATTT,0,1
ACCGACTGCTCATAGAGATTTTTCATCA,1,0
ACCGAGTACAAACAGCATTTCTTCACTT,1,0
ACCGATTTCTCGAAGATTTTTCTCATTT,0,1
ACCGTAAACTAGCAGTGGTTTTCCAGTA,1,0
ACCGTAAACTTGGAGTGATGCCTCATGT,0,1
ACCGTAACCTAAGAGTAGTGAGACACCG,1,0
ACCGTAACCTAAGAGTTGTGAGACAACG,71,0
ACCGTAACCTAAGAGTTGTGAGACCCCG,2,0
ACCGTAACCTAAGAGTTGTGATACAACT,1,0
ACCGTAACCTAAGAGTTGTTAGACAACT,1,0
ACCGTAACCTAAGAGTTTTGAGACAACT,5,0
ACCGTAACCTAAGAGTTTTGATACAACG,1,0
ACCGTAACCTAAGAGTTTTTATACAACT,3,0
ACCGTAACCTAATAGTTTTGAGGCACAC,52,75
ACCGTAACCTAATAGTTTTGAGGCCCCC,1,0
ACCGTAACCTAATAGTTTTGAGTCCCAC,1,0
ACCGTAACCTAATAGTTTTGATTCACAC,7,8
ACCGTAACCTAATAGTTTTTAGTCACAC,0,2
ACCGTAACCTAATAGTTTTTATGCACAC,1,0
ACCGTAATCTCGAACATTTGTCGCATGG,0,1
ACCGTAATCTGTTAGTTGTGCGGCACAT,30,0
ACCGTAATCTGTTAGTTGTGCTGCCCAT,2,0
ACCGTAATCTGTTAGTTGTTCGTCACAT,1,0
ACCGTAATCTGTTAGTTGTTCTGCACAT,1,0
ACCGTAATCTGTTAGTTTTGCTTCACAT,5,0
ACCGTAATCTGTTAGTTTTTCTTCCCCT,1,0
ACCGTAGACTGTCAGGCGGGAGGCCCAG,1,0
ACCGTAGACTGTCAGGCGTGAGGCACAG,90,36
ACCGTAGACTGTCAGGCGTGAGGCCCCG,1,1
ACCGTAGACTGTCAGGCGTGAGTCACAT,1,0
ACCGTAGACTGTCAGGCGTGAGTCACCG,1,0
ACCGTAGACTGTCAGGCGTGATGCACAT,1,0
ACCGTAGACTGTCAGGCGTGATTCACAG,1,1
ACCGTAGACTGTCAGGCGTTAGTCACAG,1,0
ACCGTAGACTGTCAGGCGTTATTCACAT,4,2
ACCGTAGACTGTCAGGCTTGAGTCACAG,3,0
ACCGTAGACTGTCAGGCTTGATGCACAG,1,1
ACCGTAGACTGTCAGGCTTGATTCACAT,0,1
ACCGTAGACTGTCAGGCTTTAGGCACAT,1,0
ACCGTAGACTGTCAGGCTTTATTCACAG,1,0
ACCGTAGCCTAAGAGTACTGATACAACT,1,0
ACCGTAGCCTCGGAGCGCTGTTCCACGT,18,54
ACCGTAGCCTCGGAGCTCTGTTCCACTT,0,4
ACCGTAGCCTCGGAGCTCTGTTCCCCGT,0,2
ACCGTAGGCTATAAGCAATCTCGCACAC,1,0
ACCGTAGGCTATAAGCAATGACTCACAG,1,0
ACCGTAGGCTATAAGCAATGTCGCACAG,130,198
ACCGTAGGCTATAAGCAATGTCGCCCAT,1,0
ACCGTAGGCTATAAGCAATGTCGCCCCG,2,1
ACCGTAGGCTATAAGCAATGTCTCACCG,0,2
ACCGTAGGCTATAAGCAATGTCTCCCAG,1,2
ACCGTAGGCTATAAGCAATTTCTCACAT,15,22
ACCGTATACTGATAGAATTGGGTCAGCA,72,103
ACCGTATACTGATAGAATTGGGTCCGCC,0,1
ACCGTATACTGATAGAATTGGTTCATCA,1,0
ACCGTATACTGATAGAATTGTGTCATCA,3,4
ACCGTATACTGATAGAATTGTTTCAGCA,5,1
ACCGTATACTGATAGAATTTGTTCAGCA,1,0
ACCGTATACTGATAGAATTTTGTCAGCA,2,2
ACCGTATACTGATAGAATTTTTTCATCA,13,19
ACCGTATTCTCACAGGTGTGAAACACCA,43,0
ACCGTATTCTCACAGGTTTTAAACACCA,1,0
ACCGTCAACTCGGAGGCATGCTTCAATA,45,0
ACCGTCAGCTAATAGGCGTGGCGCACGG,23,34
ACCGTCAGCTAATAGGCGTGGCTCACTG,2,3
ACCGTCAGCTAATAGGCTTGGCTCACGT,0,2
ACCGTCAGCTAATAGGCTTGTCTCACGG,2,5
ACCGTCAGCTAATAGGCTTTGCGCACGG,0,1
ACCGTCAGCTAATAGGCTTTTCTCACTT,1,4
ACCGTCAGCTCCAAGTTCTGAGGCAGGG,0,27
ACCGTCAGCTCCAAGTTCTGATGCAGTG,0,1
ACCGTCAGCTCCAAGTTCTGATTCAGGG,0,1
ACCGTCAGCTCCAAGTTCTGATTCATTG,0,5
ACCGTCAGCTCCAAGTTCTTATTCATTT,0,5
ACCGTCAGCTGACAGGCTTGATGCAGAT,1,0
ACCGTCAGCTGACAGGCTTGATGCAGTG,141,120
ACCGTCAGCTGACAGGCTTGATGCATTT,1,2
ACCGTCAGCTGACAGGCTTGATTCAGTT,10,6
ACCGTCAGCTGACAGGCTTGATTCATTG,8,11
ACCGTCAGCTGACAGGCTTTATGCATTG,1,0
ACCGTCAGCTGACAGGCTTTATTCAGTG,3,3
ACCGTCAGCTGACAGGCTTTATTCATTT,3,6
ACCGTCAGCTGACAGTCTTGATTCATTT,1,0
ACCGTCATCTTGGAGACCTGTAGCAGCG,163,83
ACCGTCATCTTGGAGACCTGTAGCATCT,2,0
ACCGTCATCTTGGAGACCTGTATCAGCT,1,1
ACCGTCATCTTGGAGACCTGTATCATCG,21,6
ACCGTCATCTTGGAGACCTGTATCCGCG,1,0
ACCGTCATCTTGGAGACCTTTATCATCT,5,4
ACCGTCATCTTGGAGCCCTGTAGCCTCG,0,1
ACCGTCCGCTCTTAGGGATGGAACAAAT,1,3
ACCGTCCGCTCTTAGGGATTTAACAAAT,1,0
ACCGTCGCCTTGAAGTCGATGATCAATA,1,0
ACCGTCGCCTTGAAGTCGTGGATCATGA,44,0
ACCGTCGCCTTGAAGTCGTGGATCCTGC,1,0
ACCGTCGCCTTGAAGTCGTGTATCATTA,1,0
ACCGTCGCCTTGAAGTCTTGGATCATTA,3,0
ACCGTCGGCTGAAAGATATGCGTCATAT,0,42
ACCGTCGGCTGAAAGATATTCTTCATAT,0,3
ACCGTCGTCTGAAAGTTATGATACACAA,0,1
ACCGTCGTCTGACAGAGTGTGCACATTT,1,0
ACCGTCGTCTGACAGAGTTGGCACATTT,172,60
ACCGTCGTCTGACAGAGTTGTCACCTTT,1,2
ACCGTCGTCTGACAGAGTTTTCACATTT,19,5
ACCGTCGTCTGACAGATTTGTCACATTT,2,1
ACCGTCGTCTGACAGATTTTGCACATTT,2,1
ACCGTCGTCTGACAGATTTTTCACCTTT,0,1
ACCGTCTGCTACAAGGGCTGTGGCAGGG,31,0
ACCGTCTGCTACAAGGGCTGTGGCATTG,1,0
ACCGTCTGCTACAAGGGCTGTGTCAGTG,1,0
ACCGTCTGCTACAAGGTCTGTGGCAGTG,3,0
ACCGTCTGCTACAAGGTCTGTGTCAGGG,1,0
ACCGTCTGCTACAAGGTCTGTTTCATTG,1,0
ACCGTCTGCTACAAGGTCTTTTTCAGTG,1,0
ACCGTCTGCTACAAGGTCTTTTTCATTT,5,0
ACCGTCTGCTACAAGTTCTGTTGCAGGG,1,0
ACCGTCTGCTGACAGTGGTGGCTCAGTT,32,0
ACCGTCTGCTGACAGTGGTGTCTCATTT,1,0
ACCGTCTGCTGACAGTGGTTTCTCAGTT,1,0
ACCGTCTGCTGACAGTTGTTGCTCATTT,1,0
ACCGTCTGCTGACAGTTTTGTCTCAGTT,1,0
ACCGTCTGCTGACAGTTTTTTCTCATTT,3,0
ACCGTCTGCTGTCAGGAATGTAACAGGG,0,39
ACCGTCTGCTGTCAGGAATGTAACATTT,0,1
ACCGTCTGCTGTCAGGAATTTAACAGTT,0,1
ACCGTCTGCTGTCAGGAATTTAACATGT,0,1
ACCGTCTGCTGTCAGGAATTTAACATTG,0,4
ACCGTCTGCTGTTAGCGATGAATCAACA,61,105
ACCGTCTGCTGTTAGCGATGAATCCCCA,4,5
ACCGTCTGCTGTTAGCGATTAATCCCCC,0,1
ACCGTCTGCTGTTAGCTATTAATCAACA,2,7
ACCGTCTTCTTTGAGACTTGGGGCAGCG,0,10
ACCGTCTTCTTTGAGACTTGTGTCAGCG,0,2
ACCGTCTTCTTTGAGACTTTTTTCATCT,0,5
ACCGTGAACTTGGAGCAATGCGGCAGCC,27,41
ACCGTGAACTTGGAGCAATGCGTCATCC,0,1
ACCGTGAACTTGGAGCAATGCTGCATCC,1,0
ACCGTGAACTTGGAGCAATTCTTCAGCC,5,7
ACCGTGACCTCCAAGACTTGGCCCATCA,0,52
ACCGTGACCTCCAAGACTTTTCCCATCA,0,4
ACCGTGACCTGGCAGAAGTGGATCAGGA,0,42
ACCGTGACCTGGCAGAAGTGGATCATTA,0,2
ACCGTGACCTGGCAGAAGTGTATCATGA,0,2
ACCGTGACCTGGCAGAATCGGATCCGGA,0,1
ACCGTGACCTGGCAGAATTGGATCAGTA,0,1
ACCGTGACCTGGCAGAATTGTATCATTA,0,1
ACCGTGAGCTCATAGAGATTTTTCATCA,1,1
ACCGTGAGCTGTTAGCGGTGGGACAAGA,0,63
ACCGTGAGCTGTTAGCGGTGGGACCCGA,0,4
ACCGTGAGCTGTTAGCGGTGGTACCAGA,0,1
ACCGTGAGCTGTTAGCGGTGTTACAATA,0,3
ACCGTGAGCTGTTAGCGGTTGTACAAGA,0,1
ACCGTGAGCTGTTAGCGGTTTGACAAGA,0,3
ACCGTGAGCTGTTAGCGTTGTGACAAGA,0,3
ACCGTGAGCTGTTAGCTGTGGGACCAGA,0,1
ACCGTGAGCTGTTAGCTGTGGGACCCTA,0,1
ACCGTGAGCTGTTAGCTGTGTTACCCGA,0,1
ACCGTGAGCTGTTAGCTGTTGGACAATA,0,1
ACCGTGAGCTGTTAGCTTTGGGACAAGA,0,3
ACCGTGAGCTGTTAGCTTTGTTACAAGA,0,1
ACCGTGAGCTGTTAGCTTTTTTACAATA,0,6
ACCGTGATCATTTAGCTATGACCCAGCT,0,1
ACCGTGATCTAATAGGTTTTTTTCAATA,1,0
ACCGTGATCTCCAAGTACTGTGCCAAAG,0,57
ACCGTGATCTCCAAGTACTGTTCCAAAT,0,2
ACCGTGATCTCCAAGTACTTTGCCAAAT,0,1
ACCGTGATCTCCAAGTACTTTTCCAAAG,0,1
ACCGTGATCTTTTAGCGAAGACCCATGT,0,1
ACCGTGATCTTTTAGCGAGGACCCCGGT,1,0
ACCGTGATCTTTTAGCGATGACCCAGGT,459,639
ACCGTGATCTTTTAGCGATGACCCATTT,6,7
ACCGTGATCTTTTAGCGATGACCCCTGT,2,1
ACCGTGATCTTTTAGCGATGCCCCAGCT,0,1
ACCGTGATCTTTTAGCGATTACCCAGGC,1,0
ACCGTGATCTTTTAGCGATTACCCAGTT,2,7
ACCGTGATCTTTTAGCGATTACCCATGT,12,9
ACCGTGATCTTTTAGCGATTACCCCGGT,1,0
ACCGTGATCTTTTAGCGCTGCCCCCGGT,0,1
ACCGTGATCTTTTAGCTATGACCCAGTT,2,8
ACCGTGATCTTTTAGCTATGACCCATGT,6,6
ACCGTGATCTTTTAGCTATGACCCCGGT,1,1
ACCGTGATCTTTTAGCTATTACCCAGGT,7,7
ACCGTGATCTTTTAGCTATTACCCATTT,37,46
ACCGTGCCCTACTAGCCATGCGTCAGCT,0,44
ACCGTGCCCTACTAGCCATTCTTCATCT,0,4
ACCGTGCGCTAAGAGACCTGCTCCAGAT,0,77
ACCGTGCGCTAAGAGACCTTCTCCATAT,0,3
ACCGTGCGCTCCCAGCCCTGAATCAACA,0,1
ACCGTGCGCTTAGAGACCTGCTACATCT,1,0
ACCGTGCGCTTTAAGGGTTGTGGCATTA,4,0
ACCGTGCGCTTTAAGGTTTGTGTCATTA,1,0
ACCGTGCGCTTTGAGACCGGCGACCGCT,1,0
ACCGTGCGCTTTGAGACCTGCGACAGCT,119,152
ACCGTGCGCTTTGAGACCTGCGACATCA,0,1
ACCGTGCGCTTTGAGACCTGCTCCAGCA,0,1
ACCGTGCGCTTTGAGACCTTCTACATCT,8,13
ACCGTGTACTGCTAGCTGTGTAGCACCG,0,40
ACCGTGTACTGCTAGCTGTGTATCCCCG,0,2
ACCGTGTACTGCTAGCTGTTTATCACCT,0,3
ACCGTGTACTGCTAGCTTTGTAGCACCT,0,2
ACCGTGTCCTCAGAGCTCTGGCGCAGGT,37,0
ACCGTGTCCTCAGAGCTCTGTCGCATTT,5,0
ACCGTGTCCTCAGAGCTCTGTCGCCGGT,1,0
ACCGTGTCCTCAGAGCTCTGTCTCAGGT,1,0
ACCGTGTCCTCAGAGCTCTTGCGCAGTT,1,0
ACCGTGTCCTCAGAGCTCTTGCGCCTGT,1,0
ACCGTGTCCTCAGAGCTCTTGCTCAGGT,1,0
ACCGTGTCCTCAGAGCTCTTGCTCATTT,1,0
ACCGTGTCCTCAGAGCTCTTTCGCAGGT,1,0
ACCGTGTCCTCAGAGCTCTTTCTCATGT,4,0
ACCGTGTCCTGGTAGTCTTGTAGCATCG,0,21
ACCGTGTCCTGGTAGTCTTTTATCATCT,0,4
ACCGTGTGCTCATAGAGATGCGACATAA,0,1
ACCGTGTGCTCATAGAGATGGGTCATCA,391,249
ACCGTGTGCTCATAGAGATGGGTCCTCC,1,1
ACCGTGTGCTCATAGAGATGGTTCCTCA,3,0
ACCGTGTGCTCATAGAGATGTGTCCTCA,1,0
ACCGTGTGCTCATAGAGATGTTTCATCA,32,25
ACCGTGTGCTCATAGAGATTGGTCATCC,1,0
ACCGTGTGCTCATAGAGATTGTTCATCA,5,4
ACCGTGTGCTCATAGAGATTTGTCATCA,8,6
ACCGTGTGCTCATAGATATGGTTCATCA,4,3
ACCGTGTGCTCATAGATATGTGTCATCA,2,2
ACCGTGTGCTCATAGATATTTTTCATCA,12,10
ACCGTGTGCTCTTAGAGATGGGTCCTCA,0,1
ACCGTGTTCTAACAGCAGTGATTCACAT,1,0
ACCGTGTTCTAACAGCAGTGCTGCACTG,175,52
ACCGTGTTCTAACAGCAGTGCTTCACTT,1,1
ACCGTGTTCTAACAGCAGTTCTTCACTG,2,0
ACCGTGTTCTAACAGCATTGCTTCACTG,3,0
ACCGTGTTCTAACAGCATTTCTTCACTT,6,3
ACCGTGTTCTAATAGGTGTGGGTCAATA,35,0
ACCGTGTTCTAATAGGTGTGGGTCCATC,1,0
ACCGTGTTCTAATAGGTGTGGGTCCCTA,2,0
ACCGTGTTCTAATAGGTGTTTTTCAATA,1,0
ACCGTGTTCTAATAGGTTTGTTTCAATA,5,0
ACCGTGTTCTATAAGGGGTGGCACAAAA,28,0
ACCGTGTTCTATAAGGGGTGGCACCCAA,1,0
ACCGTGTTCTATAAGGTTTGTCACAAAA,5,0
ACCGTGTTCTGCGAGGCTAGACACCTCC,1,0
ACCGTGTTCTGCGAGGCTTGACACATCC,34,100
ACCGTGTTCTGCGAGGCTTTACACAACC,1,0
ACCGTGTTCTGCGAGGCTTTACACCTCC,1,0
ACCGTGTTCTTGTAGAGGTGTGACATAG,37,0
ACCGTGTTCTTGTAGAGTTTTGACATAG,1,0
ACCGTGTTCTTGTAGATGTGTGACATAT,2,0
ACCGTGTTCTTGTAGATTTTTTACATAG,1,0
ACCGTGTTCTTTTAGCGATGAACCATCT,0,1
ACCGTTAGCTACTAGCTATGTCTCATAG,0,42
ACCGTTAGCTACTAGCTATGTCTCCTCG,0,1
ACCGTTCGCTGAAAGCCTTGGGTCAGCG,35,0
ACCGTTCGCTGAAAGCCTTGTGTCATCT,3,0
ACCGTTCGCTGAAAGCCTTGTGTCCGCG,1,0
ACCGTTCGCTGAAAGCCTTGTTTCAGCG,1,0
ACCGTTCGCTGAAAGCCTTTTGTCAGCG,1,0
ACCGTTCGCTGAAAGCCTTTTTTCATCT,2,0
ACCGTTCGCTGAGAGCGTTTGTTCAACT,1,0
ACCGTTGCCTAGGAGGCTTGCCTCATCG,0,1
ACCGTTGCCTGCAAGTTGTGGTCCACTG,0,20
ACCGTTGCCTGCAAGTTTTTTTCCACTT,0,1
ACCGTTGGCTCGTAGAAGTGGGGCATTG,0,27
ACCGTTGGCTCGTAGAAGTGTGTCATTG,0,3
ACCGTTGGCTCGTAGAAGTTTTTCATTT,0,2
ACCGTTGGCTCGTAGAATTGTTTCATTT,0,5
ACCGTTGGCTCTAAGACCTGTTTCAGAG,1,0
ACCGTTTACTATAAGTATTGCAACAATC,25,0
ACCGTTTACTATAAGTATTGCAACCCTC,2,0
ACCGTTTACTGGTAGCGATGCGGCAGCT,34,24
ACCGTTTACTGGTAGCGATGCGTCATCT,1,0
ACCGTTTACTGGTAGCGATGCTTCAGCT,1,0
ACCGTTTACTGGTAGCGATTCTTCATCT,2,3
ACCGTTTACTGGTAGCTATTCTTCAGCT,1,1
ACCGTTTCCTGCTAGCTCTGCCGCAATG,151,187
ACCGTTTCCTGCTAGCTCTGCCGCCCTG,4,2
ACCGTTTCCTGCTAGCTCTGCCTCAATT,4,6
ACCGTTTCCTGCTAGCTCTTCCGCAATT,4,1
ACCGTTTCCTGCTAGCTCTTCCTCAATG,13,14
ACCGTTTCCTGCTAGCTCTTCCTCCATT,1,0
ACCGTTTGCTCATAGGGTTGAGTCAGAC,24,0
ACCGTTTGCTCATAGGGTTGATTCCGAC,1,0
ACCGTTTGCTCATAGGGTTTAGTCATAC,1,0
ACCGTTTGCTCATAGGTTTGATTCATAC,4,0
ACCGTTTTCTCGAAGTTATGTCGCAATT,0,1
ACCGTTTTCTCGAAGTTATGTCTCATGT,0,1
ACCGTTTTCTCGAAGTTTAGGCTCATGG,0,1
ACCGTTTTCTCGAAGTTTTGGCGCATGG,64,163
ACCGTTTTCTCGAAGTTTTGGCGCATTT,0,2
ACCGTTTTCTCGAAGTTTTGGCTCATGT,1,2
ACCGTTTTCTCGAAGTTTTGGCTCATTG,0,2
ACCGTTTTCTCGAAGTTTTGTCGCATGT,3,5
ACCGTTTTCTCGAAGTTTTGTCGCATTG,4,0
ACCGTTTTCTCGAAGTTTTGTCGCCTGG,0,1
ACCGTTTTCTCGAAGTTTTGTCTCATGG,8,24
ACCGTTTTCTCGAAGTTTTGTTTCATGT,1,0
ACCGTTTTCTCGAAGTTTTTGCGCATTG,0,2
ACCGTTTTCTCGAAGTTTTTGCGCCTGG,0,1
ACCGTTTTCTCGAAGTTTTTTCGCATGG,0,3
ACCGTTTTCTCGAAGTTTTTTCTCATTT,11,30
ACCGTTTTCTCGAGGTTTTGTCGCATGG,0,1
ACCTTCATCTTGGATACCTTTATCATCT,1,0
ACCTTTACCTGCAAGTTGTTGTCCACTG,0,1
ACGCAGATCTAATAGCCGTTTAACATTT,0,1
ACGCTAGACTGATACTTTTGCTCCATCG,1,0
ACGCTCCGCTGGTAGTTGTTATACATTT,0,1
ACGCTCGTCTGTAAGTCGTTTCTCACTC,1,0
ACGCTGGCCTAATAGTATATGATAAATA,0,1
ACGGAAAACTCATAGCTTTTTTACATTT,1,0
ACGGAAACCTCTGATTACTTTTACACTA,1,0
ACGGACAGCTACGAGGCGTGCCACAAGC,0,1
ACGGACCACTTCAAGCTTTTCTTCACAG,0,1
ACGGAGCACTCGTAGCCTTTGTTCACAT,1,0
ACGGAGGGCTGTAAGCTTTGTATCACTT,1,0
ACGGAGGGCTGTAAGCTTTTGAGCACTT,1,0
ACGGAGTGCTTTGAGGGGTGATTCACCT,0,1
ACGGATATCTCTGAGGCGTTGTACAATA,0,1
ACGGATCGCTTAGAGCCATGGTACCTAT,1,0
ACGGATTTCTGTCAGTATTGTTCCAGAA,0,1
ACGGTAAACTAGCACTTTTGTTCCATTA,1,0
ACGGTAAACTAGCAGAGTTGTTCCAGTA,1,0
ACGGTAAACTAGCAGATGTGTTCCAGTA,0,1
ACGGTAAACTAGCAGTGGGGTTCCCGTA,1,0
ACGGTAAACTAGCAGTGGTGTTCCAGTA,368,282
ACGGTAAACTAGCAGTGGTTTTCCATTA,3,1
ACGGTAAACTAGCAGTGGTTTTCCCGTA,0,1
ACGGTAAACTAGCAGTGTTGTTCCATTA,5,4
ACGGTAAACTAGCAGTGTTGTTCCCGTA,1,2
ACGGTAAACTAGCAGTGTTTTTCCAGTA,2,2
ACGGTAAACTAGCAGTTGAGTTCCAGTA,1,0
ACGGTAAACTAGCAGTTGTGTTCCAGTC,0,1
ACGGTAAACTAGCAGTTGTGTTCCATTA,2,0
ACGGTAAACTAGCAGTTGTTTTCCAGTA,1,0
ACGGTAAACTAGCAGTTTTGTTCCAGTA,18,13
ACGGTAAACTAGCAGTTTTTTTCCATTA,8,7
ACGGTAAACTCATAGCAGTGATACAGGA,1,0
ACGGTAAACTCATAGCTGTGTTACAGGT,80,0
ACGGTAAACTCATAGCTGTGTTACATTT,5,0
ACGGTAAACTCATAGCTGTTTTACATGT,3,0
ACGGTAAACTCATAGCTTTGTTACAGTT,2,0
ACGGTAAACTCATAGCTTTGTTACATGT,2,0
ACGGTAAACTCATAGCTTTGTTACCGGT,3,0
ACGGTAAACTCATAGCTTTTTTACCTGT,1,0
ACGGTAAACTTATAGTTATGAATCATAA,0,1
ACGGTAAACTTTTAGATATGAAACATAT,0,1
ACGGTAAACTTTTAGTTAGGATTCCTAT,0,1
ACGGTAAACTTTTAGTTATGATTCATAT,139,247
ACGGTAAACTTTTAGTTATGATTCCTCT,0,4
ACGGTAACCTGGAAGCGGTGTTGCAACG,70,101
ACGGTAACCTGGAAGCGGTGTTGCCCCG,4,3
ACGGTAACCTGGAAGCGGTGTTTCAACT,3,3
ACGGTAACCTGGAAGCGGTTTTGCACCG,1,0
ACGGTAACCTGGAAGCGTTGTTGCAACT,0,4
ACGGTAACCTGGAAGCTGTGTAGCATCT,0,1
ACGGTAACCTGGAAGCTGTGTTTCAACG,0,1
ACGGTAACCTGGAAGCTGTTTTGCAACG,0,1
ACGGTAACCTGGAAGCTGTTTTTCAACT,0,1
ACGGTAACCTGGAAGCTTTGTATCAACG,1,0
ACGGTAACCTGGAAGCTTTGTTGCAACG,2,8
ACGGTAACCTGGAAGCTTTGTTTCAACT,1,1
ACGGTAACCTGGAAGCTTTTTTTCAACG,1,1
ACGGTAAGCTGGCAGTCGTGAGCCATCT,86,83
ACGGTAAGCTGGCAGTCGTGATCCCTCT,2,1
ACGGTAAGCTGGCAGTCGTTATCCATCT,2,1
ACGGTAAGCTGGCAGTCTTGATCCATCT,4,11
ACGGTAAGCTGGCAGTCTTTAGCCATCT,2,0
ACGGTAATCTAGCAGTCGTGAACCACTA,0,1
ACGGTACACTGGGAGCAGTGGGACAGCT,0,43
ACGGTACACTGGGAGCATTGTTACATCT,0,1
ACGGTACACTGTGAGGATTGCACCATTG,37,46
ACGGTACACTGTGAGGATTTCACCATAG,1,0
ACGGTACACTGTGAGGATTTCACCATTT,1,2
ACGGTACCCTGAGAGAATTTATTCATTA,1,0
ACGGTACGCTAAAAGCTCTGCAACAGTT,0,57
ACGGTACGCTAAAAGCTCTTCAACATTT,0,7
ACGGTACGCTAGGAGCGATGTGTCAGAA,0,47
ACGGTACGCTAGGAGCGCTGTGTCCGAA,0,1
ACGGTACGCTAGGAGCTATTTTTCAGAA,0,3
ACGGTACGCTTAAAGCGTTGCCTCAGTA,0,97
ACGGTACGCTTAAAGCGTTTCCTCATTA,0,1
ACGGTACGCTTAAAGCTTTGCCTCATTA,0,1
ACGGTACGCTTAAAGCTTTTCCTCAGTA,0,3
ACGGTAGACTGTTAGTACTGCTCCAACG,1,0
ACGGTAGACTGTTAGTTGTGCTCCATCG,134,76
ACGGTAGACTGTTAGTTGTTCTCCATCT,7,3
ACGGTAGACTGTTAGTTTTGCTCCATCT,3,2
ACGGTAGACTGTTAGTTTTTCTCCATCG,1,1
ACGGTAGGCTGTAAGACTTTTGTCAGAG,1,0
ACGGTAGGCTGTTAGGGCTGAAGCAATC,0,9
ACGGTAGGCTGTTAGGGCTTAATCAATC,0,1
ACGGTAGTCATTGAGTGCTTTTTCCACC,1,0
ACGGTAGTCTAGTAGAATTGCCGCACTG,5,16
ACGGTAGTCTAGTAGAATTGCCTCACTT,0,1
ACGGTAGTCTGTGAGAATTGAACCAATA,0,35
ACGGTAGTCTGTGAGAATTGAACCCCTA,0,1
ACGGTAGTCTTCCAGCTTTGATACAGTT,0,1
ACGGTAGTCTTTGAGTGCTAGTGCAACC,1,0
ACGGTAGTCTTTGAGTGCTGGGGCAACC,168,104
ACGGTAGTCTTTGAGTGCTGGGGCCCCC,5,4
ACGGTAGTCTTTGAGTGCTGGTGCCACC,1,0
ACGGTAGTCTTTGAGTGCTGGTTCAACC,0,3
ACGGTAGTCTTTGAGTGCTGTGTCAACC,10,12
ACGGTAGTCTTTGAGTGCTGTTGCAACC,3,2
ACGGTAGTCTTTGAGTGCTTGGTCAACC,0,1
ACGGTAGTCTTTGAGTGCTTTTTCAACC,5,4
ACGGTAGTCTTTGAGTTCTGTTTCAACC,3,4
ACGGTAGTCTTTGAGTTCTGTTTCCCCC,0,1
ACGGTAGTCTTTGAGTTCTTGTTCCCCC,1,0
ACGGTAGTCTTTGAGTTCTTTGTCAACC,0,1
ACGGTAGTCTTTGAGTTCTTTTGCAACC,1,1
ACGGTATGCTCCAAGGACTGTCGCAGTT,1,0
ACGGTATGCTCCAAGGTCAGTCGCCGGT,1,0
ACGGTATGCTCCAAGGTCTCTCTCCTGT,0,1
ACGGTATGCTCCAAGGTCTGTCGCAGGT,159,99
ACGGTATGCTCCAAGGTCTGTCTCAGTT,3,7
ACGGTATGCTCCAAGGTCTGTCTCATGT,6,8
ACGGTATGCTCCAAGGTCTTTCTCAGGT,1,1
ACGGTATGCTCCAAGGTCTTTCTCATTT,1,2
ACGGTATTCTAGTAGTAGTGGAACAGTC,39,40
ACGGTATTCTAGTAGTAGTGTAACATTC,2,2
ACGGTATTCTAGTAGTAGTTTAACAGTC,1,0
ACGGTATTCTAGTAGTATTGTAACAGTC,0,1
ACGGTATTCTAGTAGTATTTTAACATTC,2,1
ACGGTATTCTGACAGTTTTGTACCACAC,1,0
ACGGTATTCTGTCAGAATTGGTCCAGAA,0,1
ACGGTATTCTGTCAGTATTGCTCCAGAA,1,0
ACGGTCACCTATCAGTTATGTTGCACAT,33,8
ACGGTCACCTATCAGTTATGTTGCCCCT,2,0
ACGGTCACCTTTCAGGGTTGCGGCATTT,48,1
ACGGTCACCTTTCAGGGTTTCGTCATTT,1,0
ACGGTCACCTTTCAGGGTTTCTGCATTT,1,0
ACGGTCACCTTTCAGGTTGGCGGCATTT,1,0
ACGGTCACCTTTCAGGTTTTCTTCATTT,4,0
ACGGTCACCTTTCAGTGTTGCTGCATTT,1,0
ACGGTCAGATACTATTCTTTCCTCAATC,0,1
ACGGTCAGCTACGAGGCGTGCCGCAAGC,179,67
ACGGTCAGCTACGAGGCGTTCCTCAATC,6,3
ACGGTCAGCTACGAGGCGTTCCTCCCGC,1,0
ACGGTCAGCTACGAGGCTTGCCGCAACC,1,0
ACGGTCAGCTACGAGGCTTGCCTCAATC,20,9
ACGGTCAGCTACGAGGCTTTCCGCAATC,1,0
ACGGTCAGCTGATAGCGCTGATGCAGCG,2,0
ACGGTCAGCTGATAGCGCTGATTCATCT,1,0
ACGGTCAGCTGATAGCGCTTATTCAGCG,2,0
ACGGTCAGCTGATAGCTCTGATGCATCG,1,0
ACGGTCATCTCTTAGACCTGGATCACTT,49,0
ACGGTCATCTCTTAGACCTTTATCACTT,1,0
ACGGTCATCTTGAAGCGTTGCGGCACAA,96,27
ACGGTCATCTTGAAGCGTTGCGGCCCCA,1,0
ACGGTCATCTTGAAGCGTTGCGTCCCAA,1,0
ACGGTCATCTTGAAGCGTTGCTTCACAA,1,0
ACGGTCATCTTGAAGCTTTGCGTCACAA,2,0
ACGGTCATCTTGAAGCTTTGCTGCACAA,1,0
ACGGTCATCTTGAAGCTTTTCTTCACAA,4,6
ACGGTCCACTTCAAGCTATGCTTCACAT,0,1
ACGGTCCACTTCAAGCTTTGCTACACAT,1,0
ACGGTCCACTTCAAGCTTTGCTTCACAG,265,434
ACGGTCCACTTCAAGCTTTGCTTCCCAT,5,2
ACGGTCCACTTCAAGCTTTGCTTCCCCG,2,4
ACGGTCCACTTCAAGCTTTTCTTCACAT,16,25
ACGGTCCCCTCGCAGACAAGCCACACTT,1,0
ACGGTCCCCTCGCAGACATGCCACACGT,57,0
ACGGTCCCCTCGCAGACATGCCACACTA,1,0
ACGGTCCCCTCGCAGACATTCCACACTT,2,0
ACGGTCCCCTCGCAGACATTCCACCCGT,2,0
ACGGTCCCCTTCGAGGCTTGGTTCAGTT,0,41
ACGGTCCCCTTCGAGGCTTTTTTCATTT,0,4
ACGGTCCGCTAAGAGGGCGGTCACCTGG,1,0
ACGGTCCGCTAAGAGGGCTGACACAAGT,1,0
ACGGTCCGCTAAGAGGGCTGTCACATGG,71,95
ACGGTCCGCTAAGAGGTCTGTCACATTT,7,11
ACGGTCCGCTAAGAGGTCTGTCACCTGG,1,0
ACGGTCCTCAGTAAGTCGTTTCTCACGC,1,0
ACGGTCCTCTGGAAGACATGCATCACCG,58,121
ACGGTCCTCTGGAAGACATTCATCACCT,4,11
ACGGTCCTCTGGAAGACATTCATCCCCG,0,1
ACGGTCGACTGATAGTCGTGGGCCAATC,76,74
ACGGTCGACTGATAGTCGTGGTCCACTC,1,0
ACGGTCGACTGATAGTCGTGGTCCCATC,1,2
ACGGTCGACTGATAGTCGTGTGCCCCTC,2,3
ACGGTCGACTGATAGTCGTGTTCCAATC,2,1
ACGGTCGACTGATAGTCTTGCGCCCCTC,1,0
ACGGTCGACTGATAGTCTTGGGCCAAAC,1,0
ACGGTCGACTGATAGTCTTGGTCCAATC,1,1
ACGGTCGACTGATAGTCTTGTGCCAATC,0,1
ACGGTCGACTGATAGTCTTTTTCCAATC,9,5
ACGGTCGACTGGAAGCCCTGGAACAATA,1,0
ACGGTCGACTGGAAGCCCTGGAACATGA,42,44
ACGGTCGACTGGAAGCCCTTTAACATTA,5,6
ACGGTCGGCAGAGAGGTGTTCGACAAGC,0,1
ACGGTCGGCTAAGAGTCGTGAACCACGC,18,14
ACGGTCGGCTAAGAGTCGTGAACCCCTC,0,1
ACGGTCGGCTAAGAGTCGTGCACCCCGC,1,0
ACGGTCGGCTAAGAGTCTTGAACCACTC,0,1
ACGGTCGGCTCAAAGTAGTGTCGCATCG,1,0
ACGGTCGGCTGAGAGGGGTGCGACAAGC,0,4
ACGGTCGGCTGAGAGGGGTTCTACAATC,0,1
ACGGTCGGCTGAGAGGTTTTCGACAATC,0,1
ACGGTCGGCTGCGAGTCGTGAGACAATA,0,1
ACGGTCGTCTTCTAGGACGGGTACATTG,1,0
ACGGTCGTCTTCTAGGACGGGTACCTGG,0,1
ACGGTCGTCTTCTAGGACTGGTACATGG,69,29
ACGGTCGTCTTCTAGGACTGGTACATTT,1,3
ACGGTCGTCTTCTAGGACTGGTACCTGT,1,0
ACGGTCGTCTTCTAGGACTGTTACATGT,1,0
ACGGTCGTCTTCTAGGACTGTTACATTG,1,0
ACGGTCGTCTTCTAGGACTTGTACATGT,1,0
ACGGTCGTCTTCTAGGACTTGTACATTG,4,2
ACGGTCGTCTTCTAGGACTTTTACATGG,1,0
ACGGTCGTCTTCTAGGACTTTTACATTT,5,0
ACGGTCTACTCGAAGCTCTGTGTCACTG,0,3
ACGGTCTACTGACAGTTTAGATCCAATG,0,1
ACGGTCTACTGACAGTTTTGATCCAAGG,90,39
ACGGTCTACTGACAGTTTTGATCCAATT,7,1
ACGGTCTACTGACAGTTTTGATCCCCGG,3,2
ACGGTCTACTGACAGTTTTTATCCAAGT,3,1
ACGGTCTACTGACAGTTTTTATCCAATG,1,1
ACGGTCTACTGACAGTTTTTATCCCCGT,1,0
ACGGTCTCCTACCAGTCGTGTCACACAT,0,3
ACGGTCTCCTGCCAGGAATGTGTCACTA,0,43
ACGGTCTCCTGCCAGGAATGTTTCCCTA,0,2
ACGGTCTCCTGCCAGGAATTTTTCACTA,0,1
ACGGTCTGCTGCAAGTAATGACTCACGA,62,0
ACGGTCTGCTGCAAGTAATTACTCACTA,6,0
ACGGTCTGCTGCAAGTAATTACTCCCGA,1,0
ACGGTCTTCTGGTAGCCATGGGGCATGA,26,0
ACGGTCTTCTGGTAGCCATGTGTCATGA,3,0
ACGGTCTTCTGGTAGCCATTTTTCATGA,2,0
ACGGTGACCTCTGAGCAGTGCTCCATAC,1,0
ACGGTGACCTCTGAGCTGTGCTGCATTC,34,80
ACGGTGACCTCTGAGCTGTGCTTCCTTC,1,0
ACGGTGACCTCTGAGCTTTTCTTCATTC,2,2
ACGGTGAGCTGGAAGTTTTTTTTCATTT,1,0
ACGGTGAGCTGTGAGTACTGATGCATTG,114,25
ACGGTGAGCTGTGAGTACTGATGCCTTT,1,0
ACGGTGAGCTGTGAGTACTGATTCCTTG,1,0
ACGGTGAGCTGTGAGTACTTATTCATTT,5,2
ACGGTGAGCTTGCAGGGGTGTCTCAATT,70,2
ACGGTGAGCTTGCAGGGGTGTCTCCCTT,3,0
ACGGTGAGCTTGCAGGTTTGTCTCAATT,14,0
ACGGTGAGCTTGCAGGTTTGTCTCCCTT,1,0
ACGGTGATCTGATAGACATTCTTCAGTT,1,0
ACGGTGATCTGCCAGGAGTTTCCCACTC,1,0
ACGGTGATCTTTTAGCCGTGTAACATGT,0,43
ACGGTGATCTTTTAGCCTTGTAACATTT,0,2
ACGGTGATCTTTTAGCCTTTTAACATGT,0,1
ACGGTGCACTCGTAGCCGTGGTTCACAG,39,74
ACGGTGCACTCGTAGCCGTGTTTCACAT,0,5
ACGGTGCACTCGTAGCCGTTTTTCCCAT,1,1
ACGGTGCACTCGTAGCCTTGGTACACAG,0,1
ACGGTGCACTCGTAGCCTTGGTTCACAT,2,1
ACGGTGCACTCGTAGCCTTGTTTCACAG,2,3
ACGGTGCACTCGTAGCCTTTGTTCACAG,0,1
ACGGTGCACTCGTAGCCTTTTTTCACAT,1,1
ACGGTGCACTCTGAGTAATGACACAACA,0,17
ACGGTGCCCTATTAAAATTGTGCCATGT,34,43
ACGGTGCCCTATTAAAATTGTTCCCTGT,1,0
ACGGTGCCCTATTAAAATTTTTCCATTT,0,1
ACGGTGCCCTGACAGGAGTGTTCCATCC,101,39
ACGGTGCCCTGACAGGATTTTTCCATCC,2,0
ACGGTGCGCTAATAGGCGAGTAACACGG,0,1
ACGGTGCGCTAATAGGGGTGTAACACGG,47,175
ACGGTGCGCTAATAGGGGTGTAACACTT,4,4
ACGGTGCGCTAATAGGGGTGTAACCCGT,0,1
ACGGTGCGCTAATAGGGTTGTAACACTG,1,4
ACGGTGCGCTAATAGGTGTGTAACACGT,1,2
ACGGTGCGCTAATAGGTGTGTAACACTG,1,2
ACGGTGCGCTAATAGGTGTGTAACCCGG,1,0
ACGGTGCGCTAATAGGTTTGTAACACGG,3,5
ACGGTGCGCTAATAGGTTTGTAACACTT,10,22
ACGGTGCGCTAATAGGTTTGTAACCCTG,0,1
ACGGTGCGCTAATAGGTTTTTAACCCGT,1,0
ACGGTGCGCTAATAGTGTTGTAACCCGG,0,1
ACGGTGCTCTAACAGTAGTGTTTCAGAG,0,42
ACGGTGCTCTAACAGTAGTGTTTCATAT,0,1
ACGGTGCTCTAACAGTAGTTTTTCAGAT,0,2
ACGGTGCTCTAACAGTATTGTTTCATAG,0,1
ACGGTGCTCTAACAGTATTTTTTCATAT,0,1
ACGGTGCTCTAATAGCTGTGCGACACTC,56,0
ACGGTGCTCTAATAGCTTTGCTACACTC,2,0
ACGGTGCTCTAATAGCTTTTCGACACTC,1,0
ACGGTGCTCTTTGAGGGGTGGTTCAAAC,0,73
ACGGTGCTCTTTGAGGGGTGGTTCCACC,0,2
ACGGTGCTCTTTGAGGGGTTTTTCAAAC,0,1
ACGGTGCTCTTTGAGGTGTCGTTCAAAC,0,1
ACGGTGCTCTTTGAGGTGTGTTTCAAAC,0,1
ACGGTGCTCTTTGAGGTTTGGTTCAAAC,0,9
ACGGTGCTCTTTGAGGTTTTTTTCAAAC,0,3
ACGGTGGACTAGCAGGTTTTGATCATTT,0,1
ACGGTGGACTTGCAGGGGGGTATCATGT,0,1
ACGGTGGACTTGCAGGGGTGGATCATGT,0,29
ACGGTGGACTTGCAGGGGTTTATCATTT,0,1
ACGGTGGACTTGCAGGGTTGTATCATGT,0,1
ACGGTGGACTTGCAGGTGTTGATCATGT,0,1
ACGGTGGACTTGCAGGTTTGGATCATGT,0,2
ACGGTGGACTTGCAGGTTTGGATCCTTT,0,1
ACGGTGGACTTGCAGGTTTTTATCATTT,0,5
ACGGTGGACTTTGAGTTGTGTCGCATCT,0,53
ACGGTGGACTTTGAGTTTTGTCTCATCT,0,2
ACGGTGGCCTCTCAGCGGGGTCCCCGGA,0,2
ACGGTGGCCTCTCAGCGGTGTCCCAGGA,12,73
ACGGTGGCCTCTCAGCGGTTTCCCATTA,1,3
ACGGTGGCCTCTCAGCGTTGTCCCATGA,0,1
ACGGTGGCCTCTCAGCTGTGTCCCATGA,2,3
ACGGTGGCCTCTCAGCTTTGTCCCAGTA,1,4
ACGGTGGCCTCTCAGCTTTTTCCCATTA,0,1
ACGGTGGCCTGCCAGGGATGGCTCAGTT,33,0
ACGGTGGCCTGCCAGTTATTTCTCATTT,1,0
ACGGTGGGCTCTAAGTGCTGGTTCAAAC,0,33
ACGGTGGGCTCTAAGTGCTGGTTCACCC,0,1
ACGGTGGGCTCTAAGTTCTTGTTCAAAC,0,1
ACGGTGGGCTGTAAGCGTTGGAGCACTG,79,123
ACGGTGGGCTGTAAGCGTTGGATCACTT,1,0
ACGGTGGGCTGTAAGCGTTGGATCCCTG,0,1
ACGGTGGGCTGTAAGCGTTGTAGCACTT,0,1
ACGGTGGGCTGTAAGCGTTGTATCACTG,4,4
ACGGTGGGCTGTAAGCGTTGTATCCCTT,0,1
ACGGTGGGCTGTAAGCTTTGGAGCACTT,1,3
ACGGTGGGCTGTAAGCTTTGGATCACTG,1,3
ACGGTGGGCTGTAAGCTTTTTAGCACTG,1,3
ACGGTGGGCTGTAAGCTTTTTATCACTT,0,9
ACGGTGGGCTGTAGGCGTTGGATCACTG,0,1
ACGGTGGTCTACAAGCCTTGAACCAACA,0,1
ACGGTGGTCTCCGAGTGATGGTTCAAAG,0,1
ACGGTGGTCTCCTAGTTCGGGTTCACAG,1,0
ACGGTGGTCTCCTAGTTCTGGTTCAAAG,96,118
ACGGTGGTCTCCTAGTTCTGGTTCCACG,0,1
ACGGTGGTCTCCTAGTTCTGGTTCCCAG,0,4
ACGGTGGTCTCCTAGTTCTGTTTCACAT,0,1
ACGGTGGTCTCCTAGTTCTTTTTCAAAT,15,7
ACGGTGTCCTGTAAGAGTTGCCACAACA,0,49
ACGGTGTCCTGTAAGAGTTGCCACCCCA,0,3
ACGGTGTCCTGTAAGATTTTCCACAACA,0,1
ACGGTGTGCTCTGAGGGGTGTTACAAGC,94,26
ACGGTGTGCTCTGAGGGGTGTTACCCGC,4,0
ACGGTGTGCTCTGAGGGGTTTTACAATC,1,1
ACGGTGTGCTCTGAGGGTAGTTACAAGC,0,1
ACGGTGTGCTCTGAGGGTTGTTACAATC,2,0
ACGGTGTGCTCTGAGGTGTGTTACAATC,15,5
ACGGTGTGCTCTGAGGTGTGTTACCAGC,1,0
ACGGTGTGCTCTGAGGTTTGTTACAAGC,4,2
ACGGTGTGCTCTGAGGTTTTTTACAATC,1,1
ACGGTGTGCTTTGAGGGTTGATTCACCG,0,1
ACGGTTAAATGCCAGAATTGTCTCATAG,0,1
ACGGTTAACTTGGAGTGTTGTGGCATCC,40,0
ACGGTTAACTTGGAGTGTTGTTTCATCC,3,0
ACGGTTAACTTGGAGTTTTGTGTCATCC,2,0
ACGGTTAACTTGGAGTTTTGTTGCATCC,1,0
ACGGTTAACTTGGAGTTTTTTTTCATCC,1,0
ACGGTTACATAGAAGCATTTCTACATTG,0,1
ACGGTTACCTAGAAGCAATGCTACAAAT,0,1
ACGGTTACCTAGAAGCATTGCTACATTG,345,227
ACGGTTACCTAGAAGCATTGCTACCTTT,0,1
ACGGTTACCTAGAAGCATTGCTATCTTG,1,0
ACGGTTACCTAGAAGCATTTCTACATTT,23,13
ACGGTTATCTAACAGGCATGTCCCACAT,40,70
ACGGTTATCTATTAGTATTGTAGCACGT,28,0
ACGGTTATCTATTAGTATTGTATCACTT,3,0
ACGGTTATCTCTGAGGCGTGGTACAAGA,0,27
ACGGTTATCTCTGAGGCGTGTTACAATA,0,1
ACGGTTATCTCTGAGGCTTGGTACAATA,0,2
ACGGTTATCTCTGAGGCTTTTTACAATA,0,1
ACGGTTATCTGTCAGTAATGTTCCATAA,0,1
ACGGTTCCCTGGCAGAGAACCCGCACAC,1,0
ACGGTTCCCTGGCAGAGTTGACTCATAC,0,1
ACGGTTCCCTGGCAGAGTTGCCGCAGAC,178,128
ACGGTTCCCTGGCAGAGTTGCCGCATCC,0,1
ACGGTTCCCTGGCAGAGTTGCCGCCGCC,4,5
ACGGTTCCCTGGCAGAGTTTCCTCATAC,19,15
ACGGTTCCCTGGCAGAGTTTCCTCCTCC,1,0
ACGGTTCCCTGGCAGATTTGCCTCATAC,5,2
ACGGTTCCCTGGCAGATTTTCCTCAGAC,1,1
ACGGTTCGCTTAGAGCCAAGTTACATAT,0,1
ACGGTTCGCTTAGAGCCATGGTACATAT,123,183
ACGGTTCGCTTAGAGCCATGGTACCTCT,0,1
ACGGTTCGCTTAGAGCCATGTTACATTA,0,1
ACGGTTCGCTTAGAGCCATGTTACCTAT,1,2
ACGGTTCGCTTAGAGCCATTTTACATAT,3,11
ACGGTTCGCTTAGAGCCATTTTACCTCT,0,1
ACGGTTCTCTGGTAGGTGTGTGTCACCA,61,30
ACGGTTCTCTGGTAGGTGTGTTTCCCCA,1,0
ACGGTTCTCTGGTAGGTGTTTTTCACCA,1,0
ACGGTTCTCTGGTAGGTTTTTGTCACCA,1,1
ACGGTTCTCTGGTAGGTTTTTTTCCCCA,1,0
ACGGTTCTCTTACAGCCATGAACCAACT,264,387
ACGGTTCTCTTACAGCCATGAACCCCCT,5,10
ACGGTTGACTCGTAGGAGAGATACAAGC,0,1
ACGGTTGACTCGTAGGAGTGAGACAAGC,0,36
ACGGTTGACTCGTAGGAGTGAGACCACC,0,1
ACGGTTGACTCGTAGGAGTGAGACCCGC,0,2
ACGGTTGACTCGTAGGAGTGATACAATC,0,3
ACGGTTGACTGTGAGATCTGATGCATAT,222,204
ACGGTTGACTGTGAGATCTGATGCCTCT,3,3
ACGGTTGACTGTGAGATCTGATTCCTAT,3,1
ACGGTTGACTGTGAGATCTTATTCATAT,1,11
ACGGTTGCCAACTAGTATTTATTCATTT,0,1
ACGGTTGCCTACTAGAATTGAGGCAGTA,1,0
ACGGTTGCCTACTAGTACTGAGGCCGCT,1,0
ACGGTTGCCTACTAGTAGTGAGGCAGTT,290,382
ACGGTTGCCTACTAGTAGTGAGTCATTT,2,5
ACGGTTGCCTACTAGTAGTGAGTCCGTT,0,4
ACGGTTGCCTACTAGTAGTGATGCATTT,1,0
ACGGTTGCCTACTAGTAGTGATGCCGTT,0,1
ACGGTTGCCTACTAGTAGTGATTCAGTT,13,15
ACGGTTGCCTACTAGTAGTTAGTCAGTT,2,2
ACGGTTGCCTACTAGTAGTTATGCAGTT,0,1
ACGGTTGCCTACTAGTAGTTATTCATTT,4,9
ACGGTTGCCTACTAGTATTGAGGCATTT,1,2
ACGGTTGCCTACTAGTATTGAGTCAGTT,1,2
ACGGTTGCCTACTAGTATTGATGCAGTT,4,1
ACGGTTGCCTACTAGTATTGATTCATTT,0,4
ACGGTTGCCTACTAGTATTTATTCAGTT,2,1
ACGGTTGCCTATCAGGTGTGAAGCAGCT,183,221
ACGGTTGCCTATCAGGTGTGAATCATCT,17,18
ACGGTTGCCTATCAGGTGTTAAGCATCT,1,1
ACGGTTGCCTATCAGGTGTTAATCAGCT,1,0
ACGGTTGCCTATCAGGTTTGAAGCATCT,1,1
ACGGTTGCCTATCAGGTTTGAATCAGCT,0,6
ACGGTTGCCTATCAGGTTTTAATCATCT,5,6
ACGGTTGCCTATCCGGTGTGAATCAGCT,1,0
ACGGTTGCCTATCTGGTGTGAAGCATCT,1,0
ACGGTTGCCTGATAGGGCTGAGTCAGCG,64,9
ACGGTTGCCTGATAGGGCTGAGTCATCT,3,0
ACGGTTGCCTGATAGGGCTGATTCCGCT,1,0
ACGGTTGCCTGATAGGGCTTATTCATCT,1,0
ACGGTTGCCTGATAGGTCTGAGTCAGCT,4,0
ACGGTTGCCTGATAGGTCTGAGTCATCG,1,0
ACGGTTGCCTGATAGGTCTGATTCATCT,3,0
ACGGTTGGCTGAAAGGCGTGGCGCATCG,0,4
ACGGTTGGCTGTAAGACGGGTGGCCGAG,1,0
ACGGTTGGCTGTAAGACGTGTGGCAGAG,113,84
ACGGTTGGCTGTAAGACGTGTGTCATAT,2,4
ACGGTTGGCTGTAAGACGTGTGTCCGAG,0,1
ACGGTTGGCTGTAAGACGTGTTGCAGCG,1,0
ACGGTTGGCTGTAAGACGTGTTGCATAG,1,0
ACGGTTGGCTGTAAGACGTGTTTCAGAG,3,3
ACGGTTGGCTGTAAGACGTTTGGCATAG,1,0
ACGGTTGGCTGTAAGACGTTTGTCAAAG,0,1
ACGGTTGGCTGTAAGACGTTTGTCAGAT,0,2
ACGGTTGGCTGTAAGACGTTTTGCAGAT,0,1
ACGGTTGGCTGTAAGACGTTTTTCATAG,1,0
ACGGTTGGCTGTAAGACTTGTGGCAGAT,1,1
ACGGTTGGCTGTAAGACTTGTGGCATAG,1,0
ACGGTTGGCTGTAAGACTTGTGGCCGAG,1,0
ACGGTTGGCTGTAAGACTTGTGTCAGAG,5,7
ACGGTTGGCTGTAAGACTTGTTGCAGAG,1,1
ACGGTTGGCTGTAAGACTTGTTTCATAG,0,1
ACGGTTGGCTGTAAGACTTGTTTCCGAT,0,1
ACGGTTGGCTGTAAGACTTTTGGCATAT,1,0
ACGGTTGGCTGTAAGACTTTTTTCATAT,7,0
ACGGTTGGCTGTAATCGTTTGAGCACTT,0,1
ACGGTTGTCTCTGAGCCCTGCTCCAAAA,1,0
ACGGTTGTCTTAGAGTGTTGACTCACTA,49,0
ACGGTTGTCTTAGAGTTTTTACTCACTA,1,0
ACGGTTGTCTTCCAGCGTGGATACCGTG,0,1
ACGGTTGTCTTCCAGCGTTGATACAGTG,0,34
ACGGTTGTCTTCCAGCTTTGATACATTT,0,1
ACGGTTTACTGTCAGTATTGTTCCATAA,2,0
ACGGTTTGCTCCCAGACCTGATGCAGTA,0,1
ACGGTTTGCTCCCAGACCTGTGGCAGTT,0,46
ACGGTTTGCTCCCAGACCTTTTTCATTT,0,4
ACGGTTTTCACTCAGTATTTTTCCATAA,1,0
ACGGTTTTCTGTCAGCATTTGTCCATAA,1,0
ACGGTTTTCTGTCAGTATTGGTCCAGAA,194,274
ACGGTTTTCTGTCAGTATTGGTCCAGCC,1,1
ACGGTTTTCTGTCAGTATTGGTCCCGCA,5,2
ACGGTTTTCTGTCAGTATTTTTCCATAA,12,23
ACGGTTTTCTGTCTGTATTTTTCCAGAA,0,1
ACGGTTTTCTTTCAGTTCTGATACACCA,1,0
ACGTTCTACAGACAGTTTTGATCCAATG,1,0
ACTAGTCTGCTGGCAGGCTTGACCATGC,0,1
ACTGAGAGCTCAAAGAATTGCTGCATTG,0,1
ACTGAGCACTCTAAGCTTTTCAGCATTT,0,1
ACTGATCGCTTAAAGTCCTGGACCAGCA,0,1
ACTGTAACCTGACAGGTATGGCTCAACC,7,82
ACTGTAACCTGACAGGTATGGCTCCCCC,0,2
ACTGTAACCTGACAGGTATGTCTCCACC,0,1
ACTGTAACCTGACAGGTATTTCTCAACC,0,11
ACTGTAAGCTGTGAGCGTTGTCGCAAGA,0,40
ACTGTAAGCTGTGAGCTTTGTCGCAATA,0,1
ACTGTAAGCTGTGAGCTTTGTCTCAAGA,0,4
ACTGTAATCTGTAAGGAGTGAGTCAGGT,16,0
ACTGTAATCTGTAAGGAGTGAGTCCGTT,1,0
ACTGTAATCTGTAAGGATTTATTCATGT,1,0
ACTGTACCCTACGAGGCTTGTTTCATGA,1,0
ACTGTAGACTAAAAGGCGGGGTGCCTTT,0,1
ACTGTAGACTAAAAGGCGTGGTGCATTT,204,146
ACTGTAGACTAAAAGGCGTGTTTCATTT,0,5
ACTGTAGACTAAAAGGCGTTGTTCATTT,2,0
ACTGTAGACTAAAAGGCTTGGTGCCTTT,0,2
ACTGTAGACTAAAAGGCTTGGTTCATTT,12,5
ACTGTAGACTAAAAGGCTTGTTGCATTT,9,2
ACTGTAGACTAAAAGGCTTTGTGCATTT,2,0
ACTGTAGACTAAAAGGCTTTTTTCATTT,10,6
ACTGTAGACTATGAGTACTGGTACAAAT,62,0
ACTGTAGACTATGAGTACTGGTACACCT,2,0
ACTGTAGACTATGAGTACTGGTACCACT,1,0
ACTGTAGACTATGAGTACTGTTACCCAT,1,0
ACTGTAGGCTAGAAGGCGTGTTTCAGCT,0,60
ACTGTAGGCTAGAAGGCGTTTTTCATCT,0,2
ACTGTAGGCTAGAAGGCTTGTTTCATCT,0,5
ACTGTAGGCTAGAAGGCTTTTTTCAGCT,0,1
ACTGTAGGCTGGCAGGAGTGTCCCAATG,0,6
ACTGTAGGCTGGCAGGAGTGTCCCCCTG,0,1
ACTGTAGGCTGTGAGATGTGTATCAGCT,0,46
ACTGTAGGCTGTGAGATGTTTATCATCT,0,1
ACTGTATACTACCAGAGTTGTATCAGCT,21,59
ACTGTATACTACCAGAGTTTTATCATCT,1,0
ACTGTATACTACCAGATTTGTATCATCT,4,2
ACTGTATACTACCAGATTTGTATCCGCT,0,1
ACTGTATGCTCACAGTCCTGATGCATAA,0,39
ACTGTATGCTCACAGTCCTGATGCCTAC,0,2
ACTGTATGCTCACAGTCCTTATTCATAA,0,1
ACTGTATGCTGAGAGTGATGACTCAGTG,53,8
ACTGTATGCTGAGAGTGATGACTCATTT,2,0
ACTGTCAACTCGTAGACGTGAAGCATTT,0,1
ACTGTCAACTCGTAGACGTGTAGCAGGG,23,87
ACTGTCAACTCGTAGACGTGTAGCCGGT,1,1
ACTGTCAACTCGTAGACGTGTATCAGTG,1,1
ACTGTCAACTCGTAGACGTGTATCATTT,2,3
ACTGTCAACTCGTAGACGTTTAGCAGTG,0,1
ACTGTCAACTCGTAGACTTGTAGCAGGT,1,2
ACTGTCAACTCGTAGACTTGTAGCATTG,1,10
ACTGTCAACTCGTAGACTTGTATCATGT,1,0
ACTGTCAACTCGTAGACTTGTATCCGGG,0,3
ACTGTCAACTCGTAGACTTTTATCAGTG,0,1
ACTGTCAACTCGTAGACTTTTATCATTT,2,6
ACTGTCACCTATTAGGCCTGGCGCAGTG,0,87
ACTGTCACCTATTAGGCCTGGCTCCGTG,0,1
ACTGTCACCTATTAGGCCTGTCGCAGTT,0,2
ACTGTCACCTATTAGGCCTGTCGCCGTG,0,1
ACTGTCACCTATTAGGCCTGTCTCAGTG,0,11
ACTGTCACCTATTAGGCCTGTCTCCGTT,0,1
ACTGTCACCTATTAGGCCTTGCTCAGTG,0,1
ACTGTCACCTATTAGGCCTTTCTCATTT,0,6
ACTGTCAGCTTTGAGCCATGTTTCATTA,138,78
ACTGTCAGCTTTGAGCCATGTTTCCTTC,0,1
ACTGTCAGCTTTGAGCCATTTTTCCTTA,1,0
ACTGTCAGCTTTGAGTTATTTTTCACCT,0,1
ACTGTCATCTGGAAGATATGTGTCAGGG,26,0
ACTGTCATCTGGAAGATATGTGTCAGTT,2,0
ACTGTCATCTGGAAGATATGTGTCATTG,2,0
ACTGTCATCTGGAAGATATTTGTCATTT,1,0
ACTGTCATCTGGAAGATATTTTTCATTG,2,0
ACTGTCATCTGTTAGGTATGTTTCACCG,47,47
ACTGTCATCTGTTAGGTATTTTTCACCT,1,1
ACTGTCCACTGGGAGTCGTGGATCATTT,0,1
ACTGTCCACTGGGAGTTGTGGATCATTG,85,88
ACTGTCCACTGGGAGTTGTGTATCATTT,6,1
ACTGTCCACTGGGAGTTGTTGATCATTT,0,1
ACTGTCCACTGGGAGTTTTTGATCCTTT,1,0
ACTGTCCACTGGGAGTTTTTTATCATTG,4,2
ACTGTCCTCTAGAAGGAATGGACCATGG,0,1
ACTGTCCTCTAGAAGGTTTGGACCATGG,46,58
ACTGTCCTCTAGAAGGTTTGTACCATGT,0,1
ACTGTCCTCTAGAAGGTTTGTACCATTG,6,4
ACTGTCCTCTAGAAGGTTTTGACCATTG,1,0
ACTGTCCTCTAGAAGGTTTTTACCATTT,2,5
ACTGTCCTCTGGTAGGAGTGTCTCAAGA,32,0
ACTGTCCTCTGGTAGGAGTGTCTCCCGA,1,0
ACTGTCGGCTGTTAGGGGTGGCTCATTA,10,0
ACTGTCGGCTGTTAGGGTTGTCTCATTA,1,0
ACTGTCGGCTGTTAGGTTTGGCTCATTA,1,0
ACTGTCGGCTTTCAGAAGTGTGCCAATA,60,52
ACTGTCGGCTTTCAGAAGTTTGCCAATC,1,0
ACTGTCGGCTTTCAGAATTTTTCCAATA,8,3
ACTGTCTGCTCTTAGGCGTGGCACATGT,113,0
ACTGTCTGCTCTTAGGCGTGGCACCTTT,1,0
ACTGTCTGCTCTTAGGCGTGTCACATTT,3,0
ACTGTCTGCTCTTAGGCTTGGCACATTT,1,0
ACTGTCTGCTCTTAGGCTTGTCACATGT,4,0
ACTGTCTGCTCTTAGGCTTTGCACATGT,2,0
ACTGTCTGCTCTTAGGCTTTTCACATTT,12,0
ACTGTCTGCTGCGAGCCAGGGGTCCGTT,1,0
ACTGTCTGCTGCGAGCCAGGTGTCAGTT,1,0
ACTGTCTGCTGCGAGCCATAGTTCCGTT,0,1
ACTGTCTGCTGCGAGCCATGGGTCAGTT,240,353
ACTGTCTGCTGCGAGCCATGGTTCATTT,1,2
ACTGTCTGCTGCGAGCCATGTGTCAGAT,1,0
ACTGTCTGCTGCGAGCCATGTGTCATTT,5,1
ACTGTCTGCTGCGAGCCATGTGTCCGTT,3,3
ACTGTCTGCTGCGAGCCATGTTTCAGTT,11,25
ACTGTCTGCTGCGAGCCATGTTTCATTA,0,1
ACTGTCTGCTGCGAGCCATTGGTCATTT,2,1
ACTGTCTGCTGCGAGCCATTGTTCAGTT,0,4
ACTGTCTGCTGCGAGCCATTTGTCAGTT,3,7
ACTGTCTGCTGCGAGCCATTTTTCATTT,11,12
ACTGTCTGCTGCGAGCCATTTTTCCGTT,0,1
ACTGTCTTCTTCCAGCCATGGAACACAC,0,25
ACTGTCTTCTTCCAGCCATGTAACCCAC,0,1
ACTGTCTTCTTCCAGCCATTTAACACAC,0,4
ACTGTGAGCTCAAAGAAAAGCTGCCGTG,0,1
ACTGTGAGCTCAAAGAATTGCTGCAGTG,84,131
ACTGTGAGCTCAAAGAATTGCTGCATTT,0,2
ACTGTGAGCTCAAAGAATTGCTTCAGTT,2,1
ACTGTGAGCTCAAAGAATTGCTTCCGTG,1,0
ACTGTGAGCTCAAAGAATTTCTGCAGTT,1,0
ACTGTGAGCTCAAAGAATTTCTGCATTG,0,1
ACTGTGAGCTCAAAGAATTTCTTCAGTG,2,3
ACTGTGAGCTCAAAGAATTTCTTCATTT,0,16
ACTGTGATCCATCAGTTATGATTCATCA,0,1
ACTGTGCACTCTAAGCTGTGCAGCATTG,110,35
ACTGTGCACTCTAAGCTGTGCAGCCTTT,1,0
ACTGTGCACTCTAAGCTGTGCATCATTT,1,0
ACTGTGCACTCTAAGCTGTTCAGCATTT,1,0
ACTGTGCACTCTAAGCTTAGCAGCCTTG,1,0
ACTGTGCACTCTAAGCTTTTCATCATTT,9,2
ACTGTGCCCTGGTAGGTGTGTTACAATT,0,31
ACTGTGCGCTGAGAGAACTGCTTCATAA,1,0
ACTGTGCGCTTCTAGATGTTAACCACCT,1,0
ACTGTGCTCTCCGAGGTGTGGTGCAGAA,2,30
ACTGTGCTCTCCGAGGTGTGGTGCCGCC,0,1
ACTGTGCTCTCCGAGGTTTTGTTCATAA,0,1
ACTGTGCTCTGTGAGTGGTGGGGCACTA,51,0
ACTGTGCTCTGTGAGTGGTGGTTCACTA,2,0
ACTGTGCTCTGTGAGTGGTGTGTCACTA,3,0
ACTGTGCTCTTACAGTCCTGTGTCATCT,0,1
ACTGTGCTCTTACAGTGCTGGGGCAGCT,20,71
ACTGTGCTCTTACAGTGCTGGGTCATCT,0,2
ACTGTGCTCTTACAGTGCTGGTTCAGCT,0,1
ACTGTGCTCTTACAGTGCTGTGGCATCT,0,2
ACTGTGCTCTTACAGTGCTGTGGCCGCT,0,1
ACTGTGCTCTTACAGTGCTGTGTCAGCT,1,0
ACTGTGCTCTTACAGTGCTGTTGCAGCT,0,2
ACTGTGCTCTTACAGTGCTGTTTCATCT,2,1
ACTGTGCTCTTACAGTGCTTGGGCATCT,1,0
ACTGTGCTCTTACAGTTCTGGTGCAGCT,0,1
ACTGTGCTCTTACAGTTCTGTGGCAGCT,0,3
ACTGTGCTCTTACAGTTCTTTTTCATCT,3,2
ACTGTGGACTCTTAGTAATGGGCCATTC,29,34
ACTGTGGACTCTTAGTAATGTTCCATTC,3,3
ACTGTGGACTCTTAGTAATTTGCCATTC,2,0
ACTGTGGACTGTTAGAAATGTTGCATCC,0,1
ACTGTGGACTGTTAGTAATGGTGCATCC,75,139
ACTGTGGACTGTTAGTAATGGTTCCTCC,1,0
ACTGTGGACTGTTAGTAATGTTGCCTCC,0,2
ACTGTGGACTGTTAGTAATTTTTCATCC,5,16
ACTGTGGCCTTTCAGTCATGACTCAGGA,0,30
ACTGTGGCCTTTCAGTCATTACTCATTA,0,5
ACTGTGGGCTCAAAGTACTGGCGCACCC,0,18
ACTGTGGGCTCAAAGTACTGTCGCCCCC,0,1
ACTGTGGGCTCAAAGTACTGTCTCACCC,0,7
ACTGTGGGCTCATAGACTTGCGTCAGAA,46,1
ACTGTGGGCTCATAGACTTGCGTCATCC,1,0
ACTGTGGGCTCATAGACTTGCTTCATAA,1,0
ACTGTGGGCTCATAGACTTTCTTCAGAA,2,0
ACTGTGGGCTCTAAGGTATGTTACATGT,3,0
ACTGTGGGCTTGGAGGAATGAAGCAATC,32,18
ACTGTGGGCTTGGAGGAATGAAGCCCTC,3,0
ACTGTGGGCTTGGAGGAATTAATCAATC,2,2
ACTGTGTCCTGCGAGGGATGTGTCAGAC,0,34
ACTGTGTCCTGCGAGGGATGTGTCCGCC,0,2
ACTGTGTCCTGCGAGGTATGTGTCATAC,0,1
ACTGTGTCCTGCGAGGTATTTGTCAGAC,0,1
ACTGTGTCCTGCGAGGTATTTTTCATAC,0,2
ACTGTGTCCTGTTAGTGATGTTCCAGTT,45,0
ACTGTGTCCTGTTAGTTATGTTCCATAT,1,0
ACTGTGTCCTGTTAGTTATTTTCCATTT,1,0
ACTGTGTGCTCTTAGTCGTGGATCAAGC,33,9
ACTGTGTTCAATCAGATATGATTCATCA,0,1
ACTGTGTTCCATCAGTTATGAGTCATCA,0,152
ACTGTGTTCCATCAGTTATGAGTCCTCC,0,1
ACTGTGTTCCATCAGTTATGATTCCACC,0,1
ACTGTGTTCCATCAGTTATGATTCCTCA,0,1
ACTGTGTTCCATCAGTTATTATTCATCA,0,7
ACTGTTAACTACAAGACATGCGCCATTA,0,1
ACTGTTAACTGTAAGCTCATCGCCAATT,0,1
ACTGTTAACTGTAAGCTCTGCGCCAAGT,122,109
ACTGTTAACTGTAAGCTCTGCGCCCCGT,3,1
ACTGTTAACTGTAAGCTCTTCTCCAATT,7,7
ACTGTTAACTGTAAGCTCTTCTCCCCTT,1,0
ACTGTTAGCTCTGAGAGGTGATCCATTC,47,52
ACTGTTAGCTCTGAGAGTTGATCCCTTC,2,0
ACTGTTAGCTCTGAGAGTTTATCCATTC,0,1
ACTGTTAGCTCTGAGATGTTATCCATTC,1,0
ACTGTTAGCTCTGAGATTTGATCCATTC,6,5
ACTGTTATCTGGGAGACCTGACGCAGGC,32,0
ACTGTTATCTGGGAGACCTGACTCATTC,7,0
ACTGTTATCTGGGAGACCTGACTCCGGC,1,0
ACTGTTATCTGGGAGACCTTACTCATGC,1,0
ACTGTTCCCTGTCAGTAATGCTGCATAC,37,27
ACTGTTCCCTGTCAGTAATTCTTCATAC,0,3
ACTGTTCGCTCGAAGTCGTGGTGCAGGC,44,0
ACTGTTCGCTCGAAGTCGTGGTGCATTC,1,0
ACTGTTCGCTCGAAGTCGTGGTTCATGC,1,0
ACTGTTCGCTCGAAGTCGTGGTTCCGGC,2,0
ACTGTTCGCTCGAAGTCTTGGTGCATGC,3,0
ACTGTTCGCTCGAAGTCTTGGTTCATTC,2,0
ACTGTTCGCTCGAAGTCTTGTTGCAGGC,2,0
ACTGTTCGCTCGAAGTCTTTTTTCATTC,6,0
ACTGTTCGCTTCAACACATGGTTCATGA,1,0
ACTGTTCTCTTGAAGCAGACTCGCAGTC,0,1
ACTGTTCTCTTGAAGCAGTGTCGCAGGC,26,72
ACTGTTCTCTTGAAGCAGTGTCGCATTC,0,1
ACTGTTCTCTTGAAGCAGTGTCTCAGTC,2,7
ACTGTTCTCTTGAAGCAGTTTCGCAGTC,0,1
ACTGTTCTCTTGAAGCAGTTTCTCATTC,0,1
ACTGTTCTCTTGAAGCATTGTCGCAGTC,0,1
ACTGTTCTCTTGAAGCATTGTCTCATTC,0,5
ACTGTTCTCTTGAAGCATTTTCTCATGC,0,1
ACTGTTGACTAAAAGGCGTGCTCCATAA,1,0
ACTGTTGACTAAAAGGGGTGCGCCAGTA,142,68
ACTGTTGACTAAAAGGGGTGCTCCATTA,2,0
ACTGTTGACTAAAAGGGGTGCTCCCGTA,1,0
ACTGTTGACTAAAAGGGGTTCTCCAGTA,0,2
ACTGTTGACTAAAAGGGGTTCTCCCTTA,1,0
ACTGTTGACTAAAAGGGTTGCGCCCGTC,1,0
ACTGTTGACTAAAAGGGTTGCTCCAGTA,6,0
ACTGTTGACTAAAAGGGTTTCGCCAGTA,1,0
ACTGTTGACTAAAAGGTGTGCGCCAGTC,1,0
ACTGTTGACTAAAAGGTGTGCTCCAGTA,5,0
ACTGTTGACTAAAAGGTTTGCGCCAGTA,16,5
ACTGTTGACTAAAAGGTTTTCTCCATTA,13,3
ACTGTTGACTGTCAGTGTTGGGCCATTT,47,40
ACTGTTGACTGTCAGTGTTGTGCCCTTT,1,0
ACTGTTGACTGTCAGTGTTGTTCCATTT,8,6
ACTGTTGACTGTCAGTGTTTGTCCATTT,1,0
ACTGTTGACTGTCAGTGTTTTGCCATTT,0,2
ACTGTTGACTGTCAGTTTTGTGCCATTT,1,0
ACTGTTGACTGTCAGTTTTTTTCCATTT,1,0
ACTGTTGACTGTGAGATCTGATTCATAT,1,0
ACTGTTGCCTATCAGGTGTTAATCATCT,1,0
ACTGTTGCCTCTGAGCGCTGTGACATGG,70,41
ACTGTTGCCTCTGAGCGCTGTGACATTT,3,1
ACTGTTGCCTCTGAGCGCTTTGACATTG,1,0
ACTGTTGCCTCTGAGCTCTGTGACATTG,2,1
ACTGTTGCCTCTGAGCTCTGTGACCTGG,0,1
ACTGTTGCCTCTGAGCTCTGTTACATGG,1,0
ACTGTTGCCTCTGAGCTCTTTGACATGG,0,1
ACTGTTGCCTCTGAGCTCTTTTACATTT,1,0
ACTGTTGCCTCTGATCGCTGTTACCTGT,1,0
ACTGTTGGCTTATAGGCGTGCCTCAGGG,0,9
ACTGTTGGCTTATAGGCGTGCCTCATTG,0,1
ACTGTTGGCTTATAGGCTTGTCTCATTT,0,1
ACTGTTGGCTTATAGGCTTTCCTCATTT,0,1
ACTGTTTACTGGAAGCTATTTTCCATTG,0,1
ACTGTTTCCTGTCAGAAAGGTTACCCGC,1,0
ACTGTTTCCTGTCAGAAATGTTACACGC,21,0
ACTGTTTCCTGTCAGAAATTTTACACTC,2,0
ACTGTTTCCTTACAGCATTGACGCAGTT,36,16
ACTGTTTCCTTACAGCATTGACTCATTT,2,1
ACTGTTTCCTTACAGCATTTACTCAGTT,1,0
ACTGTTTGCTTGGAGGCCTGATCCAGGC,0,18
AGACTGAGCTAAGAGAGTTGATGCAGCA,0,1
AGACTTGCCTGAGAGATATTTTTCAATA,1,0
AGAGAGACCTATGAGATTTTATTCATCA,0,1
AGAGAGCCCTGACAGCGGTGGACCAATT,0,1
AGAGAGCCCTTGCAGTCTTTGGTCATTA,1,0
AGAGAGCTCTAGCAGGACTTCCTCAGAT,2,0
AGAGTAAACTGACAGATCTGCGGCAAGG,0,1
AGAGTAAACTTGAAGTCGTGACACAGTG,0,32
AGAGTAAACTTGAAGTCGTGACACATTT,0,1
AGAGTAAACTTGAAGTCTTGACACATTG,0,1
AGAGTAACCTCGTAGGTGTTTTTCACAT,1,0
AGAGTAACCTGACAGAAATGATTCATTT,1,0
AGAGTAATCTAACAGTCCTGTTGCATAA,0,21
AGAGTAATCTAACAGTCCTGTTGCCTCA,0,2
AGAGTAATCTGAAAGTAGTGCCTCACAC,0,5
AGAGTAATCTGAAAGTATTTCCTCACAC,0,1
AGAGTACACATGGAGTTGTTGATCAATT,0,1
AGAGTACACTGGGAGTTATGACCCCGTT,0,1
AGAGTACACTTGCAGTGGTTTATCAATT,1,0
AGAGTACACTTGGAGTGGTGGATCAATG,24,30
AGAGTACACTTGGAGTGGTGGATCCCTT,2,0
AGAGTACACTTGGAGTGGTGTATCAATT,2,0
AGAGTACACTTGGAGTGTTGGATCAATT,1,0
AGAGTACACTTGGAGTTTTGGATCAATG,2,0
AGAGTACACTTGGAGTTTTTTATCAATT,2,0
AGAGTACGCTATCAGCAATTTCTCATCG,0,1
AGAGTACGCTATGAGCCATGTACCACTG,1,0
AGAGTACGCTGAGAGAATTGGTTCAGCA,1,0
AGAGTACTCTACGAGAGATGTGTCAACA,1,0
AGAGTACTCTATAAGCAATGCAACAAAT,1,0
AGAGTAGCCTAACAGGGATGCGCCATCC,33,0
AGAGTAGCCTAACAGGGATTCTCCATCC,2,0
AGAGTAGCCTAACAGGTATGCTCCATCC,3,0
AGAGTAGCCTAACAGGTATTCGCCATCC,1,0
AGAGTAGCCTGAAAGCGTTGCCCCAACA,0,1
AGAGTAGCCTGGGAGCGTGGCGCCCCCA,1,0
AGAGTAGCCTGGGAGCGTTGCGCCACCA,81,207
AGAGTAGCCTGGGAGCGTTGCTCCCCCA,0,2
AGAGTAGCCTGGGAGCTATGCTCCACCA,1,0
AGAGTAGCCTGGGAGCTTTTCGCCCCCC,1,0
AGAGTAGCCTGGGAGCTTTTCTCCACCA,6,23
AGAGTAGCCTTTAAGCTCTGCGTCACTT,0,1
AGAGTAGCCTTTAAGCTTTGCGGCACTT,76,109
AGAGTAGCCTTTAAGCTTTGCTGCCCTT,1,1
AGAGTAGCCTTTAAGCTTTGCTTCACTT,13,8
AGAGTAGCCTTTAAGCTTTTCGTCACTT,3,1
AGAGTAGCCTTTAAGCTTTTCTGCACTT,0,5
AGAGTAGGCTAACAGGTTTGTCGCATTG,34,0
AGAGTAGGCTAACAGGTTTGTCGCCTTT,1,0
AGAGTAGGCTAACAGGTTTTTCTCATTG,2,0
AGAGTAGGCTGACAGGATTTTCTCATTC,1,0
AGAGTAGTCTAGGAGAGATGTCGCATTC,24,82
AGAGTAGTCTAGGAGAGATGTCTCCTTC,1,0
AGAGTAGTCTAGGAGAGATTTCTCATTC,0,5
AGAGTAGTCTAGGAGATATGTCTCATTC,2,1
AGAGTAGTCTAGGAGATATTTCGCATTC,0,1
AGAGTATCCTCGCAGTGATGCCTCAAAA,31,0
AGAGTATCCTGGTAGCTTTTCTCCACCA,1,0
AGAGTATGCTGGAAGGTATGCTGCACCG,0,1
AGAGTATGCTTGAAGTACTGAATCAGCT,32,32
AGAGTATGCTTGAAGTACTTAATCATCT,4,3
AGAGTATTCACAAAGGTCTGTCGCAGTT,1,0
AGAGTATTCTCGGAGGGTTGGAGCAATT,0,13
AGAGTATTCTCGGAGGTTTTTATCAATT,0,3
AGAGTCACCTGAAAGTCCTGTAGCATCA,112,31
AGAGTCACCTGAAAGTCCTGTATCATCC,1,0
AGAGTCACCTGAAAGTCCTGTATCCTCA,1,0
AGAGTCACCTGAAAGTCCTTTATCATCA,6,1
AGAGTCACCTGGTAGAATTGCTCCAAGC,34,0
AGAGTCACCTGGTAGAATTGCTCCCCGC,3,0
AGAGTCACCTGGTAGAATTTCTCCAATC,2,0
AGAGTCAGCTAAGAGGCCTGGCGCAATG,0,46
AGAGTCAGCTAAGAGGCCTGGCGCCCTT,0,1
AGAGTCAGCTAAGAGGCCTGTCGCAATT,0,6
AGAGTCAGCTAAGAGGCCTTTCTCAATG,0,13
AGAGTCAGCTGTTAGCTTTGTTTCATAG,0,1
AGAGTCAGCTTGCAGATATGATGCAGGG,26,0
AGAGTCAGCTTGCAGATATGATGCATTG,1,0
AGAGTCAGCTTGCAGATATGATTCAGGT,1,0
AGAGTCAGCTTGCAGATATGATTCATGG,3,0
AGAGTCAGCTTGCAGATATGATTCATTT,1,0
AGAGTCAGCTTGCAGATATGATTCCGGG,1,0
AGAGTCAGCTTGCAGATATTATTCAGGG,1,0
AGAGTCAGCTTGCAGATATTATTCATTG,1,0
AGAGTCAGCTTGGAGAGGTGAGCCATCG,102,26
AGAGTCAGCTTGGAGAGGTGATCCATCT,4,1
AGAGTCAGCTTGGAGAGGTTAGCCATCT,2,0
AGAGTCAGCTTGGAGAGTTGAGCCATCT,0,1
AGAGTCAGCTTGGAGAGTTGAGCCCTCG,2,0
AGAGTCAGCTTGGAGAGTTTATCCATCT,1,1
AGAGTCAGCTTGGAGATGTGATCCATCG,0,1
AGAGTCAGCTTGGAGATGTTAGCCATCG,2,2
AGAGTCAGCTTGGAGATTTGATCCATCT,11,4
AGAGTCAGCTTGGAGATTTTAGCCATCT,1,0
AGAGTCATCTTGCAGACGTGACCCATCG,1,0
AGAGTCATCTTTGAGTATTTATTCACCC,1,0
AGAGTCCCCTTGAAGGGTGGGGTCCTGC,0,1
AGAGTCCGCTATCAGATGTGTTACATTA,200,110
AGAGTCCGCTATCAGATGTGTTACCTTC,2,0
AGAGTCCGCTATCAGATTAGTTACCATA,1,0
AGAGTCCGCTATCAGATTTGTTACAATA,1,0
AGAGTCCGCTATCAGATTTGTTACATAA,1,0
AGAGTCCGCTATCAGATTTGTTACCTTA,3,0
AGAGTCCGCTATCAGATTTTTTACATTA,8,8
AGAGTCCGCTCCTAGGTTTGATACACGG,1,3
AGAGTCCGCTGTTAGCATTGATCCAAAG,1,0
AGAGTCCGCTGTTAGCTTGGTTGCCTAG,1,0
AGAGTCCGCTGTTAGCTTTGTTGCAAAT,0,1
AGAGTCCGCTGTTAGCTTTGTTGCATAG,140,136
AGAGTCCGCTGTTAGCTTTGTTGCCTAT,1,1
AGAGTCCGCTGTTAGCTTTGTTGCCTCG,0,1
AGAGTCCGCTGTTAGCTTTGTTTCATCG,0,1
AGAGTCCGCTGTTAGCTTTTTTTCATAT,17,13
AGAGTCCGCTTGCAGATCTGTTACATTA,1,0
AGAGTCCGCTTTTAGGCATGGAACAAGT,1,0
AGAGTCCTCTTGGAGTAATGAGCCACCG,0,42
AGAGTCCTCTTGGAGTAATTATCCACCT,0,6
AGAGTCGACTGTGACCGATTTTTCATTT,1,0
AGAGTCGACTGTGAGGCATGTTACACTG,1,0
AGAGTCGACTGTGAGGGAAGTGTCATTT,1,0
AGAGTCGACTGTGAGGGATGTGTCAGTG,64,46
AGAGTCGACTGTGAGGGATGTTTCAGTT,1,3
AGAGTCGACTGTGAGGGATGTTTCATTG,2,1
AGAGTCGACTGTGAGGGATGTTTCCGTG,1,1
AGAGTCGACTGTGAGGGATTTGTCAGTT,1,0
AGAGTCGACTGTGAGGGATTTTTCAGTG,1,0
AGAGTCGACTGTGAGGGATTTTTCATTT,15,11
AGAGTCGACTGTGAGGTATGTGTCAGTT,1,1
AGAGTCGACTGTGAGGTATGTTTCAGTG,0,1
AGAGTCGACTGTGAGGTATGTTTCATTT,4,0
AGAGTCGACTGTGAGGTATTTGTCATTG,1,2
AGAGTCGACTGTGAGTTATTTTTCATTT,1,0
AGAGTCGCCTACGACGTGTTTAACATTT,1,0
AGAGTCGCCTACGAGGTGTGTAACATTT,99,37
AGAGTCGCCTACGAGGTTTTTAACATTT,4,3
AGAGTCGCCTCCGAGGAATTTGTCATTT,0,1
AGAGTCGCCTTGCAGTTCTGTGTCATAG,0,1
AGAGTCTACTATCAGTGTGGTTGCCGAT,0,1
AGAGTCTACTATCAGTGTTGTTGCAGAT,0,37
AGAGTCTACTATCAGTTTTGTTTCAGAT,0,3
AGAGTCTACTATCAGTTTTTTTTCATAT,0,1
AGAGTCTACTCGTAGTATTGTCTCAAGC,0,24
AGAGTCTACTCGTAGTATTTTCTCAATC,0,2
AGAGTCTACTTATAGGGGTGACTCAATT,0,28
AGAGTCTACTTATAGGGGTGACTCCCTT,0,1
AGAGTCTACTTATAGGTTTTACTCAATT,0,1
AGAGTGAACTGCTAGAGGTGTCTCATGC,0,34
AGAGTGAACTGCTAGAGGTTTCTCATTC,0,1
AGAGTGAACTGCTAGAGTTGTCTCATTC,0,1
AGAGTGAACTGCTAGTTATGCTACCCAT,1,0
AGAGTGAGCTACAAGCATTGGCTCCTAA,1,0
AGAGTGAGCTACGAGATATGATCCACGG,57,0
AGAGTGAGCTACGAGATATGATCCACTT,1,0
AGAGTGAGCTACGAGATATGATCCCCGT,1,0
AGAGTGAGCTACGAGATATTATCCACGT,1,0
AGAGTGAGCTACGAGATATTATCCACTG,4,0
AGAGTGAGCTATGAGAGTTGAGGCAGCA,168,156
AGAGTGAGCTATGAGAGTTGAGGCCGCC,1,0
AGAGTGAGCTATGAGAGTTGAGGCCTCA,0,1
AGAGTGAGCTATGAGAGTTGAGTCATCA,4,9
AGAGTGAGCTATGAGAGTTGATGCATCA,1,1
AGAGTGAGCTATGAGAGTTGATGCCGCA,1,0
AGAGTGAGCTATGAGAGTTGATTCAGCA,3,5
AGAGTGAGCTATGAGAGTTTAGGCATCA,1,0
AGAGTGAGCTATGAGAGTTTAGTCAGCA,1,1
AGAGTGAGCTATGAGAGTTTATGCAGCA,0,1
AGAGTGAGCTATGAGAGTTTATTCATCA,8,5
AGAGTGAGCTATGAGATTTGAGGCATCA,1,1
AGAGTGAGCTATGAGATTTGAGTCAGCA,1,1
AGAGTGAGCTATGAGATTTTAGTCATCA,0,1
AGAGTGAGCTATGAGATTTTATTCAGCA,1,0
AGAGTGAGCTGTTAGAGATGGTGCAGGC,45,0
AGAGTGAGCTGTTAGAGATGGTTCAGTC,1,0
AGAGTGAGCTGTTAGAGATGGTTCATGC,2,0
AGAGTGAGCTGTTAGAGATGTTGCATTC,1,0
AGAGTGAGCTGTTAGAGATTTTTCATTC,1,0
AGAGTGATCTAGCAGGACTTCCTCAGAT,0,1
AGAGTGATCTCCCAGTGGTGATCCAGTC,0,9
AGAGTGATCTCCCAGTTTTGATCCAGTC,0,2
AGAGTGCACTATCAGGCCTGACTCACTC,0,1
AGAGTGCACTCCCAGCAATGTATCAAAA,0,1
AGAGTGCACTTACAGACCTGGTGCAGTC,23,0
AGAGTGCACTTACAGACCTGTTTCAGTC,2,0
AGAGTGCACTTACAGACCTTTTTCATTC,1,0
AGAGTGCCCTCAAAGAACTGTAACAAAA,0,1
AGAGTGCCCTGACAGCGGTGGACCAATG,19,11
AGAGTGCCCTGACAGCGGTGGACCCCTG,1,0
AGAGTGCCCTGACAGCTGTGTACCAATT,0,1
AGAGTGCCCTGACAGCTTTGGACCAATG,2,0
AGAGTGCCCTGACAGCTTTTTACCAATT,1,0
AGAGTGCCCTGTAAGGTATGTCGCAGCG,0,34
AGAGTGCCCTGTAAGGTATGTCTCAGCT,0,3
AGAGTGCCCTGTAAGGTATGTCTCATCG,0,4
AGAGTGCCCTTGCAGTCTTGGGGCATGA,29,0
AGAGTGCCCTTGCAGTCTTGTGGCCTGA,1,0
AGAGTGCCCTTGCAGTCTTTTTTCATTA,2,0
AGAGTGCGCTCCGAGTCGTGAGCCATAC,0,33
AGAGTGCGCTCCGAGTCGTGATCCAAAC,0,1
AGAGTGCGCTCCGAGTCTTGATCCATAC,0,3
AGAGTGCGCTGTGAGGGCTGCGACATGC,47,54
AGAGTGCGCTGTGAGGGCTTCGACATTC,0,1
AGAGTGCGCTGTGAGGTCTGCGACATTC,4,3
AGAGTGCGCTGTGAGGTCTGCTACATGC,1,3
AGAGTGCGCTGTGAGGTCTTCTACATTC,1,0
AGAGTGCTCTAGCAGGACTGCCTCAGAT,317,520
AGAGTGCTCTAGCAGGACTGCCTCATCT,0,1
AGAGTGCTCTAGCAGGACTGCCTCCGCT,6,3
AGAGTGCTCTAGCAGGACTTCCTCAGCT,0,1
AGAGTGCTCTAGCAGGACTTCCTCATAT,14,21
AGAGTGCTCTAGCAGGACTTCCTCCGAT,0,1
AGAGTGCTCTATTAGGCCTTGACCAAGT,1,0
AGAGTGCTCTGCTAGGGTTGCTCCAGTG,17,0
AGAGTGCTCTGCTAGGTTTTCTCCAGTG,1,0
AGAGTGCTCTGCTAGTCATGCTCCAGAG,1,0
AGAGTGCTCTTATAGGCCTCTACCAAGT,1,0
AGAGTGCTCTTTTAGGCCTGGACCAAGT,106,39
AGAGTGCTCTTTTAGGCCTGGACCCCGT,2,0
AGAGTGCTCTTTTAGGCCTTTACCAATT,8,2
AGAGTGGACTGAAAGTATTGCTCCATTG,87,65
AGAGTGGACTGAAAGTATTTCTCCATAG,0,1
AGAGTGGACTGAAAGTATTTCTCCATTT,7,5
AGAGTGGACTTGGAGATCTGGTCCATCA,33,0
AGAGTGGACTTGGAGATCTTTTCCATCA,2,0
AGAGTGGCCTAGGAGGATAGAGACCTGA,1,0
AGAGTGGCCTAGGAGGATTGAGACATTA,1,0
AGAGTGGCCTAGGAGGATTGTGACATGA,160,55
AGAGTGGCCTAGGAGGATTGTGACCTGC,1,0
AGAGTGGCCTAGGAGGATTGTTACCTGA,1,0
AGAGTGGCCTAGGAGGATTTTTACATTA,6,5
AGAGTGGCCTCACAGGTGTGTGTCATGG,0,29
AGAGTGGCCTCACAGGTGTGTGTCATTT,0,2
AGAGTGGCCTCACAGGTGTGTTTCATGT,0,1
AGAGTGGCCTCACAGGTGTTTGTCATTG,0,1
AGAGTGGCCTCACAGGTGTTTTTCATTT,0,2
AGAGTGGGCTAAAAGTTATGCTCCACAT,0,1
AGAGTGGGCTTTCATATTTTATTCACTA,1,0
AGAGTGTACTATTAGGATAGAATCATTC,0,1
AGAGTGTACTATTAGGTTTGAAGCATTC,221,36
AGAGTGTACTATTAGGTTTTAATCATTC,10,0
AGAGTGTCCTCGAAGCGTTGCGTCATTG,0,34
AGAGTGTCCTCGAAGCGTTTCGTCATTT,0,2
AGAGTGTCCTCGAAGCTTGGCTTCCTTG,0,1
AGAGTGTCCTTGCAGACGTGCCTCATCC,0,1
AGAGTGTCCTTGCAGTCGTGCCGCATCC,30,51
AGAGTGTCCTTGCAGTCGTTCCTCATCC,1,0
AGAGTGTCCTTGCAGTCTTGCCTCATCC,2,7
AGAGTGTCCTTGCAGTCTTTCCTCCTCC,1,1
AGAGTGTGCTGGAAGGTATGAAGCCTTG,0,1
AGAGTTACCTTTGAGCGCTGCATCACCG,63,21
AGAGTTACCTTTGAGCGCTTCATCACCT,0,1
AGAGTTACCTTTGAGCTCTGCATCACCT,1,0
AGAGTTACCTTTGAGCTCTTCATCACCG,3,0
AGAGTTAGCTAAAAGTCATGATACAATG,36,0
AGAGTTAGCTAAAAGTCATTATACAATT,3,0
AGAGTTAGCTAAAATTCATTATACAATG,1,0
AGAGTTAGCTAGCAGACTTGAAACAGCT,1,0
AGAGTTATCTTGGAGGGGTGCTGCACGT,0,32
AGAGTTATCTTGGAGGGGTGCTTCACTT,0,1
AGAGTTATCTTGGAGGTTTGCTGCACGT,0,1
AGAGTTATCTTGGAGGTTTGCTTCACTT,0,3
AGAGTTATCTTGGAGTGGTTCTTCACTT,0,1
AGAGTTATCTTGGATGTTTGCTTCACGT,0,1
AGAGTTCCCTAGGAGGGGTGTGACAGTA,32,31
AGAGTTCCCTAGGAGGGGTGTGACCGTC,0,1
AGAGTTCCCTAGGAGGGGTGTTACATTA,2,0
AGAGTTCCCTAGGAGGGTTGAGACATTA,1,0
AGAGTTCCCTAGGAGGTTTGTGACAGTA,3,2
AGAGTTCCCTAGGAGGTTTGTTACATTA,1,0
AGAGTTCCCTGCCAGTGTTGCTTCACAC,33,36
AGAGTTCCCTGCCAGTGTTGCTTCCCCC,1,0
AGAGTTCGCTGACAGGAGTGTCTCATTC,0,1
AGAGTTGCCTACAAGAGGAGATTCATTT,0,1
AGAGTTGCCTACAAGAGGTGTGTCATTT,77,37
AGAGTTGCCTACAAGAGTTTTGTCATTT,1,1
AGAGTTGCCTACAAGATGTTTGTCATTT,2,0
AGAGTTGCCTACAAGATTTGTGTCATTT,6,3
AGAGTTGCCTGAGAGTTATGTATCAATA,0,1
AGAGTTGCCTGAGAGTTATGTTGCAATA,68,27
AGAGTTGCCTGAGAGTTATGTTGCCCTA,1,0
AGAGTTGCCTGAGAGTTATTTTTCAATA,3,0
AGAGTTGCCTTTGAGGGTTGTGACATTC,0,47
AGAGTTGCCTTTGAGGTTTGTTACATTC,0,3
AGAGTTGCCTTTGAGTTTTTTTACATTC,0,1
AGAGTTGGCAGACAGGAGTTTCTCATGC,1,0
AGAGTTGGCTGACAGGAGTCTCTCCTGC,0,1
AGAGTTGGCTGACAGGAGTGTCTCATGC,152,96
AGAGTTGGCTGACAGGAGTTTCTCATTC,2,3
AGAGTTGGCTGACAGGATTGTCTCAAGC,0,1
AGAGTTGGCTGACAGGATTGTCTCATTC,4,11
AGAGTTGGCTGACAGGATTGTCTCCTGC,1,0
AGAGTTGGCTGACAGGATTTTCTCATGC,1,0
AGAGTTGGCTGGCAGCAATGGCTCAGTC,22,36
AGAGTTGGCTGGCAGCAATGTCTCATTC,0,3
AGAGTTGGCTGGCAGCAATTTCTCAGTC,1,1
AGAGTTGGCTGTGAGCCTTGCTGCATGT,55,45
AGAGTTGGCTGTGAGCCTTGCTTCCTGT,2,1
AGAGTTGGCTGTGAGCCTTTCTTCATTT,7,5
AGAGTTGTCTGGTAGTACTGTTCCAACT,1,0
AGAGTTTACTTGTAGATCTGTCACAAAA,1,0
AGAGTTTACTTGTAGTGCTGTCACAATA,131,45
AGAGTTTACTTGTAGTGCTGTCACCCTA,3,0
AGAGTTTACTTGTAGTTCTTTCACAATA,1,0
AGAGTTTACTTTTAGAGCTGTCTCAATA,1,0
AGAGTTTCCTAGGAGGAATGTATCAGTC,0,1
AGAGTTTCCTAGGAGGAATGTTGCAGTC,4,33
AGAGTTTCCTAGGAGGAATGTTTCAGAC,1,0
AGAGTTTCCTAGGAGGAATGTTTCATTC,0,1
AGAGTTTCCTAGGAGGAATTTTTCAGTC,1,0
AGAGTTTCCTAGGAGGGTTGTGACAGTA,1,0
AGAGTTTCCTGGAAGGGTTGAAGCACGG,1,33
AGAGTTTCCTGGAAGGGTTGAAGCACTT,1,0
AGAGTTTCCTGGAAGGGTTGAATCACGT,1,0
AGAGTTTGCTGGTAGCGATGACTCACCG,0,31
AGAGTTTGCTGGTAGCTATGACTCACCT,0,2
AGAGTTTGCTGGTAGCTATGACTCCCCG,0,1
AGAGTTTTCTCGGAGTGATGACCCAGGA,32,21
AGAGTTTTCTCGGAGTGATTACCCATGA,2,1
AGAGTTTTCTCGGAGTTATGACCCAGTA,1,0
AGAGTTTTCTTGGAGATGTGGTTCATGC,0,1
AGCCTGGCCTACAAGAGATGTACCATAG,1,0
AGCGAATGCTGTGAGGATTGTTTCACTT,0,1
AGCGACCGCTATGAGCCATTCAACACTG,0,1
AGCGAGGTCTGTCAGGTGTTCATCAGTT,0,1
AGCGATTGCTTGGAGGAATGGGCCATAT,1,0
AGCGTAAGCTATGAGCAGTGTATCATGG,0,62
AGCGTAAGCTATGAGCAGTGTATCATTT,0,2
AGCGTAAGCTATGAGCAGTTTATCATTG,0,1
AGCGTAAGCTATGAGCATTGTATCATGT,0,1
AGCGTAAGCTATGAGCATTGTATCATTG,0,2
AGCGTAAGCTATGAGCATTTTATCATGG,0,1
AGCGTAAGCTATGAGCATTTTATCATTT,0,1
AGCGTAAGCTGGCAGTAATGCTTCATAT,1,0
AGCGTAAGCTTAAAGTAATGTCCCACTT,23,0
AGCGTAATCTGTCACGAAAGAAGCAATG,1,0
AGCGTACGCTACGAGTTGTGGCTCAGCC,34,50
AGCGTACGCTACGAGTTGTGTCTCATCC,2,2
AGCGTACGCTACGAGTTGTGTCTCCGCC,0,3
AGCGTACGCTACGAGTTGTTTCTCAGCC,1,0
AGCGTACGCTACGAGTTTTGTCTCAGCC,0,1
AGCGTACGCTACGAGTTTTGTCTCCTCC,0,1
AGCGTACGCTACGAGTTTTTTCTCATCC,5,8
AGCGTACTCTAGGAGCATTGAGACAACG,194,0
AGCGTACTCTAGGAGCATTGAGACCCCG,3,0
AGCGTACTCTAGGAGCATTGATACACCG,1,0
AGCGTACTCTAGGAGCATTGATACCACG,1,0
AGCGTACTCTAGGAGCATTGATACCCCT,1,0
AGCGTACTCTAGGAGCATTTATACAACT,21,0
AGCGTAGACTCCGAGATTTGGTCCACAA,1,0
AGCGTAGACTTACAGCAATGCGCCAGAG,1,0
AGCGTAGACTTACAGGTATGCGCCAGTG,61,3
AGCGTAGACTTACAGGTATGCTCCAGTT,3,0
AGCGTAGACTTACAGGTATGCTCCATTG,1,1
AGCGTAGACTTACAGGTATTCTCCATTT,6,0
AGCGTAGCCACTGAGGGTTGCCTCAGTG,0,1
AGCGTAGCCTATCAGTTATTACTCATGC,0,1
AGCGTAGCCTATTAGTGGTGGTTCAAAT,155,254
AGCGTAGCCTATTAGTGGTGGTTCCACT,0,2
AGCGTAGCCTATTAGTGGTGGTTCCCAT,4,5
AGCGTAGCCTATTAGTGGTTTTTCAAAT,2,2
AGCGTAGCCTATTAGTGGTTTTTCCCAT,0,1
AGCGTAGCCTATTAGTGTTGGTTCACCT,0,1
AGCGTAGCCTATTAGTGTTGTTTCAAAT,3,3
AGCGTAGCCTATTAGTGTTGTTTCCCAT,1,1
AGCGTAGCCTATTAGTGTTTGTTCAAAT,0,1
AGCGTAGCCTATTAGTTGTGGTTCCAAT,2,0
AGCGTAGCCTATTAGTTGTGTTTCAAAT,1,1
AGCGTAGCCTATTAGTTTTGGTTCAAAT,10,16
AGCGTAGCCTATTAGTTTTTTTTCAAAT,2,7
AGCGTAGCCTATTTGTGTTGGTTCAAAT,1,0
AGCGTAGCCTCTGAGTTGTGCTTCACCG,0,46
AGCGTAGCCTCTGAGTTTTTCTTCACCT,0,7
AGCGTAGGCTGGAAGATATGTTCCACCG,22,40
AGCGTAGGCTGGAAGATATTTTCCACCT,2,1
AGCGTAGTCTAACAGGTATGGTGCATGC,52,34
AGCGTAGTCTAACAGGTATGGTTCATTC,1,0
AGCGTAGTCTAACAGGTATGGTTCCTGC,1,0
AGCGTAGTCTAACAGGTATGTTGCATTC,0,2
AGCGTAGTCTAACAGGTATGTTTCATGC,1,0
AGCGTAGTCTAACAGGTATTTTGCATGC,0,1
AGCGTAGTCTAACAGGTATTTTTCATTC,3,2
AGCGTAGTCTACGAGTCTTGGACCAGTG,0,38
AGCGTAGTCTACGAGTCTTGTACCATTG,0,2
AGCGTATACTGCGAGGTCTGGTCCAGCT,0,111
AGCGTATACTGCGAGGTCTGTTCCCGCT,0,1
AGCGTATACTGCGAGGTCTTTTCCATCT,0,8
AGCGTATACTTAAAGGAGTTAACCACAT,0,1
AGCGTATACTTATAGCATTGAACCACAT,1,0
AGCGTATACTTATAGGAGTGAACCACAT,335,229
AGCGTATACTTATAGGAGTGAACCCCCT,2,2
AGCGTATACTTATAGGAGTGATCCCCAT,1,0
AGCGTATACTTATAGGATTGAACCACAA,2,0
AGCGTATACTTATAGGATTTAACCACAT,8,5
AGCGTATCCTCCGAGTGCTGCCGCACAG,0,1
AGCGTATCCTGCGAGTTTTGTACCAGCT,23,15
AGCGTATCCTGCGAGTTTTTTACCATCT,0,1
AGCGTATGCTGTGAGGATTGGTTCACTT,1,177
AGCGTATGCTGTGAGGATTGTTTCCCTT,0,1
AGCGTATGCTGTGAGGATTTTTTCACTT,0,6
AGCGTATTCTTAAAGGAGTGACCCACAA,0,1
AGCGTATTCTTGTAGTCGTGGGGCAGGA,54,0
AGCGTATTCTTGTAGTCGTGGGGCCGGC,1,0
AGCGTATTCTTGTAGTCGTGGTTCATTA,1,0
AGCGTATTCTTGTAGTCGTGTGTCAGGA,1,0
AGCGTATTCTTGTAGTCGTTTTTCATTA,2,0
AGCGTATTCTTGTAGTCTTGGGTCAGGA,1,0
AGCGTATTCTTGTAGTCTTTTTTCAGTA,2,0
AGCGTATTCTTGTAGTCTTTTTTCATGA,1,0
AGCGTCAACTGGCAGTTTTGTCTCAGCC,25,0
AGCGTCACCTACGAGAGCTGATACCACG,0,1
AGCGTCACCTCCGAGGGCTGCAGCACAG,91,205
AGCGTCACCTCCGAGGGCTGCAGCCCCG,0,4
AGCGTCACCTCCGAGGGCTGCATCACAT,0,3
AGCGTCACCTCCGAGGGCTTCATCACAG,1,1
AGCGTCACCTCCGAGGTCTGCAGCACAT,2,8
AGCGTCACCTCCGAGGTCTGCAGCACCG,1,1
AGCGTCACCTCCGAGGTCTGCATCACAG,2,2
AGCGTCACCTCCGAGGTCTGCATCCCCG,0,1
AGCGTCACCTCCGAGGTCTTCATCACAT,6,3
AGCGTCACCTGTTAGATTTTCCGCAATG,1,0
AGCGTCAGCTGAAAGCGGTGATGCATAT,0,25
AGCGTCAGCTGAAAGCGGTTATTCATAT,0,1
AGCGTCAGCTGAAAGCGTTGAATCAAAT,0,1
AGCGTCAGCTGAAAGCTTTGATTCATAT,0,9
AGCGTCAGCTGAAAGCTTTGATTCCTCT,0,1
AGCGTCATCTTAAAGCCTTGTGACATGG,0,2
AGCGTCATCTTAAAGCCTTGTTACATTG,0,1
AGCGTCATCTTAAAGCCTTTTTACATTT,0,1
AGCGTCCACTATGAGTAATGCTCCAAAA,1,0
AGCGTCCACTATGAGTTGTGCGCCATTA,44,34
AGCGTCCACTATGAGTTTTTCTCCATTA,1,0
AGCGTCCACTGCGAGTGATGCACCACAC,0,7
AGCGTCCCCTCCGAGGTCTGCCGCACAG,1,0
AGCGTCCGCTATGAGCCATGCAACACTG,88,115
AGCGTCCGCTATGAGCCATTCAACACTT,3,3
AGCGTCCGCTGGAAGAGCTGGGGCATGT,80,30
AGCGTCCGCTGGAAGAGCTGGTGCCTGT,1,0
AGCGTCCGCTGGAAGAGCTGTGGCATTT,0,2
AGCGTCCGCTGGAAGAGCTGTTGCATGT,10,1
AGCGTCCGCTGGAAGAGCTTGTGCATTT,1,0
AGCGTCCGCTGGAAGAGCTTTTTCATTT,4,5
AGCGTCCGCTGGAAGATCTGTGGCATGT,3,0
AGCGTCCGCTGGAAGATCTGTTTCATGT,2,1
AGCGTCCGCTGGAAGATCTTGTTCATTT,0,1
AGCGTCCGCTGGAAGATCTTTGGCATTT,1,0
AGCGTCCTCTATAAGGTTTGTGGCAAAT,1,0
AGCGTCCTCTGGAAGAGCTGTTTCATTT,0,1
AGCGTCCTCTGGAAGGGTTGTTACAAGT,1,0
AGCGTCCTCTTTAAGGGTTGTGGCAAAT,50,26
AGCGTCCTCTTTAAGGGTTGTGGCCCAT,2,1
AGCGTCCTCTTTAAGGGTTTTGTCAAAT,1,1
AGCGTCCTCTTTAAGGTTATTTTCAAAT,0,1
AGCGTCCTCTTTAAGGTTTGTTGCCCCT,0,1
AGCGTCCTCTTTAAGGTTTGTTTCAAAT,6,4
AGCGTCGACTGTGAGCGTTGATTCAGTC,30,0
AGCGTCGACTGTGAGCGTTTATTCATTC,1,0
AGCGTCGCCTCGCAGGCATGGGCCATTT,31,0
AGCGTCGCCTCGCAGGCATGTGCCCTTT,1,0
AGCGTCGCCTCGCAGGCATGTTCCATTT,1,0
AGCGTCGCCTGCGAGCATTGCAGCACAG,45,0
AGCGTCGCCTGCGAGCATTTCATCACAT,4,0
AGCGTCGCCTGGGAGACCTGAATCACAT,1,0
AGCGTCGGCTAACAGGCTTGCTTCATCT,1,0
AGCGTCGGCTCAAAGGCCTGGACCATGT,0,59
AGCGTCGGCTCAAAGGCCTGTACCATTT,0,5
AGCGTCGGCTCAAAGGCCTTTACCATGT,0,1
AGCGTCGGCTCAAAGGCCTTTACCCTTT,0,1
AGCGTCGGCTCAAGGGCCTGGACCCTGT,0,1
AGCGTCGGCTCCCAGTTTTGACCCATCC,1,0
AGCGTCGTCTATAAGGTATGCAACATCA,25,98
AGCGTCGTCTATAAGGTATTCAACATCC,0,2
AGCGTCGTCTGGCAGCTTTGCTCCATCG,30,0
AGCGTCGTCTGGCAGCTTTTCTCCATCT,2,0
AGCGTGAGCTTCGAGTGCTGAGGCATCG,36,41
AGCGTGAGCTTCGAGTGCTGAGTCATCT,4,5
AGCGTGAGCTTCGAGTGCTGATTCATCG,1,3
AGCGTGAGCTTCGAGTGCTTATGCATCG,0,1
AGCGTGAGCTTCGAGTGCTTATTCATCT,0,1
AGCGTGAGCTTCGAGTTCTGAGGCATCT,1,0
AGCGTGAGCTTCGAGTTCTTAGGCATCA,0,1
AGCGTGAGCTTGGAGACTTGTAACACTC,0,1
AGCGTGAGCTTGGAGTCGTGAATCACAT,0,1
AGCGTGAGCTTGGAGTCGTGAATCACTG,0,3
AGCGTGAGCTTGGAGTCGTGAATCCCTT,0,1
AGCGTGAGCTTGGAGTCTTGAATCACTT,0,5
AGCGTGATCTAGGAGTGGTGCTTCACTT,43,34
AGCGTGATCTAGGAGTGTTGCTTCCCTT,0,1
AGCGTGATCTAGGAGTGTTTCTTCACTT,1,0
AGCGTGATCTAGGAGTTTTGCTTCACTT,1,3
AGCGTGCACTGTCAGTCTTGTTTCAATC,45,0
AGCGTGCACTTACAGTGCTTCGTCAATC,0,1
AGCGTGCGCTAGGAGAGCTGATCCAATT,0,71
AGCGTGCGCTAGGAGAGCTGCTCCCATT,0,1
AGCGTGCTCTGGTAGCGCTGAACCACTT,34,0
AGCGTGCTCTTAGAGTGCTGCGTCAATC,68,40
AGCGTGCTCTTAGAGTGCTGCGTCCCTC,1,0
AGCGTGCTCTTAGAGTGCTTCGTCACTC,0,2
AGCGTGCTCTTAGAGTGCTTCTTCAATC,2,0
AGCGTGCTCTTAGAGTTCTGCTTCAATC,4,1
AGCGTGGACTGGTAGGTTTGGCTCATTG,3,0
AGCGTGGCCTCACAGGCGTGCTCCAACA,75,95
AGCGTGGCCTCACAGGCGTGCTCCACCC,0,1
AGCGTGGCCTCACAGGCGTGCTCCCACC,0,1
AGCGTGGCCTCACAGGCGTGCTCCCCCA,3,4
AGCGTGGCCTCACAGGCTTTCTCCAACA,2,3
AGCGTGGCCTGGGAGACCGGAATCCCTT,2,0
AGCGTGGCCTGGGAGACCTGAATCACTT,358,512
AGCGTGGCCTGGGAGACCTTAATCACAT,1,0
AGCGTGGCCTGGGAGCCCTGAAACACAA,0,1
AGCGTGGCCTGGGAGCCCTGAATCACTA,2,0
AGCGTGGCCTGGGAGCCCTGCATCACTT,1,0
AGCGTGGCCTTTGAGGAATGCACCATCT,6,0
AGCGTGGGCTCAAAGCCATGGTCCATGT,138,108
AGCGTGGGCTCAAAGCCATTTTCCATTT,16,12
AGCGTGGGCTCATAGCCATGTTCCAATT,1,0
AGCGTGGGCTGATAGAGATGTCACACGC,0,1
AGCGTGGTCTACGAGCTCTGCATCAGGA,33,0
AGCGTGGTCTACGAGCTCTGCATCATTA,4,0
AGCGTGGTCTGTCAGGTGTGCAGCAGTT,27,95
AGCGTGGTCTGTCAGGTGTGCAGCATTC,0,1
AGCGTGGTCTGTCAGGTGTGCATCATTT,0,2
AGCGTGGTCTGTCAGGTTTGCATCAGTT,1,4
AGCGTGGTCTGTCAGGTTTTCATCATTT,0,1
AGCGTGGTCTGTCAGGTTTTCATCCGTT,0,1
AGCGTGTACTGCTAGATATTGTACAATG,0,1
AGCGTGTACTGTAAGGCATGGCTCACCC,1,0
AGCGTGTACTTAGAGAATTTGATCACAG,0,1
AGCGTGTGCTCTTAGCGGTGACGCAGTT,0,12
AGCGTGTGCTCTTAGCGTTGACTCAGTT,0,2
AGCGTGTGCTCTTAGCTGTTACGCAGTT,0,1
AGCGTGTGCTCTTAGCTTTTACTCATTT,0,2
AGCGTGTGCTGGTAGTTGGGGTACCCGG,0,1
AGCGTGTGCTGGTAGTTGTGGTACACGG,0,64
AGCGTGTGCTGGTAGTTGTGGTACACTT,0,1
AGCGTGTGCTGGTAGTTGTTTTACACTT,0,6
AGCGTGTGCTGGTAGTTTTGGTACACGT,0,2
AGCGTGTGCTGGTAGTTTTGTTACACGG,0,2
AGCGTGTGCTGGTAGTTTTTGTACACGG,0,2
AGCGTGTGCTGGTAGTTTTTGTACACTT,0,1
AGCGTGTGCTTACAGTCCTCCGGCCCTG,1,0
AGCGTGTGCTTACAGTCCTGCGGCACTG,230,191
AGCGTGTGCTTACAGTCCTGCGTCACTT,2,2
AGCGTGTGCTTACAGTCCTGCTGCACTT,0,1
AGCGTGTGCTTACAGTCCTGCTTCACTG,27,19
AGCGTGTGCTTACAGTCCTTCGGCACAG,0,1
AGCGTGTGCTTACAGTCCTTCGTCACTG,4,2
AGCGTGTGCTTACAGTCCTTCTGCACTG,1,4
AGCGTGTGCTTACAGTCCTTCTTCACTT,8,5
AGCGTGTGCTTTCAGAATTGAATCACAG,0,1
AGCGTGTTCTATCAGGGATGAGTCAGCG,16,0
AGCGTGTTCTATCAGGGATGAGTCATCT,1,0
AGCGTGTTCTATCAGGTATGAGTCATCG,3,0
AGCGTGTTCTTAGAGAATTGGATCACAG,51,74
AGCGTGTTCTTAGAGAATTGGATCCCCG,0,1
AGCGTGTTCTTAGAGAATTTTATCACAT,5,12
AGCGTTAACTCGTAGAGCTGATTCAGGT,100,40
AGCGTTAACTCGTAGAGCTGATTCATTT,5,7
AGCGTTAACTCGTAGAGCTGATTCCTGT,1,0
AGCGTTAACTCGTAGAGCTTATTCATGT,1,1
AGCGTTAACTCGTAGATCTGATTCAGTT,2,1
AGCGTTAACTCGTAGATCTGATTCATGT,1,1
AGCGTTAACTCGTAGATCTTATTCATTT,1,0
AGCGTTAACTCTTAGAAATTATTCAACA,1,0
AGCGTTACCTAATAGACATGCCTCACCC,1,0
AGCGTTACCTAATAGACTTGCCTCACAC,77,0
AGCGTTACCTGGAAGGCATGAGTCATGA,1,0
AGCGTTACCTTCGAGTTCTGTATCAGCA,36,74
AGCGTTACCTTCGAGTTCTTTATCATCA,1,4
AGCGTTAGATTATAGCGGTGATTCACCT,1,0
AGCGTTAGCTTATAGACTTGCTTCAAAA,1,0
AGCGTTAGCTTTCAGTATTGACGCAGCC,56,71
AGCGTTAGCTTTCAGTATTTACTCATCC,9,9
AGCGTTAGCTTTCAGTATTTACTCCGCC,2,0
AGCGTTATCTACAAGATCTGCAACATTC,1,0
AGCGTTATCTCTTAGTACTGTTTCAACT,0,16
AGCGTTATCTCTTAGTACTGTTTCCCCT,0,1
AGCGTTATCTGTCAGGATATATTCAATG,1,0
AGCGTTATCTGTCAGGATTGATGCAAGG,36,0
AGCGTTATCTGTCAGGATTGATGCCCGT,1,0
AGCGTTATCTGTCAGGATTTATTCAATT,4,0
AGCGTTATCTTCAAGTCTTGAGTCAGAA,0,56
AGCGTTATCTTCAAGTCTTGATTCATAA,0,1
AGCGTTATCTTCAAGTCTTGATTCCGAA,0,1
AGCGTTCACTACCAGTAATGTACCAAAG,1,0
AGCGTTCACTACCAGTAATGTTCCAATG,109,79
AGCGTTCACTACCAGTAATGTTCCCCTG,4,1
AGCGTTCACTACCAGTAATTTTCCAATT,3,1
AGCGTTCACTGGAAGGGCTGGGGCATCG,17,36
AGCGTTCACTGGAAGGGCTGGTGCATCT,0,1
AGCGTTCACTGGAAGGGCTGTGGCATCT,1,1
AGCGTTCACTGGAAGGGCTGTTTCATCG,0,1
AGCGTTCACTGGAAGGTCTGGTGCATCG,1,0
AGCGTTCACTGGAAGGTCTGTGGCATCG,0,1
AGCGTTCACTGGAAGGTCTTTTTCATCT,2,1
AGCGTTCCCTGGCAGCGTTGCGTCATTA,0,33
AGCGTTCGCTACTAGATTTGGATCATAT,37,43
AGCGTTCGCTACTAGATTTGGATCCTCT,0,1
AGCGTTCGCTACTAGATTTTTATCATAT,2,1
AGCGTTCGCTTTCAGCCATGATACAAAA,0,1
AGCGTTCTCTAATAGATGTGCTCCACAC,0,1
AGCGTTGACTTCCAGGTGTGAAGCAGTC,0,5
AGCGTTGACTTCCAGGTTTGAATCAGTC,0,1
AGCGTTTACTCCGAGCCCTGTCTCATCA,1,0
AGCGTTTACTCCGAGCCGTGTGTCATCT,71,34
AGCGTTTACTCCGAGCCGTGTTTCATCA,1,0
AGCGTTTACTCCGAGCCGTGTTTCCTCT,2,2
AGCGTTTACTCCGAGCCGTTTTTCATCT,7,1
AGCGTTTACTCCGAGCCTTGTGTCATCA,0,1
AGCGTTTACTCCGAGCCTTGTTTCATCT,2,2
AGCGTTTACTGGTAGCATTGCCCCATGA,32,0
AGCGTTTACTGGTAGCATTTCCCCATTA,1,0
AGCGTTTACTGGTAGCATTTCCCCCTGA,1,0
AGCGTTTGCTAGGAGTGGTGGCACACAC,0,32
AGCGTTTGCTAGGAGTGGTGGCACCCCC,0,1
AGCGTTTGCTAGGAGTGGTGTCACCCAC,0,1
AGCGTTTGCTAGGAGTTTTTTCACACAC,0,2
AGCGTTTGCTGGAAGTAAATTATCAATC,0,1
AGCGTTTGCTTGGAGGAATGGGCCAGAT,38,16
AGCGTTTGCTTGGAGGAATGGTCCATAT,0,1
AGCGTTTGCTTGGAGGAATGTGCCATAT,1,2
AGCGTTTGCTTGGAGGAATGTGCCCGAT,1,0
AGCGTTTGCTTGGAGGAATGTTCCAGAT,0,1
AGCGTTTGCTTGGAGGAATGTTCCATAA,1,0
AGCGTTTGCTTGGAGGAATTGGCCCGAT,1,0
AGCGTTTGCTTGGAGGAATTTTCCATAT,2,1
AGCGTTTGCTTTTAGCGGTGATTCACCT,96,0
AGCGTTTGCTTTTAGCGTTGATTCCCCT,1,0
AGCGTTTGCTTTTAGCTGTTATTCACCT,1,0
AGCGTTTGCTTTTAGCTTTGATTCACCT,9,0
AGCGTTTTCTCAAAGACTTGAGGCACAG,0,29
AGCGTTTTCTCAAAGACTTGAGGCCCCG,0,1
AGCGTTTTCTCAAAGACTTGATTCACAG,0,2
AGCGTTTTCTCAAAGACTTTAGTCACAG,0,2
AGCGTTTTCTCAAAGACTTTATTCACAT,0,1
AGCGTTTTCTCCCAGGATTGAAACACCA,0,1
AGCGTTTTCTTATAGGAGTGCACCACAT,1,0
AGGATTGGCTGGGAGTAGTGTCACAGTC,1,0
AGGCTAAGCTGAAAGCATTGTTCCATAT,1,0
AGGCTTCCCTTTGAGATTTGCCCCACTC,0,1
AGGGAATCCTGGAAGTAATGTATCATTC,1,0
AGGGACTGCTGCTAGCCTTGTCTCAGTT,0,1
AGGGATGGCTCTTAGACTTTCTCCACAG,1,0
AGGGCACCCTGTGAGAAGATATTCATTA,0,1
AGGGGGATCTGTGAGCTTTGGTGCCGGG,1,0
AGGGTAACCTACGAGAGCTGAGGCACGG,26,0
AGGGTAACCTACGAGAGCTGAGTCACTG,2,0
AGGGTAACCTACGAGAGCTGAGTCCCGG,2,0
AGGGTAACCTACGAGAGCTGATGCACTT,3,0
AGGGTAACCTACGAGATCTGATTCACTG,1,0
AGGGTAACCTACGAGATCTTATTCACTT,1,0
AGGGTAACCTGACAGAGGTGCCTCAACT,229,31
AGGGTAACCTGACAGAGGTGCCTCCCCT,6,1
AGGGTAACCTGACAGAGTTGCCTCAACA,0,1
AGGGTAACCTGACAGAGTTGCCTCACCT,2,1
AGGGTAACCTGACAGAGTTGCCTCCACT,1,0
AGGGTAACCTGACAGAGTTTCCTCAACT,6,0
AGGGTAACCTGACAGATGTTCCTCAACT,3,0
AGGGTAACCTGACAGATTTGCCTCAACT,10,2
AGGGTAACCTGACAGTTTTTCCTCAACT,1,0
AGGGTAAGCTGAAAGCAGTGTGCCATAG,48,0
AGGGTAAGCTGAAAGCATTGTGCCATAT,2,0
AGGGTAAGCTGAGAGGAATGCTGCAGCG,63,0
AGGGTAAGCTGAGAGGAATGCTGCATCT,1,0
AGGGTAAGCTGAGAGGAATGCTGCCTCG,1,0
AGGGTAAGCTGAGAGGAATGCTTCATCG,2,0
AGGGTAAGCTGAGAGGAATTCTGCATCG,1,0
AGGGTAAGCTGAGAGGAATTCTTCATCT,1,0
AGGGTAAGCTGTTAGGTGGGTGTCCTGT,1,1
AGGGTAAGCTGTTAGGTGTGTGTCATGT,42,25
AGGGTAAGCTGTTAGGTTTGTTTCATTT,0,2
AGGGTAAGCTGTTAGGTTTTTTTCCTGT,0,1
AGGGTAATCTACAAGATGTGGATCATTG,63,0
AGGGTAATCTACAAGATGTGTATCATTT,4,0
AGGGTAATCTACAAGATGTTGATCATTT,1,0
AGGGTAATCTACAAGATTTGGATCATTT,1,0
AGGGTAATCTACAAGATTTTTATCATTT,1,0
AGGGTAATCTAGCAGGCGTGAGGCATAT,1,0
AGGGTAATCTAGTAGATATGCTCCAATT,1,0
AGGGTACACTAATAGTCTGGTTGCCTCT,1,0
AGGGTACACTAATAGTCTTGAATCATCT,1,0
AGGGTACACTAATAGTCTTGTAGCATCA,0,1
AGGGTACACTAATAGTCTTGTTGCATCT,395,214
AGGGTACACTAATAGTCTTGTTTCCTCT,2,4
AGGGTACACTAATAGTCTTTTTTCATCT,15,8
AGGGTACACTGATAGTTCATATCCACAT,0,1
AGGGTACACTGTAAGCGATGTTCCACTC,0,69
AGGGTACACTGTAAGCTATTTTCCACTC,0,2
AGGGTACACTGTTAGTGCTGATCCACAT,70,135
AGGGTACACTGTTAGTTCTTATCCACAT,2,1
AGGGTACCCTGAGAGAAGTGAATCATTA,1,0
AGGGTACCCTGTCAGAAGTGATTCCTTA,0,1
AGGGTACCCTGTGAGAAGAGATTCCTTA,1,0
AGGGTACCCTGTGAGAAGTGATTCATTA,1135,894
AGGGTACCCTGTGAGAAGTGATTCCTTC,3,4
AGGGTACCCTGTGAGAATTGATACATTA,1,0
AGGGTACCCTGTGAGAATTGATTCAATA,2,1
AGGGTACCCTGTGAGAATTGATTCATAA,2,0
AGGGTACCCTGTGAGAATTGATTCCTTA,3,1
AGGGTACCCTGTGAGAATTTATTCATTA,14,15
AGGGTACCCTTTTAGGATTGTGCCATGA,0,23
AGGGTACCCTTTTAGGATTTTTCCATTA,0,7
AGGGTACGCTTTAAGACATGTCGCAAGG,33,0
AGGGTACGCTTTAAGACATGTCGCCCGG,2,0
AGGGTACGCTTTAAGACATGTCTCAAGT,4,0
AGGGTACGCTTTAAGACATGTCTCAATG,2,0
AGGGTACGCTTTAAGACATTTCGCCCGT,1,0
AGGGTACGCTTTAAGACATTTCTCAAGG,1,0
AGGGTACGCTTTAAGACATTTCTCAATT,3,0
AGGGTACTCTGCGAGACTTGACACAATA,47,0
AGGGTACTCTGCGAGACTTGACACCCTA,3,0
AGGGTACTCTGCGAGACTTTACACACTA,1,0
AGGGTACTCTTCAAGACGTGTAGCACGT,0,29
AGGGTACTCTTCAAGACTTGTATCACTT,0,5
AGGGTACTCTTCAAGACTTGTATCCCGT,0,1
AGGGTACTCTTCAAGACTTTTATCACGT,0,1
AGGGTACTCTTCGAGACTTTACACAATA,1,0
AGGGTACTCTTGAAGCTATGCCGCACGC,30,0
AGGGTACTCTTGAAGCTATTCCGCCCTC,1,0
AGGGTACTCTTGAAGCTATTCCTCACTC,8,0
AGGGTAGACTCGGAGTTTTTACTCATCT,1,0
AGGGTAGACTTGAAGTTATGGCCCACAT,0,38
AGGGTAGACTTGAAGTTATTTCCCACAT,0,1
AGGGTAGACTTGAAGTTATTTCCCCCCT,0,1
AGGGTAGCCTCCGAGAGCTGGTCCATCA,1,0
AGGGTAGCCTCCGAGTGCTGGGCCAGCT,126,69
AGGGTAGCCTCCGAGTGCTGGTCCATCT,3,0
AGGGTAGCCTCCGAGTGCTGGTCCCGCT,1,0
AGGGTAGCCTCCGAGTGCTGTGCCATCT,5,5
AGGGTAGCCTCCGAGTGCTGTGCCCGCT,1,0
AGGGTAGCCTCCGAGTGCTGTTCCAGCT,6,0
AGGGTAGCCTCCGAGTTCTTTTCCATCT,4,4
AGGGTAGCCTCTGAGGCTTGCCTCAGAG,0,1
AGGGTAGCCTCTGAGGGTTGCCTCAGTG,20,42
AGGGTAGCCTCTGAGGGTTGCCTCCGTT,0,1
AGGGTAGCCTCTGAGGGTTTCCTCATTG,1,0
AGGGTAGCCTCTGAGGTGTGCCTCAGTG,1,0
AGGGTAGCCTCTGAGGTTTTCCTCAGTG,2,0
AGGGTAGCCTCTGAGGTTTTCCTCATTT,0,1
AGGGTAGCCTTAGAGAAGTGTGGCACCA,208,164
AGGGTAGCCTTAGAGAAGTGTTGCACCC,1,0
AGGGTAGCCTTAGAGAAGTGTTGCCCCA,2,1
AGGGTAGCCTTAGAGAAGTGTTTCACCA,40,28
AGGGTAGCCTTAGAGAAGTTTGTCACCA,0,1
AGGGTAGCCTTAGAGAATTGATTCACCA,1,0
AGGGTAGCCTTAGAGAATTGTGTCACCA,2,1
AGGGTAGCCTTAGAGAATTGTTGCACCA,1,3
AGGGTAGCCTTAGAGAATTGTTTCACCC,0,1
AGGGTAGCCTTAGAGAATTGTTTCCCCA,0,1
AGGGTAGCCTTAGAGAATTTTTTCACCA,7,0
AGGGTAGGCTCACAGATTTTCTTCACTT,0,1
AGGGTAGGCTGGTAGTAATGTTGCATAG,28,0
AGGGTAGGCTGGTAGTAATGTTTCATAT,2,0
AGGGTAGTCTCTCAGGCTTGATTCATTT,0,1
AGGGTAGTCTTTTAGATGCGATTCATTC,0,1
AGGGTAGTCTTTTAGATGTGATTCATGC,278,259
AGGGTAGTCTTTTAGATGTGATTCCTTC,0,1
AGGGTAGTCTTTTAGATGTTATTCATTC,3,4
AGGGTAGTCTTTTAGATTTGATTCATTC,13,9
AGGGTAGTCTTTTAGATTTGATTCCTGC,0,1
AGGGTAGTCTTTTAGATTTTATTCATGC,0,2
AGGGTAGTCTTTTAGATTTTATTTATTC,0,1
AGGGTATACTCGGAGTGGTGACGCAGCG,37,0
AGGGTATACTCGGAGTGTTTACTCATCT,1,0
AGGGTATACTCGGAGTTTTGACGCATCT,1,0
AGGGTATACTCGGAGTTTTGACTCAGCG,1,0
AGGGTATACTTGGAGGGATGTCCCAACA,0,52
AGGGTATCCTATCAGTACTGCGACACTC,1,0
AGGGTATCCTCGGAGACTTTAAACAAAC,0,1
AGGGTATCCTGGAAGGGCTGGGTCAGTT,29,17
AGGGTATCCTGGAAGGGCTTTTTCAGTT,0,1
AGGGTATCCTGGAAGGTCTGTGTCAGTT,2,0
AGGGTATCCTGGAAGGTCTGTTTCATTT,0,2
AGGGTATCCTGTTAGCGATGCGTCAATA,128,77
AGGGTATCCTGTTAGCGATGCGTCCCTA,2,4
AGGGTATCCTGTTAGCGATTCGTCACTC,1,0
AGGGTATCCTGTTAGCTATGCTACAATA,1,0
AGGGTATCCTGTTAGCTATTCTTCAATA,12,4
AGGGTATCCTTGGAGACTTGGACCAAAC,0,42
AGGGTATCCTTGGAGACTTGGACCCCCC,0,3
AGGGTATCCTTGGAGACTTTTACCAAAC,0,1
AGGGTATGCTAGTAGGTATTCTACATAA,0,1
AGGGTATGCTCGGAGAGTTGAAACAATT,0,1
AGGGTATGCTGAGAGGACTGGGCCAACA,34,41
AGGGTATGCTGAGAGGACTGTTCCAACA,3,3
AGGGTATGCTGCTAGCATTGTCTCACTA,231,74
AGGGTATGCTGCTAGCATTGTCTCCCTC,1,0
AGGGTATGCTGCTAGCATTTTCTCCCTA,2,0
AGGGTATGCTGTTAGGACTGTATCAACG,0,82
AGGGTATGCTGTTAGGACTGTATCCCCG,0,2
AGGGTATGCTGTTAGGACTTTATCAACT,0,2
AGGGTATGCTTCCAGGGCTGCACCAGCA,0,48
AGGGTATGCTTCCAGGGCTGCACCCGCC,0,1
AGGGTATGCTTCCAGGGCTTCACCATCA,0,1
AGGGTATGCTTCCAGGTCTGCACCATCA,0,4
AGGGTATGCTTCCAGGTCTGCACCCGCA,0,1
AGGGTATGCTTCCAGGTCTTCACCAGCA,0,1
AGGGTATTCTGCTAGCATTGACTCACTA,1,0
AGGGTCACCTGTTAGATTTGCCGCAATG,170,72
AGGGTCACCTGTTAGATTTGCCGCCCTG,6,0
AGGGTCACCTGTTAGATTTGCCTCAATT,6,0
AGGGTCACCTGTTAGATTTTCCGCAATT,2,0
AGGGTCACCTGTTAGATTTTCCTCAATG,8,12
AGGGTCACCTGTTAGATTTTCCTCCCTT,1,0
AGGGTCAGCTGATAGTTGTTCTACATTT,1,0
AGGGTCCACTGTTAGGCGTGTCCCAATG,70,0
AGGGTCCACTGTTAGGCGTGTCCCCCTG,2,0
AGGGTCCACTGTTAGGCTTGTCCCAATT,4,0
AGGGTCCACTGTTAGGCTTTTCCCAATG,1,0
AGGGTCCGCTAGTAGCGCTGGATCAAGG,0,22
AGGGTCCGCTAGTAGCGCTGTATCAATG,0,2
AGGGTCCGCTAGTAGCGCTTTATCAAGT,0,1
AGGGTCCGCTAGTAGCTCTGGATCAAGT,0,1
AGGGTCCGCTCTCAGTGCTGGTGCACTT,0,1
AGGGTCCGCTCTCAGTGCTTTTTCACTT,1,0
AGGGTCGACTCGTAGCACTGCGTCAAGG,129,118
AGGGTCGACTCGTAGCACTGCGTCAATT,2,0
AGGGTCGACTCGTAGCACTGCGTCCCGG,5,2
AGGGTCGACTCGTAGCACTGCTTCAAGT,1,0
AGGGTCGACTCGTAGCACTGCTTCAATG,3,2
AGGGTCGACTCGTAGCACTTCGTCAAGT,0,4
AGGGTCGACTCGTAGCACTTCGTCAATG,1,2
AGGGTCGACTCGTAGCACTTCTTCAAGG,1,0
AGGGTCGACTCGTAGCACTTCTTCAATT,13,6
AGGGTCGCCTAATAGAGATGACCCAACT,1,0
AGGGTCGCCTAGCAGGTGTGGTACAGGT,134,150
AGGGTCGCCTAGCAGGTGTGGTACATTT,0,2
AGGGTCGCCTAGCAGGTGTGGTACCTGT,0,1
AGGGTCGCCTAGCAGGTGTGTTACAGTT,4,3
AGGGTCGCCTAGCAGGTGTGTTACATGT,3,5
AGGGTCGCCTAGCAGGTGTTGTACATGT,1,1
AGGGTCGCCTAGCAGGTTTGGAACATGT,0,1
AGGGTCGCCTAGCAGGTTTGGTACAGTT,0,4
AGGGTCGCCTAGCAGGTTTGTTACAGGT,1,4
AGGGTCGCCTAGCAGGTTTGTTACATTA,0,1
AGGGTCGCCTAGCAGGTTTTTTACATTT,6,7
AGGGTCGCCTAGCAGGTTTTTTACCTGT,1,0
AGGGTCGCCTATTAGAGTTGTCCCAACG,109,17
AGGGTCGCCTATTAGAGTTGTCCCCCCG,2,0
AGGGTCGCCTATTAGATTTTTCCCAACT,7,1
AGGGTCGCCTCGAAGACATGGAGCACTA,88,23
AGGGTCGCCTCGAAGACATGGATCCCTA,1,0
AGGGTCGCCTCGAAGACATGTAGCCCTA,1,0
AGGGTCGCCTCGAAGACATGTATCACTA,1,1
AGGGTCGCCTCGAAGACATTGATCACTA,4,1
AGGGTCGCCTCGAAGACATTTAGCACTA,1,0
AGGGTCGCCTTGAAGCGATGCGTCATGT,1,0
AGGGTCGGCTGTGAGCTATGGTCCATGG,1,0
AGGGTCGTCAAGTAGTAATTTTCCAGTC,1,0
AGGGTCGTCTAGAAGGTTTTCCACAACA,1,0
AGGGTCGTCTTGAAGGTTTGCCACAACA,53,30
AGGGTCGTCTTGAAGGTTTGCCACCCCA,2,1
AGGGTCTACTAAGAGGTGAGCGGCCCGC,1,0
AGGGTCTACTAAGAGGTGTGCGGCACGC,58,0
AGGGTCTACTAAGAGGTGTGCGTCACTC,2,0
AGGGTCTACTAAGAGGTGTGCTGCCCGC,1,0
AGGGTCTACTAAGAGGTGTGCTTCACGC,3,0
AGGGTCTACTAAGAGGTTTTCTTCACTC,3,0
AGGGTCTACTATGAGTCATGAGCCAGAT,0,4
AGGGTCTACTATGAGTCATTATCCATAT,0,1
AGGGTCTACTGTTAGGCCTGCGCCAGTC,0,30
AGGGTCTACTGTTAGGCCTTCTCCAGTC,0,3
AGGGTCTACTGTTAGTCCTGCTCCAGTC,0,1
AGGGTCTACTGTTAGTCCTTCGCCAGTC,0,1
AGGGTCTACTGTTAGTCCTTCTCCATTC,0,1
AGGGTCTCCTCCTAGGCTTGCTACATGA,45,26
AGGGTCTCCTCCTAGGCTTTCTACATTA,4,1
AGGGTCTGCTCTCAGCGCTGATACATTA,0,1
AGGGTCTGCTCTCAGGGGGGTGTCCTGT,1,0
AGGGTCTGCTCTCAGGGGTGTGTCATGT,39,146
AGGGTCTGCTCTCAGGGGTTTTTCATTT,0,2
AGGGTCTGCTCTCAGGGTTGTGTCCTGT,0,1
AGGGTCTGCTCTCAGGGTTGTTTCATTT,0,1
AGGGTCTGCTCTCAGGGTTTTTTCATGT,0,1
AGGGTCTGCTCTCAGGTGTGTCTCAAGT,0,1
AGGGTCTGCTCTCAGGTGTGTGTCCTGT,0,2
AGGGTCTGCTCTCAGGTTTGTGTCATGT,5,14
AGGGTCTGCTCTCAGGTTTTTTTCATTT,1,3
AGGGTCTGCTCTCAGTTGTTTTTCATTT,0,1
AGGGTCTGCTGCAAGCATTGACACATTT,1,0
AGGGTCTGCTGCTAGCCTTGTCTCAGGT,122,108
AGGGTCTGCTGCTAGCCTTGTCTCATTT,6,7
AGGGTCTGCTGCTAGCCTTGTCTCCTGT,0,1
AGGGTCTGCTGCTAGCCTTTTCTCAGTT,1,1
AGGGTCTGCTGCTAGCCTTTTCTCATGT,2,0
AGGGTCTTCTGATAGACGTGGGACAGCA,0,28
AGGGTCTTCTGATAGACGTGTTACAGCA,0,3
AGGGTCTTCTGATAGACTTGTGACAGCA,0,1
AGGGTCTTCTGATAGACTTTTTACATCA,0,3
AGGGTGAACTAACAGCGGTGTGGCAGGG,56,56
AGGGTGAACTAACAGCGGTGTGGCAGTT,1,1
AGGGTGAACTAACAGCGGTGTTTCAGGG,0,2
AGGGTGAACTAACAGCGGTGTTTCATTT,3,0
AGGGTGAACTAACAGCGTTGTGGCATGG,0,3
AGGGTGAACTAACAGCGTTGTTGCAGGG,0,1
AGGGTGAACTAACAGCTGTGTGTCAGGG,1,0
AGGGTGAACTAACAGCTTTGATGCAGGG,0,1
AGGGTGAACTAACAGCTTTGTGGCAGGG,1,1
AGGGTGAACTAACAGCTTTGTGGCATTG,1,1
AGGGTGAACTAACAGCTTTGTGTCAGTG,2,3
AGGGTGAACTAACAGCTTTGTTTCATTT,4,4
AGGGTGAACTAACAGCTTTTTTTCATTG,1,0
AGGGTGAACTAGCAGCTGTGAGGCATGG,1,0
AGGGTGAACTCAAAGTGTGGGGGCCGCC,1,0
AGGGTGAACTCAAAGTGTTGGGGCAGCC,57,176
AGGGTGAACTCAAAGTGTTGGTGCCGCC,0,1
AGGGTGAACTCAAAGTGTTGGTTCAGCC,1,6
AGGGTGAACTCAAAGTGTTGTGGCATCC,0,2
AGGGTGAACTCAAAGTGTTGTGTCAGCC,1,10
AGGGTGAACTCAAAGTGTTGTTGCAGCC,5,10
AGGGTGAACTCAAAGTGTTGTTTCCGCC,1,2
AGGGTGAACTCAAAGTGTTTGTGCATCC,1,0
AGGGTGAACTCAAAGTGTTTTTTCATCC,14,24
AGGGTGAACTCAAAGTTTTGGGTCAGCC,1,0
AGGGTGAACTCAAAGTTTTGTGTCATCC,2,1
AGGGTGAACTCAAAGTTTTGTTGCATCC,1,7
AGGGTGAACTCAAAGTTTTTGTGCAGCC,0,1
AGGGTGAACTCAAAGTTTTTGTTCATCC,1,1
AGGGTGAACTCAAAGTTTTTTTTCAGCC,0,4
AGGGTGAACTCAAAGTTTTTTTTCCTCC,1,0
AGGGTGAACTCTTAGAAATTTACCATAC,1,0
AGGGTGACCTACCAGACATGTAACACTT,1,0
AGGGTGACCTACCAGACTTGGAACACGG,145,0
AGGGTGACCTACCAGACTTGTAACACTG,6,0
AGGGTGACCTACCAGACTTTGAACACTG,3,0
AGGGTGACCTACCAGACTTTTAACACTT,11,0
AGGGTGACCTCTTAGCGATGGCGCAGGC,0,33
AGGGTGACCTCTTAGCGATGGCGCATTC,0,1
AGGGTGACCTCTTAGCGATTGCGCATGC,0,1
AGGGTGACCTCTTAGCGATTGCTCATTC,0,1
AGGGTGACCTCTTAGCGATTTCTCAGTC,0,2
AGGGTGACCTCTTAGCTATGTCGCAGGC,0,4
AGGGTGACCTCTTAGCTATTTCTCATTC,0,2
AGGGTGACCTTAGAGCAGTGGTCCACAC,74,37
AGGGTGACCTTAGAGCAGTGGTCCCCCC,2,3
AGGGTGACCTTAGAGCATTTTTCCACAC,3,2
AGGGTGACCTTATAGCAGTTTTCCACAC,0,1
AGGGTGAGCTCTGAGGTCTGACTCACCA,1,0
AGGGTGAGCTCTGAGGTCTGTCTCACCT,35,67
AGGGTGAGCTCTGAGGTCTTTCTCCCCT,0,1
AGGGTGAGCTGGAAGGGTTGTTTCAGGG,140,51
AGGGTGAGCTGGAAGGGTTGTTTCAGTT,6,0
AGGGTGAGCTGGAAGGGTTGTTTCATGT,1,0
AGGGTGAGCTGGAAGGGTTGTTTCATTG,4,1
AGGGTGAGCTGGAAGGGTTTTTTCAGTG,1,0
AGGGTGAGCTGGAAGGGTTTTTTCATTT,0,1
AGGGTGAGCTGGAAGGTTTGTTTCAGGT,1,0
AGGGTGAGCTGGAAGGTTTGTTTCAGTG,3,1
AGGGTGAGCTGGAAGGTTTGTTTCATGG,2,1
AGGGTGAGCTGGAAGGTTTGTTTCATTT,11,5
AGGGTGAGCTGGAAGGTTTGTTTCCGGG,0,1
AGGGTGAGCTGGAAGGTTTTTTTCATTG,1,0
AGGGTGAGCTTTCAGTGCTGTTGCAGGA,0,47
AGGGTGAGCTTTCAGTGCTGTTTCAGTA,0,1
AGGGTGAGCTTTCAGTGCTTTTTCATTA,0,2
AGGGTGAGCTTTCAGTTCTTTTTCATGA,0,1
AGGGTGATCTCTGAGCTTTGCTTCAGTG,1,0
AGGGTGATCTGAAAGGTATGTGACATCG,40,0
AGGGTGATCTGAAAGGTATTTTACATCT,1,0
AGGGTGATCTGATAGACAATCTTCAGGG,1,0
AGGGTGATCTGATAGACATGCTTCAGGG,40,0
AGGGTGATCTGATAGACATGCTTCAGTT,1,0
AGGGTGATCTGATAGACATTCTTCAGTG,1,0
AGGGTGATCTGTAAGCCGTGTAGCACAT,0,41
AGGGTGATCTGTAAGCCGTGTAGCCCCT,0,1
AGGGTGATCTGTAAGCCTTGTATCACAT,0,2
AGGGTGATCTGTGAGCTTTGGTGCAGGG,40,78
AGGGTGATCTGTGAGCTTTGGTGCAGTT,1,2
AGGGTGATCTGTGAGCTTTGGTGCATTG,2,3
AGGGTGATCTGTGAGCTTTGGTTCAGTG,1,3
AGGGTGATCTGTGAGCTTTGTTTCAGTT,0,1
AGGGTGATCTGTGAGCTTTTGTGCAGTG,0,1
AGGGTGATCTGTGAGCTTTTGTTCATTG,0,1
AGGGTGATCTGTGAGCTTTTTTGCAGTT,0,1
AGGGTGATCTGTGAGCTTTTTTTCATTT,2,4
AGGGTGATCTGTGAGCTTTTTTTCCGGT,0,1
AGGGTGATCTTGGAGGAATGGGTCACTG,22,0
AGGGTGATCTTGGAGGAATTTTTCACTT,2,0
AGGGTGCACTACGACCTGTGAGACAGCT,0,1
AGGGTGCACTATCAGTTTTGACTCATTT,1,0
AGGGTGCACTGAGAGGGGTGCTTCAGGA,54,0
AGGGTGCACTGAGAGGGGTGCTTCATTA,1,0
AGGGTGCACTGAGAGGGTTGCTTCAGTA,3,0
AGGGTGCACTGAGAGGTGTGCTTCATGA,3,0
AGGGTGCACTGAGAGGTTTGCTTCATTA,1,0
AGGGTGCACTTTCAGTTTTGACGCATTT,60,0
AGGGTGCGCAGTAAGTATTTTTTCACAT,1,0
AGGGTGCGCTGTAAGTAGTGGGTCACAG,139,191
AGGGTGCGCTGTAAGTAGTGGGTCCCAT,0,1
AGGGTGCGCTGTAAGTAGTGGGTCCCCG,1,3
AGGGTGCGCTGTAAGTAGTGGTTCCCAG,1,0
AGGGTGCGCTGTAAGTAGTGTGTCACAT,0,3
AGGGTGCGCTGTAAGTAGTGTGTCCCAG,0,1
AGGGTGCGCTGTAAGTAGTGTTTCACAG,5,8
AGGGTGCGCTGTAAGTAGTGTTTCCCAT,0,1
AGGGTGCGCTGTAAGTAGTTGTTCACAG,0,1
AGGGTGCGCTGTAAGTAGTTTTTCACAT,4,9
AGGGTGCGCTGTAAGTATTGGGTCACAT,1,0
AGGGTGCGCTGTAAGTATTGTGTCACAG,1,0
AGGGTGCGCTGTAAGTATTTTGTCACAT,1,0
AGGGTGCGCTGTAAGTATTTTTTCACAG,3,1
AGGGTGCGCTGTGAGGTTTGAGGCATGA,0,1
AGGGTGCTCACGAAGAGTTTCAACAAGT,0,1
AGGGTGCTCTCGAAGAGTTGCAACAAGT,0,45
AGGGTGCTCTCGAAGAGTTTCAACAATT,0,2
AGGGTGCTCTCGAAGATTTTCAACAAGT,0,1
AGGGTGCTCTCGAAGTGTTGAGACATTG,1,0
AGGGTGCTCTTAGAGGTATGTTTCACGA,0,40
AGGGTGCTCTTAGAGGTATTTTTCACTA,0,2
AGGGTGGACTGATAGACATGCATCACGT,1,0
AGGGTGGACTGATAGTCATGCTTCACGT,41,36
AGGGTGGACTGATAGTCATTCTTCACTT,1,0
AGGGTGGCCTACAAGAGATGTACCATAT,0,1
AGGGTGGCCTACAAGATATGGCCCATAG,1,0
AGGGTGGCCTTCAAAATATCTACCATAT,1,0
AGGGTGGCCTTCAACATATTTACCATAT,1,0
AGGGTGGCCTTCAAGAGAGGTACCCTAT,0,1
AGGGTGGCCTTCAAGAGATCTACCATAG,0,1
AGGGTGGCCTTCAAGAGATGGACCATAG,230,414
AGGGTGGCCTTCAAGAGATGGACCCTAT,0,1
AGGGTGGCCTTCAAGAGATGGACCCTCG,3,8
AGGGTGGCCTTCAAGAGATTTACCATAT,21,39
AGGGTGGCCTTCAAGAGATTTACCATCG,0,1
AGGGTGGCCTTCAAGAGATTTACCCTCT,0,1
AGGGTGGCCTTCAAGATATGGACCATAT,2,6
AGGGTGGCCTTCAAGATATTTACCATAG,3,7
AGGGTGGGCTCTTAGGACTGTCTCACCT,1,0
AGGGTGGGCTGTCAGCTCTGCTCCAACG,96,0
AGGGTGGGCTGTCAGCTCTGCTCCCCCG,2,0
AGGGTGGGCTGTCAGCTCTTCTCCAACT,7,0
AGGGTGGTCTAGTAGTAATGTGCCAGGC,83,35
AGGGTGGTCTAGTAGTAATGTTCCATTC,9,2
AGGGTGGTCTAGTAGTAATGTTCCCGGC,1,0
AGGGTGGTCTAGTAGTAATTTGCCAGTC,0,1
AGGGTGGTCTAGTAGTAATTTGCCCGGC,1,0
AGGGTGGTCTAGTAGTAATTTTCCAGGC,1,0
AGGGTGGTCTCTTAGGACTGCGTCACTG,0,21
AGGGTGGTCTCTTAGGACTGCTTCCCTT,0,1
AGGGTGGTCTCTTAGGACTTCTTCACTG,0,1
AGGGTGGTCTGCTAGATGTGCCGCAGGC,37,0
AGGGTGGTCTGCTAGATGTGCCTCATGC,1,0
AGGGTGGTCTGCTAGATGTTCCTCAGGC,2,0
AGGGTGGTCTGCTAGATGTTCCTCATTC,1,0
AGGGTGGTCTGCTAGCTGTGTAGCAATG,0,29
AGGGTGGTCTGCTAGCTTTTTATCAATT,0,2
AGGGTGGTCTTCGAGATATGGTACACTT,40,30
AGGGTGGTCTTCGAGATATTTTACACTT,0,2
AGGGTGTACTGTAAGGATTGGGTCATGT,83,0
AGGGTGTACTGTAAGGATTGTTTCATGT,3,0
AGGGTGTACTGTAAGGATTTGTTCATGT,1,0
AGGGTGTACTGTAAGGATTTTGTCATGT,1,0
AGGGTGTACTGTAAGGATTTTTTCATTT,2,0
AGGGTGTCCGTTTAGCCTTTGTTCAAGT,0,1
AGGGTGTCCTTTTAGCCTGGTTTCCCGT,0,1
AGGGTGTCCTTTTAGCCTTGGTTCAAGT,13,205
AGGGTGTCCTTTTAGCCTTGGTTCCCGT,2,3
AGGGTGTCCTTTTAGCCTTGTTTCAATA,0,1
AGGGTGTCCTTTTAGCCTTGTTTCACGT,0,1
AGGGTGTCCTTTTAGCCTTTGTTCACGT,0,1
AGGGTGTCCTTTTAGCCTTTTTTCAATT,1,22
AGGGTGTGCTACTAGGAATGATCCAACT,0,1
AGGGTGTGCTGGAAGCGATGCTACAACG,23,35
AGGGTGTGCTGGAAGCGATTCTACAACT,4,1
AGGGTGTGCTGGAAGCTATGCTACAACT,2,1
AGGGTGTGCTGGAAGCTATTCTACAACG,1,0
AGGGTGTGCTTTGAGTGTTGCTGCAGAG,0,46
AGGGTGTGCTTTGAGTGTTGCTTCAGAT,0,2
AGGGTGTGCTTTGAGTGTTTCTTCATAT,0,1
AGGGTGTTCTCGAAGTGTTGAGACAGTG,79,0
AGGGTGTTCTCGAAGTGTTGATACATTG,1,0
AGGGTGTTCTCGAAGTGTTTAGACAGTT,1,0
AGGGTGTTCTCGAAGTGTTTAGACATTG,1,0
AGGGTGTTCTCGAAGTGTTTAGACCGTG,1,0
AGGGTGTTCTCGAAGTTTTGATCCAGTT,1,0
AGGGTGTTCTCGAAGTTTTTAGACAGTG,1,0
AGGGTGTTCTCGAAGTTTTTATACATTT,4,0
AGGGTGTTCTCTAAGTTTTGATCCATCT,0,35
AGGGTGTTCTGAAAGATGTGCTCCAATG,42,42
AGGGTGTTCTGAAAGATGTGCTCCCCTG,0,1
AGGGTGTTCTGAAAGATTTGCTCCAAAG,1,0
AGGGTGTTCTGAAAGATTTTCTCCAATT,2,2
AGGGTGTTCTGCGAGTATTGCGTCAACT,36,41
AGGGTGTTCTGCGAGTATTGCGTCCCCT,0,2
AGGGTGTTCTGCGAGTATTTCTTCAACT,1,3
AGGGTGTTCTGTTAGTATTGGTCCAATT,1,0
AGGGTGTTCTGTTAGTATTGGTCCATGT,43,13
AGGGTGTTCTGTTAGTATTGTTCCATTT,0,1
AGGGTGTTCTGTTAGTATTTTTCCATGT,3,0
AGGGTTAACTTCCAGTGATGGGTCACTA,64,0
AGGGTTAACTTCCAGTGATGGGTCCCTC,1,0
AGGGTTAACTTCCAGTGATGTGTCCCTA,2,0
AGGGTTAACTTCCAGTGATTTGTCACTA,2,0
AGGGTTAACTTCCAGTTATGTTTCACTA,1,0
AGGGTTAACTTCCAGTTATTGTTCACTA,2,0
AGGGTTACCAAACAGTACTTTGACAATC,0,1
AGGGTTACCTTCGAGCAATGCCCCACTC,1,0
AGGGTTATCTGTGAGGGTAGTGTCCTGA,0,1
AGGGTTATCTGTGAGGGTTGTGTCATGA,0,29
AGGGTTATCTGTGAGGGTTGTGTCCTGC,0,1
AGGGTTATCTGTGAGGTTTGTGTCATTA,0,1
AGGGTTCACTGTAAGTTATGTTACATGG,0,5
AGGGTTCCCTGGGAGAAGTGAACCACCC,35,0
AGGGTTCCCTTTGAGAGTAGCCCCCCTC,0,1
AGGGTTCCCTTTGAGAGTTGCCCCACTC,3,116
AGGGTTCCCTTTGAGATTTTCCCCACTC,1,1
AGGGTTCGCTGGGAGAATTGAACCACCC,1,0
AGGGTTGACTGATAGTCATGCATCACTA,1,0
AGGGTTGCCTAATAGCCTTTATCCAATT,1,0
AGGGTTGCCTCATAGATCTGTGCCAAAT,43,46
AGGGTTGCCTCATAGATCTGTGCCCCCT,1,1
AGGGTTGCCTCATAGATCTTTTCCAAAT,1,1
AGGGTTGCCTCTTAGACTTGCTCCACAG,0,1
AGGGTTGCCTTCAAGTGTTGGATCACGA,0,23
AGGGTTGCCTTCAAGTGTTGGATCCCGC,0,1
AGGGTTGCCTTCAAGTGTTGTATCACTA,0,1
AGGGTTGCCTTCAAGTTTTGGATCACTA,0,1
AGGGTTGCCTTCAAGTTTTTTATCACTA,0,2
AGGGTTGCCTTGAAGCGATGCGGCATGT,64,40
AGGGTTGCCTTGAAGCGATGCTGCATTT,1,0
AGGGTTGCCTTGAAGCGATGCTGCCTGT,0,1
AGGGTTGCCTTGAAGCGATGCTTCATGT,3,3
AGGGTTGCCTTGAAGCGATTCGGCATTT,1,0
AGGGTTGCCTTGAAGCGATTCGTCATGT,1,0
AGGGTTGCCTTGAAGCGATTCTGCATGT,1,0
AGGGTTGCCTTGAAGCGATTCTTCATTT,1,0
AGGGTTGCCTTGAAGCGATTCTTCCTGT,0,1
AGGGTTGCCTTGAAGCTATGCGTCATGT,1,0
AGGGTTGCCTTGAAGCTATGCTGCATGT,1,0
AGGGTTGCCTTGAAGCTATGCTTCATTT,1,2
AGGGTTGCCTTGAAGCTATGCTTCCTGT,0,1
AGGGTTGCCTTGAAGCTATTCGGCATGT,0,1
AGGGTTGCCTTGAAGCTATTCGTCATTT,0,1
AGGGTTGCCTTGAAGCTATTCTGCCTGT,0,1
AGGGTTGCCTTGAAGCTATTCTTCATGT,4,1
AGGGTTGGCTCTTAGACGGGCTCCCCAG,1,0
AGGGTTGGCTCTTAGACGTGCTCCACAG,289,264
AGGGTTGGCTCTTAGACGTGCTCCCCAT,0,1
AGGGTTGGCTCTTAGACGTGCTCCCCCG,3,1
AGGGTTGGCTCTTAGACTTGCTCCACCG,1,0
AGGGTTGGCTCTTAGACTTGCTCCATAG,1,0
AGGGTTGGCTCTTAGACTTGCTCCCCAG,0,2
AGGGTTGGCTCTTAGACTTTCTCCACAT,23,22
AGGGTTGGCTGGGAGGGCTGGGTCAGCC,20,0
AGGGTTGGCTGGGAGGGCTGTGTCATCC,1,0
AGGGTTGGCTGGGAGGGCTTTTTCATCC,1,0
AGGGTTGGCTGGGAGGTCTGGTTCAGCC,1,0
AGGGTTGGCTGGGAGGTCTTTTTCAGCC,3,0
AGGGTTGGCTGGGAGTAGTGTCACAGGC,33,0
AGGGTTGGCTGGGAGTAGTGTCACATTC,3,0
AGGGTTGGCTGGGAGTATTTTCACATTC,1,0
AGGGTTGTCTCGGAGAGATGAGTCATGT,36,52
AGGGTTGTCTCGGAGATATTAGTCATGT,1,0
AGGGTTGTCTCGGAGATATTATTCATTT,1,1
AGGGTTGTCTTACAGGTCGGATACCACA,0,1
AGGGTTGTCTTACAGGTCTGATACAACA,68,85
AGGGTTGTCTTACAGGTCTGATACCCCA,5,3
AGGGTTTACTCTTAGAAATGAGGCATGC,39,87
AGGGTTTACTCTTAGAAATGAGTCATTC,0,5
AGGGTTTACTCTTAGAAATGAGTCCTGC,1,0
AGGGTTTACTCTTAGAAATGATTCATGC,0,4
AGGGTTTACTCTTAGAAATTATTCATTC,3,10
AGGGTTTCCTATCAATACTGGGACAATC,1,0
AGGGTTTCCTATCAGTACTGGGACAAGC,376,298
AGGGTTTCCTATCAGTACTGGGACACTC,0,1
AGGGTTTCCTATCAGTACTGGGACCCGC,8,14
AGGGTTTCCTATCAGTACTGGTACAATC,2,9
AGGGTTTCCTATCAGTACTGGTACCAGC,0,1
AGGGTTTCCTATCAGTACTGTGACAATC,41,41
AGGGTTTCCTATCAGTACTGTGACACGC,1,1
AGGGTTTCCTATCAGTACTGTTACAAGC,8,6
AGGGTTTCCTATCAGTACTTGGACAATC,6,1
AGGGTTTCCTATCAGTACTTGTACAAGC,1,2
AGGGTTTCCTATCAGTACTTTGACAAGC,1,3
AGGGTTTCCTATCAGTACTTTTACAATC,19,23
AGGGTTTCCTGAAAGCATTGCTTCACCG,0,35
AGGGTTTCCTGAAAGCATTTCTTCACCT,0,2
AGGGTTTCCTTTAAGAACTGGGACAATC,1,0
AGGGTTTCGTATCAGTACTGGGACAATC,0,1
AGGGTTTGCTCGGACATTTTAAACAATT,1,0
AGGGTTTGCTCGGAGAGATGAAACAAAG,0,1
AGGGTTTGCTCGGAGAGTCGAAACACTT,0,1
AGGGTTTGCTCGGAGAGTGGAAACCATG,0,1
AGGGTTTGCTCGGAGAGTTGAAACAATG,120,152
AGGGTTTGCTCGGAGAGTTGAAACCCTG,2,4
AGGGTTTGCTCGGAGAGTTTAAACAATT,1,6
AGGGTTTGCTCGGAGATTTGAAACAATT,1,2
AGGGTTTGCTGGAAATAATGTATCATTC,0,1
AGGGTTTGCTGGAAGAAATGAACCATAC,1,0
AGGGTTTGCTGGAAGTAAGGTAGCCTTC,1,1
AGGGTTTGCTGGAAGTAATGAACCATTC,0,1
AGGGTTTGCTGGAAGTAATGTAGCATTC,370,332
AGGGTTTGCTGGAAGTAATGTATCCTTC,4,2
AGGGTTTGCTGGAAGTAATTTAGCATCC,1,0
AGGGTTTGCTGGAAGTAATTTATCATTC,15,15
AGGGTTTGCTGTTAGTCGTTTTACATTT,0,1
AGGGTTTGCTGTTAGTTGTGTGACATTT,116,82
AGGGTTTGCTGTTAGTTGTGTTACCTTT,0,1
AGGGTTTGCTGTTAGTTTTTTTACATTT,3,6
AGGGTTTTCTAGCAGCGAGGTAACCGCC,1,0
AGGGTTTTCTAGCAGCGATGTAACAGCC,34,0
AGGGTTTTCTAGCAGCGATTTAACATCC,2,0
AGGGTTTTCTAGCAGCTATGTAACATCC,1,0
AGGGTTTTCTCGCAGACGTGGTGCATTA,0,18
AGGGTTTTCTCGCAGACGTTTTTCATTA,0,1
AGGGTTTTCTTAGAGGGATGATACAAGC,0,28
AGGGTTTTCTTAGAGGGATGATACCCGC,0,2
AGGGTTTTCTTAGAGGTATGATACAATC,0,1
AGGTTACACTAATAGTCTTGTTGCCTCT,1,0
AGTCAGCTCTAGTAGTCCTGGTTCACTT,0,1
AGTGAAGGCTACTAGTGTATGTGCAACA,1,0
AGTGACTGCAGTGACAGCAGACCCAAGA,0,1
AGTGAGTACTTGCAGGTATGCCCCACCA,1,0
AGTGAGTGCTATCAGGTATGCTTCAGTA,0,1
AGTGATCCCTAGTAGGTCTGTATCACTT,0,1
AGTGATGCCTATGAGCTCTTTAACACCT,1,1
AGTGTAAACTCGTAGACATGGGACATCA,55,75
AGTGTAAACTCGTAGACATTTTACATCA,5,7
AGTGTAAACTCGTAGCCATGTTCCATCA,0,1
AGTGTAACATCGTAGGTGTTGGTCACAT,0,1
AGTGTAACCTCGTAGGACTGTGTCACAG,0,1
AGTGTAACCTCGTAGGAGTGGCGCACAG,0,1
AGTGTAACCTCGTAGGAGTGGGTCACAT,1,0
AGTGTAACCTCGTAGGTGATTGTCACAT,1,0
AGTGTAACCTCGTAGGTGTGGGGCACAG,162,146
AGTGTAACCTCGTAGGTGTGGGGCCCCG,3,3
AGTGTAACCTCGTAGGTGTGGTGCCCAG,1,1
AGTGTAACCTCGTAGGTGTGGTTCACAG,6,1
AGTGTAACCTCGTAGGTGTGGTTCCCAT,0,1
AGTGTAACCTCGTAGGTGTGTGTCACAG,11,17
AGTGTAACCTCGTAGGTGTGTTGCACAG,5,1
AGTGTAACCTCGTAGGTGTGTTTCACAT,0,2
AGTGTAACCTCGTAGGTGTTGGTCACAG,1,1
AGTGTAACCTCGTAGGTGTTGTGCACAG,1,0
AGTGTAACCTCGTAGGTGTTTGGCACAG,1,0
AGTGTAACCTCGTAGGTGTTTTGCACAT,1,0
AGTGTAACCTCGTAGGTGTTTTTCACAG,2,1
AGTGTAACCTCGTAGGTTTGGGGCCCAG,0,1
AGTGTAACCTCGTAGGTTTGGGTCACAG,1,0
AGTGTAACCTCGTAGGTTTGGTGCACAG,2,1
AGTGTAACCTCGTAGGTTTGTGGCACAG,1,0
AGTGTAACCTCGTAGGTTTGTTTCACAG,1,2
AGTGTAACCTCGTAGGTTTGTTTCCCAT,1,0
AGTGTAACCTCGTAGGTTTTTTTCACAT,5,8
AGTGTAACCTCGTAGGTTTTTTTCACCG,1,0
AGTGTAACCTCGTAGTTTTTTTTCACAG,1,0
AGTGTAAGCTAAGAGATTTGGTACAGGA,40,0
AGTGTAAGCTAAGAGATTTGTTACAGTA,2,0
AGTGTAAGCTAAGAGATTTTTTACAGGA,1,0
AGTGTAAGCTAAGAGATTTTTTACATTA,1,0
AGTGTAAGCTATTAGGTGTGTGGCAATA,0,27
AGTGTAAGCTATTAGGTGTGTGGCCCTA,0,1
AGTGTAAGCTATTAGGTGTGTTTCAATA,0,1
AGTGTAAGCTATTAGGTTTTTGTCAATA,0,1
AGTGTAAGCTGGCAGTGCTGGTTCATTG,30,91
AGTGTAAGCTGGCAGTGCTGTTTCATTT,6,5
AGTGTAAGCTGGCAGTTCTGGTTCATTT,0,1
AGTGTAAGCTGGCAGTTCTGGTTCCTTG,0,1
AGTGTAAGCTGGCAGTTCTGTTTCATTG,1,5
AGTGTAAGCTGGCAGTTCTTGTTCATTG,0,1
AGTGTAAGCTGGCAGTTCTTTTTCATTT,1,2
AGTGTACCCTACGAGGCTTGTTGCATGA,138,33
AGTGTACCCTACGAGGCTTGTTTCCTGA,1,0
AGTGTACCCTACGAGGCTTTTTTCATTA,8,4
AGTGTACCCTGTGAGAAGTTATTCATTA,0,1
AGTGTACCCTTGAAGGCGTGTCGCACAC,62,13
AGTGTACCCTTGAAGGCGTGTCTCACCC,1,0
AGTGTACCCTTGAAGGCGTTTCGCACCC,2,0
AGTGTACCCTTGAAGGCTTTTCTCACAC,6,0
AGTGTAGACTGGAAGGTTTGAGCCAGGA,0,27
AGTGTAGACTGGAAGGTTTGAGCCATTA,0,1
AGTGTAGACTGGAAGGTTTTATCCAGGA,0,1
AGTGTAGCCTCGAAGGAGTGTCACATTA,47,31
AGTGTAGCCTCGAAGGATTTTCACATTA,1,2
AGTGTAGCCTGGAAGCCGTGTTACATAC,1,0
AGTGTAGCCTGTCAGTCCTGACTCAATC,0,47
AGTGTAGCCTTGCAGTATTGTGACACTG,1,0
AGTGTAGCCTTTAAGGCGTGGATCAGAG,182,121
AGTGTAGCCTTTAAGGCGTGGATCATAT,2,0
AGTGTAGCCTTTAAGGCGTGGATCCGAT,0,1
AGTGTAGCCTTTAAGGCGTGGATCCGCG,1,2
AGTGTAGCCTTTAAGGCGTGTATCAGAT,2,0
AGTGTAGCCTTTAAGGCGTGTATCATAG,1,2
AGTGTAGCCTTTAAGGCGTGTATCCGAG,1,0
AGTGTAGCCTTTAAGGCGTTGATCATAG,0,1
AGTGTAGCCTTTAAGGCGTTTATCAGAG,3,1
AGTGTAGCCTTTAAGGCGTTTATCATAT,1,1
AGTGTAGCCTTTAAGGCTTGGATCAGAT,2,1
AGTGTAGCCTTTAAGGCTTGGATCATAG,0,1
AGTGTAGCCTTTAAGGCTTGGATCCTCG,0,1
AGTGTAGCCTTTAAGGCTTGTATCAGAG,7,5
AGTGTAGCCTTTAAGGCTTGTATCATAT,5,5
AGTGTAGCCTTTAAGGCTTTGATCAGAG,1,0
AGTGTAGCCTTTAAGGCTTTTATCATAG,1,0
AGTGTAGCCTTTAAGTCTTTTATCATAT,0,1
AGTGTAGCCTTTTAGTCTTGTATCATAT,0,1
AGTGTAGGCTAAGAGCATTGGAGCATAA,0,11
AGTGTAGGCTAAGAGCATTTTATCATAA,0,1
AGTGTAGGCTACGAGTGTTGGGGCAACA,113,3
AGTGTAGGCTACGAGTGTTGGGGCCCCA,4,0
AGTGTAGGCTACGAGTGTTGGTTCAACA,8,0
AGTGTAGGCTACGAGTGTTGTGTCAACA,2,0
AGTGTAGGCTACGAGTGTTGTTGCAACA,3,0
AGTGTAGGCTACGAGTGTTGTTTCCCCA,1,0
AGTGTAGGCTACGAGTGTTTTTTCAACA,6,0
AGTGTAGGCTACGAGTTATGGTTCAACA,1,0
AGTGTAGGCTACGAGTTTTGTTTCAACA,1,0
AGTGTAGGCTACGAGTTTTTTGGCAACA,1,0
AGTGTAGGCTGTAAGATTTGGTACATCC,12,0
AGTGTAGGCTGTAAGGCGTGCATCAGCT,0,28
AGTGTAGGCTGTAAGGCTTGCATCATCT,0,1
AGTGTAGGCTGTGAGGGTTGTATCACTG,26,88
AGTGTAGGCTGTGAGGGTTTTATCACTT,0,1
AGTGTAGGCTGTGAGGTTTGTATCACTT,2,0
AGTGTAGGCTGTGAGGTTTTTATCACTG,0,1
AGTGTAGGCTTGTAGGCGTGTTGCAACG,1,0
AGTGTAGTCTAAGAGTCGTGCGGCAGGC,0,14
AGTGTAGTCTAAGAGTCGTTCGGCATGC,0,1
AGTGTAGTCTAAGAGTCGTTCGTCAGGC,0,1
AGTGTAGTCTAAGAGTCGTTCTTCATTC,0,1
AGTGTAGTCTAAGAGTCTTGCTTCATTC,0,2
AGTGTATACTTAGAGATCTGTGTCAGAG,38,29
AGTGTATACTTAGAGATCTGTGTCCGCG,1,0
AGTGTATACTTAGAGATCTTTTTCATAT,1,0
AGTGTCAACTAGCAGCTCTGGAGCAGAA,0,82
AGTGTCAACTAGCAGCTCTGTAGCATAA,0,1
AGTGTCAACTAGCAGCTCTGTATCAGAA,0,4
AGTGTCAACTAGCAGCTCTTTATCATAA,0,4
AGTGTCACCTATTAGTTTTGCTGCAGAA,55,0
AGTGTCACCTATTAGTTTTTCTGCCTCA,1,0
AGTGTCACCTATTAGTTTTTCTTCATAA,6,0
AGTGTCACCTATTAGTTTTTCTTCCGAA,1,0
AGTGTCACCTCCTAGTTATGATCCACGA,53,27
AGTGTCACCTCCTAGTTATGATCCCCGC,0,1
AGTGTCACCTCCTAGTTATTATCCACTA,4,1
AGTGTCACCTCCTAGTTTTTATCCACGA,1,0
AGTGTCACCTGAGAGAACTTCTCCATTT,1,0
AGTGTCAGCTGCGAGCCGTGGGGCAAAT,33,32
AGTGTCAGCTGCGAGCCGTGGGGCCCCT,2,0
AGTGTCAGCTGCGAGCCGTGGTTCAAAT,1,0
AGTGTCAGCTGCGAGCCGTGTTGCAAAT,2,1
AGTGTCAGCTGCGAGCCTTGGGTCAAAT,2,1
AGTGTCAGCTGCGAGCCTTTTTTCAAAT,1,2
AGTGTCAGCTGTAAGCGATGTCTCACAG,76,102
AGTGTCAGCTGTAAGCGATGTCTCCCCG,1,0
AGTGTCAGCTGTAAGCGATTTCTCACAT,2,2
AGTGTCAGCTGTAAGCTATGTCTCACAT,4,4
AGTGTCAGCTGTAAGCTATTTCTCAAAT,1,0
AGTGTCAGCTGTAAGCTATTTCTCACAG,2,1
AGTGTCATCAATTAGCCTTTCCACACTA,1,0
AGTGTCCACTGGAAGCCCTGGTGCATCG,0,33
AGTGTCCACTGGAAGCCCTGTTGCATCT,0,2
AGTGTCCACTGGAAGCCCTGTTTCATCG,0,1
AGTGTCCACTGGAAGCCCTTTTTCATCT,0,2
AGTGTCCCCTTGAAGTGGTGAGGCAGCC,0,30
AGTGTCCCCTTGAAGTGGTGATTCAGCC,0,1
AGTGTCCCCTTGAAGTGTTTATTCAGCC,0,2
AGTGTCCGCTATAAGGGATGTGGCAGGA,0,101
AGTGTCCGCTATAAGGGATGTGTCAGTA,0,5
AGTGTCCGCTATAAGGGATGTTGCCGGA,0,1
AGTGTCCGCTATAAGGTATGTGTCAGGA,0,3
AGTGTCCGCTATAAGGTATGTTGCATGA,0,2
AGTGTCCGCTATAAGGTATGTTTCAGTA,0,2
AGTGTCCGCTATAAGGTATTTTTCAGGA,0,1
AGTGTCCGCTATAAGGTATTTTTCATTA,0,5
AGTGTCCGCTTTCAGTGTTGCGCCAGAC,91,224
AGTGTCCGCTTTCAGTGTTGCGCCCGCC,3,5
AGTGTCCGCTTTCAGTGTTGCTCCATAC,2,4
AGTGTCCGCTTTCAGTGTTTCGCCATAC,2,1
AGTGTCCGCTTTCAGTGTTTCTCCAGAC,10,21
AGTGTCCGCTTTCAGTTTTGCTCCAGAC,0,1
AGTGTCCGCTTTCAGTTTTTCTCCATAC,0,11
AGTGTCCGCTTTCAGTTTTTCTCCCGCC,0,1
AGTGTCCTCTCGGAGGATTGGCCCATCC,1,0
AGTGTCCTCTCTTAGGAGTGTGGCAACC,84,0
AGTGTCCTCTCTTAGGAGTGTGGCCCCC,2,0
AGTGTCCTCTCTTAGGAGTGTTTCAGCC,1,0
AGTGTCCTCTCTTAGGAGTTTGTCAACC,2,0
AGTGTCCTCTCTTAGGATTGTTTCAACC,12,0
AGTGTCCTCTCTTAGGATTTTTTCACCC,1,0
AGTGTCCTCTGTCAGGACTGACCCAGAT,16,10
AGTGTCCTCTGTCAGGACTTACCCATCT,0,1
AGTGTCCTCTTGTAGCCATGTGGCACAA,0,1
AGTGTCGACTGAAAGTTATGCTCCAAAA,1,0
AGTGTCGACTGGTAGCCGTGCCGCATCA,55,24
AGTGTCGACTGGTAGCCGTGCCTCCTCA,1,0
AGTGTCGACTGGTAGCCTTTCCTCATCA,5,2
AGTGTCGACTTTCAGCCCTGAGCCAAGC,0,1
AGTGTCGCCTCCGAGGAATGGGTCATTT,0,20
AGTGTCGCCTCCGAGGAATGTTTCATTT,0,2
AGTGTCGCCTGTCAGACATGGCTCAGCT,0,1
AGTGTCGCCTGTCAGTGTTGGGTCAGCT,0,9
AGTGTCGCCTGTCAGTTTTTGTTCATCT,0,1
AGTGTCGGCTACCACTTCTTTTCCAGTT,1,0
AGTGTCGGCTACTAGATGTGAGTCATCT,0,28
AGTGTCGGCTACTAGATTTTATTCATCT,0,8
AGTGTCGGCTCATAGGCGAGATACCCTG,1,0
AGTGTCGGCTCATAGGCGTGATACACTG,33,0
AGTGTCGGCTCATAGGCGTTATACACTT,1,0
AGTGTCGGCTCATAGGCTTGATACACTT,2,0
AGTGTCGGCTCATAGGCTTTATACACTG,1,0
AGTGTCGGCTTGAAGGTTTGCGGCAGGG,56,13
AGTGTCGGCTTGAAGGTTTGCGGCCGGT,1,0
AGTGTCGGCTTGAAGGTTTGCGTCAGGT,1,0
AGTGTCGGCTTGAAGGTTTGCTGCAGTG,0,2
AGTGTCGGCTTGAAGGTTTGCTGCATGG,4,0
AGTGTCGGCTTGAAGGTTTGCTGCCGGG,1,0
AGTGTCGGCTTGAAGGTTTTCGTCAGGG,1,0
AGTGTCGGCTTGAAGGTTTTCTGCAGGG,1,0
AGTGTCGGCTTGAAGGTTTTCTGCAGTT,1,0
AGTGTCGGCTTGAAGGTTTTCTTCATTT,6,3
AGTGTCGTCTGCAAGAAGTGCTTCAGCA,0,1
AGTGTCGTCTGCAAGTACAGGGTCATCA,0,1
AGTGTCGTCTGCAAGTAGTGGGTCAGCA,0,50
AGTGTCGTCTGCAAGTAGTGTGTCATCA,0,2
AGTGTCGTCTGCAAGTAGTGTGTCCGCA,0,1
AGTGTCGTCTGCAAGTAGTTTTTCATCA,0,5
AGTGTCGTCTGCAAGTATTGGGTCATCA,0,1
AGTGTCGTCTGCAAGTATTGTGTCAGCA,0,1
AGTGTCGTCTGCAAGTATTGTTTCATCA,0,1
AGTGTCGTCTTTTAGTTTTTGAGCAGGC,11,0
AGTGTCGTCTTTTAGTTTTTGATCATGC,9,0
AGTGTCGTCTTTTAGTTTTTTAGCATGC,2,0
AGTGTCGTCTTTTAGTTTTTTATCATTC,2,0
AGTGTCTACAAATAGCGATTTTCCATTT,0,1
AGTGTCTACTGTTAGGCTTGCAGCATGC,0,7
AGTGTCTACTGTTAGGCTTGCATCATTC,0,3
AGTGTCTACTGTTAGGCTTTCAGCATTC,0,1
AGTGTCTACTGTTAGGCTTTCATCATGC,0,1
AGTGTCTGCTGTGAGAGCGGAGGCCCGC,0,1
AGTGTCTGCTGTGAGAGCTGAGGCAAGA,63,54
AGTGTCTGCTGTGAGAGCTGAGGCCCGA,2,5
AGTGTCTGCTGTGAGAGCTGATGCAATA,0,1
AGTGTCTGCTGTGAGAGCTGATTCAAGA,1,1
AGTGTCTGCTGTGAGAGCTTAGGCAATA,1,0
AGTGTCTGCTGTGAGAGCTTATTCAATA,2,3
AGTGTCTGCTGTGAGATCTGACGCAAGA,0,1
AGTGTCTGCTGTGAGATCTGAGTCAAGA,1,1
AGTGTCTGCTGTGAGATCTGAGTCCCGC,0,1
AGTGTCTGCTGTGAGATCTGATTCAATA,9,5
AGTGTCTGCTGTGAGATCTTAGTCAATA,1,1
AGTGTCTGCTGTGAGATCTTATTCAAGA,1,1
AGTGTCTTCTAGCAGAGATGACACAGAG,0,7
AGTGTCTTCTCGGAGGTATGGTGCATCA,15,25
AGTGTCTTCTCGGAGGTATGGTTCCTCA,0,1
AGTGTCTTCTCGGAGGTATGTTTCATCA,1,1
AGTGTCTTCTTGCAGTCGTGACTCAAGT,27,0
AGTGTCTTCTTGCAGTCTTGACTCAATT,3,0
AGTGTGAACTGGCAGGACTGGAACAGTT,0,32
AGTGTGAACTGGCAGGACTGTAACATTT,0,2
AGTGTGAACTGGCAGGACTGTAACCGTT,0,1
AGTGTGACCTGGTAGACATGCGTCATTC,1,0
AGTGTGAGCAAGGAGACTTGTGTCATTC,0,1
AGTGTGAGCTACAAGCATTGGCTCATAA,67,29
AGTGTGAGCTACAAGCATTGGCTCCTAC,0,1
AGTGTGAGCTACAAGCATTGGCTCCTCA,1,0
AGTGTGAGCTACAAGCATTGTCTCATCC,1,0
AGTGTGAGCTACAAGCATTTTCTCATAA,2,2
AGTGTGAGCTAGGAGACTAGTGTCATTC,0,1
AGTGTGAGCTAGGAGACTTGTGTCATGC,91,44
AGTGTGAGCTAGGAGACTTTTTTCATTC,7,1
AGTGTGAGCTGGTAGTCGTGGCGCAGAC,10,0
AGTGTGAGCTGGTAGTCGTGTCTCAGAC,1,0
AGTGTGAGCTGGTAGTCGTTTCTCATAC,1,0
AGTGTGAGCTGGTAGTCTTGTCTCATAC,2,0
AGTGTGAGCTTCAAGCATTGGCTCCTAA,0,1
AGTGTGATCTATTAGCCTTTCCACACTA,8,0
AGTGTGATCTGCGAGAACGGAAACCCCC,1,0
AGTGTGATCTGCGAGAACTGAAACACCC,845,451
AGTGTGATCTGCGAGAACTGAACCCCCC,0,1
AGTGTGATCTGCGAGAACTTAAACCCCC,1,1
AGTGTGATCTGCGAGGAATGGGCCAGAC,25,0
AGTGTGATCTGCGAGGAATGTGCCCGAC,1,0
AGTGTGATCTGCGAGGAATGTTCCAGAC,4,0
AGTGTGATCTGCGAGGAATTTGCCATAC,3,0
AGTGTGCACTCACAGAGCTGCGACACAA,26,25
AGTGTGCACTCACAGAGCTGCGACCCCC,0,1
AGTGTGCACTCACAGAGCTGCTACCCAA,1,1
AGTGTGCACTCACAGATCTGCTACACAA,4,2
AGTGTGCACTCACAGATCTTCGACACAA,1,0
AGTGTGCCCTGTGAGTCGTGCGACATCG,47,0
AGTGTGCCCTGTGAGTCGTGCTACATCT,2,0
AGTGTGCCCTGTGAGTCGTGCTACCTCG,1,0
AGTGTGCCCTGTGAGTCTTTCGACATCG,2,0
AGTGTGCCCTGTGAGTCTTTCTACATCT,1,0
AGTGTGGACTCAGAGGATTGGTCCAGGC,36,78
AGTGTGGACTCAGAGGATTGGTCCATTC,3,5
AGTGTGGACTCAGAGGATTGTTCCAGTC,0,1
AGTGTGGACTCAGAGGATTGTTCCCGGC,0,1
AGTGTGGACTCAGAGGATTTGTCCAGTC,0,1
AGTGTGGACTCAGAGGATTTTTCCATTC,4,0
AGTGTGGACTCTAAGCTCTGGGCCACAT,1,0
AGTGTGGCCTAACAGCTCTTCTTCATTT,1,0
AGTGTGGCCTAAGAGCGCTTCTTCATGT,1,0
AGTGTGGCCTCATAGACTTGCATCAGCC,70,0
AGTGTGGCCTCATAGACTTTCATCATCC,8,0
AGTGTGGGCTACCAATTCTGTGCCAGTG,1,0
AGTGTGGGCTACCAGTTCTGGGCCAGTG,33,15
AGTGTGGGCTACCAGTTCTGTTCCAGTG,2,1
AGTGTGGGCTACCAGTTCTTTGCCAGTT,1,0
AGTGTGGGCTACCAGTTCTTTTCCATTT,2,4
AGTGTGGGCTGGAAGTGATGACCCAGGG,14,22
AGTGTGGGCTGGAAGTGATGACCCAGTT,1,0
AGTGTGGGCTGGAAGTGATGACCCATTG,1,1
AGTGTGGGCTGGAAGTGATTACCCATGG,1,0
AGTGTGGGCTGGAAGTTATTACCCATTT,1,0
AGTGTGGGCTTGTAGTGGTGTATCAAGG,0,31
AGTGTGGGCTTGTAGTGGTGTATCAATT,0,1
AGTGTGGGCTTGTAGTGGTGTATCACGT,0,1
AGTGTGGGCTTGTAGTGGTGTCTCAGTA,9,72
AGTGTGGGCTTGTAGTGTTGTCTCATTA,1,2
AGTGTGGGCTTGTAGTTGTGTCTCATTA,0,2
AGTGTGGGCTTGTAGTTTTGTCTCAGTA,1,5
AGTGTGGGCTTGTAGTTTTTTATCAATT,0,2
AGTGTGGTCTGGGAGAACTGAATCACCC,1,0
AGTGTGGTCTGTGAGGGGTGTGTCACAT,0,1
AGTGTGTACTAATAGCGATGTGCCATTG,0,31
AGTGTGTACTAATAGCGATTTGCCATTT,0,1
AGTGTGTACTAATAGCTATTTTCCATTT,0,2
AGTGTGTACTTCGAGAGTTGGGGCACTG,26,0
AGTGTGTACTTCGAGAGTTGGTTCACTG,0,1
AGTGTGTACTTCGAGAGTTGTTGCACTG,2,0
AGTGTGTACTTCGAGAGTTTTTTCACTT,1,0
AGTGTGTACTTCGAGATTTTTTTCACTG,1,0
AGTGTGTACTTGCAGGGATGCCCCACCA,64,21
AGTGTGTACTTGCAGGGATGGCCCAGCA,1,0
AGTGTGTACTTGCAGGTATTCCCCACCA,8,0
AGTGTGTCCTAGTAGACCTGATGCACAT,1,0
AGTGTGTCCTTTTAGCCTTGGTTCAATT,0,1
AGTGTGTGCTATCAGGGAGGCTTCCGTA,0,1
AGTGTGTGCTATCAGGGATGCTTCAGTA,236,234
AGTGTGTGCTATCAGGGATGCTTCCGTC,2,1
AGTGTGTGCTATCAGGTATGCTTCATTA,0,1
AGTGTGTGCTATCAGGTATGCTTCCGTA,0,1
AGTGTGTGCTATCAGGTATTCTTCAGTA,1,2
AGTGTGTGCTATCAGTTATGCATCATTA,0,1
AGTGTGTGCTATCAGTTATGCTTCAGTA,0,1
AGTGTGTGCTATCAGTTATTCTTCATTA,0,1
AGTGTGTGCTTCTAGCGTTGTAGCAGGA,35,28
AGTGTGTGCTTCTAGCGTTGTAGCCGGC,1,0
AGTGTGTGCTTCTAGCGTTGTATCAGTA,2,2
AGTGTGTGCTTCTAGCGTTTTAGCATTA,0,1
AGTGTGTGCTTCTAGCTTTGTATCATGA,1,0
AGTGTGTGCTTCTAGCTTTGTATCCGGA,1,0
AGTGTGTGCTTCTAGCTTTTTATCAGGA,0,1
AGTGTGTGCTTCTAGCTTTTTATCATTA,1,3
AGTGTGTTCTACAAGTAGGGAGCCCCCC,1,0
AGTGTGTTCTACAAGTAGTGAGCCACCC,32,0
AGTGTGTTCTACAAGTAGTGATCCCCCC,1,0
AGTGTGTTCTACAAGTATTGATCCACCC,2,0
AGTGTGTTCTCGAAGGTCTGGTGCAGAA,9,0
AGTGTTAACTGTAAGTGCTGTGTCATGT,0,34
AGTGTTAACTGTAAGTGCTGTTTCATTT,0,1
AGTGTTAACTGTAAGTTCTGTGTCATTT,0,3
AGTGTTACCTCGAAGGCAGGTGTCCGGG,0,1
AGTGTTACCTCGAAGGCATGAGTCAGGG,0,56
AGTGTTACCTCGAAGGCATGAGTCATTG,0,3
AGTGTTACCTCGAAGGCATGATTCATGG,0,1
AGTGTTACCTCGAAGGCATGATTCATTT,0,2
AGTGTTAGCTACGAGATATGTCTCAACA,0,1
AGTGTTAGCTCGCAGAGGTGTAACAGCT,109,72
AGTGTTAGCTCGCAGAGGTTTAACATCT,1,1
AGTGTTAGCTCGCAGAGTTGTAACCGCT,1,0
AGTGTTAGCTCGCAGATGTGTAACATCT,3,2
AGTGTTAGCTCGCAGATTTGTAACAGCT,1,1
AGTGTTAGCTCGCAGATTTTTAACATCT,9,4
AGTGTTAGCTCTTAGAACTGGGCCAGGA,50,1
AGTGTTAGCTCTTAGAACTGGTCCAGTA,1,0
AGTGTTAGCTCTTAGAACTGTGCCAGTA,1,0
AGTGTTAGCTCTTAGAACTGTGCCATGA,1,0
AGTGTTAGCTCTTAGAACTGTGCCTGGA,1,0
AGTGTTAGCTCTTAGAACTGTTCCAGGA,3,0
AGTGTTAGCTCTTAGAACTGTTCCATTA,3,0
AGTGTTAGCTCTTAGAACTTTTCCATGA,1,0
AGTGTTATCTGATAGACCTGCAACAGAT,1,0
AGTGTTATCTGATAGACCTGGAACAGTT,19,0
AGTGTTATCTGATAGACCTTTAACATTT,1,0
AGTGTTCACTGGTAGGCATTCTACATAA,0,1
AGTGTTCACTTAAAGTTTTGGATCAGAG,0,22
AGTGTTCACTTAAAGTTTTGTATCAGAT,0,1
AGTGTTCACTTAAAGTTTTGTATCATAG,0,1
AGTGTTCACTTAAAGTTTTTGATCATAG,0,2
AGTGTTCACTTAAAGTTTTTTATCAGAG,0,1
AGTGTTCCCTTGTAGGTCTGTATCACTT,0,31
AGTGTTCGCTACCAGGGTTGGATCAGGG,14,0
AGTGTTCGCTACCAGGGTTGTATCAGGT,1,0
AGTGTTCGCTACCAGGGTTTTATCATTT,1,0
AGTGTTCGCTACCAGGTTTGGATCAGTT,1,0
AGTGTTCGCTGAGAGGGGTGTGCCATCA,0,45
AGTGTTCGCTGAGAGGGGTGTGCCCTCC,0,1
AGTGTTCGCTGAGAGGTTTGTTCCATCA,0,7
AGTGTTCGCTGAGAGGTTTTTGCCATCA,0,1
AGTGTTCTCTTCGAGGGATGCACCAAGA,3,1
AGTGTTGACTAACAGTGTTGTGTCATGC,11,44
AGTGTTGACTAACAGTGTTGTTTCATTC,0,1
AGTGTTGACTAACAGTGTTTTGTCATTC,0,1
AGTGTTGACTAACAGTGTTTTTTCATGC,1,0
AGTGTTGACTAACAGTTATGACTCATTC,0,1
AGTGTTGACTAACAGTTTTGTGTCATTC,0,1
AGTGTTGACTAACAGTTTTTTGTCATGC,1,1
AGTGTTGACTAACAGTTTTTTTTCATTC,1,0
AGTGTTGACTATGAGTCGTGGCGCATTA,25,0
AGTGTTGACTATGAGTCGTGTCTCATTA,3,0
AGTGTTGACTATGAGTCTTGGCGCCTTA,1,0
AGTGTTGACTGGTAGTACTGGGCCCACG,0,1
AGTGTTGACTGTGAGATCTGCTGCATAT,0,1
AGTGTTGCCTATGAGCGCGGGAACCCCT,1,0
AGTGTTGCCTATGAGCGCTGCAACACCA,1,0
AGTGTTGCCTATGAGCGCTGGAACACCT,489,302
AGTGTTGCCTATGAGCGCTTTAACACCT,12,1
AGTGTTGCCTATGAGCTCTGGAACCCCT,1,0
AGTGTTGCCTATGAGCTCTGTAACACCT,30,12
AGTGTTGCCTATGAGCTCTTGAACACCT,9,3
AGTGTTGCCTATGAGCTCTTTAACCCCT,1,0
AGTGTTGGCTTTCACAATTGAATCATGA,1,0
AGTGTTGGCTTTCAGAATTGAATCAGGA,19,0
AGTGTTGGCTTTCAGAATTGAATCATTA,5,0
AGTGTTGTCTACAAGTAATTCTTCACCT,0,1
AGTGTTGTCTACAAGTTATGCGGCACCT,74,58
AGTGTTGTCTACAAGTTATGCTTCACCT,11,10
AGTGTTGTCTACAAGTTATTCGTCACCT,0,1
AGTGTTGTCTACAAGTTATTCTGCACCT,1,0
AGTGTTGTCTACAAGTTATTCTTCCCCT,0,1
AGTGTTGTCTGCTAGTACTGTGCCAACG,1,0
AGTGTTGTCTGGCAGCACTGTTCCAATA,0,1
AGTGTTGTCTGGGAGCACTGTTCCAAGA,0,11
AGTGTTGTCTGGTAGTACTCTTCCCACG,0,1
AGTGTTGTCTGGTAGTACTGGGCCAACG,180,82
AGTGTTGTCTGGTAGTACTGGGCCCCCG,6,3
AGTGTTGTCTGGTAGTACTGGTCCAACT,3,1
AGTGTTGTCTGGTAGTACTGGTCCCACG,0,1
AGTGTTGTCTGGTAGTACTGTGCCAACT,1,1
AGTGTTGTCTGGTAGTACTGTGCCCCCT,1,0
AGTGTTGTCTGGTAGTACTGTTCCAACG,20,11
AGTGTTGTCTGGTAGTACTGTTCCCCCG,0,1
AGTGTTGTCTGGTAGTACTTGTCCAACG,1,0
AGTGTTGTCTGGTAGTACTTTGCCAACG,0,1
AGTGTTGTCTGGTAGTACTTTTCCAACT,8,5
AGTGTTTACTATGAGGAGTGTTGCATTA,28,0
AGTGTTTACTATGAGGAGTTTTTCATTA,1,0
AGTGTTTACTATGAGGATTGTTTCATTA,1,0
AGTGTTTCCTCAGAGCCATGGTGCAGGA,0,60
AGTGTTTCCTCAGAGCCATGGTGCATTA,0,2
AGTGTTTCCTCAGAGCCATGTTGCAGTA,0,1
AGTGTTTCCTCAGAGCCATGTTTCATGA,0,8
AGTGTTTCCTCAGAGCCATTGTGCAGTA,0,2
AGTGTTTCCTCAGAGCCATTGTGCATGA,0,1
AGTGTTTCCTCAGAGCCATTTTTCAGGA,0,1
AGTGTTTCCTCAGAGCCATTTTTCATTA,0,2
AGTGTTTCCTCAGATCCATTGTTCATTA,0,1
AGTGTTTCCTGGGAGTGGTGACACAGCG,0,22
AGTGTTTCCTGGGAGTGGTGACACATCT,0,1
AGTGTTTCCTGGGAGTGTTTACACAGCT,0,1
AGTGTTTGCTCCCAGGCATGCGGCAGGT,60,44
AGTGTTTGCTCCCAGGCATGCGTCCGGT,1,0
AGTGTTTGCTCCCAGGCATGCTGCAGTT,2,0
AGTGTTTGCTCCCAGGCATGCTGCCGGT,0,1
AGTGTTTGCTCCCAGGCATGCTTCATGT,0,4
AGTGTTTGCTCCCAGGCATTCGTCATGT,2,0
AGTGTTTGCTCCCAGGCATTCTGCAGGT,2,0
AGTGTTTGCTCCCAGGCATTCTTCATTT,2,8
AGTGTTTGCTTCGAGCCATGAACCATTA,0,1
AGTGTTTGCTTTGAGAGCTGATGCACAG,28,24
AGTGTTTGCTTTGAGAGCTGATTCACAT,1,0
AGTGTTTGCTTTGAGAGCTTATTCACAG,0,1
AGTGTTTGCTTTGAGATCTTATTCACAT,3,1
ATACTCCCCTGAGAGGCTTTTCCCAAGG,1,0
ATAGAAATCTTCAAGATATGTCACATTA,1,0
ATAGACCCCTGCGAGCTATGTCACATTT,1,0
ATAGAGTACTTAAAGAGGTGTCTCACTT,0,1
ATAGATGGCTCCGAGAGCTGGCGCCGGG,1,0
ATAGTAACCTGACAGTAAAGAGTCCTTA,0,1
ATAGTAACCTGACAGTTAGGAGTCCTTT,0,1
ATAGTAACCTGACAGTTATGAGTCATTT,148,112
ATAGTAACCTGACAGTTATTATTCATTT,4,2
ATAGTACCCTCTCAGCGTTGGGTCAGGA,0,13
ATAGTACCCTCTCAGCGTTGTGTCAGTA,0,1
ATAGTACCCTCTCAGCGTTTTTTCATTA,0,1
ATAGTACCCTCTCAGCTTTGGTTCATTA,0,1
ATAGTACTCTTGGAGGATTGTTTCAGAT,21,33
ATAGTACTCTTGGAGGATTTTTTCATAT,2,3
ATAGTAGACTTAAAGAAATGAGGCAACG,2,0
ATAGTAGACTTGGAGGGGTGGGACAATC,0,34
ATAGTAGACTTGGAGGGTTGTGACAATC,0,1
ATAGTAGACTTGGAGGTGTGGTACAATC,0,2
ATAGTAGACTTGGAGGTGTGTGACAATC,0,2
ATAGTAGACTTGGAGGTTTTTTACAATC,0,4
ATAGTAGCCTAGCAGCTTTGTTACACGT,0,1
ATAGTAGCCTTGAAGCGATGTAGCATCT,0,1
ATAGTAGCCTTGCAGCATTGATACACGG,0,1
ATAGTAGCCTTGCAGCGATGCTTCAACC,0,1
ATAGTAGCCTTGCAGCTATGATACACGG,1,0
ATAGTAGCCTTGCAGCTTAGTTACCCGG,0,2
ATAGTAGCCTTGCAGCTTTGATACACTG,1,0
ATAGTAGCCTTGCAGCTTTGTTACACGG,507,469
ATAGTAGCCTTGCAGCTTTGTTACACTT,49,34
ATAGTAGCCTTGCAGCTTTGTTACCCGT,3,1
ATAGTAGCCTTGCAGCTTTTTTACACGT,3,2
ATAGTAGCCTTGCAGCTTTTTTACACTG,8,5
ATAGTAGCCTTGCAGCTTTTTTACCCGG,1,0
ATAGTAGGCTATTAGACGTGTTTCATTT,24,77
ATAGTAGGCTATTAGACTTGATTCATTT,1,0
ATAGTAGGCTATTAGACTTTTTTCATTT,0,1
ATAGTAGGCTGAAAGTTGTGGGTCACAT,0,29
ATAGTAGGCTGAAAGTTGTGGGTCCCCT,0,1
ATAGTAGGCTGAAAGTTGTGTTTCACAT,0,1
ATAGTAGGCTGAAAGTTTTTTTTCACAT,0,1
ATAGTAGGCTTGAAGCAATGATTCACTT,1,0
ATAGTATAAACGTAGTATTTTCTCAATC,0,1
ATAGTATACTACTAGGTTTGATACATAC,0,1
ATAGTATACTCCGAGACTTTTTTCAAAT,1,0
ATAGTATTCTATAAGTGTTGCGACATCG,13,0
ATAGTCAGCTCCTAGGCGTGGATCACGC,53,0
ATAGTCAGCTCCTAGGCGTGTATCACTC,1,0
ATAGTCAGCTCCTAGGCGTGTCTCACGC,1,0
ATAGTCAGCTCCTAGGCGTTGATCCCGC,1,0
ATAGTCAGCTCCTAGGCGTTTATCACGC,1,0
ATAGTCAGCTCCTAGGCTTGGATCACTC,4,0
ATAGTCAGCTCCTAGGCTTGTATCACGC,1,0
ATAGTCCACTGGGAGGCATGAGGCACTC,1,0
ATAGTCCCCTGCGAGCTATGTCACATTG,62,0
ATAGTCCCCTGCGAGCTATTTCACATTT,1,0
ATAGTCCCCTTGAAGGGTTGGGTCATGC,71,80
ATAGTCCCCTTGAAGGGTTGTGTCATTC,3,0
ATAGTCCCCTTGAAGGGTTGTTTCATGC,1,1
ATAGTCCCCTTGAAGGGTTTGGTCCTGC,1,0
ATAGTCCCCTTGAAGGTTTGTGTCATGC,3,4
ATAGTCCCCTTGAAGGTTTTTTTCATTC,2,8
ATAGTCGACTCGTAGTGCTGCCGCATGC,0,76
ATAGTCGACTCGTAGTGCTGCCTCCTGC,0,1
ATAGTCGACTCGTAGTGCTTCCTCATGC,0,2
ATAGTCGACTCGTAGTTCTGCCTCATTC,0,6
ATAGTCGCCTTCCAGCGTTGACACAGCG,62,197
ATAGTCGCCTTCCAGCGTTGACACATCT,3,3
ATAGTCGCCTTCCAGCGTTGACACCTCG,0,1
ATAGTCGCCTTCCAGCGTTGACCCCGCG,1,0
ATAGTCGCCTTCCAGCGTTTACACAGCT,0,2
ATAGTCGCCTTCCAGCGTTTACACATCG,0,1
ATAGTCGCCTTCCAGCTATGCCCCAGCG,0,1
ATAGTCGCCTTCCAGCTTTGACACAGCT,0,1
ATAGTCGCCTTCCAGCTTTGACACATCG,3,13
ATAGTCGCCTTCCAGCTTTGACACCGCG,1,1
ATAGTCGCCTTCCAGCTTTTACACAGCG,0,1
ATAGTCGCCTTCCAGCTTTTACACATCT,2,2
ATAGTCGCCTTCGAGGCATTATTCACGC,1,0
ATAGTCGCCTTCGAGGCTAGTTGCCCGG,1,0
ATAGTCGCCTTCGAGGCTTGTGGCACGG,141,102
ATAGTCGCCTTCGAGGCTTGTGTCACGT,2,2
ATAGTCGCCTTCGAGGCTTGTGTCACTG,11,8
ATAGTCGCCTTCGAGGCTTGTGTCCCGG,1,0
ATAGTCGCCTTCGAGGCTTGTTGCACTG,1,1
ATAGTCGCCTTCGAGGCTTGTTTCACGG,1,1
ATAGTCGCCTTCGAGGCTTGTTTCACTT,8,8
ATAGTCGCCTTCGAGGCTTTTGGCACTG,1,0
ATAGTCGCCTTCGAGGCTTTTGTCACTT,0,1
ATAGTCGCCTTCGAGGCTTTTTTCACTG,1,1
ATAGTCGTCTGTGAGATGTGCTTCATTT,0,1
ATAGTCGTCTTCAAGGAGTGGATCATAT,64,0
ATAGTCGTCTTCAAGGAGTGGATCCTCT,1,0
ATAGTCGTCTTCAAGGATTGGATCCTAT,1,0
ATAGTCGTCTTCAAGGATTGTATCATAT,2,0
ATAGTCGTCTTCAAGGATTTGATCATAT,1,0
ATAGTCTACTTCCAGAAATGTCTCACGG,1,0
ATAGTCTACTTCCAGGGCTGGATCAAAG,61,0
ATAGTCTACTTCCAGGGCTGGATCCCAG,1,0
ATAGTCTACTTCCAGGGCTGTATCAAAT,1,0
ATAGTCTACTTCCAGGTCTGTATCAAAG,1,0
ATAGTCTACTTCCAGGTCTTTATCAAAT,3,0
ATAGTCTCCTACGAGTCGTTGGGCACCG,0,1
ATAGTCTTCTCCGAGGCATGGATCATAG,27,0
ATAGTCTTCTCCGAGGCATGGATCCTCG,1,0
ATAGTCTTCTCCGAGGCATTTATCATAT,1,0
ATAGTCTTCTGACAGTGTTGAGCCAATG,1,0
ATAGTCTTCTGACAGTGTTGTGACAATG,28,29
ATAGTCTTCTGACAGTGTTGTGACCCTG,2,2
ATAGTCTTCTGACAGTGTTGTTACAATT,3,4
ATAGTCTTCTGACAGTTTTGTGTCAATG,0,1
ATAGTGAACAGTCAGCGGTTTCTCACGA,1,0
ATAGTGACCTCTCAGGTGTGTGGCATGG,20,102
ATAGTGACCTCTCAGGTGTGTGTCATGT,1,1
ATAGTGACCTCTCAGGTGTGTGTCATTG,2,3
ATAGTGACCTCTCAGGTGTGTGTCCTGG,0,1
ATAGTGACCTCTCAGGTGTGTTGCATGT,0,2
ATAGTGACCTCTCAGGTGTGTTTCATGG,0,4
ATAGTGACCTCTCAGGTGTTTGTCATGG,0,1
ATAGTGACCTCTCAGGTGTTTTGCATTT,0,1
ATAGTGACCTCTCAGGTTTGTGGCATTG,0,1
ATAGTGACCTCTCAGGTTTGTGTCATTT,1,2
ATAGTGACCTCTCAGGTTTTTTTCATTT,0,7
ATAGTGACCTTTGAGAATTGCGTCCGTA,1,0
ATAGTGCACTGACAGGAATGTGCCATGG,7,22
ATAGTGCACTGACAGGAATGTGCCCTTG,0,1
ATAGTGCACTGACAGGAATGTTCCATTT,1,3
ATAGTGCACTGACAGGAATTTGCCATTG,1,0
ATAGTGCACTGCGAGTGAAGAGTCAGTG,0,1
ATAGTGCACTGCGAGTGATGAGGCAGTG,0,49
ATAGTGCACTGCGAGTGATGAGTCATTG,0,2
ATAGTGCACTGCGAGTGATGATTCAGTG,0,4
ATAGTGCACTGCGAGTGATTAGTCAGTG,0,1
ATAGTGCACTGCGAGTGATTATTCCGTG,0,1
ATAGTGCACTGCGAGTTATTATTCATTG,0,2
ATAGTGCACTGTCAGGAATGTGCCCTGG,1,0
ATAGTGCTCTAGTAGTTCTGAGTCAAGG,3,4
ATAGTGCTCTAGTAGTTCTGAGTCAATT,2,1
ATAGTGCTCTGAGAGATCTTGTTCATAA,0,1
ATAGTGGACTATGAGTTATGATTCAAAT,0,1
ATAGTGGACTCTTAGAATTGAAGCAAGG,49,30
ATAGTGGACTCTTAGAATTGAAGCCCGG,2,0
ATAGTGGACTCTTAGAATTGAATCAAGT,2,0
ATAGTGGACTCTTAGAATTGAATCCCGT,0,1
ATAGTGGACTCTTAGAATTTAAGCACGG,1,0
ATAGTGGACTCTTAGAATTTAATCAAGG,1,0
ATAGTGGACTCTTAGAATTTAATCAATT,2,1
ATAGTGGCCTAGTAGGATTTAGACATGA,0,1
ATAGTGGCCTGGAAGAGCTGGTCCACTG,1,0
ATAGTGGCCTGTCAGTGATGCTCCACAT,43,31
ATAGTGGCCTGTCAGTGATGCTCCCCCT,0,1
ATAGTGGCCTGTCAGTTATTCTCCACAT,2,1
ATAGTGGGCTAGTAGGTATTACTCATTC,0,1
ATAGTGGGCTCGCAGTTTTGTAACATGG,31,0
ATAGTGGGCTCGCAGTTTTTTAACATTT,2,0
ATAGTGGGCTTCTAGGGTTGGTTCAAGT,30,0
ATAGTGGGCTTCTAGGGTTTTTTCAAGT,1,0
ATAGTGGGCTTCTAGGTTTGGTTCAATT,1,0
ATAGTGGGCTTCTAGGTTTGTTTCAAGT,1,0
ATAGTGGTCTTGTAGCCATGTAACATAA,0,1
ATAGTGTACTTATAGAGGTGTCTCACGT,26,69
ATAGTGTACTTATAGAGGTTTCTCACTT,1,0
ATAGTGTACTTATAGAGTTGTCTCACTT,0,1
ATAGTGTACTTATAGAGTTGTCTCCCGT,0,1
ATAGTGTACTTATAGATGTGTCTCACTT,1,0
ATAGTGTACTTATAGATTTGTCTCACGT,0,8
ATAGTGTACTTATAGATTTTTCTCACTT,0,3
ATAGTGTCCTCAGAGTTATGTCTCACCA,0,1
ATAGTGTCCTCCGAGTATTGTAACAAGG,0,30
ATAGTGTCCTCCGAGTATTTTAACAATT,0,4
ATAGTGTCCTCCGAGTATTTTAACACTG,0,1
ATAGTGTCCTTGCAGCTTTGTAACACGC,0,1
ATAGTTAACTTAAAGTTCTGTTACATTA,1,0
ATAGTTACCAGCAAGTTCTTTAACACCC,0,1
ATAGTTACCTAGAAGAACAGAAGCAGTG,1,0
ATAGTTACCTAGAAGAACTGAAGCAGGG,526,386
ATAGTTACCTAGAAGAACTGAAGCAGTT,4,8
ATAGTTACCTAGAAGAACTGAAGCATGT,6,2
ATAGTTACCTAGAAGAACTGAAGCATTG,10,8
ATAGTTACCTAGAAGAACTGAAGCCGGT,1,2
ATAGTTACCTAGAAGAACTGAAGCCGTG,2,0
ATAGTTACCTAGAAGAACTGAATCAGGT,1,1
ATAGTTACCTAGAAGAACTGAATCAGTG,25,29
ATAGTTACCTAGAAGAACTGAATCATGG,4,1
ATAGTTACCTAGAAGAACTGAATCCGGG,5,1
ATAGTTACCTAGAAGAACTGAATCCGTT,1,0
ATAGTTACCTAGAAGAACTGATGCAGTG,1,0
ATAGTTACCTAGAAGAACTTAAGCAGTG,2,0
ATAGTTACCTAGAAGAACTTAAGCATGG,0,1
ATAGTTACCTAGAAGAACTTAATCAGGG,2,1
ATAGTTACCTAGAAGAACTTAATCATTT,19,24
ATAGTTATCTCACAGTTTTGGCGCACAC,36,0
ATAGTTATCTCACAGTTTTGTCTCACAC,6,0
ATAGTTATCTCACAGTTTTTTCGCCCCC,1,0
ATAGTTATCTCACAGTTTTTTCTCACCC,1,0
ATAGTTCACTATGAGGGGAGTGTCATGG,0,1
ATAGTTCACTATGAGGGGTGGGGCATGG,30,24
ATAGTTCACTATGAGGGGTGGTGCATTG,1,0
ATAGTTCACTATGAGGGGTGTGGCATTG,1,1
ATAGTTCACTATGAGGGGTTTTTCATTT,0,1
ATAGTTCACTATGAGGGTTGTGTCATGT,1,0
ATAGTTCACTATGAGGTGTGGTGCATGG,0,1
ATAGTTCACTATGAGGTGTGGTTCCTGG,1,0
ATAGTTCACTATGAGGTGTGTGTCATGG,0,1
ATAGTTCACTATGAGGTGTGTTTCATGT,0,1
ATAGTTCACTATGAGGTTTGGGGCATTG,2,1
ATAGTTCACTATGAGGTTTGGTTCATGG,1,0
ATAGTTCACTATGAGGTTTGTTGCATTT,0,1
ATAGTTCACTATGAGGTTTGTTTCATTG,0,1
ATAGTTCACTATGAGGTTTTTTTCATTT,7,1
ATAGTTCGCTAACAGTTGTGAGGCATGA,28,0
ATAGTTCGCTAACAGTTGTGAGTCATTA,1,0
ATAGTTCGCTAACAGTTGTGATTCATGA,2,0
ATAGTTCGCTATTAGCGGTGAATCACGC,0,1
ATAGTTCGCTATTAGCGGTGCAGCACGC,53,175
ATAGTTCGCTATTAGCGGTGCATCACTC,0,9
ATAGTTCGCTATTAGCGGTGCATCTCGC,0,1
ATAGTTCGCTATTAGCGGTTCAGCACTC,1,0
ATAGTTCGCTATTAGCGTTGCATCACGC,1,2
ATAGTTCGCTATTAGCGTTTCAGCACGC,0,1
ATAGTTCGCTATTAGCTGTGCATCACGC,0,4
ATAGTTCGCTATTAGCTGTTCAGCACGC,1,1
ATAGTTCGCTATTAGCTTTGCAGCACTC,8,12
ATAGTTCGCTATTAGCTTTTCATCACTC,5,12
ATAGTTGACTTACAGCTAGGGTACCTAG,1,0
ATAGTTGACTTACAGCTATGGTACATAG,21,0
ATAGTTGACTTACAGCTATGTTACATAT,2,0
ATAGTTGCCTGATAGAACTGCTTCAATT,0,59
ATAGTTGCCTGATAGAACTGCTTCCCTT,0,2
ATAGTTGCCTGCGAGGCTTGAGTCATCG,32,4
ATAGTTGCCTGCGAGGCTTGATTCATCT,1,0
ATAGTTGCCTGCGAGGCTTTAGTCATCT,3,0
ATAGTTGCCTTCCAGCTGTGACACAGGT,1,0
ATAGTTGCCTTGAACGTATGTATCATCT,1,0
ATAGTTGCCTTGAAGGGAGGGAGCCTCT,0,1
ATAGTTGCCTTGAAGGGATGGAGCATCT,213,95
ATAGTTGCCTTGAAGGGATGTAGCCTCT,1,0
ATAGTTGCCTTGAAGGGATGTATCATCT,15,4
ATAGTTGCCTTGAAGGGATTGATCATCT,1,1
ATAGTTGCCTTGAAGGGATTTAGCATCT,0,1
ATAGTTGCCTTGAAGGTATGGATCATCT,4,0
ATAGTTGCCTTGAAGGTATGTAGCATCT,4,2
ATAGTTGCCTTGAAGGTATTGAGCATCT,0,1
ATAGTTGCCTTGAAGGTATTTATCATCT,5,1
ATAGTTGGCTCACAGGACTGCGTCACGA,61,71
ATAGTTGGCTCACAGGACTTCTTCACTA,6,5
ATAGTTGGCTCCGAGAGCTCGCTCAGGG,1,0
ATAGTTGGCTCCGAGAGCTGGCGCAGGG,46,0
ATAGTTGGCTCCGAGAGCTGGCTCAGTT,1,0
ATAGTTGGCTCCGAGAGCTGTCGCAGTG,3,0
ATAGTTGGCTCCGAGAGCTGTCTCATGG,3,0
ATAGTTGGCTCCGAGAGCTGTCTCATTT,1,0
ATAGTTGGCTCCGAGAGCTTGCGCATGG,2,0
ATAGTTGGCTCCGAGAGCTTGCTCAGTG,1,0
ATAGTTGGCTCCGAGAGCTTTCGCAGGG,1,0
ATAGTTGGCTCCGAGAGCTTTCTCAGGT,1,0
ATAGTTGGCTCCGAGATCTGGCTCATGG,2,0
ATAGTTGGCTCCGAGATCTGTCTCATTG,1,0
ATAGTTGGCTCCGAGATCTTTCTCATTT,3,0
ATAGTTGGCTCGAAGTACTGGTTCAACG,27,126
ATAGTTGGCTCGAAGTACTGTTTCAACT,2,12
ATAGTTGGCTCGAAGTACTGTTTCCCCG,1,4
ATAGTTGGCTCGAAGTACTTGTTCAACT,0,1
ATAGTTGGCTTCAAGGGTTGCTGCACCG,20,21
ATAGTTGGCTTCAAGGGTTTCTGCACCT,1,2
ATAGTTGGCTTCAAGGTTTGCTTCACCG,0,1
ATAGTTGGCTTCAAGGTTTTCTTCACCT,0,1
ATAGTTGGCTTCCAGCATTGATTCACCC,1,0
ATAGTTGTCTGGAAGATATGCGGCAGTA,0,21
ATAGTTGTCTGGAAGATATTCTTCAGTA,0,4
ATAGTTTCCTGCAAGTGCTGGAACACCC,27,35
ATAGTTTCCTGCAAGTGCTTTAACACCC,3,0
ATAGTTTGCTCCGAGTAATGAGCCACTT,84,93
ATAGTTTGCTCCGAGTAATGATCCCCTT,0,1
ATAGTTTGCTCCGAGTAATTAGCCCCTT,0,1
ATAGTTTGCTCCGAGTAATTATCCACTT,6,4
ATAGTTTTCTTAAAGGGCTGAGTCAGGT,28,27
ATAGTTTTCTTAAAGGGCTGATTCAGTT,1,0
ATAGTTTTCTTAAAGGGCTGATTCATGT,1,0
ATAGTTTTCTTAAAGGTCTGAGTCAGTT,1,1
ATAGTTTTCTTAAAGGTCTGAGTCATGT,1,3
ATAGTTTTCTTAAAGGTCTTATTCATTT,1,2
ATCATAGTCAATAAGCCCTGGATCATCC,0,32
ATCATAGTCAATAAGCCCTTTATCATCC,0,2
ATCCTCACCAGACAGATTTTCGTCAAGA,1,0
ATCCTGTCCAGACAGAGGTGCGGCAAGA,0,1
ATCGAACTCTACAAGATGTTATCCAAAA,0,1
ATCGAAGTCTCGTAGGGTTTCCTCCTTT,1,0
ATCGAGAACTACGAGGTATGTTCCAATG,0,1
ATCGAGCACTCTAAGGTTTTTATCATGT,1,0
ATCGAGTACTGTAAGGACTGGCTCACAC,0,1
ATCGAGTCCTCTGAGTTATTTCTCACCA,1,0
ATCGAGTCCTTGCAGGTGTGGCGCAGGC,0,1
ATCGATATCTCGCAGCGGTCTTCCAATT,0,1
ATCGTAAACTGGGAGTGGTGTAACACCA,0,68
ATCGTAAACTGGGAGTGTTGTAACCCCA,0,2
ATCGTAAACTGGGAGTTTTTTAACACCA,0,3
ATCGTAACCTGAGAGCACTGAAACAAAA,1,0
ATCGTAACCTGAGAGCAGTGTAACAAAA,39,0
ATCGTAACCTGAGAGCAGTGTAACCCAA,2,0
ATCGTAACCTGAGAGCATTTTAACAAAA,1,0
ATCGTAAGCTATAAGGTCTGGACCATAC,0,1
ATCGTAAGCTATAAGGTGTCTACCCTTC,0,1
ATCGTAAGCTATAAGGTGTGGACCATTC,0,57
ATCGTAAGCTATAAGGTGTTTACCATTC,0,1
ATCGTAAGCTATAAGGTTTGTACCATTC,0,5
ATCGTAATCTGCAAGTGCTGTTACAATT,0,1
ATCGTACCCTCGCAGGTATGTCGCATTG,24,48
ATCGTACCCTCGCAGGTATGTCTCATTT,1,4
ATCGTACCCTCGCAGGTATTTCTCATTG,0,1
ATCGTACGCTTATAGTTATGAGCCATTA,39,0
ATCGTACGCTTATAGTTATGATCCCTTA,1,0
ATCGTACGCTTATAGTTATTATCCATTA,3,0
ATCGTACGCTTCTAGGCGTGTCACATTA,0,18
ATCGTACGCTTCTAGGCTTTTCACATTA,0,2
ATCGTACGCTTTCAGTGGTGGCCCATGT,7,6
ATCGTACTCTACAAGATGTGAGCCAAAA,42,110
ATCGTACTCTACAAGATGTGAGCCACAC,0,1
ATCGTACTCTACAAGATGTGAGCCCCCC,0,1
ATCGTACTCTACAAGATTTGAGCCCCAA,0,1
ATCGTACTCTACAAGATTTTATCCAAAA,2,5
ATCGTAGACTTTCAGATCTGACCCATAT,0,1
ATCGTAGACTTTCAGTTGTGACCCATAT,0,1
ATCGTAGCCTAAGAGCTTTGGCGCAAGG,23,0
ATCGTAGCCTAAGAGCTTTGGCGCAATT,1,0
ATCGTAGCCTAAGAGCTTTGGCTCAAGT,1,0
ATCGTAGCCTAAGAGCTTTGTCTCAATG,5,0
ATCGTAGCCTAAGAGCTTTTTCTCAATT,2,0
ATCGTAGCCTGATAGTCGTGGCGCATGA,59,24
ATCGTAGCCTGATAGTCGTGTCGCCTGA,1,0
ATCGTAGCCTGATAGTCGTGTCTCATTA,1,1
ATCGTAGCCTGATAGTCGTTTCGCATGA,2,1
ATCGTAGCCTGATAGTCTTGTCTCATGA,11,4
ATCGTAGCCTGATAGTCTTTGCTCATGA,1,0
ATCGTAGCCTGATAGTCTTTTCTCATTA,4,1
ATCGTAGGCTGTTAGTAATGTAACATTA,0,1
ATCGTAGGCTGTTAGTAATGTATCAATA,1,0
ATCGTAGGCTGTTAGTATTGTATCATGA,343,291
ATCGTAGGCTGTTAGTATTGTATCCTGC,1,3
ATCGTAGGCTGTTAGTATTTTATCATTA,16,7
ATCGTAGGCTGTTAGTATTTTATCCTTC,1,0
ATCGTAGTCTCGTAGGGTTGCCGCATTT,42,27
ATCGTAGTCTCGTAGGTTTGCCGCCTTT,1,0
ATCGTAGTCTCGTAGGTTTTCCTCATTT,3,3
ATCGTATACTAAAAGGGTTGTGCCAACC,7,0
ATCGTATACTAAAAGGTTTGTTCCAACC,1,0
ATCGTATACTGGAAGTGGTTTTACAATT,1,0
ATCGTATCCTACCAGTTCTGTTCCACCA,0,27
ATCGTATCCTACCAGTTCTTATCCACCA,0,1
ATCGTATCCTCAGAGTGTTGCTCCATCA,1,0
ATCGTATGCTCAGAGTCGTGCTCCAACA,0,1
ATCGTATGCTCAGAGTGGTGCTCCATCA,117,314
ATCGTATGCTCAGAGTGGTGCTCCCTCC,0,3
ATCGTATGCTCAGAGTTTTGCTCCCTCA,0,2
ATCGTATGCTCAGAGTTTTTCTCCATCA,6,22
ATCGTATGCTCATAGTCGTGCTCCAACC,0,1
ATCGTATGCTTAAAGACGTGCGACAAAG,7,146
ATCGTATGCTTAAAGACGTGCGACCCAG,1,1
ATCGTATGCTTAAAGACGTGCTACAAAT,0,5
ATCGTATGCTTAAAGACTTGCGACAAAT,1,1
ATCGTATGCTTAAAGACTTGCTACAAAG,1,3
ATCGTATGCTTAAAGACTTTCGACAAAG,0,4
ATCGTATGCTTAAAGACTTTCTACAAAT,0,13
ATCGTATGCTTACAGAACTGGTTCACGA,0,1
ATCGTATGCTTACAGATCTGGTGCACGA,0,64
ATCGTATGCTTACAGATCTGGTGCACTT,0,1
ATCGTATGCTTACAGATCTGTTTCCCGA,0,1
ATCGTATGCTTACAGATCTTGTGCACTA,0,2
ATCGTATGCTTACAGATCTTGTTCACGA,0,1
ATCGTATGCTTACAGATCTTTTTCACTA,0,6
ATCGTATTCTGTAAGTACTGTTACATTC,0,1
ATCGTCAACTACAAGGTCTGCACCAAGC,162,42
ATCGTCAACTACAAGGTCTGCACCCCGC,9,0
ATCGTCAACTACAAGGTCTTCACCAATC,12,6
ATCGTCAGCTGGGAGGCATCTTCCAAGA,0,1
ATCGTCAGCTGGGAGGCATGTGCCAAGA,0,25
ATCGTCAGCTGGGAGGCATGTGCCCCGC,0,1
ATCGTCAGCTGGGAGGCATGTTCCAATA,0,2
ATCGTCAGCTGGGAGGCGTGTTCCAAGA,0,1
ATCGTCATCTCACAGTATTGTCCCATTG,0,1
ATCGTCATCTGTGAGGCCTGGCCCACTA,4,0
ATCGTCATCTTAAAGTAGTGCACCAGTC,0,21
ATCGTCATCTTAAAGTAGTTCACCATTC,0,2
ATCGTCATCTTAAAGTATTGCACCATTC,0,1
ATCGTCATCTTAAAGTATTTCACCAGTC,0,1
ATCGTCCACTCCTAGGTTTTTTGCAGTA,0,1
ATCGTCCACTGAGAGATCTTTTTCATAA,0,1
ATCGTCCACTGGTAGCATTGGTTCAGAA,1,0
ATCGTCCACTGGTAGGATTGGAGCAGTA,1,0
ATCGTCCACTGGTAGGTTTCGTGCCGTA,0,1
ATCGTCCACTGGTAGGTTTGGTGCAGTA,126,216
ATCGTCCACTGGTAGGTTTGGTGCCGTC,1,1
ATCGTCCACTGGTAGGTTTGGTGCGTTA,0,1
ATCGTCCACTGGTAGGTTTGGTTCATTA,0,2
ATCGTCCACTGGTAGGTTTGTTGCATTA,0,2
ATCGTCCACTGGTAGGTTTGTTGCCGTA,1,2
ATCGTCCACTGGTAGGTTTGTTTCAGTA,2,2
ATCGTCCACTGGTAGGTTTTGTGCATTA,0,2
ATCGTCCACTGGTAGGTTTTGTTCAGTA,0,1
ATCGTCCACTGGTAGGTTTTTTGCAGTA,0,2
ATCGTCCACTGGTAGGTTTTTTTCATTA,6,14
ATCGTCCACTGGTAGGTTTTTTTCCGTA,1,0
ATCGTCCCCTGAAAGTTTTGTTTCACCG,29,49
ATCGTCCCCTGAAAGTTTTTTTTCACCT,0,2
ATCGTCCTCTGTTAGACATGGGGCAAGC,24,0
ATCGTCCTCTGTTAGACATGGTTCAATC,4,0
ATCGTCCTCTGTTAGACATGTGTCAATC,1,0
ATCGTCCTCTGTTAGACATTGGTCCCGC,1,0
ATCGTCCTCTGTTAGACATTTTTCAATC,5,0
ATCGTCCTCTTAGAGAAATGAACCAACA,0,1
ATCGTCCTCTTCGAGAATTGTTGCAAGT,0,57
ATCGTCCTCTTCGAGAATTGTTTCAATT,0,2
ATCGTCCTCTTCGAGAATTGTTTCCCGT,0,1
ATCGTCGACAAGAAGCCCTGTTTCATCC,0,1
ATCGTCGACTACGAGTCATGTGTCACCG,0,44
ATCGTCGACTAGAAGCCCTGGTTCATCC,0,62
ATCGTCGACTAGAAGCCCTGTTTCCTCC,0,2
ATCGTCGACTAGAAGCCCTTTTTCATCC,0,3
ATCGTCGCCTCAGAGAGATGCTACATAT,0,1
ATCGTCGCCTCAGAGCGTTGGTACAGAG,216,143
ATCGTCGCCTCAGAGCGTTGGTACATAT,3,3
ATCGTCGCCTCAGAGCGTTGGTACATCG,0,1
ATCGTCGCCTCAGAGCGTTGGTACCGAT,1,0
ATCGTCGCCTCAGAGCGTTGGTACCGCG,2,2
ATCGTCGCCTCAGAGCGTTGTTACAGAT,0,1
ATCGTCGCCTCAGAGCGTTGTTACAGCG,0,1
ATCGTCGCCTCAGAGCGTTGTTACATAG,10,6
ATCGTCGCCTCAGAGCGTTTGTACAGAT,1,0
ATCGTCGCCTCAGAGCGTTTGTACATAG,0,1
ATCGTCGCCTCAGAGCGTTTTTACAGAG,2,3
ATCGTCGCCTCAGAGCTTTGGTACAGCG,1,0
ATCGTCGCCTCAGAGCTTTGGTACATAG,1,2
ATCGTCGCCTCAGAGCTTTGGTACCGAG,0,1
ATCGTCGCCTCAGAGCTTTGTTACAGAG,3,2
ATCGTCGCCTCAGAGCTTTTGTACAGAG,1,1
ATCGTCGCCTCAGAGCTTTTTTACATAT,10,6
ATCGTCGCCTCAGATCTTGGTTACCTCT,1,0
ATCGTCGGCTCCGAGGACTGCGACAGAG,0,25
ATCGTCGGCTCCGAGGACTGCTACCGAG,0,1
ATCGTCGGCTCCGAGGACTTCGACAGAT,0,2
ATCGTCGGCTCCGAGGACTTCGCCAGAG,0,1
ATCGTCGGCTCCGAGGACTTCTACAGAG,0,2
ATCGTCGTCTGAGAGGAGTTCATCATTC,0,1
ATCGTCGTCTGAGAGGCGTGCAGCATTC,43,170
ATCGTCGTCTGAGAGGCGTGCATCCTTC,1,0
ATCGTCGTCTGAGAGGCTTTCATCATTC,4,29
ATCGTCGTCTGAGATGCGTGCATCATTC,1,0
ATCGTCTACTAAAAGGAGTGGGGCAGAC,33,0
ATCGTCTACTAAAAGGAGTGTGGCAGCC,1,0
ATCGTCTACTAAAAGGAGTGTTTCAGAC,6,0
ATCGTCTACTAAAAGGAGTTTGGCAGAC,1,0
ATCGTCTACTAAAAGGATTGTTTCATAC,1,0
ATCGTCTACTAACAGAGATGCTTCATAT,20,25
ATCGTCTACTAACAGATATGCTTCCTAT,0,1
ATCGTCTACTCACAGCTGTGAGACACAC,1,0
ATCGTCTACTGCGAGTTATGGTACATTC,7,0
ATCGTCTTCTCGAAGACCTTTTTCACCA,1,0
ATCGTCTTCTCGTAGACCCTGGGCACCA,1,0
ATCGTCTTCTCGTAGACCTGGGGCACCA,107,35
ATCGTCTTCTCGTAGACCTGGGGCCCCC,3,0
ATCGTCTTCTCGTAGACCTGTTTCACCA,12,11
ATCGTCTTCTCGTAGACCTTGTGCACCA,4,1
ATCGTCTTCTCGTAGACCTTTTTCCCCA,2,0
ATCGTCTTCTGGCAGGCGTGAGCCAAGT,0,31
ATCGTCTTCTGGCAGGCGTGAGCCCCGT,0,1
ATCGTCTTCTGGCAGGCGTGATCCAATT,0,2
ATCGTCTTCTGGCAGGCTTGAGCCAATT,0,3
ATCGTCTTCTGGCAGGCTTTATCCAATT,0,3
ATCGTGAACTGAGAGATATGTTTCATAA,0,1
ATCGTGACCTGGCAGTATTGGGCCACTA,0,30
ATCGTGACCTGGCAGTATTGGGCCCCTC,0,1
ATCGTGACCTGGCAGTATTGTTCCACTA,0,7
ATCGTGACCTGGCAGTATTTGTCCACTA,0,3
ATCGTGATCTGTCAGTTGTGGTGCATAT,0,71
ATCGTGATCTGTCAGTTGTGGTGCCTCT,0,1
ATCGTGATCTGTCAGTTGTGTTTCATAT,0,3
ATCGTGATCTGTCAGTTGTTGTTCATAT,0,1
ATCGTGATCTGTCAGTTTTGGTTCATAT,0,1
ATCGTGATCTGTCAGTTTTGTTGCATAT,0,1
ATCGTGATCTGTCAGTTTTGTTTCATCT,0,1
ATCGTGATCTGTCAGTTTTTGTGCATAT,0,1
ATCGTGATCTGTCAGTTTTTTTTCATAT,0,2
ATCGTGCACAGAGAGATCTTTTTCCTAA,0,1
ATCGTGCACTAATAGTACTGAGTCAAGG,17,69
ATCGTGCACTAATAGTACTGAGTCAATT,1,2
ATCGTGCACTAATAGTACTGAGTCCCGT,1,0
ATCGTGCACTAATAGTACTTAGTCAATG,0,1
ATCGTGCACTAATAGTACTTATTCAATT,2,8
ATCGTGCACTGAGAGATCTGGGGCATAA,190,404
ATCGTGCACTGAGAGATCTGGGGCCTCA,3,2
ATCGTGCACTGAGAGATCTGGGTCATCA,0,1
ATCGTGCACTGAGAGATCTGGTTCCTAA,1,2
ATCGTGCACTGAGAGATCTGTGGCATAC,0,1
ATCGTGCACTGAGAGATCTGTGGCATCA,1,0
ATCGTGCACTGAGAGATCTGTGTCAAAA,0,1
ATCGTGCACTGAGAGATCTGTGTCCTAA,0,4
ATCGTGCACTGAGAGATCTGTTTCATAA,38,86
ATCGTGCACTGAGAGATCTTGTTCATAA,4,2
ATCGTGCACTGAGAGATCTTTGTCATAA,1,5
ATCGTGCACTGAGAGATCTTTTGCATAA,0,2
ATCGTGCACTGAGAGATCTTTTTCATCC,1,0
ATCGTGCACTGGGAGCGTTGTGGCAAGA,0,36
ATCGTGCACTGGGAGCGTTGTGTCCCGA,0,1
ATCGTGCACTGGGAGCTTTGTGTCAAGA,0,1
ATCGTGCACTGGGAGCTTTTTGGCAAGA,0,2
ATCGTGCACTGGGAGCTTTTTTTCAATA,0,4
ATCGTGCACTGTGAGCTTTGTGTCAACA,0,1
ATCGTGCGCTATGAGCTATGGGGCACCA,6,0
ATCGTGCGCTATGAGCTATGTTTCACCA,2,0
ATCGTGCGCTGTAAGTTATGCGACCTTT,1,0
ATCGTGGACTTTTAGGGGTGGAGCAAGG,0,25
ATCGTGGACTTTTAGGGGTGGAGCCCGG,0,1
ATCGTGGACTTTTAGGGGTTGAGCCAGG,0,1
ATCGTGGACTTTTAGGGTTGGAGCAATG,0,3
ATCGTGGACTTTTAGGGTTGGATCAAGG,0,1
ATCGTGGACTTTTAGGTGTGGATCAAGG,0,2
ATCGTGGACTTTTAGGTTTTGATCAATT,0,2
ATCGTGGAGTTTTAGGGTTGGAGCAAGG,0,1
ATCGTGGCCTGGCAGGGATGTTACATCC,34,4
ATCGTGGCCTGGCAGGTATTTTACATCC,2,0
ATCGTGGCCTTTAAGGTATGTTTCAATT,41,83
ATCGTGGCCTTTAAGGTATGTTTCCCTT,0,1
ATCGTGGCCTTTAAGTTATTTTTCAATT,1,0
ATCGTGGGCTATAAGTACTGATTCACTA,0,1
ATCGTGGGCTATAAGTTCGGTGTCCCTA,0,1
ATCGTGGGCTATAAGTTCTGTGTCACTA,70,91
ATCGTGGGCTATAAGTTCTGTGTCCCTC,0,2
ATCGTGGGCTATAAGTTCTGTTTCCCTA,1,1
ATCGTGGGCTATAAGTTCTTTTTCACTA,2,4
ATCGTGGGCTCTGAGCCATGATCCACCT,0,1
ATCGTGGGCTGAAAGGTATGAACCACCA,0,33
ATCGTGGTCTCGGAGGTTTGTGACAGTA,0,29
ATCGTGGTCTCGGAGGTTTTTTACATTA,0,1
ATCGTGGTCTGTTAGATGTGCCGCACGA,8,0
ATCGTGGTCTGTTAGATTTTCCTCACTA,3,0
ATCGTGGTCTTTCAGGCGTGACCCATTC,72,26
ATCGTGGTCTTTCAGGCTTTACCCATTC,2,1
ATCGTGGTCTTTTAGGTTTGTAGCAAGT,0,1
ATCGTGTACTGTAAGGACTGGCGCACAC,280,274
ATCGTGTACTGTAAGGACTGGCGCCCCC,9,6
ATCGTGTACTGTAAGGACTGTCTCCCAC,1,3
ATCGTGTACTGTAAGGACTTTCTCACAC,48,40
ATCGTGTACTTACAGTAGTGCTGCAATG,49,33
ATCGTGTACTTACAGTAGTTCTTCAATT,2,6
ATCGTGTACTTACAGTATTGCTGCCCTG,0,1
ATCGTGTACTTACAGTATTGCTTCAATG,1,2
ATCGTGTCCTATGAGTGATGGCTCACCA,0,1
ATCGTGTCCTCGTAGTGATGGCTCACCA,0,1
ATCGTGTCCTCTGAGTGATGGCGCACCA,176,310
ATCGTGTCCTCTGAGTGATGGCGCCCCC,0,1
ATCGTGTCCTCTGAGTGATGGCTCCCCA,0,1
ATCGTGTCCTCTGAGTGATGTCGCACCC,0,1
ATCGTGTCCTCTGAGTGATGTCGCCCCA,2,3
ATCGTGTCCTCTGAGTGATGTCTCCCCC,0,1
ATCGTGTCCTCTGAGTGATTGCTCACCC,0,1
ATCGTGTCCTCTGAGTGATTTCTCACCA,29,55
ATCGTGTCCTCTGAGTTATGTCTCACCA,1,3
ATCGTGTCCTCTGAGTTATTGCTCACCA,0,1
ATCGTGTCCTCTGAGTTATTTCTCCCCA,0,2
ATCGTGTCCTGCGAGGCGTGACTCATTT,1,31
ATCGTGTCCTTGAAGGTGTTGCTCATTC,0,1
ATCGTGTCCTTGCAGGGGTGGCGCAGGC,196,198
ATCGTGTCCTTGCAGGGGTGGCTCATTC,3,0
ATCGTGTCCTTGCAGGGGTGTCGCATTC,5,7
ATCGTGTCCTTGCAGGGGTGTCGCCGGC,1,0
ATCGTGTCCTTGCAGGGGTGTCTCAGGC,9,5
ATCGTGTCCTTGCAGGGGTTGCGCAGTC,2,0
ATCGTGTCCTTGCAGGGGTTTCGCAGGC,2,0
ATCGTGTCCTTGCAGGGGTTTCTCATTC,4,3
ATCGTGTCCTTGCAGGGTTGGCGCAGTC,1,0
ATCGTGTCCTTGCAGGGTTGGCGCATGC,1,3
ATCGTGTCCTTGCAGGGTTGGCTCAGGC,0,1
ATCGTGTCCTTGCAGGGTTGTCGCAGGC,3,0
ATCGTGTCCTTGCAGGGTTTTCGCATTC,0,1
ATCGTGTCCTTGCAGGTGTGGCGCAGTC,2,4
ATCGTGTCCTTGCAGGTGTGGCTCAGGC,3,4
ATCGTGTCCTTGCAGGTGTGTCGCAGGC,2,3
ATCGTGTCCTTGCAGGTGTGTCTCATTC,0,1
ATCGTGTCCTTGCAGGTGTTGCGCAGGC,1,0
ATCGTGTCCTTGCAGGTTTGGCGCAGGC,7,6
ATCGTGTCCTTGCAGGTTTGTCGCATTC,2,2
ATCGTGTCCTTGCAGGTTTGTCTCAGTC,7,4
ATCGTGTCCTTGCAGGTTTGTCTCATGC,7,7
ATCGTGTCCTTGCAGGTTTTGCGCAGTC,0,3
ATCGTGTCCTTGCAGGTTTTGCTCAGGC,0,1
ATCGTGTCCTTGCAGGTTTTTCTCATTC,11,14
ATCGTGTGCTCGAAGGCGTGGTGCACTG,25,4
ATCGTGTGCTCGAAGGCTTGTTGCACTG,2,0
ATCGTGTGCTCGAAGGCTTGTTTCACTT,2,0
ATCGTGTGCTCGAAGGCTTTGTGCACTG,1,0
ATCGTGTGCTCTGAGTTATGTTGCAGAT,1,0
ATCGTGTGCTCTGAGTTTATTGTCATTT,1,0
ATCGTGTGCTCTGAGTTTTGGGGCAGTT,90,0
ATCGTGTGCTCTGAGTTTTGGGTCATTT,1,0
ATCGTGTGCTCTGAGTTTTGGTTCAGTT,2,0
ATCGTGTGCTCTGAGTTTTGTGGCCGTT,1,0
ATCGTGTGCTCTGAGTTTTGTGTCAGTT,6,0
ATCGTGTGCTCTGAGTTTTGTTGCAGTT,2,0
ATCGTGTGCTCTGAGTTTTTGTGCAGTT,1,0
ATCGTGTGCTCTGAGTTTTTTTTCATTT,13,0
ATCGTGTTCACCAAGTAGTGATTCAATT,1,0
ATCGTGTTCAGAGAGCTTTTGGTCACAT,0,1
ATCGTGTTCTCCTAGTAGTGAGTCAATG,24,0
ATCGTGTTCTCCTAGTAGTGATTCACTG,1,0
ATCGTGTTCTCCTAGTAGTTATTCAATT,3,0
ATCGTGTTCTGAGAGCATTGTTTCACAT,0,1
ATCGTGTTCTGAGAGCTATGTGTCACAA,1,0
ATCGTGTTCTGAGAGCTTTGGGGCACAT,65,208
ATCGTGTTCTGAGAGCTTTGGGGCCCCT,0,5
ATCGTGTTCTGAGAGCTTTGGTTCACAT,1,2
ATCGTGTTCTGAGAGCTTTGTGTCACAT,1,12
ATCGTGTTCTGAGAGCTTTGTTGCACAT,2,14
ATCGTGTTCTGAGAGCTTTGTTGCCCCT,0,1
ATCGTGTTCTGAGAGCTTTGTTTCACCT,0,1
ATCGTGTTCTGAGAGCTTTTGTGCACAT,0,2
ATCGTGTTCTGAGAGCTTTTTGGCACAT,0,1
ATCGTGTTCTGAGAGCTTTTTTTCACAT,9,28
ATCGTGTTCTGGTAGTCATGCGACAGCG,39,11
ATCGTGTTCTGGTAGTCATGCTACATCG,4,0
ATCGTGTTCTGGTAGTCATGCTACCGCG,1,0
ATCGTGTTCTGGTAGTCATTCGACAGCT,1,1
ATCGTGTTCTGGTAGTCATTCGACATCG,1,1
ATCGTGTTCTGGTAGTCATTCGACCGCG,1,0
ATCGTGTTCTGGTAGTCATTCTACATCT,1,0
ATCGTTAGCTCTGAGCCTTGAGACACAG,63,162
ATCGTTAGCTCTGAGCCTTGAGACCCAT,1,0
ATCGTTAGCTCTGAGCCTTGAGACCCCG,0,1
ATCGTTAGCTCTGAGCCTTGAGCCACAC,1,0
ATCGTTAGCTCTGAGCCTTGATACACAT,2,4
ATCGTTAGCTCTGAGCCTTTAGACACAT,1,2
ATCGTTAGCTCTGAGCCTTTATACACAG,2,1
ATCGTTAGCTTCTAGACATGCATCAAAC,25,0
ATCGTTATCTAGTAGCATTTCTTCATTG,1,0
ATCGTTATCTAGTAGTAGTGCGGCAGTG,95,91
ATCGTTATCTAGTAGTAGTGCTTCAGTG,12,3
ATCGTTATCTAGTAGTAGTGCTTCATTT,1,0
ATCGTTATCTAGTAGTAGTTCGTCAGTG,2,0
ATCGTTATCTAGTAGTAGTTCTGCAGTG,1,0
ATCGTTATCTAGTAGTAGTTCTTCAGTT,0,1
ATCGTTATCTAGTAGTAGTTTGTCATTT,1,0
ATCGTTATCTAGTAGTATTGCGTCAGTG,1,0
ATCGTTATCTAGTAGTATTGCTGCAGTG,1,0
ATCGTTATCTAGTAGTATTGCTTCAGTT,2,1
ATCGTTATCTAGTAGTATTGCTTCATTG,0,1
ATCGTTATCTAGTAGTATTTCTTCAGTG,1,0
ATCGTTATCTAGTAGTATTTCTTCATTT,10,3
ATCGTTATCTCACAGCGTTGTATCACCT,17,45
ATCGTTATCTCACAGCTTTTTATCACCT,2,2
ATCGTTATCTCGCAGCGGTGTTCCAATT,51,60
ATCGTTATCTCGCAGCGGTGTTCCCCTT,1,0
ATCGTTATCTCGCAGCGTTGTTCCCATT,0,1
ATCGTTATCTCGCAGCTTTGTTCCAATT,9,10
ATCGTTATCTCGCAGCTTTGTTCCCCTT,0,1
ATCGTTATCTGGGAGTCGTGTAGCAAAT,2,0
ATCGTTATCTGGGAGTCGTGTAGCAATG,1,0
ATCGTTATCTGGGAGTCGTGTATCAATT,25,0
ATCGTTATCTGGGAGTCGTGTATCCATG,1,0
ATCGTTATCTGGGAGTCTTGTATCAAAT,1,0
ATCGTTATCTGGGAGTCTTGTATCCCTG,1,0
ATCGTTATCTGGGAGTCTTTTATCAATT,1,0
ATCGTTCACTAAAAGCACTGTCTCACCA,1,0
ATCGTTCCCTGATAGCAATGCGCCACTC,0,1
ATCGTTCCCTTTGAGGGCTGCCTCACAC,37,17
ATCGTTCCCTTTGAGGGCTGCCTCCCCC,0,1
ATCGTTCCCTTTGAGGTCTTCCTCACAC,4,0
ATCGTTCGCTCCTAGTGCTGATTCAATG,0,22
ATCGTTCTCTAACAGAGATGCACCATCT,0,37
ATCGTTGACTCAAAGTTGTCTCGCACAA,0,1
ATCGTTGACTCAAAGTTGTGTCGCAAAA,0,62
ATCGTTGACTCAAAGTTGTGTCGCCCAA,0,1
ATCGTTGACTCAAAGTTGTGTCGCCCCC,0,1
ATCGTTGACTCAAAGTTTAGTCTCAAAA,0,1
ATCGTTGACTCAAAGTTTTTTCTCAAAA,0,5
ATCGTTGACTCGCAGCACTGCCTCACTC,0,1
ATCGTTGACTCGCAGCACTGGCTCACGC,0,13
ATCGTTGACTCGCAGCACTTTCTCACTC,0,3
ATCGTTGACTGCGAGGTGTGAATCAGGC,50,0
ATCGTTGACTGCGAGGTGTGAATCATTC,4,0
ATCGTTGACTGCGAGGTTTGAATCAGTC,1,0
ATCGTTGACTGCGAGGTTTTAATCATTC,1,0
ATCGTTGACTGTTAGTGCTGGCTCACAC,8,0
ATCGTTGACTTATAGCTTTTTAACATGA,1,0
ATCGTTGCCTTCCAGCTGTGACACAGGG,17,0
ATCGTTGCCTTCCAGCTGTGACACAGTT,1,0
ATCGTTGCCTTCCAGCTTTGACACATTG,1,0
ATCGTTGCCTTCCAGCTTTTACACAGTT,2,0
ATCGTTGGCTAGCAGCAGTGGAGCATTT,0,19
ATCGTTGGCTAGCAGCAGTGTATCATTT,0,1
ATCGTTGGCTAGCAGCATTTTAGCATTT,0,1
ATCGTTGGCTATAAGTACTGTTTCACAA,0,1
ATCGTTGGCTATGAGTGTTGGAGCAAAG,151,58
ATCGTTGGCTATGAGTGTTGGAGCACCG,0,1
ATCGTTGGCTATGAGTGTTGGAGCCACG,1,0
ATCGTTGGCTATGAGTGTTGGAGCCCAG,2,3
ATCGTTGGCTATGAGTGTTGGATCAAAT,2,0
ATCGTTGGCTATGAGTGTTGTAGCCAAG,1,0
ATCGTTGGCTATGAGTGTTGTATCAAAG,4,0
ATCGTTGGCTATGAGTGTTTGAGCAAAT,1,0
ATCGTTGGCTATGAGTGTTTGATCAAAG,3,2
ATCGTTGGCTATGAGTGTTTTATCAAAT,19,2
ATCGTTGGCTATGAGTGTTTTATCCCAT,0,1
ATCGTTGGCTATGAGTTTTGGATCAAAG,0,3
ATCGTTGGCTATGAGTTTTGTATCAAAT,2,0
ATCGTTGGCTATGAGTTTTGTCTCAAAG,1,0
ATCGTTGGCTATGAGTTTTTGAGCAAAG,3,2
ATCGTTGGCTATGAGTTTTTTATCAACT,1,0
ATCGTTGGCTATGAGTTTTTTATCCCCT,1,0
ATCGTTGGCTTGGAGTCGTGGAGCAGTC,78,11
ATCGTTGGCTTGGAGTCGTGGAGCCTTC,2,0
ATCGTTGGCTTGGAGTCGTGGATCATTC,37,8
ATCGTTGGCTTGGAGTCGTGGATCCGTC,2,0
ATCGTTGGCTTGGAGTCGTGGCTCAGTC,2,0
ATCGTTGGCTTGGAGTCGTGTAGCATTC,1,0
ATCGTTGGCTTGGAGTCGTTGAGCATTC,1,0
ATCGTTGGCTTGGAGTCGTTGATCAGTC,2,0
ATCGTTGGCTTGGAGTCGTTTATCATTC,1,0
ATCGTTGGCTTGGAGTCTTGGATCAGTC,0,1
ATCGTTGGCTTGGAGTCTTGTATCATTC,9,2
ATCGTTGGCTTGGAGTCTTTGATCATTC,1,0
ATCGTTGTCTATTAGATCTGGTGCAACA,156,83
ATCGTTGTCTATTAGATCTGGTGCCCCA,5,1
ATCGTTGTCTATTAGATCTGGTTCCACA,0,1
ATCGTTGTCTATTAGATCTTTTTCAACA,21,11
ATCGTTTGCACCCAGAGTTGGTGCATGG,1,0
ATCGTTTGCTACCAGAGTTTTTTCATTT,1,0
ATCGTTTGCTCCCAGAGCTGGTGCCTTT,0,1
ATCGTTTGCTCCCAGAGGTCTTGCATTG,0,1
ATCGTTTGCTCCCAGAGGTGGTGCATGG,225,207
ATCGTTTGCTCCCAGAGGTGGTGCATTT,6,1
ATCGTTTGCTCCCAGAGGTGGTGCCTGT,1,0
ATCGTTTGCTCCCAGAGGTGTAGCATGG,1,0
ATCGTTTGCTCCCAGAGGTGTTGCATGT,2,0
ATCGTTTGCTCCCAGAGGTGTTTCATTG,2,6
ATCGTTTGCTCCCAGAGGTTGTGCATTG,1,1
ATCGTTTGCTCCCAGAGGTTGTTCATGG,2,1
ATCGTTTGCTCCCAGAGGTTTTTCATTT,10,4
ATCGTTTGCTCCCAGAGTTGGTGCATGT,2,3
ATCGTTTGCTCCCAGAGTTGGTGCATTG,5,4
ATCGTTTGCTCCCAGAGTTGGTGCCTGG,2,0
ATCGTTTGCTCCCAGAGTTGTTGCATGG,5,1
ATCGTTTGCTCCCAGAGTTGTTGCATTT,0,1
ATCGTTTGCTCCCAGAGTTGTTTCATGT,4,0
ATCGTTTGCTCCCAGAGTTTGTTCATTT,3,1
ATCGTTTGCTCCCAGAGTTTTTTCATTG,1,2
ATCGTTTGCTCCCAGAGTTTTTTCCTGT,0,1
ATCGTTTGCTCCCAGATGAGGTTCATTG,0,1
ATCGTTTGCTCCCAGATGTGGTGCATGT,1,1
ATCGTTTGCTCCCAGATGTGGTTCATGG,0,3
ATCGTTTGCTCCCAGATGTGTTGCATGG,1,1
ATCGTTTGCTCCCAGATGTGTTGCCTGT,0,1
ATCGTTTGCTCCCAGATGTGTTTCATGT,0,1
ATCGTTTGCTCCCAGATGTTGTTCATTT,1,2
ATCGTTTGCTCCCAGATGTTTTTCATTG,1,0
ATCGTTTGCTCCCAGATTTCGTTCATGT,0,1
ATCGTTTGCTCCCAGATTTGGTGCATGG,9,3
ATCGTTTGCTCCCAGATTTGGTGCATTT,1,0
ATCGTTTGCTCCCAGATTTGGTTCATTG,2,1
ATCGTTTGCTCCCAGATTTGTTTCATGG,4,3
ATCGTTTGCTCCCAGATTTTGTGCATTG,0,1
ATCGTTTGCTCCCAGATTTTTTTCATTT,8,19
ATCGTTTGCTCCCAGATTTTTTTCCTTG,1,0
ATCGTTTGCTCCCATAGGAGTTTCATGT,1,0
ATCGTTTGCTTTCAGTGATGAGACAGGC,29,0
ATCGTTTGCTTTCAGTGATGAGACATTC,1,0
ATCGTTTGCTTTCAGTGATTATACATTC,3,0
ATCGTTTGCTTTCAGTTATGATACAGGC,1,0
ATCGTTTGCTTTCAGTTATGATACCTGC,1,0
ATCGTTTGCTTTCAGTTATTAGACATTC,1,0
ATCGTTTGCTTTCAGTTATTATACATGC,1,0
ATCGTTTTCTGAAAGAACTGGTACATTC,0,1
ATCGTTTTCTGGGAGTCCTGTAGCCCGA,1,0
ATCGTTTTCTGTAAGAACAGGAACAGTC,1,0
ATCGTTTTCTGTAAGTACCGTTACATTC,0,1
ATCGTTTTCTGTAAGTACGGGTACCGTC,0,1
ATCGTTTTCTGTAAGTACTGGTACAGTC,495,362
ATCGTTTTCTGTAAGTACTGTAACCTTA,1,0
ATCGTTTTCTGTAAGTACTGTTACCGTC,3,4
ATCGTTTTCTGTAAGTACTTGTACCGTC,1,1
ATCGTTTTCTGTAAGTACTTTTACATTC,60,43
ATGCTACTCTCGGAGGCGTTACCCAGTC,0,1
ATGGACGGCTGACAGCATTGTCACACAG,1,0
ATGGAGAACTGCTAGCAATGTGTCAGCA,1,0
ATGGAGACCTGACAGATTTTCTTCAATA,0,1
ATGGAGGCCTGTTAGCTCTTCTTCACTT,1,0
ATGGAGGGCTGTTAGGTCTTCTTCACTT,1,0
ATGGATTACTGAAAGGGATTTTTCATTC,0,1
ATGGTAAGCTGACAGTCTTGGCACAGTG,15,89
ATGGTAAGCTGACAGTCTTGTCACAGTT,0,5
ATGGTAAGCTGACAGTCTTGTCACATTG,0,2
ATGGTAAGCTGACAGTCTTTTCACAGTG,2,0
ATGGTAAGCTGACAGTCTTTTCACATTT,1,4
ATGGTAAGCTTCGAGTAGTGCGCCATTT,0,27
ATGGTAAGCTTCGAGTATTGCTCCATTT,0,3
ATGGTAATCTGCGAGCATTGTTCCAGTC,0,1
ATGGTACACTAGCAGAAATGATACCTCT,1,0
ATGGTACACTAGCAGAAATGTTTCATCT,3,35
ATGGTACACTCGGAGCGCTGTGACAGGA,0,55
ATGGTACACTCGGAGCGCTGTGACCGTA,0,1
ATGGTACACTCGGAGCTCTGTGACATGA,0,3
ATGGTACACTCGGAGCTCTTTTACATTA,0,1
ATGGTACGCTCGCAGACGTGAATCATCT,175,312
ATGGTACGCTCGCAGACTTGAATCATCA,1,0
ATGGTACGCTCGCAGACTTGAATCCTCT,1,1
ATGGTACGCTCGCAGACTTTAATCATCT,5,5
ATGGTACGCTCTCAGACGTGAAACAACT,1,0
ATGGTACTCTAAGAGCTGTGTTTCATTG,0,47
ATGGTACTCTAAGAGCTTTGTTTCATTT,0,3
ATGGTACTCTCGGAGGCGTGACCCAGTC,30,58
ATGGTACTCTCGGAGGCGTTACCCATTC,1,0
ATGGTACTCTCGGAGGCTTGACCCATTC,1,7
ATGGTACTCTCGGAGGCTTTACCCAGTC,0,1
ATGGTAGACTCAGAGACATGAAACCTAT,1,0
ATGGTAGCCTTCCAGTCTTGCCACACTA,37,39
ATGGTAGGCTGTGAGCCTTCGAACCGCG,1,0
ATGGTAGGCTGTGAGCCTTGGAACAGCG,115,63
ATGGTAGGCTGTGAGCCTTGGAACATCT,1,3
ATGGTAGGCTGTGAGCCTTGGAACCGCT,0,1
ATGGTAGGCTGTGAGCCTTGGAACCTCG,2,0
ATGGTAGGCTGTGAGCCTTGTAACAGCT,1,3
ATGGTAGGCTGTGAGCCTTGTAACATCG,2,1
ATGGTAGGCTGTGAGCCTTGTAACCGCG,1,0
ATGGTAGGCTGTGAGCCTTGTAACCTCT,1,0
ATGGTAGGCTGTGAGCCTTTGAACAGCT,2,1
ATGGTAGGCTGTGAGCCTTTGAACATCA,1,0
ATGGTAGGCTGTGAGCCTTTTAACATCT,7,7
ATGGTAGGCTGTGAGCCTTTTAACCTCG,1,0
ATGGTAGGCTTCGAGTGGTGGTGCATGG,46,47
ATGGTAGGCTTCGAGTGGTGGTTCATTG,0,2
ATGGTAGGCTTCGAGTGGTTTTTCATTT,0,4
ATGGTAGGCTTCGAGTGTTGGTGCATTG,4,0
ATGGTAGGCTTCGAGTGTTGGTTCATGG,0,1
ATGGTAGGCTTCGAGTGTTGTTGCATGT,2,4
ATGGTAGGCTTCGAGTGTTGTTTCATTT,0,1
ATGGTAGGCTTCGAGTTGTGTTTCATTG,1,0
ATGGTAGGCTTCGAGTTTTGGTGCATGG,1,0
ATGGTAGGCTTCGAGTTTTTGTGCATGT,0,1
ATGGTAGGCTTCGAGTTTTTTTTCATTT,2,0
ATGGTATACTGAAAGGTATGGTTCAGTC,1,0
ATGGTATCCTCGGAGTCTAGCCTCATCT,0,1
ATGGTATCCTCGGAGTCTTGCCTCATCG,224,226
ATGGTATCCTCGGAGTCTTGCCTCCCCG,1,0
ATGGTATCCTCGGAGTCTTTCCTCATCT,27,20
ATGGTATCCTCGGAGTCTTTCCTCCTCG,0,2
ATGGTATCCTGTTAGGGTTGAGCCAAAA,0,39
ATGGTATCCTGTTAGGGTTGAGCCCCAA,0,3
ATGGTATCCTGTTAGGGTTTATCCAAAA,0,4
ATGGTATGCTATGAGAATTGCATCAAAC,325,144
ATGGTATGCTATGAGAATTGCATCCCCC,11,3
ATGGTATGCTATGAGAATTTCATCACCC,1,0
ATGGTATGCTATGAGAATTTCATCCAAC,2,0
ATGGTATGCTTATAGTTCTGGGTCATGC,36,0
ATGGTATGCTTATAGTTCTGTGTCATTC,1,0
ATGGTATGCTTATAGTTCTGTTTCATGC,5,0
ATGGTATGCTTATAGTTCTTTTTCATTC,1,0
ATGGTCAACTCGGAGCGGTGTAGCAGCT,1,0
ATGGTCAACTCGGAGCGGTGTAGCAGGG,27,60
ATGGTCAACTCGGAGCGGTGTAGCCTGG,0,1
ATGGTCAACTCGGAGCGGTGTATCAGTG,0,2
ATGGTCAACTCGGAGCGTTGTAGCATGT,1,3
ATGGTCAACTCGGAGCGTTGTATCATGG,1,0
ATGGTCAACTCGGAGCTGTGTAGCAGGT,2,0
ATGGTCAACTCGGAGCTGTGTAGCAGTG,1,1
ATGGTCAACTCGGAGCTTTGTAGCAGGG,4,0
ATGGTCAACTCGGAGCTTTGTAGCAGTT,1,0
ATGGTCAACTCGGAGCTTTGTAGCCGTG,0,1
ATGGTCAACTCGGAGCTTTGTATCAGTG,1,1
ATGGTCAACTCGGAGCTTTGTATCATGT,0,2
ATGGTCAACTCGGAGCTTTTTATCATTT,0,1
ATGGTCACCTCGGAGCTGTGTAGCAGGG,0,1
ATGGTCAGCTGGGAGGCCTGTGTCACTC,0,1
ATGGTCATCTACCAGAGCTGACACACCT,1,0
ATGGTCATCTGGGAGTCATGTGCCACAC,1,0
ATGGTCCACTAGGAGGCATGTGTCACTC,0,1
ATGGTCCACTCGGAGGCATTTTTCACTC,1,0
ATGGTCCACTGGGAGGAATGTGTCACTC,1,0
ATGGTCCACTGGGAGGCATCTGGCCCTC,1,0
ATGGTCCACTGGGAGGCATGTGGCACTC,771,960
ATGGTCCACTGGGAGGCATGTGTCCCTC,3,2
ATGGTCCACTGGGAGGCATGTTGCCCTC,1,1
ATGGTCCACTGGGAGGCATGTTTCACTC,86,96
ATGGTCCACTGGGAGGCATTTGTCACTC,10,4
ATGGTCCACTGGGAGGCATTTTGCACTC,6,6
ATGGTCCACTGGGATGCATTTTTCACTC,0,1
ATGGTCCACTGGGTGGCATGTGTCACTC,0,1
ATGGTCCACTGGGTGGCATTTTTCACTC,1,0
ATGGTCCACTTGTAGCGGTGTTTCATCT,0,5
ATGGTCCACTTGTAGCTTTGTTTCATCT,0,1
ATGGTCCCCTAGTAGATGTGAGTCAACC,1,0
ATGGTCCGCTGGCAGTGATGCCCCAGAA,2,2
ATGGTCCTCTAGGAGGCATGCTACAGTC,43,0
ATGGTCCTCTAGGAGGCATGCTACCTTC,1,0
ATGGTCCTCTAGGAGGCATTCTACATTC,2,0
ATGGTCCTCTGCGAGCTATGTTGCAGAT,1,0
ATGGTCCTCTGCGAGCTTTGTTGCAGAG,34,7
ATGGTCCTCTGCGAGCTTTGTTTCAGAT,1,0
ATGGTCCTCTGCGAGCTTTGTTTCATAG,1,1
ATGGTCCTCTGCGAGCTTTTTTTCATAT,0,1
ATGGTCGACTGCAAGGATTGGGACACGT,38,23
ATGGTCGACTGCAAGGATTGTGACCCGT,1,0
ATGGTCGACTGCAAGGATTGTTACACGT,3,1
ATGGTCGACTGCAAGGATTTGTACACGT,1,0
ATGGTCGACTGCAAGGATTTTTACACTT,3,1
ATGGTCGACTGTGAGAGCTGCGACATAA,91,134
ATGGTCGACTGTGAGAGCTGCGACCTCA,0,2
ATGGTCGACTGTGAGATCTTCGACCTAA,1,0
ATGGTCGACTGTGAGATCTTCTACATAA,7,10
ATGGTCGCCTCCTAGTGGTGTGGCATAG,0,22
ATGGTCGGCTGTCAGCATTGGCACACAG,26,0
ATGGTCGGCTGTCAGCATTTTCACACAG,3,0
ATGGTCGGCTTATAGACTTGTTACAAAT,0,1
ATGGTCGGCTTCAAGATCTTCTTCATGA,1,0
ATGGTCGGCTTTTAGACTTGTTACAAAG,30,69
ATGGTCGGCTTTTAGACTTGTTACCCCG,2,0
ATGGTCGGCTTTTAGACTTTTTACAAAT,1,1
ATGGTCGTCTTGCAGCCATGAGTCATGG,0,31
ATGGTCGTCTTGCAGCCATGAGTCATTT,0,2
ATGGTCGTCTTGCAGCCATTATTCATTT,0,1
ATGGTCGTCTTGCGGCCATGAGTCATGT,0,1
ATGGTCTACTAGGAGTAGTGATTCAGGA,0,26
ATGGTCTACTAGGAGTATTGATTCATTA,0,1
ATGGTCTACTTATAGTTATGGACCATCA,1,0
ATGGTCTACTTTTAGGACTGTTCCACTC,112,72
ATGGTCTGCTGGCAGTTATGTTACACGG,0,13
ATGGTCTGCTGGCAGTTATGTTACACTT,0,2
ATGGTCTGCTTTGAGGCGTGTGACACCG,40,0
ATGGTCTGCTTTGAGGCTTTTTACACCT,3,0
ATGGTGAACTGCTAGCAATGGGGCAGCA,22,0
ATGGTGAACTGCTAGCAATGGGTCCGCA,1,0
ATGGTGAACTGCTAGCAATGTGTCATCA,3,0
ATGGTGAACTGCTAGCAATGTTGCAGCA,3,0
ATGGTGAACTGCTAGCAATTTTTCATCA,3,0
ATGGTGAACTGCTATCAATTGGTCATCA,1,0
ATGGTGAACTGGCAGGACTGGAGCATAA,35,22
ATGGTGAACTGGCAGGACTGTATCATAA,0,2
ATGGTGAACTGGCAGGACTTCATCATAA,0,1
ATGGTGACCTGCCAGATTTGCGGCAAGA,0,1
ATGGTGACCTGTGAGATTTGATTCATGA,1,0
ATGGTGAGCTATAAGGAATGAGACAGGT,35,0
ATGGTGAGCTATAAGGAATGAGACATTT,1,0
ATGGTGAGCTATAAGGAATGATACCGGT,1,0
ATGGTGAGCTGCAAGGGTTGTGCCATTT,0,25
ATGGTGAGCTGCTAGGGATGTGGCAAGA,1,0
ATGGTGAGCTGGGAGATATGTGCCAATT,0,54
ATGGTGAGCTGGGAGATATGTGCCCCTT,0,3
ATGGTGAGCTGGGAGATATTTTCCAATT,0,2
ATGGTGAGCTGGGAGCATTGCTACATTT,1,0
ATGGTGCACTAGGAGAGATGAGGCAGAT,0,33
ATGGTGCACTAGGAGAGATGATTCATAT,0,3
ATGGTGCACTGCGAGCAATGTGGCAGCC,30,0
ATGGTGCACTGCGAGCAATGTTTCATCC,1,0
ATGGTGCGCTGAAAGAACTGACGCATTG,35,0
ATGGTGCGCTGAAAGAACTGACTCATTT,1,0
ATGGTGCGCTGCTAGTGTTTCTTCACTA,0,1
ATGGTGCGCTTCTAGAACTGATACACCC,1,0
ATGGTGCGCTTTGAGCGCTGCGTCCCTC,1,0
ATGGTGCGCTTTTAGTGATGACACATTT,1,0
ATGGTGCTCTACCAGTTATGTGTCAGAT,20,0
ATGGTGCTCTACCAGTTATGTTTCATAT,1,0
ATGGTGCTCTGTAAGGAGTGTTTCAACT,0,1
ATGGTGGACTAAGAGGCTTGCCTCAATG,83,0
ATGGTGGACTAAGAGGCTTTCCTCACTT,1,0
ATGGTGGACTACCAGGTGTGTTTCAAAC,1,0
ATGGTGGACTGCGAGCCTTGGTGCCCAT,1,0
ATGGTGGACTGTGAGAGATTTAACACAT,0,2
ATGGTGGACTGTGAGCGATGTAACACAT,119,136
ATGGTGGACTGTGAGCGATGTAACCCCT,1,2
ATGGTGGACTGTGAGCTATGTAACCCAT,1,1
ATGGTGGACTGTGAGCTATTTAACACAT,3,0
ATGGTGGACTTCCAGGGCTGAGTCAATC,1,0
ATGGTGGACTTCCAGGGGTGTGTCAATC,87,0
ATGGTGGACTTCCAGGGGTGTGTCCCTC,1,0
ATGGTGGACTTCCAGGGGTTTGTCACTC,1,0
ATGGTGGACTTCCAGGGGTTTTTCAATC,1,0
ATGGTGGACTTCCAGGTGTTTGTCAATC,1,0
ATGGTGGACTTCCAGGTTTGTGTCAATC,8,0
ATGGTGGACTTCCAGGTTTTTTTCAATC,1,0
ATGGTGGGCTAAAAGTATTGTATCAACT,0,1
ATGGTGGGCTGTTAGCGCTGCTTCACTT,0,1
ATGGTGGGCTGTTAGGGCTGCGGCACTT,354,139
ATGGTGGGCTGTTAGGGCTGCTTCCCTT,1,0
ATGGTGGGCTGTTAGGGCTTCTTCACTT,6,1
ATGGTGGGCTGTTAGGGTTGCTGCACTT,1,0
ATGGTGGGCTGTTAGGTCGGCGGCACTT,0,1
ATGGTGGGCTGTTAGGTCTGCGGCCCTT,3,0
ATGGTGGGCTGTTAGGTCTGCTTCACTT,51,26
ATGGTGGGCTGTTAGGTCTTCGTCACTT,1,0
ATGGTGGGCTGTTAGGTCTTCTGCACTT,3,0
ATGGTGGGCTGTTAGTTCTTCTTCACTT,1,0
ATGGTGGGCTTCCAGAAGTGCTACAGTA,0,1
ATGGTGGGCTTCCAGATGTGCTACAGGA,30,79
ATGGTGGGCTTCCAGATGTGCTACCGGC,1,1
ATGGTGGGCTTCCAGATGTTCTACATGA,0,1
ATGGTGGGCTTCCAGATTTGCTACAGTA,0,1
ATGGTGGGCTTCCAGATTTGCTACCGGA,1,0
ATGGTGGGCTTCCAGATTTTCTACATTA,5,5
ATGGTGGGCTTTTAGTCTTGTATCACGG,65,35
ATGGTGGGCTTTTAGTCTTGTATCACTT,4,1
ATGGTGGGCTTTTAGTCTTTTATCACGT,1,0
ATGGTGGGCTTTTAGTCTTTTATCACTG,2,0
ATGGTGGTCTAACAGTACTGCAGCATCA,15,0
ATGGTGGTCTCTGAGTCAGGAGGCCTGG,1,0
ATGGTGGTCTCTGAGTCATGAGGCATGG,31,1
ATGGTGGTCTCTGAGTCATGAGTCATGT,1,0
ATGGTGGTCTCTGAGTCATGAGTCATTG,1,0
ATGGTGGTCTCTGAGTCATTAGTCATTT,2,0
ATGGTGGTCTCTGAGTCATTATGCATGG,1,0
ATGGTGGTCTCTGAGTCATTATTCATTG,1,0
ATGGTGTACTACGAGGGATGGGCCAATG,0,25
ATGGTGTACTACGAGGGATGGGCCCCTG,0,1
ATGGTGTACTACGAGGGATGTTCCAATT,0,1
ATGGTGTACTACGAGGTATGTGCCAATG,0,1
ATGGTGTACTACGAGGTATTTTCCAATG,0,1
ATGGTGTACTGAAAGCGATGCGTCATAC,1,0
ATGGTGTACTGGCAGGTGTGTTACATCG,0,19
ATGGTGTACTGGCAGGTTTGTTACATCT,0,1
ATGGTGTACTGTGAGGTATGTGGCACTC,24,39
ATGGTGTACTGTGAGGTATGTTTCACTC,1,1
ATGGTGTCCTGAAAGTATTGGCTCATTC,0,12
ATGGTGTCCTGACAGACCTGCGGCAAGA,0,1
ATGGTGTCCTGACAGAGGATCTTCAAGA,0,1
ATGGTGTCCTGACAGAGGTGCGGCAAGA,370,418
ATGGTGTCCTGACAGAGGTGCGGCAATC,0,1
ATGGTGTCCTGACAGAGGTGCGGCACGC,0,1
ATGGTGTCCTGACAGAGGTGCGGCCAGC,1,1
ATGGTGTCCTGACAGAGGTGCGGCCCGA,12,7
ATGGTGTCCTGACAGAGGTGCGTCAATA,1,0
ATGGTGTCCTGACAGAGGTGCTGCAATA,0,1
ATGGTGTCCTGACAGAGGTGCTTCAAGA,12,7
ATGGTGTCCTGACAGAGGTGCTTCCCGA,1,1
ATGGTGTCCTGACAGAGGTTCGGCAATA,1,1
ATGGTGTCCTGACAGAGGTTCGTCAAGA,2,0
ATGGTGTCCTGACAGAGGTTCTGCAAGA,0,1
ATGGTGTCCTGACAGAGGTTCTTCAATA,6,3
ATGGTGTCCTGACAGAGTTGCGGCAATA,0,1
ATGGTGTCCTGACAGAGTTGCGGCACGA,1,0
ATGGTGTCCTGACAGAGTTGCGTCAAGA,9,10
ATGGTGTCCTGACAGAGTTGCTGCAAGA,10,20
ATGGTGTCCTGACAGAGTTGCTTCAAGC,0,1
ATGGTGTCCTGACAGAGTTGCTTCAATA,3,1
ATGGTGTCCTGACAGAGTTGCTTCCAGA,1,0
ATGGTGTCCTGACAGAGTTTCGGCAAGA,0,2
ATGGTGTCCTGACAGAGTTTCGTCAATA,2,0
ATGGTGTCCTGACAGAGTTTCGTCACGC,0,2
ATGGTGTCCTGACAGAGTTTCTTCAAGA,4,1
ATGGTGTCCTGACAGATGTGCGTCAAGA,0,1
ATGGTGTCCTGACAGATGTGCTGCAAGA,1,1
ATGGTGTCCTGACAGATGTTCGTCAATA,1,0
ATGGTGTCCTGACAGATTTGCGGCAAGA,2,3
ATGGTGTCCTGACAGATTTGCGTCAATA,0,3
ATGGTGTCCTGACAGATTTGCTGCAATA,1,1
ATGGTGTCCTGACAGATTTGCTGCCCGA,0,1
ATGGTGTCCTGACAGATTTGCTTCAAGA,6,3
ATGGTGTCCTGACAGATTTTCGTCAAGA,0,1
ATGGTGTCCTGACAGATTTTCTGCAAGA,1,0
ATGGTGTCCTGACAGATTTTCTTCAATA,20,15
ATGGTGTCCTGGTAGGTCTGTAGCATTA,35,69
ATGGTGTCCTGGTAGGTCTGTATCCTTC,1,0
ATGGTGTCCTGGTAGGTCTTTATCATTA,0,2
ATGGTGTCCTGGTATGTCTGTATCATTA,0,1
ATGGTGTGCTGGGAGCATTGCGACAGGG,22,0
ATGGTGTGCTGGGAGCATTGCTACATTG,1,0
ATGGTGTGCTGGGAGCATTTCGACAGTG,2,0
ATGGTGTGCTGGGAGCATTTCTACAGTT,5,0
ATGGTGTGCTGTCAGGTATGGGTCAGCC,38,0
ATGGTGTGCTGTCAGGTATGTGTCATCC,1,0
ATGGTGTGCTGTCAGGTATGTTTCAGCC,2,0
ATGGTGTGCTGTCAGGTATGTTTCCTCC,1,0
ATGGTGTGCTGTCAGGTATTTTTCATCC,3,0
ATGGTGTGCTTAAAGTAGTGGCACAAGG,0,26
ATGGTGTGCTTAAAGTAGTGTCACAATT,0,2
ATGGTGTGCTTAAAGTAGTGTCACCCGG,0,1
ATGGTGTGCTTAAAGTATTGTCACACGT,0,1
ATGGTGTGCTTTGAGGGCTGGTCCATCG,0,27
ATGGTGTGCTTTGAGGGCTTTTCCATCT,0,2
ATGGTGTGCTTTGAGGTCTGGTCCATCT,0,1
ATGGTGTGCTTTGAGGTCTTTTCCATCG,0,1
ATGGTGTTCTCAGAGCAATGTCTCATAG,1,0
ATGGTGTTCTTCGAGGCATGAATCAGGA,0,26
ATGGTGTTCTTCGAGGCATGAATCATTA,0,2
ATGGTTAACTTGCAGGTGTGTTTCACAG,0,97
ATGGTTAACTTGCAGGTGTGTTTCCCAT,0,2
ATGGTTAACTTGCAGGTTTGTTTCACAT,0,2
ATGGTTAGCTCGGAGTGGTGTCTCATCA,35,13
ATGGTTAGCTCGGAGTGTTGTCTCCTCC,1,0
ATGGTTAGCTCGGAGTTTTGTCTCATCA,4,0
ATGGTTAGCTGTAAGACGTGCCACAATA,1,0
ATGGTTAGCTGTCAGACATGGGGCAGAC,11,0
ATGGTTAGCTGTCAGACATGGTTCAGAC,4,0
ATGGTTAGCTGTCAGACATGTGGCATAC,3,0
ATGGTTAGCTGTCAGACATGTGTCAGAC,1,0
ATGGTTAGCTGTCAGACATTTTTCAGAC,1,0
ATGGTTAGCTTCTAGAGATGCACCAAGA,0,33
ATGGTTAGCTTCTAGAGATGCACCCCGA,0,1
ATGGTTAGCTTCTAGATATTCACCAATA,0,1
ATGGTTATCTGGGAGAGATGTAACACTG,63,62
ATGGTTATCTGGGAGATAGTTAACACTT,0,1
ATGGTTATCTGGGAGATATGTAACACTT,3,3
ATGGTTATCTGGGAGATATTTAACACTG,1,0
ATGGTTCCCTAAGAGAGATGTGACAGGA,0,8
ATGGTTCCCTAAGAGAGATGTGACCGGC,0,1
ATGGTTCCCTAAGAGAGATGTTACATTA,0,1
ATGGTTCCCTGATAGCCTAGGGACCGTC,1,0
ATGGTTCCCTGATAGCCTTGGGACAGTC,50,70
ATGGTTCCCTGATAGCCTTGGTACATTC,1,2
ATGGTTCCCTGATAGCCTTGGTACCGTC,1,0
ATGGTTCCCTGATAGCCTTGTGACATTC,1,2
ATGGTTCCCTGATAGCCTTGTTACAGTC,0,4
ATGGTTCCCTGATAGCCTTTGGACATTC,0,1
ATGGTTCCCTGATAGCCTTTGTACAGTC,1,1
ATGGTTCCCTGATAGCCTTTTGACAGTC,1,0
ATGGTTCCCTGATAGCCTTTTTACATTC,2,9
ATGGTTCGCTCGCAGCGGTGTGTCAATT,81,107
ATGGTTCGCTCGCAGCGGTGTGTCCCTT,2,5
ATGGTTCGCTCGCAGCGGTTTGTCACTT,0,1
ATGGTTCGCTCGCAGCGGTTTTTCAATT,0,1
ATGGTTCGCTCGCAGCGTTGTTTCAATT,0,2
ATGGTTCGCTCGCAGCGTTTTGTCAATT,0,1
ATGGTTCGCTCGCAGCTGAGTGTCAATT,0,1
ATGGTTCGCTCGCAGCTTTGTGTCAATT,7,5
ATGGTTCGCTCGCAGCTTTTTTTCAATT,2,1
ATGGTTCTCTGTAAGGCTTGTGCCATGC,67,0
ATGGTTCTCTGTAAGGCTTGTTCCATTC,6,0
ATGGTTCTCTGTAAGGCTTGTTCCCTGC,1,0
ATGGTTCTCTGTAAGGCTTTTGCCATTC,2,0
ATGGTTGACTAATAGCTTTGAAACATTA,0,1
ATGGTTGACTAGAAGTGATGTTCCACAG,32,0
ATGGTTGACTAGAAGTGATGTTCCCCCG,1,0
ATGGTTGACTAGAAGTGATTTTCCACAT,1,0
ATGGTTGACTAGAAGTTATGTTCCACAT,1,0
ATGGTTGACTTATAGCTTAGTAACATTA,2,0
ATGGTTGACTTATAGCTTTGTAACATGA,398,220
ATGGTTGACTTATAGCTTTGTAACCTGC,1,0
ATGGTTGACTTATAGCTTTGTATCATTA,1,0
ATGGTTGACTTATAGCTTTTTAACATTA,15,9
ATGGTTGCCTGAGAGGCATGACTCATTG,0,40
ATGGTTGGATATTAGTTATTTTCCAATA,1,0
ATGGTTGGCTATTAGGTATGTTCCAAGA,24,0
ATGGTTGGCTATTAGGTATTTTCCAATA,2,0
ATGGTTGGCTCGGAGACTTGTGTCAGGT,244,56
ATGGTTGGCTCGGAGACTTGTGTCATTT,5,0
ATGGTTGGCTCGGAGACTTGTTTCAGTT,1,2
ATGGTTGGCTCGGAGACTTGTTTCCGGT,1,0
ATGGTTGGCTCGGAGACTTTTGTCAGTT,1,0
ATGGTTGGCTCGGAGACTTTTGTCATGT,1,1
ATGGTTGGCTCGGAGACTTTTTTCAGGT,1,1
ATGGTTGGCTCGGAGACTTTTTTCATTT,15,5
ATGGTTGGCTGGGAGGTATGAGCCATCG,37,0
ATGGTTGGCTGGGAGGTATGATCCATCT,5,0
ATGGTTGGCTGGGAGGTATGATCCCTCG,1,0
ATGGTTGGCTGGTAGAGCTGGGACACTT,0,60
ATGGTTGGCTGGTAGAGCTGTTACACTT,0,6
ATGGTTGGCTGGTAGAGCTTTGACACTT,0,1
ATGGTTGGCTGGTAGATCTGGTACCCTT,0,1
ATGGTTGGCTGGTAGATCTGTGACACTT,0,2
ATGGTTGGCTGGTAGATCTTGTACACTT,0,1
ATGGTTGGCTTGCAGCCTTGTTCCAGAC,0,39
ATGGTTGGCTTGCAGCCTTGTTCCCGCC,0,1
ATGGTTGTCTTCAAGGGCTGTGTCAAAA,31,35
ATGGTTGTCTTCAAGGGCTGTGTCCCAC,0,1
ATGGTTGTCTTCAAGGGCTGTTTCCAAA,1,0
ATGGTTGTCTTCAAGGGCTTTTTCAAAA,0,1
ATGGTTGTCTTCAAGGTCTGTTTCAAAA,1,0
ATGGTTGTCTTCAAGGTCTTTGTCAAAA,0,1
ATGGTTTACTGAAAGGGATGGGGCAGTC,192,137
ATGGTTTACTGAAAGGGATGGGTCATTC,1,0
ATGGTTTACTGAAAGGGATGGGTCCGTC,1,0
ATGGTTTACTGAAAGGGATGGTGCCGTC,0,1
ATGGTTTACTGAAAGGGATGTGGCATTC,1,1
ATGGTTTACTGAAAGGGATGTTTCAGTC,26,23
ATGGTTTACTGAAAGGGATTGTGCAGTC,2,0
ATGGTTTACTGAAAGGGATTTGGCAGTC,2,0
ATGGTTTACTGAAAGGGATTTGTCATTC,1,0
ATGGTTTACTGAAAGGTATGGGTCAGTC,1,5
ATGGTTTACTGAAAGGTATGGTGCAGTC,1,0
ATGGTTTACTGAAAGGTATGTGGCAGTC,6,5
ATGGTTTACTGAAAGGTATGTGTCATTC,0,1
ATGGTTTACTGAAAGGTATGTGTCCGTC,1,0
ATGGTTTACTGAAAGGTATTTGGCATTC,1,0
ATGGTTTACTGAAAGGTATTTGTCAGTC,0,2
ATGGTTTACTGAAAGGTATTTTGCAGTC,1,0
ATGGTTTACTGAAAGGTATTTTTCATTC,9,11
ATGGTTTACTGTCAGCCGTGCGGCAAGT,35,23
ATGGTTTACTGTCAGCCGTGCGGCCCGT,0,1
ATGGTTTACTGTCAGCCGTGCGTCAATT,1,0
ATGGTTTACTGTCAGCCGTGCTTCAAGT,0,1
ATGGTTTACTGTCAGCCGTTCTGCCCGT,1,0
ATGGTTTACTGTCAGCCTTGCGGCAAGA,0,1
ATGGTTTACTGTCAGCCTTTCTTCAAGT,6,1
ATGGTTTGCTACAAGGCGTGTACCATGG,32,0
ATGGTTTGCTACAAGGCGTGTACCATTT,2,0
ATGGTTTGCTACAAGGCTTGTACCATGT,1,0
ATGGTTTGCTACAAGGCTTGTACCATTG,1,0
ATGGTTTGCTACAAGGCTTTTACCATGG,1,0
ATGGTTTGCTGATAGTCCTGCTGCAGGT,11,21
ATGGTTTGCTGATAGTCCTGCTGCATTT,0,1
ATGGTTTGCTGATAGTCCTTCTGCAGTT,0,1
ATGGTTTGCTGATAGTCCTTCTTCATTT,1,2
ATGGTTTGCTGCAAGTTGTGGTTCACTC,34,66
ATGGTTTGCTGCAAGTTGTTTTTCACTC,1,2
ATGGTTTGCTGCAAGTTTTGTTTCACTC,2,6
ATGGTTTGCTGCAAGTTTTTGTTCACTC,0,2
ATGGTTTGCTGGAAGTAATGTATCATTC,1,0
ATGGTTTTCTCGCAGATCTGTTCCATAT,1,0
ATGGTTTTCTGTGAGGATTGAGACAGTT,0,32
ATGGTTTTCTGTGAGGATTGATACATTT,0,2
ATGTTAGGCTGTGAGCCTTGTAACATCT,1,0
ATTCTTACCTCGGAGGTTTTCCTCACAT,0,1
ATTGAGAGCTTCTAGGGATGTGTCAGAA,0,1
ATTGTAAGCTACTAGTAATTGACCAGAA,1,0
ATTGTAAGCTCTCAGGCGTGTCGCACGA,29,0
ATTGTAAGCTCTCAGGCGTTTCTCACTA,1,0
ATTGTAAGCTCTCAGGCTTTTCTCACGA,1,0
ATTGTAATCTAAAAGCTCAGGGCCAGCA,1,0
ATTGTAATCTTAAAGCTCTTTTCCCGCA,1,0
ATTGTAATCTTCAAGAAATGTCACCTTA,1,0
ATTGTAATCTTCAAGATATGTCACATTA,274,217
ATTGTAATCTTCAAGATATGTCACCATA,0,1
ATTGTAATCTTCAAGATATGTCACCTTC,2,1
ATTGTAATCTTTAAGCTCTGGGCCAGCA,163,107
ATTGTAATCTTTAAGCTCTGGGCCCGCC,2,0
ATTGTAATCTTTAAGCTCTGGTCCATCA,14,4
ATTGTAATCTTTAAGCTCTGGTCCCGCA,1,0
ATTGTAATCTTTAAGCTCTGTGCCATCA,2,0
ATTGTAATCTTTAAGCTCTGTGCCCGCA,2,0
ATTGTAATCTTTAAGCTCTGTTCCAGCA,6,2
ATTGTAATCTTTAAGCTCTTTGCCAGCA,1,1
ATTGTAATCTTTAAGCTCTTTTCCATCA,12,2
ATTGTACCCTGTCAGCCATGCGGCAGTA,32,0
ATTGTACCCTGTCAGCCATGCTTCAGTA,3,0
ATTGTACGCTGCAAGTATTGAATCATTC,1,0
ATTGTAGCCTCGGAGGTGTGTTGCATCC,1,0
ATTGTAGGCTGCGAGGGCTGAGTCAAGA,11,0
ATTGTAGGCTGCTAGGTGTGCAACATCC,21,0
ATTGTAGGCTGTGAGCATTGTAACATAG,1,0
ATTGTAGTCTCAAAGTCGTGAGCCACTA,26,0
ATTGTAGTCTCAAAGTCGTGATCCCCTA,1,0
ATTGTAGTCTCAAAGTCTTGAGCCCCTC,1,0
ATTGTAGTCTCAAAGTCTTGATCCACTA,2,0
ATTGTAGTCTGGGAGCGGTGATTCACGT,60,10
ATTGTAGTCTGGGAGCGTTGATTCCCGT,1,0
ATTGTAGTCTGGGAGCTTTGATTCACTT,11,0
ATTGTATCCTAAAAGATTTTCCTCAATT,1,0
ATTGTATCCTATAAGACGTGTACCACGC,63,0
ATTGTATCCTATAAGACGTTTACCACTC,1,0
ATTGTATCCTATAAGACTTGTACCACTC,7,0
ATTGTATCCTTATACATGTTCCGCAATT,1,0
ATTGTATCCTTATAGATGTGCCGCAATT,63,72
ATTGTATCCTTATAGATGTGCCGCCCTT,0,2
ATTGTATCCTTATAGATGTTCCTCAATT,4,5
ATTGTATCCTTATAGATTTGCCGCAATA,2,0
ATTGTATCCTTATAGATTTGCCGCACTT,1,0
ATTGTATCCTTATAGATTTGCCTCAATT,2,2
ATTGTATGCTAGGAGGAGTGTGTCACTG,1,0
ATTGTATGCTCTTAGCTCTGCTTCACCA,0,1
ATTGTATTCTCACAGACGGGCCACCTCG,1,0
ATTGTATTCTCACAGACGTGCCACATCG,16,4
ATTGTATTCTCACAGACTTTCCACATCT,2,1
ATTGTATTCTTCGAGATGTGTAACACCG,0,23
ATTGTATTCTTCGAGATGTGTAACCCCT,0,2
ATTGTATTCTTCGAGATTTGTAACACCT,0,2
ATTGTCATCTAATAGCTCTGTTTCATAA,0,1
ATTGTCATCTTATAGCTCTGTGTCATAA,51,55
ATTGTCATCTTATAGCTCTGTGTCCTCA,1,1
ATTGTCATCTTATAGCTCTTTTTCATAA,1,1
ATTGTCCACTTAGAGAAGTGGGCCATTG,15,0
ATTGTCCACTTAGAGAAGTGGTCCATTT,1,0
ATTGTCCACTTAGAGAAGTGTGCCATTT,3,0
ATTGTCCACTTAGAGAATTTTTCCATTT,1,0
ATTGTCCCCTTGTAGTTGTGAGCCAGAT,109,35
ATTGTCCCCTTGTAGTTGTGAGCCCGCT,1,0
ATTGTCCCCTTGTAGTTGTGATCCATAT,1,0
ATTGTCCCCTTGTAGTTGTTATCCAGAT,1,0
ATTGTCCCCTTGTAGTTTTGATCCAGAT,0,2
ATTGTCCCCTTGTAGTTTTTATCCATAT,7,0
ATTGTCCGCTATTAGCCATGATCCAGGA,0,1
ATTGTCCGCTGCTAGGATTGTAGCAGGC,134,98
ATTGTCCGCTGCTAGGATTGTAGCATTC,5,5
ATTGTCCGCTGCTAGGATTGTATCAGTC,2,6
ATTGTCCGCTGCTAGGATTGTATCATGC,4,2
ATTGTCCGCTGCTAGGATTGTATCCGGC,2,1
ATTGTCCGCTGCTAGGATTTTATCATTC,11,15
ATTGTCCGCTTGTAGGGCTGGTGCAGGT,18,18
ATTGTCCGCTTGTAGGGCTGGTTCAGTT,1,0
ATTGTCCGCTTGTAGGGCTTTTTCCTTT,1,0
ATTGTCCGCTTGTAGGTCTGGTGCAGTT,0,1
ATTGTCCGCTTGTAGGTCTGTTGCATGT,1,0
ATTGTCCGCTTGTAGGTCTTGTTCAGTT,0,2
ATTGTCCGCTTGTAGGTCTTTTTCATTT,0,1
ATTGTCGACTGGTAGTCTTGCACCATCA,77,64
ATTGTCGACTGGTAGTCTTGCACCCTCC,2,0
ATTGTCGCCTCACAGAGTTGCTGCAACC,0,1
ATTGTCGCCTGCAAGCATTGACTCATTC,10,0
ATTGTCGCCTGGAAGTCCTGAAACAATA,0,29
ATTGTCGCCTGGAAGTCCTGAAACCCTA,0,1
ATTGTCGTCTCGCAGACTTGCCGCACCT,0,1
ATTGTCGTCTTAAAGTCTTGAGTCATAT,1,0
ATTGTCGTCTTTAAGTCTTGAGGCATAT,26,19
ATTGTCGTCTTTAAGTCTTGAGGCCTCT,1,1
ATTGTCGTCTTTAAGTCTTGATGCATCT,0,1
ATTGTCGTCTTTAAGTCTTTATTCATAT,10,5
ATTGTCTACTTGTAGGCGTGTATCAAGC,23,0
ATTGTCTACTTGTAGGCTTGTATCAATC,3,0
ATTGTCTCCTCTGAGCATTGGTGCAAGG,0,32
ATTGTCTCCTCTGAGCATTGGTTCAATG,0,3
ATTGTCTCCTCTGAGCATTGTTGCAATG,0,1
ATTGTCTCCTCTGAGCATTGTTTCACGG,0,1
ATTGTCTCCTCTGAGCATTTGTTCAAGT,0,1
ATTGTCTCCTCTGAGCATTTTTGCAAGT,0,2
ATTGTCTCCTCTGAGCATTTTTTCAAGG,0,2
ATTGTCTCCTCTGAGCATTTTTTCAATT,0,2
ATTGTCTCCTGCAAGGCGTGCCCCAGAC,35,87
ATTGTCTCCTGCAAGGCGTGCCCCCGCC,1,1
ATTGTCTCCTGCAAGGCGTTCCCCATAC,0,1
ATTGTCTCCTGCAAGGCTTGCCCCATAC,1,5
ATTGTCTCCTGCAAGGCTTTCCCCAGAC,1,1
ATTGTCTTCTATGAGCCTTGCGCCATAA,0,1
ATTGTGAACTCGCAGCCCTGAGGCATCT,15,6
ATTGTGACCTGCGAGTGCTGAGGCAGCA,30,46
ATTGTGACCTGCGAGTGCTGAGTCATCA,1,1
ATTGTGACCTGCGAGTGCTGAGTCCGCA,1,0
ATTGTGACCTGCGAGTGCTTATGCAGCA,1,0
ATTGTGACCTGCGAGTTCTGAGTCAGCA,1,4
ATTGTGACCTGCGAGTTCTGATGCAGCA,1,1
ATTGTGACCTGCGAGTTCTTAGGCAGCA,0,1
ATTGTGACCTGCGAGTTCTTATTCATCA,1,0
ATTGTGACCTTAAAGGCTTGTTGCAGAT,19,48
ATTGTGACCTTAAAGGCTTGTTGCCGCT,0,2
ATTGTGACCTTAAAGGCTTGTTTCATAT,2,4
ATTGTGACCTTAAAGGCTTGTTTCCGAT,0,1
ATTGTGACCTTTGAGTTCTGATTCAGAC,0,1
ATTGTGAGCTTCTAGGGATGGGTCAGAA,0,59
ATTGTGAGCTTCTAGGGATGGTTCATAA,0,1
ATTGTGAGCTTCTAGGGATGGTTCCGAA,0,1
ATTGTGAGCTTCTAGGGATGTGTCATAA,0,1
ATTGTGAGCTTCTAGGGATGTGTCCGCC,0,1
ATTGTGAGCTTCTAGGGATGTTTCAGAA,0,2
ATTGTGAGCTTCTAGGTATGTGTCAGAA,0,5
ATTGTGAGCTTCTAGGTATTTTTCATAA,0,9
ATTGTGATCTGAGAGTCGTGGAACAGGA,0,55
ATTGTGATCTGAGAGTCGTGGAACATTA,0,7
ATTGTGATCTGAGAGTCGTGGAACCTGA,0,1
ATTGTGATCTGAGAGTCGTGTAACATGA,0,2
ATTGTGATCTGAGAGTCGTTGAACAGTA,0,1
ATTGTGATCTGAGAGTCGTTTAACATTA,0,2
ATTGTGATCTGAGAGTCTTGGAACAGTA,0,1
ATTGTGATCTGAGAGTCTTGGAACATGA,0,1
ATTGTGCACTCGGAGTTTTTTTCCATTT,0,1
ATTGTGCCCTAGCAGACATGAAACAGCC,0,1
ATTGTGCCCTAGCAGACTTGTAACAGGC,33,14
ATTGTGCCCTAGCAGACTTGTAACATTC,1,1
ATTGTGCCCTAGCAGACTTTTAACAGTC,2,0
ATTGTGCTCTTTCAGGCATGGAACAAGC,0,28
ATTGTGCTCTTTCAGGCATGGAACCCGC,0,1
ATTGTGCTCTTTCAGGCATGTAACAATC,0,2
ATTGTGGACTACGAGTGCTGGGACATAA,1,0
ATTGTGGACTACGAGTGCTGGGCCATAT,15,81
ATTGTGGACTACGAGTGCTGGTCCCTAT,0,1
ATTGTGGACTACGAGTGCTGTTCCATAT,2,11
ATTGTGGACTACGAGTGCTTGTCCATAT,0,1
ATTGTGGACTACGAGTTCTGTGCCATAT,0,1
ATTGTGGACTACGAGTTCTTTTCCATAT,0,6
ATTGTGGACTCGTAGCCTTGAAACAGGG,23,0
ATTGTGGACTCGTAGCCTTGAAACATGT,1,0
ATTGTGGACTCGTAGCCTTGAAACATTG,1,0
ATTGTGGACTCGTAGCCTTTAAACATTT,2,0
ATTGTGGACTGCTAGTCTTGTTTCATAA,0,1
ATTGTGGACTTCAAGGTATGCCACAGTG,1,0
ATTGTGGCCTATTAGCGATGTTTCAGTC,49,0
ATTGTGGCCTGCTAGCAATGATGCACAG,12,29
ATTGTGGCCTGCTAGCAATGATTCACAT,0,2
ATTGTGGCCTGCTAGCAATTATTCACAG,0,1
ATTGTGGCCTGGAAGAGCTGGTCCACGG,44,0
ATTGTGGCCTGGAAGAGCTTTTCCACTT,1,0
ATTGTGGCCTGGGAGATCTGTTGCATGG,19,0
ATTGTGGCCTGGGAGATCTGTTGCATTT,2,0
ATTGTGGCCTGTCAGCAGTGGCACAGAG,34,0
ATTGTGGCCTGTCAGCAGTTTCACATAT,1,0
ATTGTGGCCTGTTAGGAATGCATCATCA,34,18
ATTGTGGCCTGTTAGGAATGCATCCTCC,1,0
ATTGTGGGCTAGTAGGGATGACTCATGC,115,150
ATTGTGGGCTAGTAGGGATTACTCATTC,3,1
ATTGTGGGCTAGTAGGTATGACTCATTC,4,4
ATTGTGGGCTAGTAGGTATGACTCCTGC,0,1
ATTGTGGGCTAGTAGGTATTACTCATGC,1,1
ATTGTGGGCTGCGAGGTTTGATTCAGTT,0,35
ATTGTGGGCTTATAGTATTGACACACTA,1,0
ATTGTGGGCTTGGAGTCTTGGCGCACGG,45,5
ATTGTGGGCTTGGAGTCTTGGCTCCCGG,1,0
ATTGTGGGCTTGGAGTCTTGTCGCACGT,1,0
ATTGTGGGCTTGGAGTCTTGTCTCACGG,3,1
ATTGTGGGCTTGGAGTCTTTGCTCACGG,1,0
ATTGTGGGCTTGGAGTCTTTTCTCACTT,8,1
ATTGTGGTCTAACAGGTCTGTAGCACTC,0,43
ATTGTGGTCTAACAGGTCTTTATCACTC,0,3
ATTGTGGTCTACAAGGTATGCCACAGGT,0,1
ATTGTGGTCTCGCAGAGGTGACGCACGT,23,32
ATTGTGGTCTCGCAGAGGTTACTCACTT,0,1
ATTGTGGTCTCGCAGAGTTGACTCACGT,0,5
ATTGTGGTCTCGCAGATTTGACTCACTT,0,2
ATTGTGGTCTCTGAGATTTTCTTCATTT,1,0
ATTGTGGTCTGGTAGTCTAGGTTCATCT,0,1
ATTGTGGTCTGGTAGTCTTGGTTCATAT,27,80
ATTGTGGTCTGGTAGTCTTGGTTCCTCT,0,2
ATTGTGGTCTGGTAGTCTTTGTTCATCT,0,1
ATTGTGGTCTGGTAGTCTTTTTTCATAT,3,4
ATTGTGGTCTGTGAGATGTGCTGCATGT,219,262
ATTGTGGTCTGTGAGATGTTCTTCATTT,13,13
ATTGTGGTCTGTGAGATTTGCTGCATTT,1,0
ATTGTGGTCTGTGAGATTTGCTTCATGT,1,7
ATTGTGGTCTGTGAGATTTTCTGCATGT,0,1
ATTGTGGTCTGTGAGATTTTCTTCATTA,0,1
ATTGTGGTCTGTGTGATGTTCTGCAAGT,0,1
ATTGTGGTCTTCAAGGTAGGCCACCGGG,1,0
ATTGTGGTCTTCAAGGTATGCCACAGGG,83,23
ATTGTGGTCTTCAAGGTATGCCACATTT,9,1
ATTGTGGTCTTCAAGGTATTCCACAGTT,1,0
ATTGTGGTCTTCAAGGTATTCCACATGG,1,0
ATTGTGGTCTTCAAGGTGTTCCACATGT,1,0
ATTGTGGTCTTCAAGTTATGCCACATGT,1,0
ATTGTGTACTTGTAGCAGTGAAGCATAT,34,0
ATTGTGTACTTGTAGCATTGAATCATAT,3,0
ATTGTGTCCTAGGAGTCGTGGGGCACCG,19,72
ATTGTGTCCTAGGAGTCGTGGGTCCCCG,0,1
ATTGTGTCCTAGGAGTCGTGGTGCCCCG,1,0
ATTGTGTCCTAGGAGTCGTGGTTCACCG,2,0
ATTGTGTCCTAGGAGTCGTGTGGCCCCG,0,1
ATTGTGTCCTAGGAGTCGTGTGTCACCT,0,1
ATTGTGTCCTAGGAGTCGTGTTGCACCG,0,4
ATTGTGTCCTAGGAGTCGTGTTTCCCCT,0,1
ATTGTGTCCTAGGAGTCGTTTTTCACCT,3,1
ATTGTGTCCTAGGAGTCTTGGGTCACCG,0,2
ATTGTGTCCTAGGAGTCTTGTGGCACCG,1,0
ATTGTGTCCTAGGAGTCTTGTTTCACCG,3,5
ATTGTGTCCTAGGAGTCTTTTTGCACCG,0,1
ATTGTGTCCTGTCAGCACTGTCACCGAT,1,0
ATTGTGTGCTGAGAGTATTGCGGCATCT,19,0
ATTGTGTGCTGAGAGTATTTCTTCATCT,1,0
ATTGTGTGCTGCTAGCATTGACACATCG,21,51
ATTGTGTGCTGCTAGCATTTACACATCT,1,0
ATTGTGTGCTGTTAGCCATGCGCCACAA,0,1
ATTGTGTGCTTTTAGCCTTGTATCACAT,0,1
ATTGTGTTCTAATAGTTGTGGGGCACTC,56,38
ATTGTGTTCTAATAGTTGTGGTTCACTC,2,3
ATTGTGTTCTAATAGTTGTGTGGCCCTC,1,2
ATTGTGTTCTAATAGTTGTGTGTCACTC,3,2
ATTGTGTTCTAATAGTTGTGTTGCACTC,1,2
ATTGTGTTCTAATAGTTTTGTGGCACTC,1,0
ATTGTGTTCTAATAGTTTTTGGTCACTC,0,1
ATTGTGTTCTAATAGTTTTTTTTCACTC,5,3
ATTGTGTTCTCCCAGTATTGGGACACAG,0,56
ATTGTGTTCTCCCAGTATTGTGACACAT,0,1
ATTGTGTTCTCCCAGTATTGTTACACAG,0,5
ATTGTGTTCTCCCAGTATTTTTACACAT,0,2
ATTGTGTTCTCCCAGTATTTTTACACCG,0,1
ATTGTGTTCTTGTAGAGCTGTCACACAA,1,0
ATTGTTACCTCGGAGGGTTGCCTCACAG,91,247
ATTGTTACCTCGGAGGGTTGCCTCCCCG,0,1
ATTGTTACCTCGGAGGGTTTCCTCACAT,2,2
ATTGTTACCTCGGAGGGTTTCCTCACCG,1,0
ATTGTTACCTCGGAGGTTTGCCTCACAT,5,4
ATTGTTACCTCGGAGGTTTGCCTCACCG,0,1
ATTGTTACCTCGGAGGTTTTCCTCACAG,1,0
ATTGTTACCTCGGAGTGTTGCCTCCCCT,0,2
ATTGTTACCTCGGAGTTTTTCCTCACAT,0,1
ATTGTTAGCTTTTAGCCTTGTACCATTG,0,1
ATTGTTATCTGCCAGGAGTGGTGCACAA,103,23
ATTGTTATCTGCCAGGAGTGGTGCCCCA,2,0
ATTGTTATCTGCCAGGAGTTTTGCACAA,1,1
ATTGTTATCTGCCAGGATTTTTTCACAA,2,0
ATTGTTCTCTTAGAGCGTTGCAGCACAA,33,86
ATTGTTCTCTTAGAGCGTTGCAGCCCCC,0,1
ATTGTTCTCTTAGAGCGTTTCATCACAA,1,3
ATTGTTCTCTTAGAGCTTTGCATCACAA,0,2
ATTGTTCTCTTAGAGCTTTTCAGCACAA,1,0
ATTGTTGACTATCAGGCATGATGCAGCG,28,0
ATTGTTGACTATCAGGCATGATGCATCT,3,0
ATTGTTGACTATCAGGCATGATTCATCG,2,0
ATTGTTGACTATCAGGCATGATTCCGCG,1,0
ATTGTTGACTTAAAGGTGTGTGCCAATC,0,62
ATTGTTGACTTAAAGGTGTGTGCCCCTC,0,4
ATTGTTGACTTAAAGGTTTGAGCCAATC,0,1
ATTGTTGACTTAAAGGTTTGTTCCAATC,0,4
ATTGTTGACTTATAGTTTTGTTACATTC,0,1
ATTGTTGACTTTTAGTTGTGTGACATAT,0,1
ATTGTTGGCTTTGAGCCTTGGATCATAC,21,0
ATTGTTGGCTTTGAGCCTTTTATCATAC,1,0
ATTGTTGTCTCGTAGAATTGCATCAAAC,30,33
ATTGTTGTCTCGTAGAATTGCATCCCAC,0,2
ATTGTTGTCTGTCAGGTATGTCTCACAT,0,1
ATTGTTTACTACCAGTATTGGTTCATGG,0,86
ATTGTTTACTACCAGTATTGGTTCATTT,0,2
ATTGTTTACTACCAGTATTGGTTCCTGT,0,1
ATTGTTTACTACCAGTATTGTTTCATGT,0,1
ATTGTTTACTACCAGTATTGTTTCATTG,0,2
ATTGTTTACTACCAGTATTTTTTCATTT,0,6
ATTGTTTCCTGTCAGCACTGATGCACTT,0,28
ATTGTTTCCTGTCAGCACTTATTCACTT,0,1
ATTGTTTGCTCGCAGCGTTGGTACAGAG,9,27
ATTGTTTGCTCGCAGCGTTGGTACATAT,0,1
ATTGTTTGCTCGCAGCGTTGTTACAGAT,0,1
ATTGTTTGCTCGCAGCGTTTTTACATAG,0,1
ATTGTTTGCTCGCAGCTTTGGTACAGAT,1,0
ATTGTTTGCTCGCAGCTTTTTTACATAT,1,1
ATTGTTTGCTTCTAGGGATGGTTCAAGC,18,0
ATTGTTTGCTTCTAGGGATGTTTCAATC,3,0
ATTGTTTGCTTCTAGGGATTGTTCAATC,1,0
ATTGTTTGCTTCTAGGTATTTTTCAATC,1,0
ATTGTTTGCTTTTAGCCTTGTACCATGG,0,14
ATTGTTTGCTTTTAGCCTTGTACCATTT,0,3
ATTGTTTTCTAAGAGTGCTGGTGCAAAA,0,88
ATTGTTTTCTAAGAGTGCTGGTGCCCAA,0,1
ATTGTTTTCTAAGAGTGCTGTTTCAAAA,0,1
ATTGTTTTCTAAGAGTTCTGTTGCAAAA,0,1
ATTGTTTTCTAAGAGTTCTTTTTCAAAA,0,5
ATTGTTTTCTCTCAGAGATGTAGCACGT,0,40
ATTGTTTTCTCTCAGAGATGTATCACTT,0,3
ATTGTTTTCTCTCAGATATTTATCACTT,0,1
ATTGTTTTCTGAGAGACTGGAGTCCGTA,0,1
ATTGTTTTCTGAGAGACTTGAGTCAGTA,65,46
ATTGTTTTCTGAGAGACTTGATTCATTA,0,1
ATTGTTTTCTGAGAGACTTTAGTCATTA,4,0
ATTGTTTTCTGATAGACTTGAGTCATTA,1,0
ATTGTTTTCTGTAAGTACTGTTACAGTC,0,1
CAACTCATCTCCGAGGTCTGTACCAAGT,0,1
CAACTCTACTGCAAGTTCTTCTACATAC,1,0
CAAGAAGTCTATCAGCTCTGTTTCAATA,1,0
CAAGAATACTTGCAGGTTTTTCTCACTC,1,0
CAAGACCGCTGTAAGAAGTGGATCCTTG,1,0
CAAGACTACTCCCAGGCTTGAGACATCG,1,0
CAAGACTACTGCGAGCTTTGCTTCACTA,0,1
CAAGAGACCTGGCAGTGATGAGTCATTC,1,0
CAAGAGAGCTTTCAGGTTTTTTTCACTT,1,0
CAAGAGCACACTCACTTATTGTGCACTC,0,1
CAAGAGTGCTGTCAGCCATTGTTCATTT,1,0
CAAGATGTCTCTGAGGAATGTAACAAAA,1,0
CAAGATTCCTAGTAGTCTTTCATCAATG,1,0
CAAGCGCACTCTCAGTTATGTGGCACTC,0,2
CAAGTAAGCTACCAGGAGGTGTTCCGCG,0,1
CAAGTAAGCTAGAAGGAGTGTGTCATCT,0,1
CAAGTAAGCTAGCAGCATTGCTACAGCG,0,1
CAAGTAAGCTAGCAGGAGTGGGTCAGCG,48,117
CAAGTAAGCTAGCAGGAGTGGGTCATCT,2,0
CAAGTAAGCTAGCAGGAGTGGTTCATCG,0,1
CAAGTAAGCTAGCAGGAGTGTGTCAGCT,1,3
CAAGTAAGCTAGCAGGAGTGTGTCATCG,5,1
CAAGTAAGCTAGCAGGAGTGTGTCCGCG,0,3
CAAGTAAGCTAGCAGGAGTGTTTCAGCG,2,0
CAAGTAAGCTAGCAGGAGTTTTTCATCT,1,5
CAAGTAAGCTAGCAGGATTGGGTCATCG,0,1
CAAGTAAGCTAGCAGGATTGTTTCATCT,0,2
CAAGTAAGCTAGCAGGATTTGTTCATCT,0,1
CAAGTAAGCTAGCAGGATTTTTTCCTCG,0,1
CAAGTAAGCTTCAAGCGGTGATGCAGTT,0,88
CAAGTAAGCTTCAAGCGGTGATTCATTT,0,1
CAAGTAAGCTTCAAGCGTTGATTCAGTT,0,1
CAAGTAAGCTTCAAGCTGTGATGCCGTT,0,1
CAAGTAAGCTTCAAGCTGTGATTCAGTT,0,3
CAAGTAAGCTTCAAGCTTTGATGCAGTT,0,4
CAAGTAAGCTTCAAGCTTTGATTCCTTT,0,2
CAAGTAAGCTTCAAGCTTTTATTCATTT,0,5
CAAGTAATCTCGGAGTGATGGGTCAGTG,36,0
CAAGTAATCTCGGAGTGATGTTTCAGTG,2,0
CAAGTAATCTCGGAGTGATTGGTCATTG,1,0
CAAGTAATCTCGGAGTGATTTTTCATTT,1,0
CAAGTAATCTCGGAGTTATGGTTCAGTG,1,0
CAAGTAATCTCGGAGTTATGTTTCAGAG,1,0
CAAGTAATCTTTTAGCTATGACACACGA,0,1
CAAGTACGCTGGGAGAGTTGCCTCATGG,1,0
CAAGTACGCTTCGAGGTGTGAGTCATTC,80,0
CAAGTACGCTTCGAGGTGTTATTCATTC,2,0
CAAGTAGACTAAGAGTCGTTTTTCATTT,1,0
CAAGTAGACTTTGAGCGATGGGACAGAG,38,87
CAAGTAGACTTTGAGCGATGGTACATCG,1,0
CAAGTAGACTTTGAGCGATGTGACAGTG,0,1
CAAGTAGACTTTGAGCGATGTTACAGAG,1,6
CAAGTAGACTTTGAGCGATTTGACAGAT,0,1
CAAGTAGACTTTGAGCTATGGTACAGAG,0,1
CAAGTAGACTTTGAGCTATGTGACAGAG,1,3
CAAGTAGACTTTGAGCTATGTTACATAG,0,2
CAAGTAGACTTTGAGCTATTGGACAGAG,0,1
CAAGTAGACTTTGAGCTATTTTACAGAT,1,3
CAAGTAGCCTAAGAGTCGAGTTTCAGTT,1,0
CAAGTAGCCTAAGAGTCGTGTGGCAGTG,15,16
CAAGTAGCCTAAGAGTCGTGTGGCATTT,2,3
CAAGTAGCCTAAGAGTCGTGTTGCAGTT,20,31
CAAGTAGCCTAAGAGTCGTGTTGCATTG,0,1
CAAGTAGCCTAAGAGTCGTGTTGCCGTG,1,0
CAAGTAGCCTAAGAGTCGTGTTGCCTTT,1,2
CAAGTAGCCTAAGAGTCGTGTTTCAGTG,0,1
CAAGTAGCCTAAGAGTCGTGTTTCATTT,32,34
CAAGTAGCCTAAGAGTCTTGTTGCAGTG,1,0
CAAGTAGCCTAAGAGTCTTGTTGCATTT,0,2
CAAGTAGCCTAAGAGTCTTGTTTCAGTT,1,0
CAAGTAGCCTAAGAGTCTTGTTTCATTG,1,0
CAAGTAGCCTAAGAGTCTTTTTTCATTT,0,2
CAAGTAGCCTAGAAGTATTGATTCACCA,1,0
CAAGTAGGCAGGGAGACTTTCCTCATGT,0,1
CAAGTAGGCTGCGACACTTTCCTCATTT,0,1
CAAGTAGTCTATCAGCTCTGTTGCAATA,128,71
CAAGTAGTCTATCAGCTCTGTTGCCCTA,0,3
CAAGTAGTCTATCAGCTCTTTTGCACTA,1,0
CAAGTAGTCTATCAGCTCTTTTTCAATA,4,3
CAAGTATGCTAACAGACATGAGGCACGC,0,1
CAAGTATGCTAACAGACTGGTGGCCCGC,1,0
CAAGTATGCTAACAGACTTGTGGCACGC,134,200
CAAGTATGCTAACAGACTTGTGGCCCTC,0,1
CAAGTATGCTAACAGACTTGTGTCACTC,13,29
CAAGTATGCTAACAGACTTGTGTCCCGC,0,2
CAAGTATGCTAACAGACTTGTTTCACGC,5,2
CAAGTATGCTAACAGACTTTTGTCACGC,2,0
CAAGTATGCTAACAGACTTTTTTCACTC,4,9
CAAGTATGCTGCAAGTATTGGGTCAACA,40,0
CAAGTATGCTGCAAGTATTGTGTCCCCA,1,0
CAAGTATGCTGCAAGTATTGTTTCAACA,1,0
CAAGTATGCTGCAAGTATTTGTTCAACA,1,0
CAAGTCAACTTCTAGGAGTGCGTCAGGT,90,44
CAAGTCAACTTCTAGGAGTGCGTCATTT,1,0
CAAGTCAACTTCTAGGAGTGCGTCCTGT,1,1
CAAGTCAACTTCTAGGAGTGCTTCAGTT,0,1
CAAGTCAACTTCTAGGAGTGCTTCATGT,3,0
CAAGTCAACTTCTAGGAGTTCGTCATGT,0,1
CAAGTCAACTTCTAGGAGTTCTTCAGGT,1,0
CAAGTCAACTTCTAGGAGTTCTTCATTT,2,1
CAAGTCAACTTCTAGGATTGCGTCAGTT,4,0
CAAGTCAACTTCTAGGATTGCTTCAGGT,2,0
CAAGTCAACTTCTAGGATTTCGTCATTT,1,0
CAAGTCAGCTAACAGCGCTGAATCATAA,0,1
CAAGTCAGCTAGGAGTGCTGCCGCAGTG,0,37
CAAGTCAGCTAGGAGTGCTGCCTCAGTT,0,2
CAAGTCAGCTAGGAGTGCTTCCTCATTT,0,1
CAAGTCAGCTAGGAGTTCTGCCTCAGAT,0,1
CAAGTCCACTCTCAGTTATGTGGCACTC,1,0
CAAGTCCACTCTTAGGGCTGATGCAATA,1,0
CAAGTCCACTCTTAGGGGTGTGGCATTA,57,33
CAAGTCCACTCTTAGGGGTGTTTCATTA,4,3
CAAGTCCACTCTTAGGGTTTTTTCATTA,1,1
CAAGTCCACTCTTAGGTGTTTGGCATTA,0,1
CAAGTCCACTCTTAGGTGTTTTTCATTA,0,1
CAAGTCCACTCTTAGGTTTGTGTCATTA,8,4
CAAGTCCACTCTTAGGTTTGTTGCCTTA,1,0
CAAGTCCCCTGATAGGGTTGTGGCAGTC,1,0
CAAGTCCGCTGTAAGAAGTGGATCATTG,67,84
CAAGTCCGCTGTAAGAAGTGGATCCTTT,0,1
CAAGTCCGCTGTAAGAAGTGTATCATTT,5,3
CAAGTCCGCTGTAAGAAGTTGATCATTT,1,0
CAAGTCCGCTGTAAGAAGTTTATCATTG,0,1
CAAGTCCGCTGTAAGAAGTTTATCCTTT,0,1
CAAGTCCGCTGTAAGAATTGGATCATTT,1,0
CAAGTCCGCTGTAAGAATTTTATCATTT,2,6
CAAGTCGACTAACAGCACTGTTCCACGT,1,0
CAAGTCGACTAAGAGGACTGGGCCAGGT,43,0
CAAGTCGACTAAGAGGACTGGTCCAGTT,4,0
CAAGTCGACTAAGAGGACTGGTCCATGT,1,0
CAAGTCGACTAAGAGGACTGTGCCAGTT,1,0
CAAGTCGACTAAGAGGACTGTTCCAGGT,2,0
CAAGTCGACTAAGAGGACTTTTCCATTT,3,0
CAAGTCGCCTTCCAGATCTGGGCCAAAG,131,27
CAAGTCGCCTTCCAGATCTGGGCCACCG,2,0
CAAGTCGCCTTCCAGATCTGGGCCCACG,1,0
CAAGTCGCCTTCCAGATCTGGGCCCCAG,2,0
CAAGTCGCCTTCCAGATCTGTGCCAAAT,1,0
CAAGTCGCCTTCCAGATCTGTGCCACAG,0,1
CAAGTCGCCTTCCAGATCTGTGCCCCAT,1,0
CAAGTCGCCTTCCAGATCTGTTCCAAAG,5,1
CAAGTCGCCTTCCAGATCTGTTCCCCCG,1,0
CAAGTCGCCTTCCAGATCTTGTCCAAAG,1,0
CAAGTCGCCTTCCAGATCTTTGCCAAAG,1,0
CAAGTCGCCTTCCAGATCTTTTCCAAAT,12,1
CAAGTCGGCTAGTAGGACTGGGACAGGC,44,16
CAAGTCGGCTAGTAGGACTGGGACATTC,1,0
CAAGTCGGCTAGTAGGACTGGGACCTGC,0,1
CAAGTCGGCTAGTAGGACTGTGACAGTC,3,1
CAAGTCGGCTAGTAGGACTGTGACATGC,0,1
CAAGTCGGCTAGTAGGACTGTGACCGGC,1,1
CAAGTCGGCTAGTAGGACTGTTACATTC,2,0
CAAGTCGGCTAGTAGGACTTTGACAGGC,1,0
CAAGTCGGCTAGTAGGACTTTGACATTC,1,0
CAAGTCGGCTGTCAGATGTGTGGCACGT,34,192
CAAGTCGGCTGTCAGATGTGTGTCACTT,2,12
CAAGTCGGCTGTCAGATGTGTGTCCCGT,0,1
CAAGTCGGCTGTCAGATGTGTTGCACTT,0,2
CAAGTCGGCTGTCAGATGTGTTTCACGT,2,5
CAAGTCGGCTGTCAGATTTGTGGCCCGT,0,1
CAAGTCGGCTGTCAGATTTGTGTCACGT,0,3
CAAGTCGGCTGTCAGATTTGTTGCACGT,0,2
CAAGTCGGCTGTCAGATTTGTTTCACTT,0,6
CAAGTCGGCTGTCAGATTTTTTTCACGT,0,1
CAAGTCGGCTGTGAGGAATGGATCATTT,0,1
CAAGTCGGCTGTGAGGTATGGATCAGTT,38,54
CAAGTCGGCTGTGAGGTATTTATCATTT,2,2
CAAGTCGGCTTATAGAGATGTTGCACCA,37,101
CAAGTCGGCTTATAGAGATGTTTCCCCC,1,0
CAAGTCGGCTTATAGAGATTTTTCACCA,0,1
CAAGTCGGCTTATAGATATGTTTCACCA,3,3
CAAGTCGTCTGTCAGATTTTTGTCACGA,0,1
CAAGTCTACTCCCAGGGTTGAGACATCG,63,28
CAAGTCTACTCCCAGGGTTGATACATCT,2,0
CAAGTCTACTCCCAGGGTTGATACCTCG,1,1
CAAGTCTACTCCCAGGGTTTATACATCG,1,0
CAAGTCTACTCCCAGGTTAGAGACATCG,1,0
CAAGTCTACTCCCAGGTTTGAGACATCT,1,1
CAAGTCTACTCCCAGGTTTTATACATCT,1,1
CAAGTCTACTGAGAGCTATGATCCACTT,1,0
CAAGTCTACTGAGAGGTATGAGCCACTT,74,108
CAAGTCTACTGAGAGGTATGATCCCCTT,1,0
CAAGTCTACTGAGAGGTATTATCCACTT,2,3
CAAGTCTACTGCAAGATCTTCTTCATAC,0,1
CAAGTCTACTGCAAGTACTGCTACATAC,0,1
CAAGTCTACTGCAAGTTCTGCTTCATAC,218,439
CAAGTCTACTGCAAGTTCTGCTTCCTCC,2,3
CAAGTCTACTGCAAGTTCTTCTTCATTC,1,0
CAAGTCTACTGCAAGTTCTTCTTCCTAC,2,0
CAAGTCTACTGCGAGGATTGCTTCAAAA,1,0
CAAGTCTACTGCGAGGTATGCTTCACTA,1,0
CAAGTCTACTGCGAGGTTATCGTCACTA,1,1
CAAGTCTACTGCGAGGTTTGCGTCACTA,277,219
CAAGTCTACTGCGAGGTTTGCGTCCCTC,0,1
CAAGTCTACTGCGAGGTTTGCTTCCCTA,1,2
CAAGTCTACTGCGAGGTTTTCTTCACTA,6,6
CAAGTCTACTGCGAGTTTATCTTCACTA,1,0
CAAGTCTACTGCTAGTTCTTCTTCATAC,1,0
CAAGTCTACTGTGAGGTTTGCTTCACTA,1,0
CAAGTCTGCTAATAGTTTTGAAACACGT,1,0
CAAGTCTGCTGAAAGATATGTGGCATAT,36,40
CAAGTCTGCTGAAAGATATGTTTCATAT,4,1
CAAGTCTGCTGAAAGATATTTGTCATAT,3,0
CAAGTCTGCTGAAAGATATTTTTCCTCT,0,1
CAAGTGAACTGTCAGTCATGGTACACCG,29,0
CAAGTGAACTGTCAGTCATGTTACCCCG,1,0
CAAGTGAACTGTCAGTCATTTTACACCT,7,0
CAAGTGACCTCTTAGGTATGAATCAATA,1,0
CAAGTGAGCTCTTAGCTATGATTCAATA,2,0
CAAGTGAGCTGGAAGTGTTGCTCCAAAC,1,0
CAAGTGATCTTGCAGTTCTGGGACAGAT,27,18
CAAGTGATCTTGCAGTTCTGGTACATAT,1,0
CAAGTGATCTTGCAGTTCTGTGACATAT,3,1
CAAGTGATCTTGCAGTTCTGTGACCGAT,1,0
CAAGTGATCTTGCAGTTCTGTTACAGAT,0,2
CAAGTGATCTTGCAGTTCTTGTACAGAT,1,0
CAAGTGATCTTGCAGTTCTTTGACAGAT,1,0
CAAGTGATCTTGCAGTTCTTTTACATAT,1,0
CAAGTGCACTCTCAGAAATGGGCCACTC,0,1
CAAGTGCACTCTCAGTAATGCGGCACTC,0,1
CAAGTGCACTCTCAGTTAGGGGGCCCTC,2,0
CAAGTGCACTCTCAGTTAGGGTTCCCTC,0,1
CAAGTGCACTCTCAGTTATCGGGCCCTC,0,1
CAAGTGCACTCTCAGTTATGGGGCACTC,695,482
CAAGTGCACTCTCAGTTATGGGTCCCTC,1,2
CAAGTGCACTCTCAGTTATGGTGCCCTC,4,2
CAAGTGCACTCTCAGTTATGGTTCACTC,19,12
CAAGTGCACTCTCAGTTATGTGGCCCTC,2,0
CAAGTGCACTCTCAGTTATGTGTCACTC,31,18
CAAGTGCACTCTCAGTTATGTTGCACTC,36,17
CAAGTGCACTCTCAGTTATGTTTCCCTC,1,0
CAAGTGCACTCTCAGTTATTGGTCACTC,3,1
CAAGTGCACTCTCAGTTATTGTGCACTC,1,1
CAAGTGCACTCTCAGTTATTTGGCACTC,0,1
CAAGTGCACTCTCAGTTATTTTTCACTC,105,80
CAAGTGCGCTTGAAGGGATGTTCCAGTT,25,37
CAAGTGCGCTTGAAGGTATGTTCCATTT,1,0
CAAGTGCTCTATGAGTTTTGTTTCATTT,1,0
CAAGTGGGCTCGTAGAGTTGAGGCAATG,60,39
CAAGTGGGCTCGTAGAGTTGAGGCCCTG,2,1
CAAGTGGGCTCGTAGAGTTGATTCAATG,1,0
CAAGTGGGCTCGTAGAGTTTAGTCAATG,2,0
CAAGTGGGCTCGTAGAGTTTATTCAATT,6,4
CAAGTGGGCTCGTAGATTTGAGTCAATG,1,0
CAAGTGGGCTCGTAGATTTTATTCAATG,0,1
CAAGTGGGCTGACAGCTCAGAGGCAACA,1,0
CAAGTGGGCTGACAGGTGTGTGGCAACA,29,25
CAAGTGGGCTGACAGGTGTGTGGCCCCA,1,0
CAAGTGGGCTGACAGGTGTTTTTCAACA,0,1
CAAGTGGGCTGACAGGTTTGTGTCAACA,1,3
CAAGTGGTCTATGAGTGGTGTTGCAGGG,44,0
CAAGTGGTCTATGAGTGTTTTTTCATTT,1,0
CAAGTGGTCTATGAGTTTTTTTTCATTG,2,0
CAAGTGGTCTCGCAGCTATGCATCAATG,42,55
CAAGTGGTCTCGCAGCTATTCATCAATT,0,1
CAAGTGGTCTCTTAGCGCGGATTCCCAC,1,0
CAAGTGGTCTCTTAGCGCTGATTCACAC,127,80
CAAGTGGTCTCTTAGCGCTGATTCCCCC,5,1
CAAGTGGTCTCTTAGCTCTGATTCCCAC,1,0
CAAGTGGTCTCTTAGCTCTTATTCACAC,1,1
CAAGTGGTCTCTTATCTCTGATTCACAC,0,1
CAAGTGGTCTTTCAGCGGTGGAGCATGG,1,2
CAAGTGGTCTTTCAGCTTTTGATCATTT,0,1
CAAGTGTACTAGAAGGAGTACTTCATAA,0,2
CAAGTGTACTAGAAGGAGTGCGGCAGAA,59,37
CAAGTGTACTAGAAGGAGTGCGGCCGCA,0,1
CAAGTGTACTAGAAGGAGTGCGTCATAA,1,0
CAAGTGTACTAGAAGGAGTGCTGCATAA,2,0
CAAGTGTACTAGAAGGAGTGCTGCCGAA,0,1
CAAGTGTACTAGAAGGAGTGCTTCAGAA,6,1
CAAGTGTACTAGAAGGAGTGCTTCATAC,0,1
CAAGTGTACTAGAAGGAGTTCGTCAGAA,2,0
CAAGTGTACTAGAAGGAGTTCTTCCGAA,1,0
CAAGTGTACTAGAAGGATTGCGTCAGAA,1,0
CAAGTGTACTAGAAGGATTGCGTCCGCC,1,0
CAAGTGTACTAGAAGGATTTCTTCATAA,4,1
CAAGTGTACTGTGAGATATGTCACACGC,25,0
CAAGTGTGCTAGAAGACATGCCTCAAAC,1,0
CAAGTGTGCTAGTAGAGATGCCTCATAC,47,136
CAAGTGTGCTAGTAGATATTCCTCATAC,1,5
CAAGTGTGCTCTTAGGGATGATGCAAGA,295,342
CAAGTGTGCTCTTAGGGATGATGCCCGA,5,10
CAAGTGTGCTCTTAGGGATGATTCAATA,10,26
CAAGTGTGCTCTTAGGGATGATTCCAGA,0,1
CAAGTGTGCTCTTAGGGATTATGCAATA,0,1
CAAGTGTGCTCTTAGGGATTATGCACGA,0,1
CAAGTGTGCTCTTAGGGATTATTCAAGA,2,2
CAAGTGTGCTCTTAGGGATTATTCCCTA,0,1
CAAGTGTGCTCTTAGGTATGATGCAATA,2,6
CAAGTGTGCTCTTAGGTATGATTCAAGA,10,8
CAAGTGTGCTCTTAGGTATGATTCCCGA,1,0
CAAGTGTGCTCTTAGGTATTATGCAAGA,1,1
CAAGTGTGCTCTTAGGTATTATTCAATA,13,3
CAAGTGTGCTCTTAGGTATTATTCCCTC,0,1
CAAGTGTGCTGACAGCCATGGATCATTT,1,0
CAAGTGTGCTGGTAGTCTTGCTCCACTC,0,1
CAAGTGTGCTGGTAGTGATGTTCCAAAC,1,0
CAAGTGTGCTGGTAGTGTTGGGCCAATC,441,246
CAAGTGTGCTGGTAGTGTTGGGCCCCTC,14,5
CAAGTGTGCTGGTAGTGTTGGTCCACTC,1,0
CAAGTGTGCTGGTAGTGTTGGTCCCATC,1,1
CAAGTGTGCTGGTAGTGTTGTGCCACTC,0,2
CAAGTGTGCTGGTAGTGTTGTTCCAATC,44,29
CAAGTGTGCTGGTAGTGTTGTTCCCCTC,0,1
CAAGTGTGCTGGTAGTGTTTGTCCAATC,5,1
CAAGTGTGCTGGTAGTGTTTTGCCAATC,2,1
CAAGTGTGCTGGTAGTTTTGGTCCAATC,2,2
CAAGTGTGCTGGTAGTTTTGTGCCAATC,1,1
CAAGTGTGCTGGTAGTTTTGTGCCCCTC,1,0
CAAGTGTGCTGGTAGTTTTTGGCCAATC,1,0
CAAGTGTGCTGGTAGTTTTTTTCCAATC,12,2
CAAGTGTGCTGTCAGACATGCTTCACAT,1,0
CAAGTGTGCTGTCAGCCAATGATCATTA,0,1
CAAGTGTGCTGTCAGCCACCGTTCCTTT,0,1
CAAGTGTGCTGTCAGCCAGGGTTCCTTT,0,1
CAAGTGTGCTGTCAGCCAGGTTTCATTT,1,0
CAAGTGTGCTGTCAGCCATGCATCATTT,1,0
CAAGTGTGCTGTCAGCCATGGTTCATAA,0,1
CAAGTGTGCTGTCAGCCATGGTTCATTT,621,487
CAAGTGTGCTGTCAGCCATGTAACATAT,0,1
CAAGTGTGCTGTCAGCCATGTTTCATTA,1,2
CAAGTGTGCTGTCAGCCATGTTTCCTTT,1,0
CAAGTGTGCTGTCAGCCATTTTTCATTT,25,20
CAAGTGTGCTTTGAGGGGTGATTCACCG,1,0
CAAGTGTTCTTCAAGACATGTTTCAGAG,1,0
CAAGTGTTCTTGTAGGGGTGACCCAGGC,87,3
CAAGTGTTCTTGTAGGGGTGACCCATTC,1,0
CAAGTGTTCTTGTAGGGTAGACCCATTC,1,0
CAAGTGTTCTTGTAGGGTTGACCCAGTC,4,0
CAAGTGTTCTTGTAGGGTTTACCCAGGC,1,0
CAAGTGTTCTTGTAGGTGTGACCCAGTC,1,1
CAAGTGTTCTTGTAGGTTTGACCCAGGC,10,0
CAAGTGTTCTTGTAGGTTTTACCCATTC,5,0
CAAGTTAACTACTAGGATTGGGACCTTG,0,1
CAAGTTAACTACTAGGATTGTGACATTG,0,1
CAAGTTAACTACTAGGATTTGGACATTG,0,1
CAAGTTAACTACTAGGATTTTTACATTG,0,1
CAAGTTACCTGGGAGGACTGCATCACGC,0,1
CAAGTTATCTATGAGGAATGTAACAAAA,1,0
CAAGTTATCTTCTAGGCATGTGTCATAA,0,1
CAAGTTATCTTGTAGGGATGTGGCATAT,51,152
CAAGTTATCTTGTAGGGATGTGGCCTCT,2,4
CAAGTTATCTTGTAGGGATGTGTCCTAT,0,1
CAAGTTATCTTGTAGGGATGTTTCATAT,3,3
CAAGTTATCTTGTAGGTATGTGTCATAT,2,8
CAAGTTATCTTGTAGGTATGTTGCATAT,0,1
CAAGTTATCTTGTAGGTATGTTTCCTCT,1,0
CAAGTTATCTTGTAGGTATTTTTCATAT,1,2
CAAGTTCACTCCAAGCTTTGCTTCAACG,0,1
CAAGTTCACTTTTAGACGTGGGACACCT,0,44
CAAGTTCACTTTTAGACGTGTTACACCT,0,3
CAAGTTCACTTTTAGACTTGGTACACCT,0,1
CAAGTTCACTTTTAGACTTGTGACACCT,0,1
CAAGTTGACTCTAAGGTTTTTAGCACGG,0,1
CAAGTTGACTGATAGCACTGTGGCAACC,39,0
CAAGTTGACTGATAGCACTGTGGCCCCC,1,0
CAAGTTGACTGATAGCACTGTTTCAACC,2,0
CAAGTTGACTGTAAGGGATTGATCACTG,0,1
CAAGTTGACTGTAAGGGTTGGAGCACGG,94,186
CAAGTTGACTGTAAGGGTTGGAGCACTT,1,2
CAAGTTGACTGTAAGGGTTGGATCACTG,2,2
CAAGTTGACTGTAAGGGTTGTAGCACGT,0,2
CAAGTTGACTGTAAGGGTTGTAGCACTG,6,5
CAAGTTGACTGTAAGGGTTGTATCACGG,1,1
CAAGTTGACTGTAAGGGTTGTATCACTT,3,0
CAAGTTGACTGTAAGGGTTTGAGCACTG,1,1
CAAGTTGACTGTAAGGGTTTGATCACTT,2,0
CAAGTTGACTGTAAGGGTTTTAGCACTT,0,2
CAAGTTGACTGTAAGGTTTGGATCACGG,1,1
CAAGTTGACTGTAAGGTTTGTAGCACTT,2,4
CAAGTTGACTGTAAGGTTTGTATCACGT,1,1
CAAGTTGACTGTAAGGTTTGTATCACTG,1,2
CAAGTTGACTGTAAGGTTTTTATCACGG,0,1
CAAGTTGACTGTAAGGTTTTTATCACTT,6,12
CAAGTTGCCTACAAGTAATTAATCACTT,1,0
CAAGTTGGCTCTGAGGAATGCAACAAAA,0,1
CAAGTTGGCTGATAGTGTTTTAACAATT,1,0
CAAGTTGGCTGCCAGTTAAGTATCAATT,0,1
CAAGTTGGCTGCCAGTTATGTATCAATG,98,87
CAAGTTGGCTGCCAGTTATGTATCCATT,0,1
CAAGTTGGCTGCCAGTTATGTATCCCTG,1,2
CAAGTTGGCTGCCAGTTATTTATCAATT,4,2
CAAGTTGGCTGGGAGACATGCCTCATGT,0,1
CAAGTTGGCTGGGAGACTTGCCTCAACT,0,1
CAAGTTGGCTGGGAGACTTGCCTCATGG,80,156
CAAGTTGGCTGGGAGACTTGCCTCCTGT,0,2
CAAGTTGGCTGGGAGACTTTCCTCATTT,9,16
CAAGTTGGCTGTTAGTGGTGGAACAATT,76,56
CAAGTTGGCTGTTAGTGGTGTAACCCTT,1,0
CAAGTTGGCTGTTAGTGTTGTAACAATT,6,3
CAAGTTGGCTGTTAGTTGTGTAACAATT,1,0
CAAGTTGGCTGTTAGTTTTGGAACAAAA,0,1
CAAGTTGGCTGTTAGTTTTGGAACAATT,1,1
CAAGTTGGCTGTTAGTTTTTTAACAATT,2,3
CAAGTTGGCTTCGAGACCTGCATCAGCG,0,3
CAAGTTGGCTTGGAGACTTTCCTCATGT,1,0
CAAGTTGTCTCAGAGCAATGGAACAAAA,1,0
CAAGTTGTCTCTCAGGAATGTAACAAAA,0,1
CAAGTTGTCTCTCAGTAATGTATCAAAA,0,1
CAAGTTGTCTCTGAGGAATGGAACAAAA,535,322
CAAGTTGTCTCTGAGGAATGGAACACCA,1,1
CAAGTTGTCTCTGAGGAATGGAACCAAC,1,0
CAAGTTGTCTCTGAGGAATGGAACCACA,0,1
CAAGTTGTCTCTGAGGAATGGAACCCAA,10,5
CAAGTTGTCTCTGAGGAATGGAACCCCC,1,0
CAAGTTGTCTCTGAGGAATTTAACAAAA,19,13
CAAGTTGTCTTGGAGATCTGGGCCAATC,0,1
CAAGTTGTCTTGGAGTTCTGGGCCAATG,93,80
CAAGTTGTCTTGGAGTTCTGTGCCAATT,1,2
CAAGTTGTCTTGGAGTTCTGTGCCCCTG,1,2
CAAGTTGTCTTGGAGTTCTGTTCCAATG,7,11
CAAGTTGTCTTGGAGTTCTGTTCCCCTT,1,0
CAAGTTGTCTTGGAGTTCTTGTCCAATG,1,1
CAAGTTGTCTTGGAGTTCTTTTCCAATT,3,4
CAAGTTTACTCGGAGTTCTGACACAATA,36,30
CAAGTTTACTCGGAGTTCTGACACCATC,0,1
CAAGTTTACTCGGAGTTCTGACACCCTA,2,1
CAAGTTTCCTACTAGTCTTGCAACAAGT,0,1
CAAGTTTCCTAGTAGTCTTGCATCAAGG,74,20
CAAGTTTCCTAGTAGTCTTGCATCCCGG,2,0
CAAGTTTCCTAGTAGTCTTTCATCAATT,9,2
CACCTTAGCTTCAAGAGATTAATCAATT,0,1
CACCTTAGCTTCAAGATATTAATCCATG,0,1
CACGAAGACTTTCAGTTTTTACCCATAT,0,1
CACGATAGCACCGAGTGGTGCTTCAAAC,0,1
CACGTAAACTAGCAGCCCTGATACATAC,0,1
CACGTAAACTAGCAGGCCTGATACATAG,73,388
CACGTAAACTAGCAGGCCTGATACCTAT,0,2
CACGTAAACTAGCAGGCCTGATACCTCG,0,6
CACGTAAACTAGCAGGCCTTATACATAT,2,9
CACGTAAACTAGCAGGCCTTATACATCG,0,1
CACGTAAACTTGGAGTTATGCCTCATTA,0,1
CACGTAAGCTCCAAGGATTGAGCCAGGA,0,32
CACGTAAGCTCCAAGGATTGAGCCATTA,0,1
CACGTAAGCTCCAAGGATTGATCCCGGA,0,1
CACGTAAGCTCCAAGGATTTATCCATTA,0,1
CACGTAATCTAAAAGAGGTGTCGCATTG,35,0
CACGTAATCTAAAAGAGGTGTCGCCTTC,1,0
CACGTAATCTAAAAGAGGTGTCTCATTT,1,0
CACGTAATCTAAAAGAGGTGTCTCCTTG,1,0
CACGTAATCTAAAAGAGTTGTCTCATTG,2,0
CACGTAATCTAAAAGATCTGACTCATTG,1,0
CACGTAATCTGCGAGAAATGTAGCAACT,0,1
CACGTACACTCCAAGCTTTGCGGCAACG,0,34
CACGTACACTCCAAGCTTTGCGGCCCCG,0,2
CACGTACACTCCAAGCTTTGCTGCAACT,0,1
CACGTACACTCCAAGCTTTGCTGCCCCT,0,1
CACGTACACTCCAAGCTTTGCTTCAACG,0,4
CACGTACACTCCAAGCTTTTCTTCAACT,0,1
CACGTACCCTATTAGGTATGATTCAGGT,0,16
CACGTACCCTATTAGGTATGATTCATTT,0,4
CACGTACCCTGAAAGCCGTGTGGCACCG,61,33
CACGTACCCTGAAAGCCGTGTGGCCCCT,1,0
CACGTACCCTGAAAGCCGTGTGTCACCT,2,1
CACGTACCCTGAAAGCCGTGTTGCACCT,0,1
CACGTACCCTGAAAGCCGTGTTTCACCG,1,0
CACGTACCCTGAAAGCCGTTTGTCACCG,0,1
CACGTACCCTGAAAGCCTTGTGGCACCT,1,0
CACGTACCCTGAAAGCCTTGTGTCACCG,2,2
CACGTACCCTGAAAGCCTTGTTTCACCT,1,1
CACGTACCCTGAAAGCCTTTTGTCACCT,0,1
CACGTACCCTGAAAGCCTTTTTTCACCG,0,3
CACGTACCCTGGCAGTACTCAGGCCAGG,0,1
CACGTACCCTGGCAGTACTGAGGCAAGG,0,40
CACGTACCCTGGCAGTACTGAGGCCCGG,0,1
CACGTACCCTGGCAGTACTGATTCAAGT,0,5
CACGTACCCTGGCAGTACTTAGGCAATG,0,1
CACGTACCCTGGCAGTACTTATTCAATT,0,1
CACGTACGCTAAAAGATGTCTGGCCTAC,1,0
CACGTACGCTAAAAGATGTGTGGCATAC,43,89
CACGTACGCTAAAAGATGTGTGGCCTCC,0,2
CACGTACGCTAAAAGATGTGTTGCCTAC,0,1
CACGTACGCTAAAAGATGTGTTTCATAC,1,6
CACGTACGCTAAAAGATTTGTGTCATAC,0,2
CACGTACGCTAAAAGATTTTTTTCATAC,0,1
CACGTACGCTTGGAGTTTTGTTTCATTA,1,0
CACGTACTCTAGGAGCTGTGGCCCAACA,25,0
CACGTACTCTAGGAGCTGTGTCCCCCCA,2,0
CACGTACTCTAGGAGCTTTGTCCCAACA,2,0
CACGTAGGCTAGAAGCAGTGCGTCATGG,27,0
CACGTAGGCTAGAAGCAGTTCTTCATTT,1,0
CACGTAGGCTAGAAGCATTGCTTCATGT,1,0
CACGTAGGCTCACAGCAATGATCCAGTA,27,81
CACGTAGGCTCACAGCAATTATCCATTA,1,1
CACGTAGGCTCACAGCGATTATCCAGTA,0,1
CACGTAGGCTCCGAGCCTTGTACCAGTC,0,1
CACGTAGGCTTGTAGGAGTGTCGCAGGG,0,19
CACGTAGGCTTGTAGGATTGTCTCATTG,0,1
CACGTAGTCTAGCAGGACTGTCACACTA,0,1
CACGTAGTCTAGCAGGTCTGTGACACTA,135,225
CACGTAGTCTAGCAGGTCTGTGACCCTC,2,0
CACGTAGTCTAGCAGGTCTGTTACACAA,0,1
CACGTAGTCTAGCAGGTCTGTTACCCTA,1,0
CACGTAGTCTAGCAGGTCTTTTACACTA,3,6
CACGTAGTCTATCAGCCTGGCAACCCGT,1,0
CACGTAGTCTATCAGCCTTGCAACACGT,90,43
CACGTAGTCTATCAGCCTTTCAACACTT,4,3
CACGTAGTCTCTGAGTTTTGTTGCACAT,32,30
CACGTAGTCTCTGAGTTTTTTTTCACAT,1,1
CACGTATGCTAGCAGCTCTGTGCCACCC,0,1
CACGTATGCTGCGAGGATTGCGACAGGA,0,6
CACGTATGCTGCGAGGATTTCTACATTA,0,1
CACGTATTCTACCAGGGGTGTGTCATGG,41,0
CACGTATTCTACCAGGGTTGTGTCATTG,2,0
CACGTATTCTACCAGGTGTGTGTCATTT,1,0
CACGTATTCTACCAGGTTTGTGTCATGG,2,0
CACGTATTCTACCAGGTTTTTTTCATTT,2,0
CACGTATTCTGATAGTAGTGCATCAAAA,1,0
CACGTCACCTATGAGGTGTGATCCATTC,61,0
CACGTCACCTATGAGGTTTTATCCATTC,2,0
CACGTCACCTATGAGTGCTGACACAGTG,0,58
CACGTCACCTATGAGTGCTTACACATTT,0,7
CACGTCACCTATGAGTTCTGACACAGTT,0,4
CACGTCACCTATGAGTTCTGACACATTG,0,2
CACGTCACCTCTCAGATGTGATCCATAT,34,92
CACGTCACCTCTCAGATGTGATCCCTCT,1,1
CACGTCACCTCTCAGATTTGATCCATAA,0,1
CACGTCACCTCTCAGATTTTATCCATAT,1,3
CACGTCAGCTGCGAGCACTGGGTCATGC,47,30
CACGTCAGCTGCGAGCACTGGTTCATTC,0,1
CACGTCAGCTGCGAGCACTGTGACCTGC,1,0
CACGTCAGCTGCGAGCACTGTGTCATTC,5,2
CACGTCAGCTGCGAGCACTTTTTCATTC,1,1
CACGTCAGCTTCGAGCTGTGTGGCAGCG,27,0
CACGTCAGCTTCGAGCTGTTTTTCATCT,3,0
CACGTCAGCTTCGAGCTTTGTTTCAGCT,3,0
CACGTCCACAAACACGACTGACACAATG,0,1
CACGTCCACTAAGAGGACAGACACAATG,0,1
CACGTCCACTAAGAGGACTGACACAAGG,93,106
CACGTCCACTAAGAGGACTGACACCAGT,1,1
CACGTCCACTAAGAGGACTGACACCATG,0,1
CACGTCCACTAAGAGGACTGACACCCGG,3,2
CACGTCCACTAAGAGGACTTACACAATT,14,12
CACGTCCACTAAGAGTACTGACACCAGG,1,0
CACGTCCACTACGAGATTTTTTTCATAT,1,0
CACGTCCCCTCTCAGATCTGATCCATAT,1,0
CACGTCCCCTTAGAGCGGTGTGCCAATC,30,0
CACGTCCCCTTAGAGCGTTGTGCCCCTC,2,0
CACGTCCCCTTAGAGCGTTGTTCCAATC,1,0
CACGTCCCCTTAGAGCTTTGTGCCAATC,4,0
CACGTCCCCTTAGAGCTTTTTTCCAATC,2,0
CACGTCCTCTCTTAGTGCTGGGTCAGAT,0,36
CACGTCCTCTCTTAGTGCTGTTTCAGAT,0,1
CACGTCCTCTCTTAGTTCTGGGTCCGCT,0,1
CACGTCCTCTGTGAGTCTTGATTCAGCA,0,31
CACGTCCTCTGTGAGTCTTGATTCCGCC,0,1
CACGTCCTCTGTGAGTCTTTAATCCGCA,0,1
CACGTCCTCTGTGAGTCTTTATTCATCA,0,2
CACGTCGCCTATCAGTTGTGCTCCATTA,0,51
CACGTCGCCTATCAGTTTTTCTCCATTA,0,1
CACGTCGCCTCCAAGGAATTTTCCATCT,1,0
CACGTCGCCTCCAAGGACTGAGCCATCT,1,0
CACGTCGCCTCCAAGGACTGATCCAGCT,1,0
CACGTCGCCTCCAAGGACTGTGCCAGCT,82,0
CACGTCGCCTCCAAGGACTGTTCCATCT,3,0
CACGTCGCCTCCAAGGACTGTTCCCGCT,1,0
CACGTCGGCTAATAGCGGTGTCTCAGAG,0,76
CACGTCGGCTAATAGCGGTGTCTCATAT,0,1
CACGTCGGCTAATAGCGGTGTCTCCGCG,0,1
CACGTCGGCTAATAGCGTTTTCTCAGAG,0,1
CACGTCGGCTAATAGCTGTGTCTCAGAT,0,1
CACGTCGGCTAATAGCTGTTTCTCAGAG,0,1
CACGTCGGCTAATAGCTTTGTCTCAGAG,0,1
CACGTCGGCTAATAGCTTTGTCTCATAT,0,7
CACGTCGGCTAATAGCTTTGTCTCCTCG,0,2
CACGTCGGCTATTAGTTGTGAAACACGT,44,0
CACGTCGGCTATTAGTTGTTAAACACTT,1,0
CACGTCGGCTATTAGTTTTGAAACCCGT,1,0
CACGTCGGCTGCTAGACTTGCCTCACGG,20,0
CACGTCGGCTGCTAGACTTGCCTCACTT,2,0
CACGTCGGCTTGGAGGCATGTTCCAGTT,252,14
CACGTCGGCTTGGAGGCATTTTCCATTT,9,0
CACGTCGGCTTGGAGGCATTTTCCCGTT,1,0
CACGTCGTCTAGAAGCATTGGGGCAGGT,40,0
CACGTCGTCTAGAAGCATTGTGGCCGGT,1,0
CACGTCGTCTAGAAGCATTGTGTCAGGT,1,0
CACGTCGTCTAGAAGCATTGTTTCATGT,5,0
CACGTCGTCTAGAAGCATTTGGTCATGT,1,0
CACGTCGTCTAGAAGCATTTTGGCATGT,2,0
CACGTCGTCTAGAAGCATTTTTTCATTT,2,0
CACGTCTGCATATAGTCATTCATCAGAC,0,1
CACGTCTGCTAGGAGTTGTGCGCCAATC,1,0
CACGTCTGCTCAAAGTATTTCACCATCT,0,1
CACGTCTGCTGACAGCTTTGGTGCACGC,1,0
CACGTCTGCTTTAAGAAATGCAGCAGAC,0,1
CACGTCTGCTTTTAGTCATGCACCACAC,0,1
CACGTCTGCTTTTAGTCATGCAGCAGAC,136,187
CACGTCTGCTTTTAGTCATGCAGCATCC,1,0
CACGTCTGCTTTTAGTCATGCAGCCGCC,1,3
CACGTCTGCTTTTAGTCATGCATCCTAC,1,0
CACGTCTGCTTTTAGTCATTCATCATAC,22,30
CACGTGAACTCGAAGGACTGTTGCAAGG,46,0
CACGTGAACTCGAAGGACTGTTGCCCGG,1,0
CACGTGAACTCGAAGGACTGTTTCAAGT,2,0
CACGTGAACTCGAAGGACTGTTTCAATG,2,0
CACGTGAACTCGAAGGACTTTTTCAATT,1,0
CACGTGAACTCGAAGTACTTTTGCAAGG,1,0
CACGTGAACTTCTAGAGATGTTCCACGA,1,0
CACGTGAACTTGTAGTGATGGGCCACGA,104,96
CACGTGAACTTGTAGTGATGGTCCCCGC,1,0
CACGTGAACTTGTAGTGATGTTCCACTA,5,8
CACGTGAACTTGTAGTGATTGTCCACTA,1,2
CACGTGAACTTGTAGTGATTTTCCACGA,2,2
CACGTGAACTTGTAGTTATGGTCCACGA,1,1
CACGTGAACTTGTAGTTATTTTCCACTA,3,2
CACGTGACCAAGTAGCCATTTTTCATTT,1,0
CACGTGACCTCTTAGGTTTGTCACATGG,0,1
CACGTGAGCTACAAGGGTTTCTTCATCT,0,1
CACGTGAGCTATCAGCACTGAACCATAA,1,0
CACGTGATCTCCGAGGGTTGTGGCAATT,145,287
CACGTGATCTCCGAGGGTTGTGGCCCTT,2,6
CACGTGATCTCCGAGGGTTGTGTCCCAT,0,1
CACGTGATCTCCGAGGGTTGTTTCAATT,2,3
CACGTGATCTCCGAGGGTTGTTTCCCTT,1,2
CACGTGATCTCCGAGGGTTTTGTCAATT,0,1
CACGTGATCTCCGAGGTATGTGGCAATT,0,1
CACGTGATCTCCGAGGTTTGTGTCAATT,9,23
CACGTGATCTCCGAGGTTTGTTGCAATT,0,1
CACGTGATCTCCGAGGTTTTTTTCAATT,4,5
CACGTGCCCTATTAGAGTTGTCACAAGG,65,118
CACGTGCCCTATTAGAGTTGTCACAATT,2,1
CACGTGCCCTATTAGAGTTGTCACACGT,0,1
CACGTGCCCTATTAGAGTTGTCACCCGG,2,1
CACGTGCCCTATTAGAGTTTTCACAAGT,1,0
CACGTGCCCTATTAGAGTTTTCACAATG,1,1
CACGTGCCCTATTAGATTTGTCACAAGT,0,1
CACGTGCCCTATTAGATTTGTCACAATG,1,0
CACGTGCCCTATTAGATTTTTCACAATT,4,5
CACGTGCGCTTTCAGGGAAGGTGCACGG,0,1
CACGTGCGCTTTCAGGGTAGTTGCACGG,1,0
CACGTGCGCTTTCAGGGTTGGTGCACGG,21,10
CACGTGCGCTTTCAGGGTTGTTTCACTG,4,2
CACGTGCGCTTTCAGGGTTTTTTCACTT,1,0
CACGTGCGCTTTCAGGTTTGGTGCACGT,1,0
CACGTGCGCTTTCAGGTTTGGTGCACTG,3,1
CACGTGCGCTTTCAGGTTTTTTTCACGT,1,0
CACGTGGACTAAGAGTTCGGAATCCCTG,1,0
CACGTGGACTAAGAGTTCTGAAACACAT,0,1
CACGTGGACTAAGAGTTCTGAATCACAC,0,1
CACGTGGACTAAGAGTTCTGAATCACTG,270,396
CACGTGGACTAAGAGTTCTGAATCCCTT,1,1
CACGTGGACTAAGAGTTCTTAATCACTT,5,12
CACGTGGACTAAGAGTTCTTAATCCCTG,0,1
CACGTGGACTTAAAGGGGTGAGACATAT,36,0
CACGTGGACTTAAAGGGTTGATACATAT,1,0
CACGTGGACTTAAAGGTTTGAGACATAT,5,0
CACGTGGCCTACTAGCTATGCCTCATGA,138,254
CACGTGGCCTACTAGCTATGCCTCCTGC,0,2
CACGTGGCCTACTAGCTATTCCTCATTA,4,7
CACGTGGCCTACTAGCTATTCCTCCTGA,0,1
CACGTGGCCTCCGAGGCCTGTTGCACGG,0,45
CACGTGGCCTCCGAGGCCTGTTGCACTT,0,1
CACGTGGCCTCCGAGGCCTGTTTCACGT,0,1
CACGTGGCCTCCGAGGCCTGTTTCACTG,0,4
CACGTGGCCTCCGAGGCCTGTTTCCCGG,0,1
CACGTGGCCTCCGAGGCCTTTTTCACTT,0,2
CACGTGGCCTTCTAGCTATGCCACAATA,1,0
CACGTGGGCTGCAAGCCTTGGATCAACG,0,1
CACGTGGGCTGCAAGCCTTGGATCCCCG,0,1
CACGTGGGCTGCCAGTATTGACGCATAG,96,0
CACGTGGGCTGCCAGTATTGACTCATAT,2,0
CACGTGGGCTGCCAGTATTTACTCATAG,7,0
CACGTGTACTACGAGGGATGTGTCAGAT,0,9
CACGTGTACTATAAGCCTTGGATCACCG,43,0
CACGTGTACTATAAGCCTTTTATCACCT,5,0
CACGTGTACTTGCAGGCATTACTCACAT,1,0
CACGTGTCCTGAGAGAACTGCGTCACTG,39,0
CACGTGTCCTGAGAGAACTGCTTCCCTG,1,0
CACGTGTCCTGAGAGAACTTCTTCACTT,3,0
CACGTGTCCTTGCAGCTCTGTCCCAAGC,38,0
CACGTGTCCTTGCAGCTCTTTCCCAATC,4,0
CACGTGTGCTCAAAGTTTTGCAGCATCT,168,57
CACGTGTGCTCAAAGTTTTGCATCCTCT,1,0
CACGTGTGCTCAAAGTTTTTCAGCCTCT,1,0
CACGTGTGCTCAAAGTTTTTCATCATCT,13,3
CACGTGTTCTCGTAGATTTGTTCCATTC,1,0
CACGTGTTCTCTTAGATTTGTGCCAGTC,32,0
CACGTGTTCTCTTAGATTTTTTCCAGTC,5,0
CACGTGTTCTGAAAGGCTTGGCTCATCA,0,9
CACGTTACCTCAAAGTTTTGTTTCATCT,1,0
CACGTTACCTCTTAGGAGTGGCGCAATC,70,164
CACGTTACCTCTTAGGAGTGGCGCCCTC,1,4
CACGTTACCTCTTAGGAGTGGCTCCATC,0,1
CACGTTACCTCTTAGGAGTGTCGCACTC,0,1
CACGTTACCTCTTAGGAGTGTCTCAATC,10,9
CACGTTACCTCTTAGGAGTTGCTCAATC,0,3
CACGTTACCTCTTAGGAGTTTCGCAATC,1,3
CACGTTACCTCTTAGGATTGGCTCAATC,1,1
CACGTTACCTCTTAGGATTGTCGCAATC,0,2
CACGTTACCTCTTAGGATTGTCGCCCTC,0,1
CACGTTACCTCTTAGGATTTTCTCAATC,6,3
CACGTTAGCTGAGAGATATGGGCCACTT,0,10
CACGTTAGCTGAGAGATATTTTCCACTT,0,7
CACGTTAGCTGCAAGTGGGGCTTCCCAC,1,0
CACGTTAGCTGCGAGACGTGCATCAAAC,1,0
CACGTTAGCTGCGAGTGGTGCTTCAAAC,179,148
CACGTTAGCTGCGAGTGGTGCTTCACCC,1,1
CACGTTAGCTGCGAGTGGTGCTTCCCAC,5,4
CACGTTAGCTGCGAGTGTTTCTTCAAAC,1,2
CACGTTAGCTGCGAGTTGTTCTTCAAAC,2,1
CACGTTAGCTGCGAGTTTTGCTTCAAAC,10,8
CACGTTAGCTGCGAGTTTTTCTTCCCAC,0,1
CACGTTAGCTTAAAGCAATGTGTCACCA,45,0
CACGTTAGCTTCAAGAGAGGAATCCAGG,2,0
CACGTTAGCTTCAAGAGATGAATCAAGG,696,539
CACGTTAGCTTCAAGAGATGAATCAATT,44,24
CACGTTAGCTTCAAGAGATGAATCACTG,1,0
CACGTTAGCTTCAAGAGATGAATCCAGT,3,1
CACGTTAGCTTCAAGAGATGAATCCCGG,17,15
CACGTTAGCTTCAAGAGATTAAACAATT,1,0
CACGTTAGCTTCAAGAGATTAATCAAGT,5,7
CACGTTAGCTTCAAGAGATTAATCAATG,10,7
CACGTTAGCTTCAAGAGATTAATCACGG,1,0
CACGTTAGCTTCAAGATAGGAATCAAGG,0,1
CACGTTAGCTTCAAGATATGAATCAAGT,7,0
CACGTTAGCTTCAAGATATGAATCAATG,4,1
CACGTTAGCTTCAAGATATGAATCACGG,1,0
CACGTTAGCTTCAAGATATTAATCAAGG,2,2
CACGTTAGCTTCAAGATATTAATCAATT,18,12
CACGTTAGCTTCAAGCGATGACTCACGT,0,1
CACGTTAGCTTCGAGGGCTTAATCAGGT,0,1
CACGTTAGCTTGGAGCCCTGAATCAGGT,0,1
CACGTTAGCTTGGAGGGCTGAATCAGGT,68,216
CACGTTAGCTTGGAGGGCTGAATCATTT,0,2
CACGTTAGCTTGGAGGTCTGAATCAGTT,2,10
CACGTTAGCTTGGAGGTCTGAATCATGT,2,3
CACGTTAGCTTGGAGGTCTGAATCCGGT,1,1
CACGTTAGCTTGGAGGTCTTAATCATTT,2,4
CACGTTCACTAACAGGATTGGCTCAGGT,0,40
CACGTTCACTAACAGGATTGGCTCATTT,0,1
CACGTTCACTAACAGGATTGTCTCATGT,0,1
CACGTTCACTAACAGGATTGTCTCCGGT,0,1
CACGTTCACTAACAGGATTTTCTCAGGT,0,1
CACGTTCACTAACAGGATTTTCTCATTT,0,1
CACGTTCACTCAGAGCGTTGGAACATAC,49,0
CACGTTCACTCAGAGCGTTGGAACCTCC,1,0
CACGTTCACTCAGAGCTTTTTAACATAC,3,0
CACGTTCACTTGGAGCGTTGGCGCAGGT,49,87
CACGTTCACTTGGAGCGTTGGCTCAGTT,0,4
CACGTTCACTTGGAGCGTTGTCGCAGTT,0,1
CACGTTCACTTGGAGCGTTGTCGCCGGT,0,2
CACGTTCACTTGGAGCGTTGTCTCATGT,1,5
CACGTTCACTTGGAGCGTTTTCTCATTT,0,1
CACGTTCACTTGGAGCTTTGGCGCATGT,0,1
CACGTTCACTTGGAGCTTTGGCGCATTA,0,1
CACGTTCACTTGGAGCTTTGGCTCATTT,0,2
CACGTTCACTTGGAGCTTTGTCGCATGA,0,1
CACGTTCCCTAAAAGTGGTGCAACAACC,26,0
CACGTTCCCTAAAAGTGGTGCAACCCCC,1,0
CACGTTCCCTAAAAGTGTTTCAACAACC,1,0
CACGTTCCCTAAAAGTTTTGCAACAACC,5,0
CACGTTCGCTTTGAGGTCTGCACCACAA,108,80
CACGTTCGCTTTGAGGTCTGCACCCCCA,1,0
CACGTTCGCTTTGAGGTCTTCACCACCC,0,2
CACGTTGCCTTAGAGACATTGATCATCC,1,0
CACGTTGGCTCCGAGCAGTGAAACATAC,0,1
CACGTTGGCTCCGAGCCGTGTACCAGTC,45,104
CACGTTGGCTCCGAGCCTTGTACCATTC,8,9
CACGTTGGCTTCAAGCGATGTCACAGAG,60,0
CACGTTGTCAGATAGTAATTTCTCATCT,1,0
CACGTTTACTCTTAGGATTGCATCAGTT,0,1
CACGTTTACTCTTAGGTTTGCAGCAGGG,0,56
CACGTTTACTCTTAGGTTTGCAGCAGTT,0,2
CACGTTTACTCTTAGGTTTGCATCAGTG,0,1
CACGTTTACTCTTAGGTTTGCATCATTT,0,3
CACGTTTACTCTTAGGTTTTCAGCAGGT,0,1
CACGTTTACTCTTAGGTTTTCAGCATGG,0,1
CACGTTTACTCTTAGGTTTTCATCAGTT,0,1
CACGTTTACTCTTAGGTTTTCATCATGT,0,1
CACGTTTACTGGTAGGCATCTGCCCCTA,0,1
CACGTTTACTGGTAGGCATGTGCCACTA,38,57
CACGTTTACTGGTAGGCATTTTCCACTA,1,1
CACGTTTCCTCTGAGACTTGCGGCACAG,30,44
CACGTTTCCTCTGAGACTTGCGGCCCCG,0,2
CACGTTTCCTCTGAGACTTGCTTCACAG,1,2
CACGTTTCCTCTGAGACTTTCGGCACCG,0,1
CACGTTTCCTCTGAGACTTTCTTCACAT,4,5
CAGCTACGCTCTAAGGGTTTGTTCAGGC,1,0
CAGCTTGACTACAAGATATGTGTCAAAG,1,0
CAGCTTGTCTGAAAGATTTGAGACAGGT,1,0
CAGGAAAGCTAACAGTCGTTTTTCATTT,1,0
CAGGAGTGCTTGGAGGAGTGTTCCAAGT,0,1
CAGGATAGCTTTTAGCATTGTTACAATG,1,0
CAGGTAAACTATTAGAGTTGTCGCATTA,60,0
CAGGTAAACTATTAGAGTTGTCTCATTC,2,0
CAGGTAAACTATTAGAGTTTTCTCATTA,1,0
CAGGTAAACTATTAGATTTGTCTCATTA,1,0
CAGGTAACCTGAGAGTGATGTCGCAGTC,83,0
CAGGTAACCTGAGAGTGATGTCTCATTC,1,0
CAGGTAACCTGAGAGTGATTTCTCAGTC,3,0
CAGGTAACCTGAGAGTTATGTCTCAGTC,1,0
CAGGTAAGCTAACAGTCGTGGTTCATGG,47,0
CAGGTAAGCTAACAGTCTTGGTTCATTG,2,0
CAGGTAAGCTAACAGTCTTTTTTCATTT,5,0
CAGGTAAGCTAGGAGGGTTTCTTCATGA,0,1
CAGGTAATCTGACAGGCGTGGCCCAGGG,152,261
CAGGTAATCTGACAGGCGTGGCCCAGTT,1,0
CAGGTAATCTGACAGGCGTGGCCCATGT,1,0
CAGGTAATCTGACAGGCGTGGCCCATTG,1,4
CAGGTAATCTGACAGGCGTGGCCCCGGT,1,0
CAGGTAATCTGACAGGCGTGTCCCAGGT,3,2
CAGGTAATCTGACAGGCGTGTCCCAGTG,2,2
CAGGTAATCTGACAGGCGTGTCCCATGG,7,6
CAGGTAATCTGACAGGCGTGTCCCATTT,3,6
CAGGTAATCTGACAGGCGTGTCCCCGGG,0,2
CAGGTAATCTGACAGGCGTTGCCCATGG,1,0
CAGGTAATCTGACAGGCGTTTCCCAGTT,0,1
CAGGTAATCTGACAGGCGTTTCCCATTG,1,1
CAGGTAATCTGACAGGCTTGGCCCAGGT,1,2
CAGGTAATCTGACAGGCTTGGCCCAGTG,2,1
CAGGTAATCTGACAGGCTTGGCCCATTT,0,2
CAGGTAATCTGACAGGCTTGTCCCAGGG,6,5
CAGGTAATCTGACAGGCTTGTCCCAGTT,1,2
CAGGTAATCTGACAGGCTTGTCCCATTG,2,5
CAGGTAATCTGACAGGCTTTCCCCAGTG,0,1
CAGGTAATCTGACAGGCTTTGCCCAGTT,0,1
CAGGTAATCTGACAGGCTTTGCCCATTG,1,0
CAGGTAATCTGACAGGCTTTTCCCATTT,12,12
CAGGTACACTCGTAGCATTTTATCATCC,0,1
CAGGTACACTGCAAGAGCTGCTGCAGGG,51,12
CAGGTACACTGCAAGAGCTGCTTCAGTT,1,0
CAGGTACACTGCAAGAGCTGCTTCATTG,1,0
CAGGTACACTGCAAGAGCTTCTGCAGTG,1,0
CAGGTACACTGCAAGAGCTTCTGCCGGG,1,0
CAGGTACACTGCAAGATCTGCTGCAGGT,0,1
CAGGTACACTGCAAGATCTGCTGCAGTG,0,1
CAGGTACACTGCAAGATCTTCTTCAGTT,2,0
CAGGTACCCTCTGAGTTGTGGCGCAGAG,0,36
CAGGTACCCTCTGAGTTGTGGCTCATAG,0,1
CAGGTACCCTCTGAGTTGTGTCGCATAG,0,1
CAGGTACCCTCTGAGTTGTTGCGCATAG,0,1
CAGGTACCCTCTGAGTTTTGTCTCAGAG,0,4
CAGGTACCCTCTGAGTTTTTTCTCCGAT,0,2
CAGGTACCCTTAAAGTTATGAACCAAAT,0,1
CAGGTAGACTAGGAGGGTTTTTGCACTC,0,1
CAGGTAGCCTCCAAGAAAATGATCATCA,0,1
CAGGTAGCCTCCAAGAAATGGATCATCA,65,316
CAGGTAGCCTCCAAGAAATGGATCCTCC,1,2
CAGGTAGCCTCCAAGAAATGTATCCTCA,1,2
CAGGTAGCCTCCAAGAAATTGGTCATCA,0,1
CAGGTAGCCTCCAAGAAATTTATCATCA,5,21
CAGGTAGCCTCCAAGATATGTATCATCA,1,0
CAGGTAGCCTCGCAGGCGTGTGCCAAGG,32,100
CAGGTAGCCTCGCAGGCGTGTGCCCAGT,1,0
CAGGTAGCCTCGCAGGCGTGTGCCCCGG,1,2
CAGGTAGCCTCGCAGGCGTGTTCCAATT,0,11
CAGGTAGCCTCGCAGGCTTGTGCCAAGT,0,1
CAGGTAGCCTCGCAGGCTTGTGCCAATG,1,2
CAGGTAGCCTCGCAGGCTTTTTCCAATT,2,3
CAGGTAGCCTCGTAGCTTGGTTCCATTT,0,1
CAGGTAGCCTTGAAGATGTGGCACAAAC,107,120
CAGGTAGCCTTGAAGATGTGGCACCCAC,3,4
CAGGTAGCCTTGAAGATGTTTCACAAAC,5,8
CAGGTAGCCTTGAAGATTTGGCACCAAC,0,1
CAGGTAGCCTTGAAGATTTGTCACAAAC,3,3
CAGGTAGCCTTGAAGATTTTGCACAAAC,0,1
CAGGTATTCTGACAGAGTTGCCTCATGT,34,79
CAGGTATTCTGACAGATTTTCCTCATTT,4,10
CAGGTATTCTGGGAGCTATGGTTCATAC,0,1
CAGGTATTCTTCGAGGTGTGGAACATGC,0,36
CAGGTATTCTTCGAGGTGTTTAACATTC,0,1
CAGGTATTCTTCGAGGTTTGGAACATTC,0,1
CAGGTCAACTGAGAGGTCTGTACAATAA,0,1
CAGGTCAGCTCTCAGCTATTCAACAACG,1,0
CAGGTCAGCTCTGAGCGATGCATCAACT,1,0
CAGGTCAGCTCTGAGCGATGCATCATCG,153,14
CAGGTCAGCTCTGAGCGATGCATCCTCT,1,0
CAGGTCAGCTCTGAGCTATGCATCCTCG,1,0
CAGGTCAGCTCTGAGCTATTCATCATCT,20,3
CAGGTCCACTGTGAGTATTGTAGCAAGG,0,25
CAGGTCCACTGTGAGTATTGTATCAATG,0,1
CAGGTCCACTGTGAGTATTTTATCAATT,0,5
CAGGTCCCCTAGTAGATTTGATTCAACC,1,0
CAGGTCCGCTAGGAGGGTTGCTTCATTA,0,1
CAGGTCCGCTAGGAGGTTTGAGCCATAA,42,20
CAGGTCCGCTAGGAGGTTTGAGCCATCC,1,0
CAGGTCCGCTAGGAGGTTTGAGCCCTAC,0,1
CAGGTCCGCTAGGAGGTTTGAGCCCTCA,1,0
CAGGTCCGCTAGGAGGTTTTATCCATAA,1,0
CAGGTCGACTATGAGACATGGGTCAGGG,0,34
CAGGTCGACTATGAGACATGGTTCATTT,0,1
CAGGTCGACTATGAGACATGTGTCAGTG,0,4
CAGGTCGACTATGAGACATGTGTCCGGG,0,1
CAGGTCGACTATGAGACATTTTTCAGGG,0,1
CAGGTCGACTATGAGACATTTTTCATTT,0,3
CAGGTCGCCTAGTAGGTGTGAGGCAAGG,63,111
CAGGTCGCCTAGTAGGTGTGAGGCCCGG,2,1
CAGGTCGCCTAGTAGGTGTGAGTCAAGT,2,5
CAGGTCGCCTAGTAGGTGTGAGTCAATG,0,1
CAGGTCGCCTAGTAGGTGTGATGCAATG,1,0
CAGGTCGCCTAGTAGGTGTGATTCAAGG,2,0
CAGGTCGCCTAGTAGGTGTGATTCAATT,0,1
CAGGTCGCCTAGTAGGTGTTAGTCAAGG,0,1
CAGGTCGCCTAGTAGGTTTGAGGCAAGT,2,0
CAGGTCGCCTAGTAGGTTTGAGTCAATT,4,0
CAGGTCGCCTAGTAGGTTTGATTCAAGT,2,1
CAGGTCGCCTAGTAGGTTTTATTCAATT,1,2
CAGGTCGCCTCCTAGCTATTATTCATCT,1,0
CAGGTCGGCTAGGAGCTTTGCTTCATGA,1,0
CAGGTCGGCTAGGAGGGTTGCTTCATGA,112,186
CAGGTCGGCTAGGAGGTATTCTTCATGA,0,1
CAGGTCGGCTAGGAGGTTTTCTTCAAGA,0,1
CAGGTCGGCTAGGAGGTTTTCTTCATTA,3,14
CAGGTCGGCTAGGAGTTTTTCTTCATGA,1,0
CAGGTCGGCTATGAGGTTTGCTTCATGA,1,0
CAGGTCGGCTCATAGATCTGGTGCAGGC,45,0
CAGGTCGGCTCATAGATCTGTAGCAGGC,1,0
CAGGTCGGCTCATAGATCTGTTGCAGTC,1,0
CAGGTCGGCTCATAGATCTGTTGCATGC,1,0
CAGGTCGGCTCATAGATCTTGTGCAGTC,2,0
CAGGTCGGCTCATAGATCTTTTTCATTC,4,0
CAGGTCGGCTCATAGCACTGTACCAGCT,0,59
CAGGTCGGCTCATAGCACTTTACCATCT,0,1
CAGGTCGGCTCGGAGTTTTGCAGCATGC,21,0
CAGGTCGGCTCGGAGTTTTTCATCATTC,10,0
CAGGTCGGCTCTAAGTACTGTTGCATGG,40,0
CAGGTCGGCTCTAAGTACTGTTTCATGT,1,0
CAGGTCGGCTGATAGACGTGCCGCATGA,28,0
CAGGTCGGCTGATAGACGTTCCGCATTA,1,0
CAGGTCGGCTGATAGACGTTCCTCATGA,1,0
CAGGTCGGCTGATAGACTTGCCTCATGA,1,0
CAGGTCGGCTGCAAGTGATGTTTCAGGC,0,4
CAGGTCGGCTGCAAGTGATGTTTCATTC,0,1
CAGGTCGGCTGCAAGTGATTTTTCAGTC,0,1
CAGGTCGGCTTAGAGGTATGTCACAAGT,112,54
CAGGTCGGCTTAGAGGTATGTCACCCGT,2,1
CAGGTCGGCTTAGAGGTATTTCACAATT,3,0
CAGGTCGTCTGAAAGCTCTGCGTCAAAA,22,117
CAGGTCGTCTGAAAGCTCTGCGTCCAAC,0,1
CAGGTCGTCTGAAAGCTCTGCGTCCCCA,1,2
CAGGTCGTCTGAAAGCTCTTCTTCAAAA,2,5
CAGGTCGTCTTCTAGGTCTGACACAGCG,52,17
CAGGTCGTCTTCTAGGTCTGACACATCT,3,3
CAGGTCGTCTTCTAGGTCTTACACAGCT,1,0
CAGGTCGTCTTGGAGCAGTGGAGCATCG,49,64
CAGGTCGTCTTGGAGCAGTGGAGCCTCT,0,1
CAGGTCGTCTTGGAGCAGTGTAGCATCT,0,2
CAGGTCGTCTTGGAGCAGTTGAGCATCT,1,0
CAGGTCGTCTTGGAGCAGTTGATCATCG,0,4
CAGGTCGTCTTGGAGCAGTTTAGCATCG,0,1
CAGGTCGTCTTGGAGCATTGTATCCTCT,1,0
CAGGTCGTCTTGGAGCATTTTATCATCT,1,3
CAGGTCTTCTCTGAGAAGTGGCACAAGG,0,30
CAGGTCTTCTCTGAGAAGTGTCACAATG,0,4
CAGGTCTTCTCTGAGAAGTGTCACCCGG,0,2
CAGGTCTTCTCTGAGAATTTTCACAATT,0,3
CAGGTCTTCTGTGAGAATTGCCACACGC,0,37
CAGGTCTTCTGTGAGAATTTCCACACTC,0,1
CAGGTGAACTCGGAGAAGTGGAGCAAAC,57,22
CAGGTGAACTCGGAGAAGTGTATCAAAC,2,1
CAGGTGAACTCGGAGAAGTTGATCAAAC,1,0
CAGGTGAACTCGGAGAAGTTTAGCAAAC,2,1
CAGGTGAACTCGGAGAATTGTAGCAAAC,0,1
CAGGTGAACTCGGAGAATTTTATCAAAC,1,0
CAGGTGAACTTAGATCCATTAAACATCC,0,1
CAGGTGAACTTCGAGCCATGAAACATCC,55,162
CAGGTGAACTTCGAGCCATTAAACCTCC,1,0
CAGGTGACCTTGCAGTGTTGGGGCATAT,0,28
CAGGTGACCTTGCAGTGTTGGTGCCTCT,0,1
CAGGTGACCTTGCAGTGTTGTTGCATAT,0,2
CAGGTGACCTTGCAGTGTTTTGGCATAT,0,1
CAGGTGACCTTGCAGTTTTGTTTCATAT,0,2
CAGGTGAGCTACAAGAAATGGCACAGCC,1,0
CAGGTGAGCTGCTAGGCGTGTGGCATTA,58,0
CAGGTGAGCTGCTAGGCGTGTGGCCTTC,1,0
CAGGTGAGCTGCTAGGCGTGTGTCCTTA,1,0
CAGGTGAGCTGCTAGGCGTTTTTCATTA,2,0
CAGGTGAGCTGCTAGGCTTGTTTCATTA,12,0
CAGGTGAGCTGTCAGACCTGATGCAACT,1,0
CAGGTGAGCTGTTAGACCAGATTCACCT,0,1
CAGGTGAGCTGTTAGACCTGAATCAACG,1,0
CAGGTGAGCTGTTAGACCTGATGCAACG,59,192
CAGGTGAGCTGTTAGACCTGATGCCCCG,1,9
CAGGTGAGCTGTTAGACCTGATTCAACT,5,16
CAGGTGAGCTGTTAGACCTTATTCAACG,0,1
CAGGTGAGCTTATAGGGCTGTTGCACAT,1,0
CAGGTGAGCTTGCAGCAGTGGGTCAATG,23,29
CAGGTGAGCTTGCAGCAGTGGGTCCCTG,1,1
CAGGTGAGCTTGCAGCAGTGTTTCAATG,1,2
CAGGTGAGCTTGCAGCAGTTTGTCAATT,1,0
CAGGTGAGCTTGCAGCATTGGTTCAATT,1,0
CAGGTGAGCTTGCAGCATTGTGTCAATG,1,1
CAGGTGAGCTTGCAGCATTTTTTCAATT,1,1
CAGGTGAGCTTTCAGGATTGAGTCACAG,0,112
CAGGTGAGCTTTCAGGATTGAGTCCCCG,0,2
CAGGTGAGCTTTCAGGATTGATTCACCG,0,1
CAGGTGAGCTTTCAGGATTTATTCACAG,0,2
CAGGTGATCTAGAAGCACTGACACACAG,0,1
CAGGTGATCTATAAGGGCTGTTGCAGAA,34,0
CAGGTGATCTATAAGGTCTGTTGCATAA,4,0
CAGGTGATCTATAAGGTCTGTTGCCGCA,1,0
CAGGTGATCTATAAGGTCTGTTTCAGAA,2,0
CAGGTGATCTATAAGGTCTGTTTCCGCC,1,0
CAGGTGATCTATAAGGTCTTTTTCATAA,1,0
CAGGTGATCTGAGAGTATTGTCACAGGG,0,1
CAGGTGCACTAGAAGCCTTGGCACAGTA,87,39
CAGGTGCACTAGAAGCCTTGGCACATTC,2,0
CAGGTGCACTAGAAGCCTTGTCACATTA,3,1
CAGGTGCACTAGAAGCCTTTGCACATTA,3,0
CAGGTGCACTAGAAGCCTTTTCACAGTA,6,6
CAGGTGCACTGCCAGTTATGTCTCATCA,0,1
CAGGTGCACTTAAAGGCATGGTTCACAT,1,0
CAGGTGCCCTAGCAGCTTTGCATCAAAG,26,34
CAGGTGCCCTAGCAGCTTTTCATCAAAT,1,1
CAGGTGCCCTAGCAGCTTTTCATCCCAG,1,0
CAGGTGCCCTTAAAGGGAGGTTGCACAT,0,1
CAGGTGCCCTTAAAGGGATGGTGCACAT,377,314
CAGGTGCCCTTAAAGGGATGGTGCCCCT,2,2
CAGGTGCCCTTAAAGGGATGGTTCCCAT,0,2
CAGGTGCCCTTAAAGGGATGTAGCACAT,0,1
CAGGTGCCCTTAAAGGGATGTTGCACCT,1,1
CAGGTGCCCTTAAAGGGATGTTGCCCAT,0,1
CAGGTGCCCTTAAAGGGATGTTTCACAT,3,5
CAGGTGCCCTTAAAGGGATTGTTCACAT,3,0
CAGGTGCCCTTAAAGGGATTTTGCACAT,1,0
CAGGTGCCCTTAAAGGTAGGGTGCACAT,1,0
CAGGTGCCCTTAAAGGTATGGAGCACAA,1,0
CAGGTGCCCTTAAAGGTATGGTTCACAT,11,8
CAGGTGCCCTTAAAGGTATGTTGCACAT,24,18
CAGGTGCCCTTAAAGGTATGTTTCCCAT,1,1
CAGGTGCCCTTAAAGGTATTGTGCACAT,3,1
CAGGTGCCCTTAAAGGTATTTTGCCCAT,1,0
CAGGTGCCCTTAAAGGTATTTTTCACAT,11,9
CAGGTGCCCTTAAAGTGATGGTGCCCAT,0,1
CAGGTGCCCTTAAAGTTATGGTGCACAT,0,1
CAGGTGCGCTACTAGGTTTTTTCCATTC,0,1
CAGGTGCGCTAGGAGGGGTGGTCCAGGC,0,44
CAGGTGCGCTAGGAGGTGTGGTCCAGTC,0,1
CAGGTGCGCTAGGAGGTGTGTTCCATTC,0,1
CAGGTGCGCTAGGAGGTGTTGTCCAGGC,0,1
CAGGTGCGCTAGGAGGTTTGGTCCAGGC,0,2
CAGGTGCGCTAGGAGGTTTGGTCCATTC,0,2
CAGGTGCGCTCCGAGGCTTGTCTCAAGC,78,129
CAGGTGCGCTCCGAGGCTTGTCTCCCGC,2,11
CAGGTGCGCTCCGAGGCTTTTCTCAATC,5,5
CAGGTGCTCTAGAAGCCTTGTCACAGTA,0,1
CAGGTGCTCTTACAGTCATGTCTCAGCA,0,1
CAGGTGGGCTAAGAGTACTGCAACAGGT,192,104
CAGGTGGGCTAAGAGTACTGCAACCTGT,1,0
CAGGTGGGCTAAGAGTACTTCAACATTT,22,7
CAGGTGGGCTAGGAGTATTGGTGCAGTA,35,0
CAGGTGGGCTAGGAGTATTGTTTCAGTA,3,0
CAGGTGGGCTCGTAGATATGAGCCAAAG,1,0
CAGGTGGTCTATAAGCACTGTAACATAA,1,0
CAGGTGGTCTTAAAGGTGTGGTTCATTT,97,0
CAGGTGGTCTTAAAGGTTTGGTTCATAT,1,0
CAGGTGGTCTTAAAGGTTTTTTTCATTT,6,0
CAGGTGGTCTTAGAGCCGTGAGGCAGAC,70,42
CAGGTGGTCTTAGAGCCGTGAGGCCGCC,1,1
CAGGTGGTCTTAGAGCCGTGAGTCATAC,1,2
CAGGTGGTCTTAGAGCCGTGATGCATAC,2,0
CAGGTGGTCTTAGAGCCGTGATTCAGAC,2,1
CAGGTGGTCTTAGAGCCTTGAGTCAGAC,1,0
CAGGTGGTCTTAGAGCCTTGATGCAGAC,1,0
CAGGTGGTCTTAGAGCCTTGATGCCGCC,1,0
CAGGTGGTCTTAGAGCCTTGATTCATAC,6,7
CAGGTGGTCTTAGAGCCTTGATTCCGAC,1,0
CAGGTGTACTACGAGAAGTGGCGCAGAC,46,26
CAGGTGTACTACGAGAAGTGGCGCCGCC,0,2
CAGGTGTACTACGAGAAGTGTCGCCGAC,1,0
CAGGTGTACTACGAGAAGTGTCTCAGAC,5,3
CAGGTGTACTACGAGAATTGGCTCATAC,0,1
CAGGTGTACTACGAGAATTTTCTCATAC,4,0
CAGGTGTACTGAGAGGGATGTCACAGTA,46,43
CAGGTGTACTGAGAGGGATGTCACATAA,1,0
CAGGTGTACTGAGAGGGATGTCACCGTC,0,1
CAGGTGTACTGAGAGGGATTTCACATTA,0,1
CAGGTGTACTGAGAGGTAGGTCCCCGTA,1,0
CAGGTGTACTGAGAGGTATGTCACATTA,1,4
CAGGTGTACTGAGAGGTATTTCACAGTA,1,0
CAGGTGTCCTGCCAGGTATTCATCAGCA,0,1
CAGGTGTGCTACAAGATATGGCTCAGGC,50,29
CAGGTGTGCTACAAGATATGGCTCATTC,1,0
CAGGTGTGCTACAAGATATGTCTCAGTC,6,4
CAGGTGTGCTACAAGATATGTCTCCTGC,1,0
CAGGTGTGCTACAAGATATTGCTCATGC,1,0
CAGGTGTGCTACAAGATATTTCTCAGGC,1,0
CAGGTGTGCTACAAGATATTTCTCATTC,2,1
CAGGTGTGCTACTAGGGTTGTGGCATTC,1,0
CAGGTGTGCTTCGAGCAGTGGTCCAAGG,1,0
CAGGTGTGCTTGGAGGAGTGGGCCAAGG,35,34
CAGGTGTGCTTGGAGGAGTGGGCCCCGG,3,0
CAGGTGTGCTTGGAGGAGTGTGCCAAGT,2,1
CAGGTGTGCTTGGAGGAGTGTGCCAATG,1,0
CAGGTGTGCTTGGAGGAGTGTTCCAAGG,2,1
CAGGTGTGCTTGGAGGAGTGTTCCAATT,1,0
CAGGTGTGCTTGGAGGAGTTGTCCAATT,0,1
CAGGTGTGCTTGGAGGAGTTTGCCAATT,1,0
CAGGTGTGCTTGGAGGAGTTTTCCAAGT,1,0
CAGGTGTGCTTGGAGGATTGTTCCAATG,1,0
CAGGTGTGCTTTCAGGCTTGTAGCATAT,156,178
CAGGTGTGCTTTCAGGCTTGTAGCCTCT,2,10
CAGGTGTGCTTTCAGGCTTGTATCCTAT,1,0
CAGGTGTGCTTTCAGGCTTTTATCATAT,3,5
CAGGTGTGCTTTCAGTCTTGTAGCATAA,1,0
CAGGTGTTCTCCCAGCCTTGCGTCAGCC,23,0
CAGGTGTTCTCCCAGCCTTTCTTCATCC,1,0
CAGGTGTTCTGGAAGCATTGTTCCATGT,47,50
CAGGTGTTCTGGAAGCATTTTTCCATTT,0,1
CAGGTGTTCTGTGAGCCCATCTTCAGAG,0,1
CAGGTGTTCTGTGAGCCCTGCTTCAGAG,74,93
CAGGTGTTCTGTGAGCCCTGCTTCCGAT,1,0
CAGGTGTTCTGTGAGCCCTGCTTCCGCG,2,1
CAGGTGTTCTGTGAGCCCTTCTTCAGCG,1,0
CAGGTGTTCTGTGAGCCCTTCTTCATAT,7,1
CAGGTGTTCTGTGAGTAATGACTCATCA,1,0
CAGGTGTTCTTACAGTGGTGGTGCATGT,0,46
CAGGTGTTCTTACAGTTTTGGTTCATTT,0,1
CAGGTGTTCTTACAGTTTTGTTTCATGT,0,1
CAGGTGTTCTTACAGTTTTTTTTCATTT,0,3
CAGGTTAACTATCAGGTCTGACTCAGTG,35,0
CAGGTTAACTATCAGGTCTGACTCATTT,1,0
CAGGTTAACTATCAGGTCTTACTCAGTT,2,0
CAGGTTAACTATCAGGTCTTACTCCGTG,1,0
CAGGTTAACTCAAAGGCAGGGACCCCTG,1,1
CAGGTTAACTCAAAGGCATGGACCACTG,110,176
CAGGTTAACTCAAAGGCATGTACCACTT,6,7
CAGGTTAACTCAAAGGCATGTACCCCTG,0,1
CAGGTTAACTCAAAGGCATTGACCACTT,1,0
CAGGTTAACTCAAAGGCATTGACCCCTG,1,0
CAGGTTAACTCAAAGGCATTTACCACTG,2,4
CAGGTTAACTCAAAGGCATTTACCCCTT,1,0
CAGGTTAGCTTTTAGCATTGTCACAATG,0,1
CAGGTTAGCTTTTAGCATTGTTACAAGG,166,24
CAGGTTAGCTTTTAGCATTGTTACAATT,21,3
CAGGTTAGCTTTTAGCATTGTTACCCGG,3,0
CAGGTTAGCTTTTAGCATTTTTACAAGT,0,1
CAGGTTAGCTTTTAGCATTTTTACAATG,1,0
CAGGTTATCTCATAGGCATGCCTCAAAA,0,1
CAGGTTCGCTCTAAGGGCATGGTCACTC,0,1
CAGGTTCGCTCTAAGGGGGTGGTCAGGC,1,0
CAGGTTCGCTCTAAGGGGTGGGTCAGGC,99,66
CAGGTTCGCTCTAAGGGGTGGGTCATTC,1,0
CAGGTTCGCTCTAAGGGGTGGTTCAGTC,7,1
CAGGTTCGCTCTAAGGGGTGGTTCATGC,1,0
CAGGTTCGCTCTAAGGGGTGTGTCAGTC,0,1
CAGGTTCGCTCTAAGGGGTTGGTCAGTC,6,2
CAGGTTCGCTCTAAGGGGTTGGTCATGC,3,2
CAGGTTCGCTCTAAGGGGTTGTTCAGGC,1,1
CAGGTTCGCTCTAAGGGGTTTGTCAGGC,1,0
CAGGTTCGCTCTAAGGGGTTTTTCATTC,6,2
CAGGTTCGCTCTAAGGGTTGGGTCAGTC,4,0
CAGGTTCGCTCTAAGGGTTGTTTCATGC,1,1
CAGGTTCGCTCTAAGGGTTTGGTCAGGC,8,3
CAGGTTCGCTCTAAGGGTTTGTTCATGC,1,0
CAGGTTCGCTCTAAGGGTTTTGTCAGTC,4,1
CAGGTTCGCTCTAAGGGTTTTGTCATGC,1,0
CAGGTTCTCTACAAGGTGTGGCACACGA,47,0
CAGGTTCTCTACAAGGTGTGTCACACTA,9,0
CAGGTTCTCTACAAGGTTTGGCACACTA,1,0
CAGGTTCTCTACAAGGTTTGTCACACGA,2,0
CAGGTTCTCTACAAGGTTTTTCACACTA,5,0
CAGGTTGACTTCAAGATATGTGTCAAAG,81,122
CAGGTTGACTTCAAGATATGTGTCACAT,0,1
CAGGTTGACTTCAAGATATGTGTCCCCG,0,4
CAGGTTGACTTCAAGATATTTTTCAAAT,7,7
CAGGTTGACTTCAATATATGTTTCAAAT,1,0
CAGGTTGCCTAGCAGATTTGGCCCAGTC,37,0
CAGGTTGCCTAGCAGATTTTTCCCATTC,6,0
CAGGTTGGCTGCGAGTTTTGAAGCACGC,35,55
CAGGTTGGCTGCGAGTTTTGAATCACTC,4,8
CAGGTTGGCTGCGAGTTTTTAAGCACTC,0,1
CAGGTTGGCTGCGAGTTTTTAATCACGC,0,1
CAGGTTGGCTTCCAGATTTGCATCAAAG,0,73
CAGGTTGGCTTCCAGATTTGCATCCCAG,0,1
CAGGTTGGCTTCCAGATTTTCATCAAAT,0,2
CAGGTTGTCTAGGAGACCTGACTCAGGA,66,0
CAGGTTGTCTAGGAGACCTGACTCATTA,7,0
CAGGTTGTCTAGGAGACCTGACTCCGGC,1,0
CAGGTTGTCTAGGAGACCTTACTCATGA,1,0
CAGGTTGTCTAGGAGTCCTTACTCAGGA,1,0
CAGGTTGTCTGTAAGATTTGAGACAGGT,42,25
CAGGTTGTCTGTAAGATTTGAGACATTT,2,0
CAGGTTGTCTGTAAGATTTTATACAGTT,1,0
CAGGTTGTCTTAAAGTTGTGTCGCATTC,0,39
CAGGTTGTCTTAAAGTTTTTTCTCATTC,0,1
CAGGTTGTCTTCTAGGTCTGATGCACTC,0,15
CAGGTTTACTATAAGTGCTGCTTCATAG,0,1
CAGGTTTCCTTTGAGTAGGGTCTCCCTA,0,1
CAGGTTTCCTTTGAGTAGTGTCTCACTA,133,252
CAGGTTTCCTTTGAGTATTGACTCACTA,0,1
CAGGTTTCCTTTGAGTATTGTCTCCCTC,0,1
CAGGTTTCCTTTGAGTATTTTCTCACTA,2,2
CAGGTTTGCTCTAAGGGGTGGGTCAGTC,0,1
CAGGTTTTCTTGAAGCCCTGGTACACTT,1,0
CAGTGCGCTGGCAGGTCTTAACCATTTA,0,1
CATCTACACTTCTAGGTGTGTGTCATTA,1,0
CATCTACTCTCCAAGGGTTGGAACATAT,0,1
CATGAGAGCAAGTAGGCCTTCCCCATAT,0,1
CATGAGATCTACAAGACATTTTTCATAT,1,0
CATGAGGCCTTCTAGCTTTTTTACATAT,1,0
CATGATAGCTCTGAGGCTTTATTCATTT,0,1
CATGTAAACTGAGAGCACTGAATCAATA,1,0
CATGTACCCAGATAGGACTGCTCCATTT,0,1
CATGTACCCTGAAAGGACTTCTCCATGT,1,0
CATGTACCCTGATAGGACTGCGCCAGGT,270,14
CATGTACCCTGATAGGACTGCGCCCGTT,1,0
CATGTACCCTGATAGGACTGCTCCAGTT,3,1
CATGTACCCTGATAGGACTGCTCCATGT,3,0
CATGTACCCTGATAGGACTGCTCCCGGT,2,0
CATGTACCCTGATAGGACTTCGCCAGTT,1,0
CATGTACCCTGATAGGACTTCGCCATGT,1,0
CATGTACCCTGATAGGACTTCTCCAGGT,3,0
CATGTACCCTGATAGGACTTCTCCATTT,17,1
CATGTACCCTGATAGTACTTCTCCAGTT,1,0
CATGTACTCTATTAGTTGTGGGCCACAC,0,23
CATGTACTCTATTAGTTGTGGGCCCCCC,0,1
CATGTACTCTATTAGTTGTGTGCCCCAC,0,1
CATGTACTCTATTAGTTGTGTTCCACAC,0,6
CATGTACTCTATTAGTTGTTGTCCACAC,0,1
CATGTACTCTATTAGTTTTTTTCCACAC,0,1
CATGTAGCCTGTTAGCGCTGGGTCATGT,21,0
CATGTAGCCTGTTAGCGCTGTTTCATTT,1,0
CATGTAGCCTGTTAGCGCTGTTTCCTGT,1,0
CATGTAGGCTCGAAGTTTTGACTCAAGG,72,58
CATGTAGGCTCGAAGTTTTGACTCAATT,2,0
CATGTAGGCTCGAAGTTTTGACTCCCGG,0,2
CATGTAGGCTCGAAGTTTTTACTCAATG,7,2
CATGTAGGCTGTAAGATGTGTGACAGGC,16,23
CATGTAGGCTGTAAGATGTGTGACATTC,0,2
CATGTAGGCTGTAAGATGTTTTACAGTC,1,0
CATGTAGGCTGTAAGATTTGTTACAGTC,0,1
CATGTAGGCTGTAAGATTTGTTACATGC,0,2
CATGTAGTCTCCAAGGGTTGGAACATAT,21,75
CATGTAGTCTCCAAGGGTTGGAACCTCT,0,3
CATGTAGTCTCCAAGGGTTTTAACATAT,0,2
CATGTAGTCTCCAAGGTTTGTAACATAT,3,5
CATGTAGTCTCCAAGGTTTTGAACATAT,0,2
CATGTAGTCTGGGAGCGGTGTAACACAT,105,0
CATGTAGTCTGGGAGCGGTGTAACCCCT,2,0
CATGTAGTCTGGGAGCTTTGTAACACAT,4,0
CATGTATACTCGTAGGGATGAATCAAGT,0,1
CATGTATACTCGTAGGGTTGTAGCAAGG,0,59
CATGTATACTCGTAGGGTTGTAGCCCGG,0,2
CATGTATACTCGTAGGGTTGTATCAAGT,0,1
CATGTATACTCGTAGGTTTGTAGCAAGT,0,1
CATGTATACTCGTAGGTTTGTAGCAATG,0,2
CATGTATACTCGTAGGTTTGTATCAATT,0,6
CATGTATACTCGTAGGTTTTTATCAAGT,0,1
CATGTATACTTCGAGGGTTGTCTCACTC,1,0
CATGTATACTTGGAGGGTTGTCTCACGC,78,102
CATGTATACTTGGAGGGTTTTCTCACTC,0,2
CATGTATACTTGGAGGTTTGTCTCACTC,6,8
CATGTATCCTTTTAGGACTGAATCATTG,0,1
CATGTATGCTACTAGACGTGTGCCAACC,0,31
CATGTATGCTACTAGACGTGTGCCCCCC,0,1
CATGTATGCTACTAGACTTTTTCCAACC,0,3
CATGTATGCTGCTAGGTTTGCCCCATGG,1,0
CATGTATTCTCGCAGTTTTGTGACATAA,0,1
CATGTCAGCTAACAGCGGTGAATCAGTA,53,107
CATGTCAGCTAACAGCGGTTAATCATTA,0,1
CATGTCAGCTAACAGCGTTGAATCAGAA,1,0
CATGTCAGCTAACAGCGTTGAATCATTA,0,1
CATGTCAGCTAACAGCGTTGAATCCGTC,1,0
CATGTCAGCTAACAGCTGTTAATCAGTA,0,1
CATGTCAGCTAACAGCTTTGAATCAGTA,4,13
CATGTCAGCTAACAGCTTTTAATCATTA,3,0
CATGTCAGCTCGGAGTGGTGCAACATTA,22,0
CATGTCAGCTCGGAGTGTTTCAACCTTC,1,0
CATGTCAGCTCGGAGTTTTTCAACATTA,3,0
CATGTCATCTAGGAGGTGTGTGCCAGCG,30,0
CATGTCATCTAGGAGGTGTTTGCCATCG,2,0
CATGTCCCCTGCAAGAGGTGACTCAAGG,39,70
CATGTCCCCTGCAAGAGGTGACTCAATT,0,2
CATGTCCCCTGCAAGAGGTGACTCCCGG,1,1
CATGTCCCCTGCAAGAGTTGACTCAAGT,1,1
CATGTCCCCTGCAAGAGTTGACTCAATG,1,4
CATGTCCCCTGCAAGATGTGACTCAAGT,1,0
CATGTCCCCTGCAAGATGTGACTCAATG,0,1
CATGTCCCCTGCAAGATTTTACTCAATT,0,3
CATGTCCCCTGCGAGAAGTGTGCCACAG,63,0
CATGTCCCCTGCGAGAAGTGTGCCCCCG,2,0
CATGTCCCCTGCGAGAAGTGTTCCCCAG,1,0
CATGTCCCCTGCGAGAAGTTTTCCACAG,2,0
CATGTCCCCTGCGAGAATTGTTCCACAG,1,0
CATGTCCGCTCAAAGGCCTGTAACAGTC,37,36
CATGTCCGCTGTAAGTACTGATGCAGTT,0,25
CATGTCCGCTGTAAGTACTGATTCATTT,0,2
CATGTCCGCTGTAAGTACTGATTCCGTT,0,1
CATGTCCTCTTAAAGCTTTGGTGCATTT,81,0
CATGTCCTCTTAAAGCTTTTTTTCATTT,3,0
CATGTCCTCTTAGAGTGCTGGCACAAGC,0,145
CATGTCCTCTTAGAGTGCTGGCACCCGC,0,10
CATGTCCTCTTAGAGTGCTGTCACAATC,0,27
CATGTCCTCTTAGAGTGCTGTCACCAGC,0,1
CATGTCCTCTTAGAGTGCTTGCACAATC,0,1
CATGTCCTCTTAGAGTGCTTTCACAAGC,0,1
CATGTCCTCTTAGAGTTCTGGCACAATC,0,1
CATGTCCTCTTAGAGTTCTGTCACAAGC,0,1
CATGTCCTCTTAGAGTTCTTTCACAATC,0,1
CATGTCCTCTTTGAGCAGTGCAACACGT,77,0
CATGTCCTCTTTGAGCAGTTCAACACTT,1,0
CATGTCCTCTTTGAGCATTGCAACACTT,2,0
CATGTCCTCTTTGAGGAGTTCAACACGT,1,0
CATGTCGACTGGGAGGAATGAAGCATCT,0,24
CATGTCGACTGGGAGGAATTAATCATCT,0,2
CATGTCGACTTATAGCGAGGGAGCCCAC,0,1
CATGTCGACTTATAGCGATGGAGCACAC,423,343
CATGTCGACTTATAGCGATGGAGCCCCC,6,12
CATGTCGACTTATAGCGATGTAGCCCAC,2,0
CATGTCGACTTATAGCGATGTATCACAC,11,9
CATGTCGACTTATAGCGATTGATCACAC,3,1
CATGTCGACTTATAGCGATTTAGCACAC,0,1
CATGTCGACTTATAGCGATTTATCCCAC,0,1
CATGTCGACTTATAGCTATGGATCACAC,6,2
CATGTCGACTTATAGCTATGTAGCACAC,4,3
CATGTCGACTTATAGCTATGTAGCCCCC,1,0
CATGTCGACTTATAGCTATTGAGCACAC,0,1
CATGTCGACTTATAGCTATTTATCACAC,29,27
CATGTCGACTTATAGTGATGTAGCACAC,0,1
CATGTCGCCTGTCAGGAGTGCTCCAGTC,1,0
CATGTCGCCTGTCAGGTGTGCTCCAGTG,160,153
CATGTCGCCTGTCAGGTGTGCTCCCGTT,2,0
CATGTCGCCTGTCAGGTGTTCTCCATTT,4,2
CATGTCGCCTGTCAGGTTTGCTCCATTT,10,6
CATGTCGCCTGTCAGGTTTTCTCCAGTG,1,3
CATGTCGCCTGTCAGTTTTGCTCCAGTT,0,1
CATGTCGGCTACTAGGCCTGGGACATCG,4,0
CATGTCGGCTAGAAGTAAAGGGGCAATT,1,0
CATGTCGGCTAGAAGTTATGGGGCAATT,34,56
CATGTCGGCTAGAAGTTATGGGGCCCTT,1,0
CATGTCGGCTAGAAGTTATGGTTCAATT,0,3
CATGTCGGCTAGAAGTTATGTGGCACTT,1,0
CATGTCGGCTAGAAGTTATGTGTCAATT,1,2
CATGTCGGCTAGAAGTTATGTTGCAATT,0,1
CATGTCGGCTAGAAGTTATTGTGCAATT,0,2
CATGTCGGCTAGAAGTTATTTTTCAATT,7,6
CATGTCGGCTAGAAGTTATTTTTCCCTT,0,1
CATGTCGTCTGAAAGGGACGACTCACTA,1,0
CATGTCGTCTGAAAGGGATGACGCACTA,43,25
CATGTCGTCTGAAAGGGATGACTCCCTA,0,1
CATGTCGTCTGAAAGGGATTACTCACTA,1,0
CATGTCGTCTGAAAGGTATGACTCACTA,3,1
CATGTCGTCTGAAAGGTATTACGCACTA,1,0
CATGTCGTCTGGTAGCGCTGGAACAATT,5,79
CATGTCGTCTGGTAGCGCTGGAACCCTT,0,2
CATGTCGTCTGGTAGCGCTTTAACAATT,0,1
CATGTCGTCTGGTAGCTCTGTAACAATT,0,4
CATGTCTACTATCAGTAGTGAGACAAGC,1,0
CATGTCTACTATGAGAGGAGGTGCCTAC,0,1
CATGTCTACTATGAGAGGTGGGGCATAC,0,41
CATGTCTACTATGAGAGGTGTTTCATAC,0,5
CATGTCTACTATGAGAGTTGTGGCATAC,0,2
CATGTCTACTATGAGAGTTTTGTCCTAC,0,1
CATGTCTACTATGAGATTTGGGTCATAC,0,1
CATGTCTACTATGAGATTTTTTTCATAC,0,2
CATGTCTACTGCAAGTACTGCATCAAAA,1,0
CATGTCTCCTGCAAGCAGTGAGCCAAGA,0,68
CATGTCTCCTGCAAGCAGTGAGCCCCGA,0,1
CATGTCTCCTGCAAGCAGTGATCCAATA,0,3
CATGTCTCCTGCAAGCAGTTAGCCAATA,0,1
CATGTCTCCTGCAAGCAGTTATCCAAGA,0,1
CATGTCTCCTGCAAGCATATAGCCAATA,0,1
CATGTCTCCTGCAAGCATTGATCCAAGA,0,2
CATGTCTTCTCGGAGATTTGGCTCAAGC,53,27
CATGTCTTCTCGGAGATTTGTCTCCCGC,1,0
CATGTCTTCTCGGAGATTTTTCTCAATC,16,11
CATGTGAACTTAGAGACATGGAGCAAAC,34,70
CATGTGAACTTAGAGACATGGAGCACCC,1,1
CATGTGAACTTAGAGACATTTATCAAAC,7,7
CATGTGACCTGACAGTGGTGGAACAGTT,27,50
CATGTGACCTGACAGTGGTTGAACATTT,0,1
CATGTGACCTGACAGTGGTTTAACAGTT,0,1
CATGTGACCTGACAGTGTTGTAACAGTT,0,4
CATGTGACCTGACAGTGTTTTAACATTT,0,3
CATGTGACCTGACAGTTTTGGAACAGTT,0,3
CATGTGACCTGACAGTTTTTTAACAGTT,1,0
CATGTGAGCTAGTAGGACTGCCCCAGCT,1,0
CATGTGAGCTAGTAGGCCAGCCCCATAT,1,0
CATGTGAGCTAGTAGGCCGGCCCCCGAT,0,1
CATGTGAGCTAGTAGGCCTGCCCCAGAT,267,287
CATGTGAGCTAGTAGGCCTGCCCCCGCT,1,3
CATGTGAGCTAGTAGGCCTTCCCCAGCT,0,1
CATGTGAGCTAGTAGGCCTTCCCCATAT,8,6
CATGTGAGCTATGAGGAGTCTCTCAAAA,1,0
CATGTGAGCTATGAGGAGTGGCGCATAA,58,110
CATGTGAGCTATGAGGAGTGGCGCCTCA,2,1
CATGTGAGCTATGAGGAGTGTCTCATAA,6,11
CATGTGAGCTATGAGGAGTTGCTCATAA,1,1
CATGTGAGCTATGAGGAGTTTCGCATAA,0,1
CATGTGAGCTATGAGGATTGACTCATAA,0,1
CATGTGAGCTATGAGGATTGTCGCATAA,1,2
CATGTGAGCTATGAGGATTTTCTCATAA,0,4
CATGTGAGCTCAGAGTTATGAATCAGGC,79,34
CATGTGAGCTCAGAGTTATTAATCATTC,7,6
CATGTGAGCTCAGAGTTATTAATCCTGC,1,0
CATGTGAGCTGGTAGACATGGTCCAAAC,1,0
CATGTGATCTCATAGGGATGTTACACCT,1,0
CATGTGATCTCGCAGGGTTGTTCCAACC,34,45
CATGTGATCTCGCAGGGTTGTTCCCCCC,1,1
CATGTGATCTCGCAGGTTTTTTCCAACC,0,1
CATGTGATCTGTGAGGGTTGCGTCAAGA,0,4
CATGTGATCTGTGAGGTTTGCTTCAAGA,0,1
CATGTGCACTATGAGGCGTGCGTCACAT,0,50
CATGTGCACTATGAGGCTTGCTTCACAT,0,1
CATGTGCACTATGAGGCTTTCGTCACAT,0,1
CATGTGCACTGCAAGGGCTGTGGCACAA,0,27
CATGTGCACTGCAAGGGCTGTTTCACAA,0,1
CATGTGCACTGCAAGGTCTGATTCACAA,0,1
CATGTGCACTGCAAGGTCTGTGGCCCCA,0,1
CATGTGCACTGCAAGGTCTGTTTCCCAA,0,1
CATGTGCACTGCAAGGTCTTTTTCACAA,0,3
CATGTGCCCTATTAGTAATGCGACACTA,0,1
CATGTGCGCTCCTAGATTTGCCGCACCT,42,67
CATGTGCGCTCCTAGATTTTCCTCACCT,4,4
CATGTGCGCTTGGAGATGTGACACATCC,156,83
CATGTGCGCTTGGAGATTTTACACATCC,3,2
CATGTGCGCTTTAAGCAGTGGGACAACT,48,13
CATGTGCGCTTTAAGCAGTGGGACCCCT,2,0
CATGTGCGCTTTAAGCAGTGTTACAACT,1,1
CATGTGCGCTTTAAGCATTTTTACAACT,1,0
CATGTGGCCTAGAAGTCTTGATGCAACC,42,15
CATGTGGCCTAGAAGTCTTGATGCCCCC,1,0
CATGTGGCCTAGAAGTCTTTATTCAACC,1,2
CATGTGGCCTGCTAGCATTGGACCATAG,35,0
CATGTGGCCTGCTAGCATTTTACCATAT,3,0
CATGTGGCCTTCTAGCTGTGTGACATAG,46,0
CATGTGGGCTAAGAGTCTTGGACCAAGA,1,0
CATGTGGGCTAAGAGTGTTGGACCATGT,77,120
CATGTGGGCTAAGAGTGTTGGACCCTTT,1,0
CATGTGGGCTAAGAGTGTTGTACCATTT,4,6
CATGTGGGCTAAGAGTGTTTTACCATGT,1,0
CATGTGGGCTAAGAGTTTTGTACCATGT,0,1
CATGTGGGCTAAGAGTTTTTTACCATTT,2,2
CATGTGGGCTGGGAGGCATGGCGCAAGA,0,3
CATGTGGGCTGTTAGGGTGGTTCAGTGT,1,0
CATGTGGTCTAATAGTTATGCATCATTT,0,1
CATGTGTACTGGAAGTAATGAATCATTT,1,0
CATGTGTACTTCGAGAAGTGCCGCACAA,0,1
CATGTGTACTTCTAGTGCTGTCCCAACA,58,0
CATGTGTACTTCTAGTTCTGTCCCCCCA,1,0
CATGTGTACTTCTAGTTCTTTCCCAACA,2,0
CATGTGTCCTCTCAGATGTGAGTCAATA,22,0
CATGTGTCCTCTCAGATGTGAGTCCCTA,2,0
CATGTGTCCTTTCAGGTTTGGTACATGA,0,8
CATGTGTCCTTTCAGGTTTGTTACATTA,0,1
CATGTGTCCTTTCAGGTTTTGTACATTA,0,1
CATGTGTCCTTTCAGGTTTTTTACATGA,0,1
CATGTGTGCTTTCAGTCTTGTAGCAAAA,1,0
CATGTGTTCTTCAAGACAGGTGTCCGAG,1,0
CATGTGTTCTTCAAGACATGTGTCAGAG,151,56
CATGTGTTCTTCAAGACATGTGTCATAT,0,2
CATGTGTTCTTCAAGACATGTGTCCGCG,0,1
CATGTGTTCTTCAAGACATGTTTCAGAT,1,0
CATGTGTTCTTCAAGACATTTGTCAGAT,0,1
CATGTGTTCTTCAAGACATTTGTCATAG,1,0
CATGTGTTCTTCAAGACATTTTTCATAT,8,1
CATGTGTTCTTCAAGACATTTTTCCGCG,1,0
CATGTGTTCTTCGAGACATTTGTCATAT,1,0
CATGTGTTCTTTAAGGAATGCCCCAGAA,0,1
CATGTTACCTATAAGTGTTGCGTCAGGC,28,0
CATGTTACCTATAAGTGTTTCGTCAGTC,3,0
CATGTTACCTATAAGTGTTTCTTCATTC,2,0
CATGTTAGCTATGAGTCTTTTTTCATTT,1,0
CATGTTAGCTCGGAGGCTTGTTGCATGT,87,189
CATGTTAGCTCGGAGGCTTGTTTCATTT,4,11
CATGTTAGCTCGGAGGCTTTTTGCATTT,0,1
CATGTTAGCTCGGAGGCTTTTTTCATGT,1,0
CATGTTAGCTCGGAGTCTTTTTTCATTT,0,2
CATGTTAGCTTATAGAGTTGCAACACTC,0,46
CATGTTCACTGGCAGTCATGAAACAGTC,0,1
CATGTTCACTTCTAGGTTTGTTTCAGTA,1,0
CATGTTCCCTTGTAGGTCTGATCCAGGC,0,1
CATGTTCCCTTGTAGGTCTGTACCATGC,1,0
CATGTTCCCTTGTAGGTCTGTGCCAGGC,88,18
CATGTTCCCTTGTAGGTCTGTGCCATTC,8,0
CATGTTCCCTTGTAGGTCTGTTCCCGGC,1,0
CATGTTCCCTTGTAGGTCTTTGCCAGTC,3,0
CATGTTCCCTTGTAGGTCTTTTCCATTC,1,1
CATGTTCGCTGGTAGTTTTGATTCACCG,25,0
CATGTTCTCTACAAGTTTTGAGTCAATT,0,1
CATGTTCTCTGCCAGGCATGAAACCTTC,0,1
CATGTTCTCTGGCAGGCAGGTAACCGGC,0,2
CATGTTCTCTGGCAGGCATGTAACAGGC,201,181
CATGTTCTCTGGCAGGCATGTAACATTC,19,18
CATGTTCTCTGGCAGGCATTTAACAGTC,2,2
CATGTTCTCTGGCAGGCATTTAACCTGC,0,1
CATGTTCTCTGGCAGTCATGTAACAGTC,0,1
CATGTTCTTTGGCAGGCATGTAACAGTC,0,1
CATGTTGCCTTGCAGTTTTGCAGCAGTT,35,0
CATGTTGCCTTGCAGTTTTGCATCATTT,1,0
CATGTTGCCTTGCAGTTTTGCATCCGTT,1,0
CATGTTGCCTTGCAGTTTTTCATCAGTT,3,0
CATGTTGGCTGTCAGGCATGACCCAGCT,0,45
CATGTTGGCTGTCAGGCATTACCCATCT,0,2
CATGTTGGCTGTTAGTAATGGTGCAACG,0,55
CATGTTGGCTGTTAGTAATGGTTCCCCG,0,1
CATGTTGGCTGTTAGTAATGTTGCAACT,0,1
CATGTTGGCTGTTAGTAATGTTGCCCCG,0,1
CATGTTGGCTGTTAGTAATGTTTCAACG,0,1
CATGTTGGCTGTTAGTAATTGTTCAACG,0,1
CATGTTGGCTGTTAGTAATTTTTCAACT,0,7
CATGTTGTCTCAGAGCAATGTAACAAAA,1,0
CATGTTGTCTGCGAGGATTGTTTCAGTG,98,62
CATGTTGTCTGCGAGGATTTTTTCAGTT,1,0
CATGTTGTCTGCGAGGATTTTTTCATTG,1,2
CATGTTGTCTTTGAGCGGTGGCTCATCG,0,67
CATGTTGTCTTTGAGCGGTGTCTCATCT,0,2
CATGTTGTCTTTGAGCTGTGTCTCATCG,0,2
CATGTTGTCTTTGAGCTTTGGCTCATCG,0,4
CATGTTGTCTTTGAGCTTTTTCTCATCT,0,5
CATGTTTACTTGAAGCCCTGGTACACTA,1,0
CATGTTTGCTGCGAGGCCTGACTCATAG,0,1
CATGTTTGCTGCTAGGTGTGCCCCAGGG,22,0
CATGTTTGCTGCTAGGTGTGCCCCATTT,4,0
CATGTTTGCTGCTAGGTTTTCCCCATTT,1,0
CATGTTTGCTGGGAGTTGTGATGCAACT,85,0
CATGTTTGCTGGGAGTTGTGATGCCCCT,4,0
CATGTTTGCTGGGAGTTGTTATTCAACT,2,0
CATGTTTTCTAGAAGCCCTTTTACACTT,1,0
CATGTTTTCTTGAAGCCCTGGTACACGT,141,140
CATGTTTTCTTGAAGCCCTGTTACACTT,10,9
CATGTTTTCTTGAAGCCCTGTTACCCGT,1,0
CATGTTTTCTTGAAGCCCTTGTACACTT,3,0
CATGTTTTCTTGAAGCCCTTTTACACGA,1,0
CCACTCCACAACAAGGCTTTATTCAATA,0,1
CCACTGTCCTGCGAGTCTTGTCGCATAT,1,0
CCAGACACCTGTTAGGTATGGTGCAAGA,0,1
CCAGACAGCTCGAAGTGTTTTTTCAAAA,0,1
CCAGAGGCCAGGTAGTTCTGCCACCGTT,1,0
CCAGTAAACTGTGAGCTGTGTGCCACAC,1,0
CCAGTAAACTGTTAGTCCTGATTCATTG,0,1
CCAGTAAGCTCCCAGTGGTGAATCAATT,0,23
CCAGTAAGCTCCCAGTTTTGAATCAATT,0,2
CCAGTAAGCTGGTAGAGATGGCTCAGCG,27,33
CCAGTAAGCTGGTAGAGATGTCTCAGCT,2,2
CCAGTAAGCTGGTAGAGATGTCTCCTCT,0,1
CCAGTAAGCTGGTAGAGATTGCTCAGCT,1,0
CCAGTAAGCTGGTAGAGATTTCTCATCT,3,1
CCAGTAAGCTGGTAGATATGGCTCATCG,1,0
CCAGTAAGCTTAGAGGAATGTTTCCCGG,1,0
CCAGTAAGCTTAGAGGGATGATTCACTG,0,1
CCAGTAAGCTTAGAGGGATGTTTCACGG,36,50
CCAGTAAGCTTAGAGGGATTTTTCACTT,0,1
CCAGTAAGCTTAGAGGGATTTTTCCCGT,0,1
CCAGTAAGCTTAGAGGTATGTTTCACTT,0,5
CCAGTAAGCTTAGATGTATTTTTCACTT,1,0
CCAGTAATCTTTAAGGTCTGGTCCACCG,70,0
CCAGTAATCTTTAAGGTCTGTTCCACCT,8,0
CCAGTAATCTTTAAGGTCTTTTCCACCG,3,0
CCAGTAATCTTTAAGTTCTGTTCCACCG,1,0
CCAGTACGCTGAGAGAATTGTTTCATCA,1,0
CCAGTAGCCTACAAGTAATTAATCACTT,0,1
CCAGTAGCCTCGGAGTATTGGCCCAAGG,88,198
CCAGTAGCCTCGGAGTATTGGCCCCCGG,5,5
CCAGTAGCCTCGGAGTATTGTCCCAAGT,4,4
CCAGTAGCCTCGGAGTATTGTCCCAATG,4,9
CCAGTAGCCTCGGAGTATTGTCCCCAGG,0,1
CCAGTAGCCTCGGAGTATTGTCCCCCGT,0,1
CCAGTAGCCTCGGAGTATTTGCCCAAGT,0,2
CCAGTAGCCTCGGAGTATTTGCCCAATG,2,4
CCAGTAGCCTCGGAGTATTTTCCCAAGG,4,5
CCAGTAGCCTCGGAGTATTTTCCCAATT,20,41
CCAGTAGCCTCGGTGTATTTGCCCAAGG,0,1
CCAGTAGGCTCGTAGCTGTGTTCCATAA,1,0
CCAGTATCCTGGAAGGGGTGCCCCATTC,37,0
CCAGTATCCTGGAAGGTGTTCCCCATTC,1,0
CCAGTATGCTGCTAGTCCTGTTCCACCG,0,8
CCAGTATGCTTCAAGATATGCTGCAATG,38,0
CCAGTATGCTTCAAGATATGCTGCCCTG,1,0
CCAGTATGCTTCAAGATATGCTTCAATT,2,0
CCAGTATGCTTCAAGATATTCTTCAATG,5,0
CCAGTATGTTGGTAGAGATGGCTCATCG,1,0
CCAGTCAACTTATAGAGGTGGACCAGCG,18,0
CCAGTCAACTTATAGAGGTGTACCATCG,1,0
CCAGTCAACTTATAGAGGTTTACCATCT,1,0
CCAGTCAACTTATAGAGTTGGACCATCG,2,0
CCAGTCAGCTCGAAGTGTTGTGGCAAAA,0,40
CCAGTCAGCTCGAAGTGTTGTTGCCAAA,0,1
CCAGTCAGCTCGAAGTGTTGTTTCAAAA,0,4
CCAGTCAGCTGTTAGGTATGGTGCAAGA,96,277
CCAGTCAGCTGTTAGGTATGGTGCACGC,0,1
CCAGTCAGCTGTTAGGTATGGTGCCAGC,0,1
CCAGTCAGCTGTTAGGTATGGTGCCCGA,5,8
CCAGTCAGCTGTTAGGTATGGTTCAATA,3,5
CCAGTCAGCTGTTAGGTATGGTTCACGA,0,1
CCAGTCAGCTGTTAGGTATGTTGCAATA,2,4
CCAGTCAGCTGTTAGGTATGTTTCAAGA,1,8
CCAGTCAGCTGTTAGGTATTGTGCAATA,1,0
CCAGTCAGCTGTTAGGTATTGTTCAAGA,0,1
CCAGTCAGCTGTTAGGTATTTTGCAAGA,0,1
CCAGTCAGCTGTTAGGTATTTTTCAATA,4,21
CCAGTCAGCTGTTAGGTATTTTTCCCGA,0,1
CCAGTCATCTTGGAGTACTGTCGCATTC,0,1
CCAGTCCACTCCTAGCGCTGCTGCATCC,0,24
CCAGTCCACTCCTAGCTCTTCTTCATCC,0,5
CCAGTCCACTGGGAGTCGTGGTGCCCCA,0,3
CCAGTCCACTGGGAGTCGTGGTTCACCA,3,29
CCAGTCCACTGGGAGTCGTTGTGCACCA,0,1
CCAGTCCACTGGGAGTCTTGGTGCACCA,0,1
CCAGTCCACTGGGAGTCTTTTTTCACCA,0,3
CCAGTCCCCTACCAGCACTGTAGCAATA,0,1
CCAGTCCGCTTATAGCACTGAATCACAA,81,0
CCAGTCCGCTTATAGCACTGAATCCCCC,1,0
CCAGTCCGCTTTGAGTATTGAAACACTT,38,0
CCAGTCCGCTTTGAGTATTTAAACCCTT,1,0
CCAGTCGACTGTCAGCTATGGGGCAGGT,0,30
CCAGTCGACTGTCAGCTATGGTGCAGTT,0,1
CCAGTCGACTGTCAGCTATGTTTCATGT,0,4
CCAGTCGACTGTCAGCTATTGGTCAGGT,0,1
CCAGTCGACTGTCAGCTATTGTGCATGT,0,1
CCAGTCGACTGTCGGCTATTGGGCAGGT,0,1
CCAGTCGACTTGAAGACGTGTGGCAGTT,33,0
CCAGTCGACTTGAAGACGTGTTGCCGTT,1,0
CCAGTCGACTTGAAGACGTGTTTCAGTT,1,0
CCAGTCGACTTGAAGACGTTTTTCATTT,1,0
CCAGTCGACTTGAAGACTTGTGTCATTT,1,0
CCAGTCGACTTGAAGACTTGTTGCAGTT,1,0
CCAGTCGGCTGAGAGATCTGTCTCATTG,1,0
CCAGTCGGCTGTGAGATCTGACGCATTT,0,1
CCAGTCGGCTGTGAGATCTGTCGCAGGG,124,135
CCAGTCGGCTGTGAGATCTGTCGCATTG,3,5
CCAGTCGGCTGTGAGATCTGTCTCAGGT,1,2
CCAGTCGGCTGTGAGATCTGTCTCAGTG,5,5
CCAGTCGGCTGTGAGATCTGTCTCATGG,11,14
CCAGTCGGCTGTGAGATCTGTCTCCGGG,0,1
CCAGTCGGCTGTGAGATCTTTCGCAGGT,0,1
CCAGTCGGCTGTGAGATCTTTCGCATGG,0,1
CCAGTCGGCTGTGAGATCTTTCTCATTT,13,15
CCAGTCGGCTGTGAGATCTTTCTCCGGT,0,1
CCAGTCGTCTGACAGGTTTGAAACAAGA,2,34
CCAGTCGTCTGACAGGTTTGAAACACTA,0,1
CCAGTCGTCTGACAGGTTTGAAACCCGC,1,0
CCAGTCGTCTGACAGGTTTTAAACAATA,0,5
CCAGTCGTCTTTGACCTATTCCCCAAAC,0,1
CCAGTCGTCTTTGAGCGATTCCCCAAAC,0,26
CCAGTCGTCTTTTAGCTATTCCCCAAAC,0,1
CCAGTCTTCTCCGAGACGTGTGCCATCT,38,0
CCAGTCTTCTCCGAGACGTGTTCCCTCT,1,0
CCAGTCTTCTCCGAGACTTTTTCCATCT,6,0
CCAGTCTTCTTGGAGTACTGTCCCATTC,51,88
CCAGTGACCTAGCAGTGATTAGTCATTC,0,1
CCAGTGACCTGGCAGTGATGAGCCAGTC,1,0
CCAGTGACCTGGCAGTGATGAGTCAGGC,379,179
CCAGTGACCTGGCAGTGATGAGTCATTC,19,9
CCAGTGACCTGGCAGTGATGATTCAGTC,4,3
CCAGTGACCTGGCAGTGATGATTCATGC,1,0
CCAGTGACCTGGCAGTGATTAGTCAGTC,39,13
CCAGTGACCTGGCAGTGATTAGTCATGC,18,16
CCAGTGACCTGGCAGTGATTATTCAGGC,2,0
CCAGTGACCTGGCAGTGATTATTCATTC,7,4
CCAGTGACCTGGTAGTGATTAGTCAGGC,2,0
CCAGTGAGCTGAGAGCTTTTGATCATCA,0,1
CCAGTGATCTCATAGGTATGGTACACGG,0,1
CCAGTGCGCTGAGAGCGGAGGAGCCGCA,0,1
CCAGTGCGCTGAGAGCGGTGGAGCAGCA,51,34
CCAGTGCGCTGAGAGCGGTGTAGCCGCA,1,0
CCAGTGCGCTGAGAGCGGTGTATCATCA,1,1
CCAGTGCGCTGAGAGCGTTGGAGCATCA,1,2
CCAGTGCGCTGAGAGCTTTGGAGCAGCA,0,1
CCAGTGCGCTGAGAGCTTTGGATCATCA,3,1
CCAGTGCGCTGAGAGCTTTTTATCAGCA,3,0
CCAGTGCTCTACAAGCCTTGATTCAAAA,0,1
CCAGTGCTCTACAAGCCTTTATGCAATA,0,1
CCAGTGCTCTACAAGGCTAGATTCAATA,0,1
CCAGTGCTCTACAAGGCTTGATCCAAAA,1,0
CCAGTGCTCTACAAGGCTTGATGCAATA,110,179
CCAGTGCTCTACAAGGCTTGATGCCATC,1,0
CCAGTGCTCTACAAGGCTTGATGCCCTA,2,7
CCAGTGCTCTACAAGGCTTGATTCAATC,1,0
CCAGTGCTCTACAAGGCTTTATTCAATA,5,10
CCAGTGGACTTGCAGAGGTGGCTCATCT,0,86
CCAGTGGACTTGCAGAGTTGTCTCCTCT,0,1
CCAGTGGACTTGCAGAGTTTTCTCATCT,0,1
CCAGTGGACTTGCAGATTTGTCTCATCT,0,10
CCAGTGGCCTGGTAGTTCGGCCACCGTT,2,0
CCAGTGGCCTGGTAGTTCTGCCACAGTT,51,0
CCAGTGGCCTGGTAGTTCTTCCACATTT,3,0
CCAGTGGGCTAGAAGCCCTGAACCACTA,1,0
CCAGTGGGCTAGAAGGCCTGTACCAGTA,34,114
CCAGTGGGCTAGAAGGCCTTTACCATTA,1,4
CCAGTGGGCTATCAGAGATGCTTCATTC,0,1
CCAGTGGTCTGCGAGATTTGCTTCACTA,1,0
CCAGTGGTCTTTCAGGATTGTGTCATAT,0,85
CCAGTGGTCTTTCAGGATTGTGTCCTCT,0,1
CCAGTGGTCTTTCAGGATTTTTTCATAT,0,5
CCAGTGTACTTCAAGCAATGATTCACTA,1,0
CCAGTGTACTTCAAGGAATGAATCACTA,0,1
CCAGTGTACTTGAAGGAATGATGCAGGT,179,29
CCAGTGTACTTGAAGGAATGATGCATTT,3,0
CCAGTGTACTTGAAGGAATGATTCAGTT,15,1
CCAGTGTACTTGAAGGAATGATTCATGT,3,1
CCAGTGTACTTGAAGGAATGATTCATTA,1,0
CCAGTGTACTTGAAGGAATGATTCCGGT,1,1
CCAGTGTACTTGAAGGAATTATGCCGGT,1,0
CCAGTGTACTTGAAGGAATTATTCAGGT,3,0
CCAGTGTACTTGAAGGAATTATTCATTT,11,3
CCAGTGTACTTGAAGTGATGCCTCATGT,0,1
CCAGTGTCCTTATAGTCTTGTTACAGCG,0,50
CCAGTGTCCTTATAGTCTTGTTACCTCT,0,1
CCAGTGTCCTTATAGTCTTTTTACATCT,0,4
CCAGTGTCCTTCTAGATTTGATACACTC,1,0
CCAGTGTTCTGAGAGGTATGTTACAAAT,0,1
CCAGTTAACTATCAGGAATGTGCCAAGC,164,31
CCAGTTAACTATCAGGAATGTGCCCCGC,5,0
CCAGTTAACTATCAGGAATGTTCCAATC,27,4
CCAGTTAACTATCAGGAATTTGCCAATC,6,1
CCAGTTAACTATCAGGAATTTTCCAAGC,3,0
CCAGTTAACTATCAGGAATTTTCCCCGC,0,1
CCAGTTAACTATCAGTAATTTGCCAAGC,1,0
CCAGTTAACTGTGAGGGCTGAAGCACGA,490,294
CCAGTTAACTGTGAGGGCTGAAGCCCGC,7,2
CCAGTTAACTGTGAGGGCTGAATCACTA,15,8
CCAGTTAACTGTGAGGGCTGAATCCCGA,1,1
CCAGTTAACTGTGAGGGCTTAATCACGA,0,1
CCAGTTAACTGTGAGGTCGGAAGCACGA,1,0
CCAGTTAACTGTGAGGTCTGAAGCACTA,13,3
CCAGTTAACTGTGAGGTCTGAAGCCCGA,0,1
CCAGTTAACTGTGAGGTCTGAATCACGA,30,18
CCAGTTAACTGTGAGGTCTTAAGCACGA,1,0
CCAGTTAACTGTGAGGTCTTAATCACTA,8,7
CCAGTTAACTTTCAGGAATGTTCCAAGC,0,1
CCAGTTAACTTTCAGGACTGACCCAAGC,1,0
CCAGTTACCTATTAGAGATGCCGCAGGC,38,74
CCAGTTACCTATTAGAGATGCCTCAGTC,1,0
CCAGTTACCTATTAGAGATGCCTCATCC,0,1
CCAGTTACCTATTAGAGATTCCGCAGTC,1,1
CCAGTTACCTATTAGAGATTCCGCATGC,0,1
CCAGTTACCTATTAGAGATTCCGCCGGC,0,1
CCAGTTACCTATTAGAGATTCCTCAGGC,2,3
CCAGTTACCTATTAGAGATTCCTCATTC,8,12
CCAGTTACCTATTAGATATTCCGCATTC,0,1
CCAGTTACCTATTAGATATTCCTCAGTC,0,2
CCAGTTAGCTTGAAGACATGATACACTG,0,1
CCAGTTAGCTTGTAGACATGCAGCACAA,45,37
CCAGTTAGCTTGTAGACATTCATCACAA,3,3
CCAGTTATCTGGCAGTTTTGGCACAGCG,0,32
CCAGTTATCTGGCAGTTTTGGCACATCT,0,1
CCAGTTATCTGGCAGTTTTGTCACATCG,0,1
CCAGTTATCTGGCAGTTTTTTCACATCT,0,2
CCAGTTCCCTTGTATGTCTGTTCCATTC,1,0
CCAGTTCGCTTGAAGACAGGATTCCCGG,1,1
CCAGTTCGCTTGAAGACATCATTCCCGT,0,1
CCAGTTCGCTTGAAGACATGATTCACGG,87,182
CCAGTTCGCTTGAAGACATTATTCACTT,11,22
CCAGTTCGCTTGAAGACATTATTCCCGG,1,3
CCAGTTCTCTTAGAGGTGTGGCGCACGT,0,51
CCAGTTCTCTTAGAGGTGTGGCTCCCGT,0,2
CCAGTTCTCTTAGAGGTGTGTCGCACTT,0,6
CCAGTTCTCTTAGAGGTGTGTCGCCCGT,0,1
CCAGTTCTCTTAGAGGTGTTGCTCACTT,0,1
CCAGTTCTCTTAGAGGTTTGGCTCACTT,0,1
CCAGTTCTCTTAGAGGTTTGTCTCACGT,0,4
CCAGTTCTCTTAGAGGTTTTGCGCACGT,0,2
CCAGTTCTCTTAGAGGTTTTTCTCACTT,0,3
CCAGTTCTCTTTGAGGTTTGGCGCACGT,0,1
CCAGTTGACTAAAAGAATTGAATCACTT,1,0
CCAGTTGACTACAAGTAATTAATCACTT,1,0
CCAGTTGACTGCTAGATCTGGTTCATGT,0,29
CCAGTTGACTGCTAGATCTGTTTCATTT,0,4
CCAGTTGACTGCTAGATCTTGTTCATTT,0,1
CCAGTTGACTTGAAGTAATGATGCATGT,1,0
CCAGTTGCCTACAAGTAAGGAAGCCCTG,2,0
CCAGTTGCCTACAAGTAATGAAGCACTG,152,68
CCAGTTGCCTACAAGTAATGAATCACAG,0,1
CCAGTTGCCTACAAGTAATGAATCACTT,3,0
CCAGTTGCCTACAAGTAATTAAGCACTT,1,0
CCAGTTGCCTACAAGTAATTAATCACTG,6,7
CCAGTTGCCTACAGGTAATGAATCACTG,1,0
CCAGTTGCCTCTAAGGGGTGCATCAAGA,21,44
CCAGTTGCCTCTAAGGGGTGCATCCCGC,0,1
CCAGTTGCCTCTAAGGGGTTCATCAATA,1,1
CCAGTTGCCTCTAAGGGTTGCATCACGC,1,0
CCAGTTGCCTCTAAGGTGTGCATCAATA,0,1
CCAGTTGCCTCTAAGGTGTGCATCCAGA,0,1
CCAGTTGCCTCTAAGGTGTTCATCAAGA,0,1
CCAGTTGCCTCTAAGGTTTGCATCAAGA,0,2
CCAGTTGGCTCGTAGCGGTGTTCCAGAA,110,9
CCAGTTGGCTCGTAGCGGTGTTCCAGCC,1,0
CCAGTTGGCTCGTAGCGGTGTTCCCGCA,2,0
CCAGTTGGCTCGTAGCGTTGTTCCCGCC,0,1
CCAGTTGGCTCGTAGCGTTTTTCCAGAA,1,0
CCAGTTGGCTCGTAGCTTTGTTCCATAA,8,2
CCAGTTGGCTCGTAGCTTTGTTCCCGAA,1,1
CCAGTTGGCTTGTAGGACTGGGCCAGCA,73,31
CCAGTTGGCTTGTAGGACTGGGCCCGCC,2,0
CCAGTTGGCTTGTAGGACTGTGCCATCA,1,1
CCAGTTGGCTTGTAGGACTGTTCCAGCA,6,4
CCAGTTGGCTTGTAGGACTTTTCCATCA,6,1
CCAGTTGTCTCGGAGCCGTGCTTCAGTG,0,1
CCAGTTGTCTCGGAGCCTTGCGTCAGTG,0,1
CCAGTTGTCTTGCAGCAAAGATACACTG,0,1
CCAGTTGTCTTGCAGCAATGATTCACTG,0,120
CCAGTTGTCTTGCAGCAATTATTCACTT,0,6
CCAGTTTACTTGTAGTTGTGTCTCACAT,42,0
CCAGTTTACTTGTAGTTTTTTCTCACAT,1,0
CCAGTTTGCTATTAGGTGTGTCTCAGAT,0,1
CCAGTTTGCTGAAAGAGGTGATACACGT,70,34
CCAGTTTGCTGAAAGATTTGATACACTT,10,3
CCCATCTTCTAAAAGGCGTGGCACACTG,1,0
CCCGACTTCTAAAAGGCGTGTCACACTT,1,0
CCCGTAAACTGGTAGATTTGTCTCAAGT,0,1
CCCGTAAACTTGGAGTGATGCCGCATGT,119,338
CCCGTAAACTTGGAGTGATGCCTCATTT,1,1
CCCGTAAACTTGGAGTGATGCCTCCTGT,0,3
CCCGTAAACTTGGAGTGATTCCGCATTT,0,2
CCCGTAAACTTGGAGTGATTCCTCATGT,4,24
CCCGTAAACTTGGAGTTATGCCTCATGT,1,5
CCCGTAAACTTGGAGTTATTCCGCATGT,1,0
CCCGTAAACTTGGAGTTATTCCTCATTT,6,5
CCCGTAAGCTTGGAGTGATTCCTCATTT,0,1
CCCGTAAGCTTGGAGTTATGCCTCATTT,0,1
CCCGTACACTACAAGGTCTGTCTCACAA,1,0
CCCGTACGCTCCTAGTTCTGTGGCAGCC,0,16
CCCGTACGCTCCTAGTTCTGTGTCATCC,0,2
CCCGTACGCTGCTAGTAATGTAGCAACT,0,25
CCCGTACGCTGGGAGGGGTGCTACAGTA,98,126
CCCGTACGCTGGGAGGGGTGCTACCGTC,1,0
CCCGTACGCTGGGAGGGGTTCTACCGTA,0,1
CCCGTACGCTGGGAGGGTTTCTACAGTA,0,1
CCCGTACGCTGGGAGGTGTTCTACAGTA,0,1
CCCGTACGCTGGGAGGTTTGCTACAGTA,7,15
CCCGTACGCTGGGAGGTTTTCTACATTA,4,0
CCCGTACTCTAAGAGTCTTGCAGCAGTC,0,32
CCCGTACTCTAAGAGTCTTTCATCATTC,0,2
CCCGTACTCTGGCAGTCCTGAAACAATA,55,0
CCCGTACTCTGGCAGTCCTGAAACCCTA,2,0
CCCGTAGACTAGTAGCCGTGAAGCATAT,206,271
CCCGTAGACTAGTAGCCGTGAAGCCTCT,2,4
CCCGTAGACTAGTAGCCGTTAAGCCTAT,0,1
CCCGTAGACTAGTAGCCGTTAATCATAT,1,7
CCCGTAGACTAGTAGCCGTTAATCCTCT,1,0
CCCGTAGACTAGTAGCCTTGAAGCCTAT,1,1
CCCGTAGACTAGTAGCCTTGAATCATAT,9,23
CCCGTAGACTAGTAGCCTTTAAGCATAT,0,1
CCCGTAGGCTACTAGATTTGAGGCAAAC,62,63
CCCGTAGGCTACTAGATTTGAGGCACCC,1,0
CCCGTAGGCTACTAGATTTGAGGCCCAC,2,2
CCCGTAGGCTACTAGATTTGATGCCCCC,0,1
CCCGTAGGCTACTAGATTTTATTCAAAC,11,6
CCCGTAGGCTCTCAGTGATGTTTCAATA,1,0
CCCGTAGGCTGGTAGTATTGTCACAAGC,152,173
CCCGTAGGCTGGTAGTATTGTCACACTC,0,2
CCCGTAGGCTGGTAGTATTGTCACCCGC,7,2
CCCGTAGGCTGGTAGTATTTTCACAATC,15,14
CCCGTAGGCTGTTAGTGCTGAGGCAGGA,0,31
CCCGTAGGCTGTTAGTGCTGAGGCCGGC,0,1
CCCGTAGGCTGTTAGTGCTGAGTCATTA,0,1
CCCGTAGGCTGTTAGTGCTGATTCATGA,0,3
CCCGTAGGCTGTTAGTTCTGAGTCATGA,0,1
CCCGTAGGCTGTTAGTTCTGATGCATTA,0,1
CCCGTATACTAGTAGCCATGAATCATAT,0,1
CCCGTATGCTCACAGCTTTTTTTCACAC,1,0
CCCGTATGCTTTGAGCATTGTTACATGA,1,0
CCCGTATTCTGAGAGCTTTGACCCATGC,80,8
CCCGTATTCTGAGAGCTTTGACCCCTTC,1,0
CCCGTATTCTGAGAGCTTTTACCCATTC,6,0
CCCGTATTCTGAGAGCTTTTACCCCTGC,1,0
CCCGTCAACTCGTAGAGGTTCTTCATAC,1,0
CCCGTCAACTGCGAGCATTGCGCCAATA,30,78
CCCGTCAACTGCGAGCATTGCGCCCCTA,1,3
CCCGTCAACTGCGAGCATTTCTCCAATA,2,10
CCCGTCCACAGGAAGCTTTTAACCAGTT,1,0
CCCGTCCACTAACACTGTTGTAACAGTC,0,1
CCCGTCCCCTGGAAGCGTTGAACCAGGT,38,0
CCCGTCCCCTGGAAGCGTTGAACCATTT,1,0
CCCGTCCCCTGGAAGCTTTGAACCATGT,1,0
CCCGTCGCCTGAGAGTCTTGTGCCAGAT,44,57
CCCGTCGCCTGAGAGTCTTGTGCCCGCT,1,0
CCCGTCGCCTGAGAGTCTTTTTCCATAT,3,4
CCCGTCGCCTGAGAGTCTTTTTCCCGAT,0,1
CCCGTCGGCTCTGAGTCCTGACCCACTC,44,37
CCCGTCGGCTCTGAGTCCTGCCCCCCTC,0,1
CCCGTCGGCTCTGAGTCCTTACCCCCTC,0,1
CCCGTCTTCTAAAAGGCGTGGCACACGG,30,0
CCCGTCTTCTAAAAGGCGTGGCACACTT,1,0
CCCGTCTTCTAAAAGGCGTGTCACACTG,2,0
CCCGTCTTCTAAAAGGCGTGTCACCCGT,1,0
CCCGTCTTCTAAAAGGCTTGGCACACTG,1,0
CCCGTCTTCTAAAAGGCTTGTCACACTT,5,0
CCCGTCTTCTAAAAGGCTTTTCACACGG,1,0
CCCGTCTTCTTCGAGCATTGTTCCAAAT,0,1
CCCGTGAACTTCGAGTTTTGCCTCAGCA,0,34
CCCGTGAACTTCGAGTTTTTCCTCATCA,0,3
CCCGTGACCTGCTAGTGATGACCCACAA,1,0
CCCGTGACCTGCTAGTGTTGAACCACAT,110,129
CCCGTGACCTGCTAGTGTTGAACCCCCT,2,0
CCCGTGACCTGCTAGTTTTTAACCACAT,2,6
CCCGTGATCTGACACTTTTGTTGCACAG,1,0
CCCGTGCACTATCAGAGTTGTAACATTC,0,1
CCCGTGCACTATCAGTCTTGAAACATAC,1,0
CCCGTGCACTATCAGTGTTGTAACAGTC,58,263
CCCGTGCACTATCAGTGTTTTAACATTC,2,4
CCCGTGCACTATCAGTTTTGTAACATTC,2,8
CCCGTGCACTATCAGTTTTTTAACAGTC,0,1
CCCGTGCACTCCAAGTTCGGTAGCCGTG,0,1
CCCGTGCACTCCAAGTTCTGTAGCAGTG,85,17
CCCGTGCACTCCAAGTTCTGTATCAGTT,4,1
CCCGTGCACTCCAAGTTCTGTATCATTG,8,1
CCCGTGCACTCCAAGTTCTGTATCCGTG,1,0
CCCGTGCACTCCAAGTTCTTTATCAGTG,1,0
CCCGTGCCCTCCAAGTTCTGTAGCCGTG,1,0
CCCGTGCGCTATCAGCAGTGTACCAGTA,32,0
CCCGTGCGCTGGGAGGCATGAATCCCAA,1,0
CCCGTGCTCTAGAAGCGTTGCATCACAC,81,94
CCCGTGCTCTAGAAGCGTTGCATCCCCC,2,4
CCCGTGCTCTAGAAGCGTTTCATCCCAC,1,0
CCCGTGCTCTAGAAGCTTTGCATCCCAC,1,0
CCCGTGCTCTAGAAGCTTTTCATCACAC,8,4
CCCGTGCTCTATCAGTGTTGAAACAGAC,0,1
CCCGTGCTCTCCGAGTTCTGACGCATTC,1,0
CCCGTGGTCTAACAGATCTGGCACAAAA,47,72
CCCGTGGTCTAACAGATCTGGCACCCAA,2,1
CCCGTGGTCTAACAGATCTTTCACAAAA,3,1
CCCGTGGTCTAACAGATCTTTCACCCCC,1,0
CCCGTGGTCTAGCAGATCTGTCACAAAA,0,1
CCCGTGGTCTCGCAGCTATGATACATTC,1,0
CCCGTGGTCTCGCAGCTTTGAGACAAAC,0,1
CCCGTGGTCTCGCAGCTTTGAGACATTC,40,19
CCCGTGGTCTCGCAGCTTTTATACATTC,1,0
CCCGTGGTCTCGGAGTATTGTGCCAAAT,3,12
CCCGTGGTCTCGGAGTATTGTGCCCCCT,0,1
CCCGTGGTCTCGGAGTATTTTTCCAAAT,0,2
CCCGTGGTCTGACAGAACTGGCGCAGTA,66,25
CCCGTGGTCTGACAGAACTGGCGCCGTC,2,1
CCCGTGGTCTGACAGAACTGTCTCAGTA,8,1
CCCGTGGTCTGACAGAACTTTCGCAGTA,1,0
CCCGTGGTCTGACAGAACTTTCTCATTA,0,1
CCCGTGGTCTGCCAGCGATGTAACAGAT,0,1
CCCGTGGTCTGCCAGCGATGTAACAGTG,0,35
CCCGTGGTCTGCCAGCGATTTAACAGTT,0,1
CCCGTGTACATGCAGGCATTACTCACAT,1,0
CCCGTGTACTGTCAGCAATGCGGCACAG,40,0
CCCGTGTACTGTCAGCAATGCGTCACAT,1,0
CCCGTGTACTGTCAGCAATGCTTCACAG,1,0
CCCGTGTACTGTCAGCAATTCTGCACAG,3,0
CCCGTGTACTGTCAGCAATTCTTCACAT,3,0
CCCGTGTACTTGCAGGCAGGACGCCCAG,1,1
CCCGTGTACTTGCAGGCATGACGCACAG,117,257
CCCGTGTACTTGCAGGCATGACGCCCAT,0,1
CCCGTGTACTTGCAGGCATGACGCCCCG,0,4
CCCGTGTACTTGCAGGCATGACTCACAT,7,14
CCCGTGTACTTGCAGGCATGACTCCCAG,0,1
CCCGTGTACTTGCAGGCATTACGCACAT,0,2
CCCGTGTACTTGCAGGCATTACTCACAG,3,8
CCCGTGTACTTGCAGTCATTACTCACAT,0,1
CCCGTGTCCTTTCAGTCATGTGCCCTAA,1,0
CCCGTGTCCTTTCAGTGCTGTGCCAGAT,69,0
CCCGTGTCCTTTCAGTGCTGTGCCCGCT,1,0
CCCGTGTCCTTTCAGTGCTGTTCCATAT,2,0
CCCGTGTCCTTTCAGTTCTGTTCCAGAT,3,0
CCCGTGTCCTTTCAGTTCTTTTCCAGCT,1,0
CCCGTGTGCTCGTAGTGATGTTGCACTG,80,30
CCCGTGTGCTCGTAGTGATGTTTCACTT,1,0
CCCGTGTGCTCGTAGTGATTTTTCACTG,1,0
CCCGTGTGCTCGTAGTTATGTTTCACTG,1,0
CCCGTGTGCTCGTAGTTATTTTTCACTT,4,3
CCCGTGTTCTAACAGCAGTTCTGCACTG,1,0
CCCGTGTTCTAGAAGTTTTGTCGCAAAC,0,1
CCCGTGTTCTATTAGGTATGATTCAGCT,0,28
CCCGTGTTCTATTAGGTATTATTCATCT,0,4
CCCGTGTTCTCGAAGTTGGGTCGCCCCC,1,0
CCCGTGTTCTCGAAGTTGTGTCGCAAAC,53,111
CCCGTGTTCTCGAAGTTGTGTCGCCACC,1,0
CCCGTGTTCTCGAAGTTGTGTCGCCCAC,1,3
CCCGTGTTCTCGAAGTTGTTTCTCAAAC,2,3
CCCGTGTTCTCGAAGTTTTGACCCAAAC,1,0
CCCGTGTTCTCGAAGTTTTGTCTCAAAC,3,11
CCCGTGTTCTCGAAGTTTTGTCTCCCAC,0,1
CCCGTGTTCTGATAGATTTGTTCCAGGT,36,104
CCCGTGTTCTGATAGATTTGTTCCATTT,3,10
CCCGTGTTCTGATAGATTTGTTCCCTGT,1,0
CCCGTGTTCTGATAGATTTTTTCCAGTT,0,2
CCCGTGTTCTGATAGATTTTTTCCATGT,1,3
CCCGTTAACTGACAGACTTGCATCATTT,1,0
CCCGTTAACTGTCAGTCGTGCATCATTT,16,31
CCCGTTAACTGTCAGTCTTGCATCATTA,1,0
CCCGTTACCTCGGACCCATTTTTCATTA,1,0
CCCGTTAGCTCACAGTAATGTGCCAAAC,80,43
CCCGTTAGCTCACAGTAATGTGCCACCC,2,0
CCCGTTAGCTCACAGTAATTTTCCAAAC,7,1
CCCGTTAGCTGGCAGGGGTGTGGCATGA,0,10
CCCGTTAGCTGGCAGGGTTGTGTCATGA,0,1
CCCGTTAGCTGGCAGGTTTTTGTCATTA,0,3
CCCGTTCCCTTACAGTGTTGCAGCACGA,0,45
CCCGTTCCCTTACAGTGTTGCATCACTA,0,1
CCCGTTGCCTTAGAGACATGGAGCAGAC,77,0
CCCGTTGCCTTAGAGACATGGAGCCGCC,2,0
CCCGTTGCCTTAGAGACATGGATCAGCC,1,0
CCCGTTGCCTTAGAGACATGTAGCATAC,1,0
CCCGTTGCCTTAGAGACATTGAGCATAC,1,0
CCCGTTGCCTTAGAGACATTTAGCAGAC,1,0
CCCGTTGCCTTAGAGACATTTATCATAC,6,0
CCCGTTGGCTCACAGTGATGTTTCAATA,1,0
CCCGTTGGCTCTCAGTCATGATTCAAAA,0,1
CCCGTTGGCTCTCAGTGATGTTGCAATA,336,436
CCCGTTGGCTCTCAGTGATGTTGCACTC,1,0
CCCGTTGGCTCTCAGTGATGTTGCCCTA,11,5
CCCGTTGGCTCTCAGTGATGTTTCACTA,2,3
CCCGTTGGCTCTCAGTGATGTTTCCATA,1,0
CCCGTTGGCTCTCAGTGATGTTTCCCTC,0,1
CCCGTTGGCTCTCAGTGATTTTTCAATA,13,17
CCCGTTGGCTCTCAGTTATGTTGCGATA,0,1
CCCGTTGGCTCTCAGTTATGTTTCAATA,12,32
CCCGTTGGCTCTCAGTTATTTTGCAATA,0,2
CCCGTTGGCTCTCAGTTATTTTTCACTA,1,1
CCCGTTGGCTGGTAGTAATGTCCCAATC,0,1
CCCGTTGGCTGTCAGATCTGTCGCATAA,2,0
CCCGTTTACTCCTAGGTTTGGGGCACGT,88,25
CCCGTTTACTCCTAGGTTTGGTGCACTT,1,0
CCCGTTTACTCCTAGGTTTGGTGCCCGT,2,0
CCCGTTTACTCCTAGGTTTGGTTCACGT,2,0
CCCGTTTACTCCTAGGTTTGTGTCACGT,2,1
CCCGTTTACTCCTAGGTTTGTTGCACGT,5,1
CCCGTTTACTCCTAGGTTTGTTTCCCTT,1,0
CCCGTTTACTCCTAGGTTTTGTGCACGT,1,0
CCCGTTTACTCCTAGGTTTTTTTCACTT,5,4
CCCGTTTACTCTCAGACATGCGGCAGGT,32,0
CCCGTTTACTCTCAGACATGCTGCATGT,1,0
CCCGTTTACTCTCAGACATTCGGCATTT,1,0
CCCGTTTACTCTCAGACATTCGGCCGGT,1,0
CCCGTTTACTCTCAGACATTCGTCAGGT,4,0
CCCGTTTACTCTCAGACATTCTGCAGGT,1,0
CCCGTTTACTCTCAGACATTCTTCATTT,1,0
CCCGTTTCCTCGAAGGGCTCTCGCCTGC,0,1
CCCGTTTCCTCGAAGGGCTGGCGCATGC,0,49
CCCGTTTCCTCGAAGGGCTGGCTCATTC,0,1
CCCGTTTCCTCGAAGGGCTGTCGCATTC,0,1
CCCGTTTCCTCGAAGGGCTGTCTCATGC,0,6
CCCGTTTCCTCGAAGGGCTTGCTCCTTC,0,1
CCCGTTTCCTCGAAGGTCTGGCGCATTC,0,1
CCCGTTTCCTCGAAGGTCTGGCTCATGC,0,2
CCCGTTTCCTCGAAGGTCTTGCGCATGC,0,1
CCCGTTTCCTCGAAGGTCTTTCTCATTC,0,3
CCCGTTTGCTCACAGCTTGGTTTCCCAC,1,0
CCCGTTTGCTCACAGCTTTGTTTCACAC,248,61
CCCGTTTGCTCACAGCTTTGTTTCCCCC,8,1
CCCGTTTGCTCACAGCTTTTTTTCAAAC,1,0
CCCGTTTGCTCACAGCTTTTTTTCCCAC,1,0
CCGATCCTCTACGAGCTTTTGTCCATTC,1,0
CCGCTAAACTAGCAGTATAGTTGCATCT,0,1
CCGCTGCCCTCTCAGTTCTTATTCAATT,0,1
CCGCTTGCCTAGTAGCTGTTATTCATTT,0,1
CCGGAAATCTCCCAGTCTTTCTCCCCAC,1,0
CCGGAATTCTGAAAGGATTTAATCATTA,0,1
CCGGACGGCTTGTAGGTGTGCGTCACAT,0,1
CCGGAGCACTCTCAGCACTTCTTCATTT,1,0
CCGGAGGACTTGGAGATGTGTCGCATCA,1,0
CCGGAGGCCTGTCAGTGCTTCATCAACT,0,1
CCGGAGGGCTGGCAGTCATTGTACACTC,0,1
CCGGATGCCTAGTACCTGTTATTCATTT,1,0
CCGGCTAACTGCCAGAATTGTCGCAGAG,0,1
CCGGTAAACTGGCAGATCTGTTCCACTC,0,1
CCGGTAAGCTCTCAGAGGTGGGGCATTT,33,0
CCGGTAAGCTCTCAGAGGTGTGGCCTTT,1,0
CCGGTAAGCTCTCAGAGGTGTTGCATTT,1,0
CCGGTAAGCTCTCAGAGTTGTTTCATTT,3,0
CCGGTAATCTCCCAGTCTTGCGCCACAC,66,53
CCGGTAATCTCCCAGTCTTGCGCCCCCC,1,3
CCGGTAATCTCCCAGTCTTTCTCCACAC,6,11
CCGGTACACAGGAAGGCCTGATTCATCA,1,0
CCGGTACACTGGAAGGCCTGAGTCATCA,94,0
CCGGTACACTGGAAGGCCTTATTCATCA,2,0
CCGGTACGCTAAAAGTGCTGGTACAAAA,1,0
CCGGTACGCTAAAAGTGCTGGTTCATAA,105,77
CCGGTACGCTAAAAGTGCTGGTTCCTAC,0,2
CCGGTACGCTAAAAGTGCTTTTTCATAA,3,0
CCGGTACGCTAAAAGTTCTGTTTCATAA,5,3
CCGGTACGCTCGTAGCGTTGTTCCATTC,1,0
CCGGTACGCTCGTAGGGTGGGTCCCTTC,0,1
CCGGTACGCTCGTAGGGTTGGTCCATTC,62,112
CCGGTACGCTCGTAGGGTTGTTCCCTTC,1,1
CCGGTACGCTCGTAGGGTTTTTCCATTC,0,4
CCGGTACGCTCGTAGGTTTGGTCCCTTC,1,0
CCGGTACGCTCGTAGGTTTGTTCCATTC,0,3
CCGGTACGCTCGTAGGTTTTGTCCATTC,1,6
CCGGTACGCTCGTAGGTTTTTTCCCTTC,1,0
CCGGTACGCTCTTAGAAATGCTCCACCA,0,1
CCGGTACGCTCTTAGGAATGCGCCACCA,0,43
CCGGTACGCTCTTAGGAATGCGCCCCCC,0,1
CCGGTACGCTCTTAGGAATTCTCCACCA,0,2
CCGGTACTCTCTAAGCTGTGGTTCATAG,0,114
CCGGTACTCTCTAAGCTGTGGTTCCTCG,0,1
CCGGTACTCTCTAAGCTGTGTTTCATAT,0,6
CCGGTACTCTCTAAGCTGTGTTTCATCG,0,1
CCGGTACTCTCTAAGCTGTTGTTCATAT,0,1
CCGGTACTCTCTAAGCTTTGGTTCCTAG,0,1
CCGGTACTCTCTAAGCTTTGTTTCATAG,0,3
CCGGTACTCTCTAAGCTTTTGTTCATAG,0,1
CCGGTACTCTCTAAGCTTTTTTTCATAT,0,2
CCGGTACTCTGAGAGGGCTGGGCCAGGT,69,28
CCGGTACTCTGAGAGGGCTGGTCCAGTT,2,0
CCGGTACTCTGAGAGGGCTGTGCCAGTT,2,0
CCGGTACTCTGAGAGGGCTGTTCCCGGT,1,0
CCGGTACTCTGAGAGGGCTTTTCCAGGT,0,1
CCGGTACTCTGAGAGGGCTTTTCCATTT,2,0
CCGGTACTCTGAGAGGTCTGTGCCATGT,3,0
CCGGTACTCTGAGAGGTCTGTTCCAGGT,2,3
CCGGTACTCTGAGAGGTCTGTTCCATTT,3,3
CCGGTACTCTGAGAGGTCTGTTCCCGTT,1,0
CCGGTACTCTGAGAGGTCTTTGCCAGGT,1,0
CCGGTACTCTGAGAGGTCTTTTCCATGT,1,1
CCGGTAGACTAGTAGATTTGAACCACAT,0,1
CCGGTAGACTTCGAGGCATGAGACAGGT,62,28
CCGGTAGACTTCGAGGCATGAGACATTT,1,0
CCGGTAGACTTCGAGGCATGATACATGT,0,1
CCGGTAGACTTCGAGGCATTATACATTT,1,3
CCGGTAGCCTATGAGGGATGGGTCACTA,43,0
CCGGTAGCCTATGAGGGATGTTTCACTA,1,0
CCGGTAGCCTATGAGGTATTTTTCACTA,4,0
CCGGTAGCCTGCGAGTCGTGAGGCAGGC,0,29
CCGGTAGCCTGCGAGTCGTGATGCATGC,0,2
CCGGTAGCCTGCGAGTCGTGATTCAGGC,0,5
CCGGTAGCCTGCGAGTCTTGAGGCATTC,0,1
CCGGTAGCCTGCGAGTCTTGATTCATTC,0,2
CCGGTAGCCTGGCAGGCGTGTCACAAAT,65,108
CCGGTAGCCTGGCAGGCGTGTCACCACT,0,1
CCGGTAGCCTGGCAGGCGTGTCACCCAT,1,8
CCGGTAGCCTGGCAGGCTTGTCACAACT,0,1
CCGGTAGCCTGGCAGGCTTGTCACACAT,1,0
CCGGTAGCCTGGCAGGCTTGTCACCCCT,0,1
CCGGTAGCCTGGCAGGCTTTTCACAAAT,0,1
CCGGTAGTCTCAGAGCCCTTGTCCAAAA,0,1
CCGGTAGTCTCGCAGCCCTGTTCCCCAA,0,1
CCGGTAGTCTCGGAGCCTTGCGTCAGTG,0,1
CCGGTAGTCTGAAAGGAGTGAATCAAAA,0,1
CCGGTATACTAAAAGACGTGTCTCAACT,0,49
CCGGTATACTAAAAGACGTGTCTCCCCT,0,1
CCGGTATACTAAAAGACTTTTCTCAACT,0,1
CCGGTATACTATAAGATCTGATTCATAT,0,1
CCGGTATGCTCTCAGATCTGTCTCAACG,0,1
CCGGTATGCTCTCAGATGTGTTTCAACT,0,1
CCGGTATGCTCTCAGTTGTGGGTCAACG,38,31
CCGGTATGCTCTCAGTTGTGTGTCAACT,1,0
CCGGTATGCTCTCAGTTGTGTTTCAACG,1,1
CCGGTATGCTCTCAGTTGTGTTTCCCCG,0,1
CCGGTATGCTCTCAGTTGTTTTTCAACT,5,5
CCGGTATGCTCTCAGTTTTGTGTCAACG,1,0
CCGGTATGCTCTCAGTTTTTTGTCAACT,2,0
CCGGTATGCTGGGAGTCTTGGACCACTG,236,10
CCGGTATGCTGGGAGTCTTGTACCACTT,14,0
CCGGTATGCTGGGAGTCTTGTACCCCTG,1,0
CCGGTATGCTGGGAGTCTTTGACCACTT,2,0
CCGGTATGCTGGGAGTCTTTTACCACTG,2,0
CCGGTATGCTTAGAGCAGTGTTACAGGA,31,0
CCGGTATGCTTAGAGCAGTTTTACATTA,1,0
CCGGTATGCTTTCAGACATGTTCCAGGT,0,85
CCGGTATGCTTTCAGACATGTTCCCGTT,0,1
CCGGTATGCTTTCAGACATTTTCCATGT,0,1
CCGGTATTCTAAAAGGAGTGAAGCCTTA,0,1
CCGGTATTCTCATAGGGATGGGACAAGT,29,0
CCGGTATTCTCATAGGGATGGGACCCGT,1,0
CCGGTATTCTCATAGGGATGGTACACGT,1,0
CCGGTATTCTCATAGGGATTTGACAATT,1,0
CCGGTATTCTCATAGGTATGTTACAAGT,1,0
CCGGTATTCTCATAGGTATTGGACAAGT,2,0
CCGGTATTCTCATAGGTATTTTACAATT,7,0
CCGGTATTCTGAAAGGAGTGAAGCATTA,232,500
CCGGTATTCTGAAAGGAGTGAAGCCTTC,0,1
CCGGTATTCTGAAAGGAGTGAATCCTTA,1,0
CCGGTATTCTGAAAGGAGTGCATCATTA,1,0
CCGGTATTCTGAAAGGAGTTAATCATTA,5,11
CCGGTATTCTGAAAGGATTGAATCATTA,13,23
CCGGTATTCTGAAAGGATTTAATCCTTC,1,0
CCGGTCAACTCCAAGTTTTTTTTCATCT,0,1
CCGGTCACCTCGCAGCAGTGCCCCAGGG,0,48
CCGGTCACCTCGCAGCAGTGCCCCAGTT,0,2
CCGGTCACCTCGCAGCAGTGCCCCCGGT,0,1
CCGGTCACCTCGCAGCAGTTCCCCATGT,0,2
CCGGTCACCTCTAAGACGTGTGGCAGGG,3,4
CCGGTCCGCTACTAGAAGTGGTGCAACG,0,1
CCGGTCCGCTACTAGAAGTTTTTCAACT,0,1
CCGGTCCGCTGACAGGTGTGGGGCAACG,5,2
CCGGTCCGCTGACAGGTGTGGTTCAACG,0,1
CCGGTCCGCTGACAGGTGTTTTTCAACT,0,1
CCGGTCCGCTGACAGGTTTGTGTCAACG,0,1
CCGGTCCTCTACGAGCTTTGGTCCATTC,87,32
CCGGTCCTCTACGAGCTTTTTTCCATTC,7,1
CCGGTCCTCTGCTAGACGAGTCACACCT,0,1
CCGGTCCTCTGCTAGACGTGTCACACCG,0,31
CCGGTCCTCTGCTAGACGTTTCACACCT,0,3
CCGGTCCTCTGCTAGACTTGTCACACCT,0,1
CCGGTCCTCTGCTAGACTTTTCACACCG,0,1
CCGGTCGCCTCCTAGCGATGATGCATCG,107,196
CCGGTCGCCTCCTAGCGATGATTCCTCG,3,3
CCGGTCGCCTCCTAGCGATTATTCATCT,8,24
CCGGTCGCCTCCTAGCTATGATTCATCT,7,8
CCGGTCGCCTCCTAGCTATTATTCATCG,1,2
CCGGTCGCCTCTGAGTCGTGGACCAGCT,36,0
CCGGTCGCCTCTGAGTCGTGGACCCTCT,1,0
CCGGTCGCCTCTGAGTCGTGTACCATCT,1,0
CCGGTCGCCTCTGAGTCGTTGACCATCT,2,0
CCGGTCGCCTCTGAGTCGTTGACCCTCA,1,0
CCGGTCGCCTCTGAGTCTTGGACCATCT,6,0
CCGGTCGCCTCTGAGTCTTGTACCAGCT,1,0
CCGGTCGCCTCTGAGTCTTTTACCATCT,1,0
CCGGTCGCCTTCCAGTTCTGTTTCAGAA,1,0
CCGGTCGGCTGCGAGACCTGAGCCAAGT,0,1
CCGGTCGGCTGCGAGTGGTGAGCCATGT,0,119
CCGGTCGGCTGCGAGTGGTGATCCATGA,0,1
CCGGTCGGCTGCGAGTGGTGATCCATTT,0,2
CCGGTCGGCTGCGAGTGGTTATCCATGT,0,4
CCGGTCGGCTGCGAGTGTTGAGCCATTT,0,2
CCGGTCGGCTGCGAGTGTTGATCCATGT,0,4
CCGGTCGGCTGCGAGTTGTGAGCCATTT,0,2
CCGGTCGGCTGCGAGTTTTGAGCCATGT,0,2
CCGGTCGGCTGCGAGTTTTGATCCCTGT,0,1
CCGGTCGGCTGCGAGTTTTTATCCATTT,0,7
CCGGTCGGCTGTGAGATCTGTCGCACCT,1,0
CCGGTCGGCTTAAATCTTTTTTTCACAA,1,0
CCGGTCGGCTTATAGCTTTGTTGCACAA,159,34
CCGGTCGGCTTATAGCTTTGTTGCCCAC,2,0
CCGGTCGGCTTATAGCTTTGTTTCACAC,1,0
CCGGTCGGCTTATAGCTTTGTTTCCCAA,1,0
CCGGTCGGCTTATAGCTTTTTTTCACAA,6,0
CCGGTCGGCTTGTAGGGGGGCGGCCCAG,0,1
CCGGTCGGCTTGTAGGGGTGCGGCACAG,0,82
CCGGTCGGCTTGTAGGGGTGCTTCACAG,0,5
CCGGTCGGCTTGTAGGGTTGCTGCACAG,0,1
CCGGTCGGCTTGTAGGGTTGCTTCCCAG,0,1
CCGGTCGGCTTGTAGGGTTTCTTCACAG,0,1
CCGGTCGGCTTGTAGGTGTGCGTCACAG,0,2
CCGGTCGGCTTGTAGGTGTGCTGCACAG,0,4
CCGGTCGGCTTGTAGGTTTGCGGCACAG,0,1
CCGGTCGGCTTGTAGGTTTGCTTCACAG,0,5
CCGGTCGGCTTGTAGGTTTTCTTCACAT,0,2
CCGGTCTCCTCGCAGGGGTGCATCATAT,0,133
CCGGTCTCCTCGCAGGGGTGCATCCTCT,0,3
CCGGTCTCCTCGCAGGGTTTCATCATAT,0,2
CCGGTCTCCTCGCAGGTGTGCATCCTAT,0,1
CCGGTCTCCTCGCAGGTGTTCATCATAT,0,1
CCGGTCTCCTCGCAGGTTTGCATCATAT,0,17
CCGGTCTCCTGTTAGGGTTGATCCACAT,0,53
CCGGTCTGCTCTCAGGCTTGATACAACC,1,0
CCGGTCTTCTAAGAGGGGTGCGGCACTG,71,45
CCGGTCTTCTAAGAGGGGTGCGTCCCTG,1,1
CCGGTCTTCTAAGAGGGGTGCTGCCCTG,1,0
CCGGTCTTCTAAGAGGGGTTCTTCACTG,2,3
CCGGTCTTCTAAGAGGGTTGCGGCACTT,1,0
CCGGTCTTCTAAGAGGGTTTCTGCACTG,0,1
CCGGTCTTCTAAGAGGTGTGCGGCACTT,1,0
CCGGTCTTCTAAGAGGTGTGCTTCACTG,6,6
CCGGTCTTCTAAGAGGTTTGCGGCACTG,2,4
CCGGTCTTCTAAGAGGTTTGCTTCACTT,5,1
CCGGTCTTCTAAGAGGTTTTCGTCACTG,3,2
CCGGTCTTCTTATAGGTGTGAAACAGGG,5,49
CCGGTCTTCTTATAGGTGTGAAACAGTT,0,2
CCGGTCTTCTTATAGGTGTGAAACATTG,2,5
CCGGTCTTCTTATAGGTTTGAAACAGGT,0,1
CCGGTCTTCTTATAGGTTTGAAACAGTG,1,4
CCGGTCTTCTTATAGGTTTGAAACATGG,0,1
CCGGTCTTCTTATAGGTTTTAAACATTT,2,4
CCGGTCTTCTTATAGTTTTTAAACAGTT,0,1
CCGGTCTTCTTCGAGGTGTGCCTCATTC,70,154
CCGGTCTTCTTCGAGGTGTTCCTCCTTC,0,1
CCGGTCTTCTTCGAGGTTTTCCTCATTC,4,6
CCGGTGAACTATCAGGAGTGCGTCACTA,46,267
CCGGTGAACTATCAGGAGTGCGTCCCTC,0,1
CCGGTGAACTATCAGGAGTTCTTCACTA,3,16
CCGGTGAACTATCAGGATTGCTTCACTA,0,8
CCGGTGAACTATCAGGATTTCGTCACTA,0,2
CCGGTGAACTATCAGTAGTGCTTCACTA,0,2
CCGGTGAACTCGTAGAGCTGATGCATAA,0,1
CCGGTGAACTCGTAGAGCTGCTGCAAAC,1,0
CCGGTGAACTCGTAGAGGTGCTGCATAC,90,75
CCGGTGAACTCGTAGAGGTGCTGCCTCC,2,2
CCGGTGAACTCGTAGAGGTGCTTCCTAC,1,0
CCGGTGAACTCGTAGAGGTTCTTCATAC,1,1
CCGGTGAACTCGTAGAGTTGCTTCATAC,6,4
CCGGTGAACTCGTAGATGTGCTTCATAC,2,1
CCGGTGAACTCGTAGATGTTCTGCATAC,1,0
CCGGTGAACTCGTAGATTTGCTGCATAC,2,1
CCGGTGAACTCGTAGATTTTCTTCATAC,5,3
CCGGTGAACTTCTAGGGGTGAGACACGG,27,0
CCGGTGAACTTCTAGGGGTGATACACTG,1,0
CCGGTGAACTTCTAGGGGTTATACACTT,1,0
CCGGTGAACTTCTAGGTGTGATACACGG,2,0
CCGGTGAACTTCTAGGTTTGAGACACGT,2,0
CCGGTGAACTTCTAGGTTTTATACACTT,1,0
CCGGTGACCTAAGAGTTCTCCGGCCCAT,0,1
CCGGTGACCTAAGAGTTCTGCGGCACAT,33,34
CCGGTGACCTAAGAGTTCTGCGGCCCCT,0,1
CCGGTGACCTAAGAGTTCTGCTTCACAT,9,5
CCGGTGACCTAAGAGTTCTTCTGCACAT,0,3
CCGGTGAGCTGCTAGGGTTGATACAACA,0,35
CCGGTGAGCTGCTAGGGTTGATACCCCA,0,1
CCGGTGAGCTGCTAGGTTAGATACAACA,0,1
CCGGTGATCTGAGAGTCTTGGATCAACT,0,15
CCGGTGATCTGAGAGTCTTTTATCAACT,0,1
CCGGTGATCTGTAAGGTCTGAACCATAA,0,1
CCGGTGATCTGTAAGGTGTGTTCCAGAA,54,59
CCGGTGATCTGTAAGGTTTGTTCCATAA,0,4
CCGGTGATCTGTAAGGTTTTTTCCCTAA,0,2
CCGGTGATCTTCTAGAACTGCGACAATT,3,28
CCGGTGATCTTCTAGAACTGCGACCCTT,0,1
CCGGTGATCTTCTAGAACTTCTACAATT,1,1
CCGGTGCACTACGAGCTGTTATACATCT,0,1
CCGGTGCACTCTCAGGACTGCTGCATTT,50,0
CCGGTGCACTCTCAGGACTTCTTCATTT,2,0
CCGGTGCACTGCCAGAGATGGCTCCGCA,0,1
CCGGTGCACTGCCAGTGATGGCTCAGCA,24,87
CCGGTGCACTGCCAGTGATGGCTCCTCC,0,1
CCGGTGCACTGCCAGTGATGTCTCATCA,3,8
CCGGTGCACTGCCAGTGATGTCTCCGCA,0,1
CCGGTGCACTGCCAGTGATTGCTCATCA,1,1
CCGGTGCACTGCCAGTGATTTCTCAGCA,0,1
CCGGTGCACTGCCAGTGATTTCTCCTCA,0,1
CCGGTGCACTGCCAGTTATGTCTCAGCA,0,1
CCGGTGCACTGCCAGTTATTTCTCATCA,1,3
CCGGTGCACTGGAAGTTGTGCTGCATTG,24,0
CCGGTGCACTGGAAGTTGTGCTTCATTT,1,0
CCGGTGCACTGGAAGTTGTTCTTCATTG,2,0
CCGGTGCCCTACTAGAACTGACTCAAGG,0,50
CCGGTGCCCTACTAGAACTGACTCAATT,0,8
CCGGTGCCCTACTAGAACTGACTCCCGG,0,3
CCGGTGCCCTACTAGAACTTACTCAAGT,0,1
CCGGTGCGCTTACAGTCCTGGACCCTTT,1,0
CCGGTGCGCTTACAGTGGTGGTGCATTG,129,73
CCGGTGCGCTTACAGTGGTGGTGCCTTT,1,0
CCGGTGCGCTTACAGTGGTGTTTCATTT,9,3
CCGGTGCGCTTACAGTGTTGGTGCATTT,0,1
CCGGTGCGCTTACAGTGTTGGTTCATTG,4,2
CCGGTGCGCTTACAGTGTTGTTGCATTG,1,0
CCGGTGCGCTTACAGTTGTTGTTCATTT,1,0
CCGGTGCGCTTACAGTTGTTTTGCATTT,1,0
CCGGTGCGCTTACAGTTTTGGTGCATTG,7,4
CCGGTGCGCTTACAGTTTTGGTTCATTT,2,0
CCGGTGCGCTTACAGTTTTGTTGCATTT,0,1
CCGGTGCGCTTACAGTTTTGTTTCATTG,1,1
CCGGTGCGCTTACAGTTTTTTTTCATTT,6,5
CCGGTGCGCTTATAGGTGTGCTCCATAT,1,0
CCGGTGCTCTGCCAGACATGCCTCAGCC,0,1
CCGGTGGACTAGGAGATGTGTCTCATCT,0,1
CCGGTGGACTTGGAGACGTTGCGCATCT,0,1
CCGGTGGACTTGGAGATGTGGCCCAGCA,0,1
CCGGTGGACTTGGAGATGTGGCGCAGCT,264,438
CCGGTGGACTTGGAGATGTGGCTCATCT,3,9
CCGGTGGACTTGGAGATGTGGCTCCGCT,1,1
CCGGTGGACTTGGAGATGTGTCGCATCT,4,12
CCGGTGGACTTGGAGATGTGTCGCCGCT,0,2
CCGGTGGACTTGGAGATGTGTCTCAGCT,16,29
CCGGTGGACTTGGAGATGTGTCTCCTCT,1,0
CCGGTGGACTTGGAGATGTTGCTCAGCT,3,2
CCGGTGGACTTGGAGATGTTTCGCAGCT,0,2
CCGGTGGACTTGGAGATTTGGCGCATCT,3,3
CCGGTGGACTTGGAGATTTGGCGCCGCT,0,1
CCGGTGGACTTGGAGATTTGGCTCAGCT,1,1
CCGGTGGACTTGGAGATTTGTCGCAGCT,4,3
CCGGTGGACTTGGAGATTTGTCTCCGCT,1,0
CCGGTGGACTTGGAGATTTTTCTCATCT,13,24
CCGGTGGCCTCTTAGAGTTGCGTCATGC,71,6
CCGGTGGCCTCTTAGAGTTTCTTCATTC,11,0
CCGGTGGCCTCTTAGAGTTTCTTCCTGC,4,1
CCGGTGGCCTCTTAGATTTTCGTCATTC,1,0
CCGGTGGCCTGTCAGATCTGCAGCAACG,1,0
CCGGTGGCCTGTCAGTGCTGCAGCAACG,146,230
CCGGTGGCCTGTCAGTGCTGCAGCCCCG,6,3
CCGGTGGCCTGTCAGTGCTGCATCAACT,2,7
CCGGTGGCCTGTCAGTGCTTCAGCAACT,2,1
CCGGTGGCCTGTCAGTGCTTCATCAACG,1,2
CCGGTGGCCTGTCAGTTCTGCAGCAACT,2,3
CCGGTGGCCTGTCAGTTCTGCATCAACG,7,2
CCGGTGGCCTGTCAGTTCTTCAGCAACG,2,1
CCGGTGGCCTGTCAGTTCTTCATCAACT,12,13
CCGGTGGGCTATCAGAGATGCTGCAGGC,0,81
CCGGTGGGCTATCAGAGATGCTTCAGTC,0,2
CCGGTGGGCTATCAGAGATGCTTCATGC,0,1
CCGGTGGGCTATCAGAGATGCTTCCGGC,0,1
CCGGTGGGCTATCAGAGATTCTGCAGTC,0,8
CCGGTGGGCTATCAGAGATTCTTCATTC,0,8
CCGGTGGGCTGGCAGTCATGGTACACTC,0,87
CCGGTGGGCTGGCAGTCATGTTACCCTC,0,2
CCGGTGGGCTGGCAGTCATTTTACACTC,0,5
CCGGTGGGCTGTTAGGATTGAAACATGG,1,0
CCGGTGGGCTGTTAGGTTGGAAACCGGG,1,0
CCGGTGGGCTGTTAGGTTTGAAACAGGG,78,31
CCGGTGGGCTGTTAGGTTTGAAACATGT,1,0
CCGGTGGGCTGTTAGGTTTGAAACATTG,5,4
CCGGTGGGCTGTTAGGTTTGAAACCGGT,1,0
CCGGTGGGCTGTTAGGTTTGAAACCTGG,0,1
CCGGTGGGCTGTTAGGTTTTAAACAGTG,1,0
CCGGTGGGCTGTTAGGTTTTAAACATTT,4,1
CCGGTGGGCTTCTAGCGTTGCGGCATTT,36,15
CCGGTGGGCTTCTAGCGTTTCGTCATTT,0,1
CCGGTGGGCTTCTAGCTTTGCGTCATTT,3,0
CCGGTGGGCTTCTAGCTTTGCTGCATTT,1,0
CCGGTGGGCTTCTAGCTTTTCTTCATTT,3,1
CCGGTGGTCTGTTAGGTTTGAAACATCC,1,0
CCGGTGGTCTTAAAGTAATGAAACAAAA,1,0
CCGGTGTACTTAAAGGCGTGCACCAGTT,119,27
CCGGTGTACTTAAAGGCGTTCACCATTT,4,0
CCGGTGTACTTAAAGGCTTGCACCATTT,8,1
CCGGTGTACTTAAAGGCTTGCCCCATTA,1,0
CCGGTGTACTTAAAGGCTTTCACCAGTT,4,1
CCGGTGTCCTGTCAGTGATGCTGCAACC,0,1
CCGGTGTCCTTTCAGTGTTGGGGCATCC,40,94
CCGGTGTCCTTTCAGTGTTGGGTCCTCC,1,0
CCGGTGTCCTTTCAGTGTTGGTGCCTCC,1,0
CCGGTGTCCTTTCAGTGTTGGTTCATCC,0,1
CCGGTGTCCTTTCAGTGTTGTGTCATCC,1,4
CCGGTGTCCTTTCAGTGTTGTTGCATCC,1,5
CCGGTGTCCTTTCAGTGTTTGTGCATCC,0,2
CCGGTGTCCTTTCAGTGTTTTGGCATCC,1,0
CCGGTGTCCTTTCAGTTTTTTTTCATCC,1,11
CCGGTGTGCTCGAAGTTTTGAAACAGGG,51,60
CCGGTGTGCTCGAAGTTTTGAAACAGTT,0,2
CCGGTGTGCTCGAAGTTTTGAAACATGT,1,0
CCGGTGTGCTCGAAGTTTTGAAACATTG,1,0
CCGGTGTGCTCGAAGTTTTTAAACATTT,5,5
CCGGTGTGCTTCTAGAACTGGCGCATCA,1,0
CCGGTGTTCTTGGAGTTTTGTTTCAGAA,0,40
CCGGTTAACTACAAGTCTTGCGCCATTA,85,113
CCGGTTAACTACAAGTCTTGCGCCCTTC,1,0
CCGGTTAACTACAAGTCTTGCTCCCTTA,0,2
CCGGTTAACTACAAGTCTTTCTCCATTA,3,12
CCGGTTAACTGCCAGAATTGGCGCAGAG,42,78
CCGGTTAACTGCCAGAATTGGCGCCGCG,1,1
CCGGTTAACTGCCAGAATTGGCTCATAG,0,1
CCGGTTAACTGCCAGAATTGTCGCAGAT,1,1
CCGGTTAACTGCCAGAATTGTCGCAGCG,0,1
CCGGTTAACTGCCAGAATTGTCGCCGAG,1,1
CCGGTTAACTGCCAGAATTGTCTCAGAG,5,2
CCGGTTAACTGCCAGAATTGTCTCCTAT,0,1
CCGGTTAACTGCCAGAATTTGCTCAGAT,0,1
CCGGTTAACTGCCAGAATTTTCGCATAG,0,1
CCGGTTAACTGCCAGAATTTTCTCATAT,6,5
CCGGTTAACTGTGAGGGTTGGCACAAAT,103,33
CCGGTTAACTGTGAGGGTTGGCACCCAT,3,0
CCGGTTAACTGTGAGGGTTTGCACCAAT,1,0
CCGGTTAACTGTGAGGGTTTTCACAAAT,9,2
CCGGTTAACTGTGAGGTTTGTCACAAAT,2,1
CCGGTTAACTGTGAGGTTTGTCACCCAT,0,1
CCGGTTAACTGTGAGGTTTTGCACAAAT,0,1
CCGGTTACATCCGAGGTTTGCAGCACTT,0,2
CCGGTTACCTCCGAGGGGTGCAGCACTG,0,3
CCGGTTAGCTTTGAGAGGTGGCACACTC,118,121
CCGGTTAGCTTTGAGAGGTGTCACCCTC,0,1
CCGGTTAGCTTTGAGAGGTTTCACACTC,4,2
CCGGTTAGCTTTGAGAGTTGGCACACAC,0,1
CCGGTTAGCTTTGAGAGTTGTCACACTC,4,7
CCGGTTAGCTTTGAGAGTTTGCACCCTC,1,0
CCGGTTAGCTTTGAGAGTTTTCACACAC,1,0
CCGGTTAGCTTTGAGATGTGTCACACTC,3,0
CCGGTTAGCTTTGAGATTTGGCACACTC,2,1
CCGGTTAGCTTTGAGATTTTTCACACTC,11,11
CCGGTTCACTCGGAGGCTTGCAACACCA,1,0
CCGGTTCCCTCGGAGGCGTGCAACACCA,32,0
CCGGTTCCCTCGGAGGCGTGCAACCCCC,1,0
CCGGTTCCCTCGGAGGCTTTCAACACCA,2,0
CCGGTTCCCTGCCAGTATTGTCCCACCA,3,1
CCGGTTCGCTCTTAGCAGTGGTCCATCG,30,66
CCGGTTCGCTCTTAGCAGTGTTCCCTCG,0,1
CCGGTTCGCTCTTAGCAGTTGTCCATCT,0,1
CCGGTTCGCTCTTAGCATTGTTCCATCG,0,1
CCGGTTCGCTCTTAGCATTTTTCCATCT,1,7
CCGGTTCGCTGTTAGTGATGAATCATCA,0,1
CCGGTTGACTCGGAGCCCTGGTCCCAAA,1,0
CCGGTTGCCTAGTAGCAGTGATGCATTA,0,1
CCGGTTGCCTAGTAGCTGTGAGGCATTT,57,185
CCGGTTGCCTAGTAGCTGTGAGTCATTA,0,1
CCGGTTGCCTAGTAGCTGTGATTCATTT,1,20
CCGGTTGCCTAGTAGCTGTTAGTCATTT,0,1
CCGGTTGCCTAGTAGCTGTTATGCATTT,0,1
CCGGTTGCCTAGTAGCTTTGAGGCCTTT,1,0
CCGGTTGCCTAGTAGCTTTGAGTCATTT,5,4
CCGGTTGCCTAGTAGCTTTGATGCATTT,3,1
CCGGTTGCCTAGTAGCTTTTATTCATTT,1,3
CCGGTTGCCTGGAAGTGGTGATACACAA,44,64
CCGGTTGCCTGGAAGTGGTTATACACCA,0,1
CCGGTTGCCTGGAAGTGTTTATACACAA,1,5
CCGGTTGGCAGTTAGTTATTAATCATGA,1,0
CCGGTTGGCTATAAGTCGTGGGTCACCT,36,0
CCGGTTGGCTATAAGTCGTGTTTCACCT,2,0
CCGGTTGGCTATAAGTCTTGGTTCACCT,1,0
CCGGTTGGCTATAAGTCTTTTTTCACCT,1,0
CCGGTTGGCTGATAGTGATTAATCATTA,0,1
CCGGTTGGCTGGAAGTCCTGGGACAGCA,0,30
CCGGTTGGCTGGAAGTCCTGTTACATCA,0,3
CCGGTTGGCTGGAAGTCCTTTGACATCA,0,1
CCGGTTGGCTGGAAGTCCTTTTACAGCA,0,2
CCGGTTGGCTGTAAGTGATGAATCATTA,1,0
CCGGTTGGCTGTAAGTGATTAATCATGA,0,1
CCGGTTGGCTGTTAGTCATGAAACAAGA,0,1
CCGGTTGGCTGTTAGTGAGGAATCCTGA,1,0
CCGGTTGGCTGTTAGTGATGAATCATGA,349,462
CCGGTTGGCTGTTAGTGATGAATCCTGC,1,0
CCGGTTGGCTGTTAGTTATGAAACATGA,0,1
CCGGTTGGCTGTTAGTTATGAATCATCA,0,1
CCGGTTGGCTGTTAGTTATGAATCCTGA,2,0
CCGGTTGGCTGTTAGTTATTAATCATTA,27,26
CCGGTTGTCTCCGAGCCTTGCGACATTC,1,0
CCGGTTGTCTCGGAGCCCTGGTCCAAAA,380,365
CCGGTTGTCTCGGAGCCCTGGTCCCAAC,1,0
CCGGTTGTCTCGGAGCCCTGGTCCCCAA,4,6
CCGGTTGTCTCGGAGCCCTGGTCCCCCC,2,4
CCGGTTGTCTCGGAGCCCTGTTCCCCCA,1,0
CCGGTTGTCTCGGAGCCCTTTTCCAAAA,17,8
CCGGTTGTCTCGGAGCCGATCTTCATTT,0,1
CCGGTTGTCTCGGAGCCGTGCGTCAGTG,228,334
CCGGTTGTCTCGGAGCCGTGCGTCATTT,4,2
CCGGTTGTCTCGGAGCCGTGCGTCCGTT,1,0
CCGGTTGTCTCGGAGCCGTGCTTCATTG,0,1
CCGGTTGTCTCGGAGCCGTGCTTCCGTG,0,1
CCGGTTGTCTCGGAGCCGTGCTTCCTTT,0,1
CCGGTTGTCTCGGAGCCGTTCGTCAGTT,2,1
CCGGTTGTCTCGGAGCCGTTCGTCATTG,4,0
CCGGTTGTCTCGGAGCCGTTCTTCAGTG,2,3
CCGGTTGTCTCGGAGCCTTGCGTCAGTT,0,1
CCGGTTGTCTCGGAGCCTTGCGTCATTG,2,4
CCGGTTGTCTCGGAGCCTTGCGTCCGTG,0,1
CCGGTTGTCTCGGAGCCTTGCTTCAGTG,1,8
CCGGTTGTCTCGGAGCCTTGCTTCCGTT,0,1
CCGGTTGTCTCGGAGCCTTTCTTCATTT,8,17
CCGGTTGTCTCTGAGTTTTGTAGCAGGA,0,37
CCGGTTGTCTCTGAGTTTTGTAGCATTA,0,1
CCGGTTGTCTCTGAGTTTTGTAGCCTGA,0,1
CCGGTTGTCTCTGAGTTTTGTATCAGTA,0,2
CCGGTTGTCTCTGAGTTTTGTATCATGA,0,1
CCGGTTGTCTCTGAGTTTTGTATCCGGA,0,1
CCGGTTGTCTCTGAGTTTTTTATCAGGA,0,2
CCGGTTGTCTCTGAGTTTTTTATCATTA,0,1
CCGGTTGTCTGAAAGTCATTGCTCAATT,0,1
CCGGTTGTCTGCAAGCCCTGACCCAGGA,23,0
CCGGTTGTCTGCAAGCCCTTACCCATTA,4,0
CCGGTTGTCTGCAAGCCCTTACCCCGGA,1,0
CCGGTTGTCTTAGAGCACTGGATCCCTT,1,0
CCGGTTGTCTTAGAGCACTGGTGCACGT,77,0
CCGGTTGTCTTAGAGCACTGGTGCACTA,1,0
CCGGTTGTCTTAGAGCACTGGTTCACTT,1,0
CCGGTTGTCTTAGAGCACTGTTGCACTT,1,0
CCGGTTGTCTTAGAGCACTGTTTCACGT,1,0
CCGGTTGTCTTAGAGCACTTGTTCACGT,3,0
CCGGTTGTCTTAGAGCACTTTTGCACGT,1,0
CCGGTTGTCTTAGAGCACTTTTTCACTT,15,0
CCGGTTTACTATAAGATCTGATACATAT,0,1
CCGGTTTACTATAAGTGCTGATTCATAG,0,33
CCGGTTTACTATAAGTGCTGATTCCTAT,0,1
CCGGTTTACTATAAGTTCTGATTCATAT,0,3
CCGGTTTACTTTGAGGTAGGGCGCCCCT,1,0
CCGGTTTACTTTGAGGTATGGCGCAACT,41,33
CCGGTTTACTTTGAGGTATGGCTCACCT,0,1
CCGGTTTACTTTGAGGTATGTCGCCCCT,0,1
CCGGTTTACTTTGAGGTATGTCTCAACT,6,3
CCGGTTTACTTTGAGGTATTTCGCAACT,1,0
CCGGTTTGCTATTAGGTGTGGCTCAGAT,138,8
CCGGTTTGCTATTAGGTGTGTCTCATAT,1,0
CCGGTTTGCTATTAGGTGTGTCTCCGAT,3,0
CCGGTTTGCTATTAGGTGTGTCTCCTCT,1,0
CCGGTTTGCTATTAGGTTTGGCTCATAT,1,0
CCGGTTTGCTATTAGGTTTGTCTCAGAT,3,1
CCGGTTTGCTATTAGGTTTTTCTCATAT,9,1
CCGGTTTGCTGGGAGCTCTGGACCATAA,46,0
CCGGTTTGCTGGGAGCTCTGGACCCTCA,2,0
CCGGTTTGCTGGGAGCTCTTTACCATAA,3,0
CCGGTTTGCTGGTAGATCTGTAACATAA,1,0
CCGGTTTGCTTGTAGTCTTGTGACAAGG,0,43
CCGGTTTGCTTGTAGTCTTGTGACCAGT,0,1
CCGGTTTGCTTGTAGTCTTTTGACAAGT,0,2
CCGGTTTGCTTGTAGTCTTTTTACAATT,0,1
CCTCTCTGCTAATACTGCTTCTCCACTC,0,1
CCTCTGATCTCATAGGTATGTTACACTT,0,1
CCTGAAGTCTCGCAGTCGTGAATCAATT,1,0
CCTGAGATCTCATAGGTATTGTACACTG,1,0
CCTGAGGCCTATTAGTTCTGCGCCCCTC,0,1
CCTGATGACTGCAAGATCTTGTTCACTT,0,1
CCTGTAAACTGTCAGCTCTGGGCCAATC,40,25
CCTGTAAACTGTCAGCTCTGGGCCCCTC,0,2
CCTGTAAACTGTCAGCTCTGGTCCCATC,0,1
CCTGTAAACTGTCAGCTCTTTTCCAATC,3,8
CCTGTAATCTACTAGAGTTGATACAAAA,0,1
CCTGTACACTGTAAGCTCTGTTACATCT,44,0
CCTGTACGCTTCGAGAATTGTGACATAT,0,1
CCTGTACGCTTCGAGATGTGTGTCAGAG,111,41
CCTGTACGCTTCGAGATGTGTGTCATAT,3,0
CCTGTACGCTTCGAGATGTGTGTCCGCG,4,0
CCTGTACGCTTCGAGATGTTTTTCAGAT,1,0
CCTGTACGCTTCGAGATTTGTGTCAGAT,5,0
CCTGTACGCTTCGAGATTTGTGTCATAG,0,1
CCTGTACGCTTCGAGATTTTTGTCAGAG,2,0
CCTGTACGCTTCGAGATTTTTTTCATAT,6,2
CCTGTACGCTTCTAGCGTTGAGCCACCG,35,0
CCTGTACGCTTCTAGCTTTGAGCCCCCG,1,0
CCTGTACGCTTCTAGCTTTGATCCACCG,2,0
CCTGTACGCTTCTAGCTTTTATCCACCT,5,0
CCTGTACGCTTCTAGCTTTTATCCCCCG,1,0
CCTGTAGCCTTCGACGTTTGCTACATTC,1,0
CCTGTAGGCTCCGAGTTATGCAGCATGG,63,104
CCTGTAGGCTCCGAGTTATGCAGCATTT,1,2
CCTGTAGGCTCCGAGTTATGCAGCCTGT,0,1
CCTGTAGGCTCCGAGTTATGCATCATGT,2,2
CCTGTAGGCTCCGAGTTATGCATCATTG,0,3
CCTGTAGGCTCCGAGTTATGCATCCTGG,1,2
CCTGTAGGCTCCGAGTTATTCAGCATGT,1,1
CCTGTAGGCTCCGAGTTATTCAGCATTG,0,2
CCTGTAGGCTCCGAGTTATTCATCATGG,2,3
CCTGTAGGCTCCGAGTTATTCATCATTT,8,21
CCTGTAGGCTCTTAGTAATGATACAGTA,0,39
CCTGTAGGCTCTTAGTAATGATACCGTC,0,1
CCTGTAGGCTCTTAGTAATTATACATTA,0,2
CCTGTATCCTACAAGGAATTGTACATCA,1,0
CCTGTATCCTACAAGGATGGGTACCTCT,1,0
CCTGTATCCTACAAGGATTGGTACATCT,65,39
CCTGTATCCTACAAGGATTTTTACATCT,9,2
CCTGTATGCTAATAGTGCGGTCTCCTAG,1,0
CCTGTATGCTAATAGTGCTCTCTCCTAG,0,1
CCTGTATGCTAATAGTGCTGTCTCATAG,96,190
CCTGTATGCTAATAGTGCTGTCTCCTAT,2,0
CCTGTATGCTAATAGTGCTGTCTCCTCG,1,4
CCTGTATGCTAATAGTTCAGTCTCCTAG,1,0
CCTGTATGCTAATAGTTCTTTCTCATAT,10,10
CCTGTATGCTGGGAGTCTTTTAACACTT,1,0
CCTGTATTCTTGCAGGATTGACTCACAT,1,0
CCTGTCCACTCGTAGCAGTGAGTCATAC,36,0
CCTGTCCACTCGTAGCAGTGAGTCCTCC,1,0
CCTGTCCACTCGTAGCATTGATTCATAC,1,0
CCTGTCCACTGAAAGTAGTGGGTCATGT,0,27
CCTGTCCACTGAAAGTAGTGTGTCATTT,0,2
CCTGTCCACTGAAAGTAGTGTTTCATGT,0,1
CCTGTCCACTGAAAGTAGTTTTTCATTT,0,1
CCTGTCCACTGAAAGTATTGTGTCATGT,0,1
CCTGTCCACTGAAAGTATTTTTTCATGT,0,1
CCTGTCCCCTACTAGTTTTGAATCATAG,0,1
CCTGTCCTCTAACAGGATTGATACACGT,0,47
CCTGTCCTCTAACAGGATTTATACACTT,0,1
CCTGTCGGCTAGGAGAAATGTCTCATAG,26,36
CCTGTCGGCTAGGAGAAATTTCTCATAT,0,4
CCTGTCGGCTAGGAGAAATTTCTCATCG,0,1
CCTGTCGGCTCGCAGACTTGGCCCATGC,1,0
CCTGTCGGCTGACAAGTGTGTACCAGGG,0,1
CCTGTCGGCTGACAGGGGTGTACCAGGG,32,43
CCTGTCGGCTGACAGGGGTGTACCATGT,1,0
CCTGTCGGCTGACAGGGGTTTACCAGTT,0,1
CCTGTCGGCTGACAGGTGTGTACCATTT,1,0
CCTGTCGGCTGACAGGTTTGTACCAGTG,3,2
CCTGTCGGCTGACAGGTTTGTACCATGG,1,2
CCTGTCGGCTGACAGGTTTTTACCATTT,4,3
CCTGTCGTCTGGGAGGAATGTCACACTA,0,13
CCTGTCTGCTTTTAGTGATGATACAAGA,52,39
CCTGTCTGCTTTTAGTGATGATACCCGA,2,3
CCTGTCTGCTTTTAGTTATGATACCAGA,1,0
CCTGTCTGCTTTTAGTTATTATACAATA,4,4
CCTGTCTGCTTTTAGTTATTATACCCGA,1,0
CCTGTGACCTTTCAGTAAGGAGTCCTTT,0,1
CCTGTGACCTTTCAGTAATGAGTCATTT,0,72
CCTGTGACCTTTCAGTAATTATTCATTT,0,1
CCTGTGAGCTCAAAGAATTGCTGCAGTT,0,1
CCTGTGATCACATAGGTATTGTACACTT,1,0
CCTGTGATCTCATAGGGAGGGTACCCGG,0,1
CCTGTGATCTCATAGGGATGGTACACGG,152,188
CCTGTGATCTCATAGGGATGTTACACTT,15,15
CCTGTGATCTCATAGGGATTGTACACGT,0,1
CCTGTGATCTCATAGGGATTTTACACTG,5,5
CCTGTGATCTCATAGGGATTTTACCCGG,0,1
CCTGTGATCTCATAGGTATGGTACACGT,0,2
CCTGTGATCTCATAGGTATGGTACACTG,9,8
CCTGTGATCTCATAGGTATGGTACCCGG,0,1
CCTGTGATCTCATAGGTATGTTACACGG,2,2
CCTGTGATCTCATAGGTATTGTACACGG,0,1
CCTGTGATCTCATAGGTATTTTACACTT,8,15
CCTGTGATCTCATAGTTATGTTACACTG,0,1
CCTGTGATCTTACAGCCTTGGCCCAGCA,0,36
CCTGTGATCTTACAGCCTTGTCCCATCA,0,5
CCTGTGATCTTACAGCCTTTTCCCAGCA,0,1
CCTGTGCCCAATAAGTTCTGCGCCACTC,1,0
CCTGTGCCCTACGAGGAGTGCTGCACTG,0,30
CCTGTGCCCTACGAGGAGTTCTTCACTG,0,1
CCTGTGCCCTACGAGGATTGCTTCACTG,0,1
CCTGTGCCCTACGAGGATTTCTTCACTT,0,1
CCTGTGCGCTACGAGGGGTGGGGCAAGA,62,0
CCTGTGCGCTACGAGGGGTGGGGCCCGA,3,0
CCTGTGCGCTACGAGGGGTGTGGTAAGA,1,0
CCTGTGCGCTACGAGGGGTGTTGCAAGA,1,0
CCTGTGCGCTACGAGGGGTGTTTCAATA,1,0
CCTGTGCGCTACGAGGGTTGTGGCAAGA,3,0
CCTGTGCGCTACGAGGGTTTTTTCAAGA,2,0
CCTGTGCGCTACGAGGTGTGGTGCAAGA,1,0
CCTGTGCGCTACGAGGTTTGGGGCAATA,1,0
CCTGTGCGCTACGAGGTTTGGGGCATGA,1,0
CCTGTGCGCTACGAGGTTTGGGTCAAGA,2,0
CCTGTGCGCTACGAGGTTTGTGTCAATA,1,0
CCTGTGCGCTACGAGGTTTTTGTCAAGA,1,0
CCTGTGCGCTACGAGGTTTTTTTCAATA,4,0
CCTGTGCGCTCAAAGGATTGGTGCAAGG,0,38
CCTGTGCGCTCAAAGGATTGGTTCAATG,0,1
CCTGTGCGCTCAAAGGATTGTTGCACGG,0,1
CCTGTGCGCTCAAAGGATTGTTTCAAGG,0,1
CCTGTGCGCTCAAAGGATTTGTGCAATG,0,1
CCTGTGCGCTCAAAGGATTTTTTCAATT,0,4
CCTGTGCGCTTATAGGAGTGCTCCATAT,1,0
CCTGTGCGCTTATAGGTGTGCTCCATAG,169,0
CCTGTGCGCTTATAGGTGTGCTCCCTCG,3,0
CCTGTGCGCTTATAGGTTTGCTACATAG,1,0
CCTGTGCGCTTATAGGTTTTCTCCATAT,11,0
CCTGTGGCCTAAAAGTTCTTCGCCACTC,1,0
CCTGTGGCCTATTACTTCTGCTCCACTC,1,0
CCTGTGGCCTATTAGATCTCCGCCACAC,1,0
CCTGTGGCCTATTAGTTCAGCTCCACTC,0,1
CCTGTGGCCTATTAGTTCTGCGCCACTC,440,718
CCTGTGGCCTATTAGTTCTGCTCCCCTC,5,3
CCTGTGGCCTATTAGTTCTTCTCCACTC,36,55
CCTGTGGCCTCATAGTCTTGGCGCAGTA,64,0
CCTGTGGCCTCATAGTCTTGGCTCATTA,1,0
CCTGTGGCCTCATAGTCTTGGCTCCGTA,1,0
CCTGTGGCCTCATAGTCTTGTCGCATTA,2,0
CCTGTGGCCTCATAGTCTTGTCGCCGTA,1,0
CCTGTGGCCTCATAGTCTTGTCTCAGTA,6,0
CCTGTGGCCTCATAGTCTTTTCGCAGTA,3,0
CCTGTGGCCTCATAGTCTTTTCTCATTA,4,0
CCTGTGGCCTGTGAGTGTTGCTCCACTA,65,139
CCTGTGGCCTGTGAGTTTTTCTCCCCTA,2,1
CCTGTGGGCTGTCAGCAATGCTACACAT,0,1
CCTGTGGGCTGTTAGGTTTTAAACAGGG,1,0
CCTGTGGGCTTCTAGAGATGCGCCACTA,1,0
CCTGTGGTCTTAAAGTAATGCTACAAAT,29,0
CCTGTGGTCTTAAAGTAATGCTACCCAT,4,0
CCTGTGGTCTTAAAGTAATTCTACAAAA,1,0
CCTGTGGTCTTAAAGTAATTCTACCAAT,1,0
CCTGTGTGCTAGGAGGCGTGCTGCCGAG,0,1
CCTGTGTGCTCACAGGCATGCAGCACGT,38,0
CCTGTGTGCTCACAGGCATTCATCACTT,4,0
CCTGTGTGCTTGGAGGGGTGCGGCAGAG,0,12
CCTGTGTGCTTGGAGGGGTGCTGCCGAG,0,1
CCTGTGTGCTTGGAGGGGTTCTTCATAT,0,1
CCTGTGTGCTTGGAGGTGTGCGTCATAT,0,1
CCTGTGTGCTTGGAGGTGTGCTGCAGAG,0,1
CCTGTGTTCTGTTAGACATGATACAAAA,1,0
CCTGTTACCTTGAAGACGTGATGCAACC,75,26
CCTGTTACCTTGAAGACGTGATGCCCCC,2,2
CCTGTTACCTTGAAGACGTGATTCACCC,1,0
CCTGTTACCTTGAAGACGTGATTCCACC,1,0
CCTGTTACCTTGAAGACGTTATTCAACC,2,1
CCTGTTACCTTGAAGACTTGATTCAACC,11,3
CCTGTTATCTCGGAGTGTTGGACCATTT,0,34
CCTGTTATCTCGGAGTGTTGTACCATTA,0,1
CCTGTTATCTCGGAGTTTTGTACCATTT,0,2
CCTGTTATCTGAAAGCGTTGCTCCAAGG,37,1
CCTGTTATCTGAAAGCGTTGCTCCAATT,2,0
CCTGTTATCTGAAAGCGTTTCTCCAATG,1,0
CCTGTTATCTGAAAGCTTTTCTCCAAGG,1,0
CCTGTTATCTGAAAGCTTTTCTCCAATT,4,0
CCTGTTCACTTGCAGGAATGTTGCACCC,0,1
CCTGTTCACTTGCAGGATTGGTGCACCC,0,51
CCTGTTCACTTGCAGGATTTTTTCACCC,0,4
CCTGTTCCCTAAGAGTCATGCTACAGCA,22,0
CCTGTTCCCTAAGAGTCATGCTACCGCC,1,0
CCTGTTCCCTAAGAGTCATTCTACATCA,2,0
CCTGTTCGCTCCGAGGCCTGCTGCAATT,0,16
CCTGTTCGCTCCGAGGCCTGCTGCCCTT,0,1
CCTGTTCGCTTACAGTTTTGGAGCATTG,1,0
CCTGTTGACTGCAAGAGCTGGTTCACGT,0,36
CCTGTTGACTGCAAGAGCTTGTTCACTT,0,1
CCTGTTGACTGCTAGATCTTGTTCATGT,0,1
CCTGTTGCCTTCGAGGTTTGCTACATTC,57,35
CCTGTTGTCTATCAGTCCTGAAGCAAGC,0,1
CCTGTTGTCTCGCAGTCGAGAATCAATT,0,1
CCTGTTGTCTCGCAGTCGTGAAGCAAGG,44,81
CCTGTTGTCTCGCAGTCGTGAAGCAATT,0,1
CCTGTTGTCTCGCAGTCGTGAAGCCCGG,4,2
CCTGTTGTCTCGCAGTCGTGAATCAAGT,1,1
CCTGTTGTCTCGCAGTCGTGAATCAATG,8,17
CCTGTTGTCTCGCAGTCGTTAATCAAGG,0,1
CCTGTTGTCTCGCAGTCGTTAATCAATT,1,2
CCTGTTGTCTCGCAGTCTTGAAGCAATG,1,0
CCTGTTGTCTCGCAGTCTTGAATCAAGG,1,3
CCTGTTGTCTCGCAGTCTTGAATCAATT,6,9
CCTGTTGTCTCGCAGTCTTGAATCCCGG,0,1
CCTGTTTACTAGCAGCTTTGTGACAAGA,42,0
CCTGTTTACTAGCAGCTTTGTGACACGC,1,0
CCTGTTTACTAGCAGCTTTGTTACAATA,1,0
CCTGTTTACTCGTAGTGATGGACCAGTT,0,53
CCTGTTTACTCGTAGTGATGTACCATTT,0,2
CCTGTTTACTCGTAGTGATGTACCCGTT,0,2
CCTGTTTACTCGTAGTTATGTACCAGTT,0,1
CCTGTTTACTCGTAGTTATTGACCAGTT,0,1
CCTGTTTACTCGTAGTTATTTACCATTT,0,1
CCTGTTTCCTAGGAGGCATGTGACATAA,64,0
CCTGTTTCCTAGGAGGCATGTGACCTCA,1,0
CCTGTTTCCTAGGAGGCATGTTACCTAA,1,0
CCTGTTTCCTAGGAGGCATTTTACATAA,2,0
CCTGTTTCTTATAAGCGCTGCCTCAGTC,34,30
CCTGTTTCTTATAAGCTCTGCCTCATTC,3,3
CCTGTTTCTTATAAGCTCTTCCTCAGTC,1,0
CCTGTTTGCTGCGAGGCCACTCACAGAG,0,1
CCTGTTTGCTGCGAGGCCAGTCACATAG,0,1
CCTGTTTGCTGCGAGGCCTGTCACAGAG,56,182
CCTGTTTGCTGCGAGGCCTGTCACATAT,3,4
CCTGTTTGCTGCGAGGCCTGTCACCGCG,2,0
CCTGTTTGCTGCGAGGCCTTTCACATAG,0,1
CCTGTTTGCTTAGAGCATTGCTGCAGTA,19,0
CCTGTTTGCTTAGAGCATTGCTTCAGTC,1,0
CCTGTTTGCTTTTAGTGTTGGTCCACCG,97,56
CCTGTTTGCTTTTAGTGTTGTTCCACCT,1,5
CCTGTTTGCTTTTAGTGTTGTTCCCCCG,2,0
CCTGTTTGCTTTTAGTGTTTGTCCACCT,1,0
CCTGTTTGCTTTTAGTGTTTTTCCACCG,1,0
CCTGTTTGCTTTTAGTTTTTGTCCACCG,0,1
CCTGTTTGCTTTTAGTTTTTTTCCACCT,17,5
CGACTGCGCTTTCATATTTTATTCACTA,0,1
CGACTGTCCTACTAGCTTTTTTTCATTC,1,0
CGAGAACGCTGATAGTGGTGTTACATAT,1,0
CGAGAATGCTTTAAGCTGTTTTTCCTTT,0,1
CGAGAGTCCTGATATGGCTTTTTCATTA,1,0
CGAGATCGCTTTGAGACATTCTTCAATT,0,1
CGAGTAAACTGCCAGCTATGCCTCAGAG,33,79
CGAGTAAACTGCCAGCTATGCCTCATAT,4,2
CGAGTAAACTGCCAGCTATGCCTCCGCG,4,1
CGAGTAAACTGCCAGCTATTCCTCAGAT,0,1
CGAGTAAACTGCCAGCTATTCCTCATAG,0,1
CGAGTAAACTGGAAGTCCTGATGCAGTG,99,0
CGAGTAAACTGGAAGTCCTGATTCATTG,1,0
CGAGTAAACTGGAAGTCCTGATTCCGTG,1,0
CGAGTAAACTGGAAGTCCTTATGCAGTT,1,0
CGAGTAAACTGGAAGTCCTTATTCAGTG,2,0
CGAGTAAACTGGAAGTCCTTATTCATTT,1,0
CGAGTAAACTTGCAGCGATGTGTCATGC,0,1
CGAGTAACCTATGAGGGATGTTTCATGT,23,78
CGAGTAACCTATGAGGGATTTTTCCTGT,0,1
CGAGTAACCTATGAGGTATTTTTCATTT,1,6
CGAGTAAGCTGGAAGATCGGAATCCCTC,0,1
CGAGTAAGCTGGAAGATCTGAATCAATC,0,31
CGAGTAAGCTGTGAGAGGTGCTTCACTA,8,0
CGAGTAATCTTGTAGACCTGAATCACGG,1,0
CGAGTAATCTTGTAGACCTGTAGCACGG,64,0
CGAGTAATCTTGTAGACCTGTAGCACTT,2,0
CGAGTAATCTTGTAGACCTGTATCACGT,2,0
CGAGTAATCTTGTAGACCTGTATCACTG,3,0
CGAGTACACTAGCAGCGATGTGTCAGTC,1,0
CGAGTACACTCAAAGGATTGACTCATGG,0,72
CGAGTACACTCAAAGGATTGACTCATTT,0,8
CGAGTACACTCAAAGGATTTACTCATTG,0,1
CGAGTACACTCCGAGTTATTACCCATTT,0,1
CGAGTACACTGCGAGTTATTACCCCTTT,1,0
CGAGTACACTGGGAGTTAGGACCCCGTT,1,0
CGAGTACACTGGGAGTTATGACCCAGTT,509,462
CGAGTACACTGGGAGTTATGACCCATAA,1,0
CGAGTACACTGGGAGTTATGCCCCATTT,1,0
CGAGTACACTGGGAGTTATTACCCATTT,21,24
CGAGTACACTGGGAGTTATTACCCCGTT,1,4
CGAGTACACTGTCAGTAATGCCCCAGTT,1,0
CGAGTACACTTCCAGCGATTTGTCATTC,0,1
CGAGTACACTTCGAGAAATGACCCAGTA,1,0
CGAGTACACTTGCAGATATGTGTCATTC,1,0
CGAGTACACTTGCAGCGAGGTGTCCGGC,0,2
CGAGTACACTTGCAGCGATGTGTCAGGC,602,690
CGAGTACACTTGCAGCGATGTGTCATTC,33,44
CGAGTACACTTGCAGCGATGTGTCCGTC,2,1
CGAGTACACTTGCAGCGATGTGTCCTCC,0,1
CGAGTACACTTGCAGCGATGTTTCAGTC,4,10
CGAGTACACTTGCAGCGATGTTTCATGC,6,1
CGAGTACACTTGCAGCGATGTTTCCGGC,4,3
CGAGTACACTTGCAGCGATTTGTCAGTC,1,4
CGAGTACACTTGCAGCGATTTGTCATGC,0,1
CGAGTACACTTGCAGCGATTTTTCAGGC,1,0
CGAGTACACTTGCAGCGATTTTTCCTGC,1,0
CGAGTACACTTGCAGCTAAGTGTCAGGC,1,0
CGAGTACACTTGCAGCTATGTGTCAGTC,12,18
CGAGTACACTTGCAGCTATGTGTCATGC,1,4
CGAGTACACTTGCAGCTATGTGTCCGGC,0,1
CGAGTACACTTGCAGCTATGTTTCAGGC,1,1
CGAGTACACTTGCAGCTATGTTTCCTTC,0,1
CGAGTACACTTGCAGCTATTTGTCAGGC,0,1
CGAGTACACTTGCAGCTATTTTTCATTC,23,25
CGAGTACGCAGAGAGAATTTGTTCATCA,0,1
CGAGTACGCCGAGAGAATTGTTTCATCA,0,1
CGAGTACGCTGAGAGAAATGTGTCAGCA,0,1
CGAGTACGCTGAGAGAATTGGGTCAGCA,386,348
CGAGTACGCTGAGAGAATTGGGTCCGCC,1,0
CGAGTACGCTGAGAGAATTGGGTCCTCA,2,0
CGAGTACGCTGAGAGAATTGGTTCATCA,3,2
CGAGTACGCTGAGAGAATTGGTTCCGCA,1,3
CGAGTACGCTGAGAGAATTGTGTCATCA,14,8
CGAGTACGCTGAGAGAATTGTGTCCGCA,0,3
CGAGTACGCTGAGAGAATTGTTTCAGCA,10,7
CGAGTACGCTGAGAGAATTGTTTCCTCA,2,1
CGAGTACGCTGAGAGAATTTGGTCATCA,2,0
CGAGTACGCTGAGAGAATTTGGTCCGCA,1,0
CGAGTACGCTGAGAGAATTTGTTCAGCA,0,2
CGAGTACGCTGAGAGAATTTTGTCAGCA,1,2
CGAGTACGCTGAGAGAATTTTTTCATCA,34,26
CGAGTACGCTGAGAGAATTTTTTCCGCC,1,0
CGAGTACGCTGAGAGGTCTGTTTCAGAT,0,1
CGAGTACTCTCGAAGTAGTGGGACAGCA,19,0
CGAGTACTCTCGATGTAGTGTTACAGCA,1,0
CGAGTAGACTCCGAGAAATGCTCCACCA,0,1
CGAGTAGCCTGGGAGATGTGGATCAGTG,0,33
CGAGTAGCCTGGGAGATGTGTATCAGTT,0,1
CGAGTAGCCTGGGAGATGTGTATCATTG,0,1
CGAGTAGCCTGGGAGATGTTTATCATTT,0,3
CGAGTAGCCTGGGAGATTTGGATCAATG,0,2
CGAGTAGCCTGGGAGATTTTGATCATTT,0,1
CGAGTAGGCTACCAGCGCTGGAGCAACT,24,0
CGAGTAGGCTACCAGCGCTGGATCCCCT,1,0
CGAGTAGGCTACCAGCTCTGGATCAACT,4,0
CGAGTAGGCTACCAGCTCTTTATCAACT,1,0
CGAGTAGGCTGATAGTGGTGTTACATAG,311,168
CGAGTAGGCTGATAGTGGTGTTACCTAT,2,0
CGAGTAGGCTGATAGTGGTGTTACCTCG,5,2
CGAGTAGGCTGATAGTGGTTTTACATAT,0,2
CGAGTAGGCTGATAGTGTTGTTACAAAC,0,1
CGAGTAGGCTGATAGTGTTGTTACATAT,8,1
CGAGTAGGCTGATAGTGTTGTTACATCG,1,0
CGAGTAGGCTGATAGTGTTTTTACATAG,1,0
CGAGTAGGCTGATAGTTGACATACATAG,1,0
CGAGTAGGCTGATAGTTGTGTTACATAT,2,1
CGAGTAGGCTGATAGTTTTGATACATAT,1,0
CGAGTAGGCTGATAGTTTTGTTACATAG,18,7
CGAGTAGGCTGATAGTTTTTTTACATAT,4,3
CGAGTAGGCTGATAGTTTTTTTACCTAG,1,0
CGAGTAGTCTCCGAGAAATGCTCCAGGT,0,104
CGAGTAGTCTCCGAGAAATTCTCCATTT,0,14
CGAGTATCCTATTAGGGTTGTAGCAGAT,30,38
CGAGTATCCTATTAGGGTTGTATCATAT,0,1
CGAGTATCCTATTAGGTTTGTATCAGAT,6,2
CGAGTATCCTATTAGGTTTTTATCAGCT,1,0
CGAGTATCCTATTAGGTTTTTATCATAT,1,0
CGAGTATCCTTCTAGACCTGTTTCACCC,0,1
CGAGTATCCTTCTAGACGTGGTTCACGG,23,152
CGAGTATCCTTCTAGACGTGGTTCACTT,1,2
CGAGTATCCTTCTAGACGTGTTTCACGT,0,1
CGAGTATCCTTCTAGACGTGTTTCACTG,0,3
CGAGTATCCTTCTAGACGTGTTTCCCGG,0,1
CGAGTATCCTTCTAGACGTTTTTCACTT,1,2
CGAGTATCCTTCTAGACTTGGTTCACGT,0,2
CGAGTATCCTTCTAGACTTGGTTCACTG,2,8
CGAGTATCCTTCTAGACTTGGTTCCCGG,0,1
CGAGTATCCTTCTAGACTTGTTTCACGG,1,2
CGAGTATCCTTCTAGACTTGTTTCACTT,0,12
CGAGTATGCATTAAGCTGTTGTTCATTT,0,1
CGAGTATGCTTTAAGAAGTGCGTCATAG,1,0
CGAGTATGCTTTAAGCAGTGTGACAATT,0,1
CGAGTATGCTTTAAGCTCTGGTTCATAG,0,1
CGAGTATGCTTTAAGCTGGGTGTCCTTT,0,1
CGAGTATGCTTTAAGCTGTGGGTCATTG,495,420
CGAGTATGCTTTAAGCTGTGGGTCCTTT,1,1
CGAGTATGCTTTAAGCTGTGGTACATAT,1,0
CGAGTATGCTTTAAGCTGTGGTTCATTT,5,1
CGAGTATGCTTTAAGCTGTGTGTCATTT,2,7
CGAGTATGCTTTAAGCTGTGTGTCCTTG,2,2
CGAGTATGCTTTAAGCTGTGTTTCATTG,27,18
CGAGTATGCTTTAAGCTGTTGGTCATTT,0,3
CGAGTATGCTTTAAGCTGTTGTTCATTG,1,2
CGAGTATGCTTTAAGCTGTTTGTCATTG,1,2
CGAGTATGCTTTAAGCTTTGCGTCATTC,0,1
CGAGTATGCTTTAAGCTTTGGGTCATTT,1,1
CGAGTATGCTTTAAGCTTTGGTTCATTG,2,1
CGAGTATGCTTTAAGCTTTGTGTCATTG,4,6
CGAGTATGCTTTAAGCTTTGTTTCCTTG,1,2
CGAGTATGCTTTAAGCTTTTTTTCATTT,27,17
CGAGTATGCTTTAGGCTGTGGGTCCTTG,0,1
CGAGTCAACTTGCAGTTGTTCGTCCCTA,0,1
CGAGTCAACTTGGAGTATTGCTTCACTA,0,1
CGAGTCAACTTGGAGTTGTGCGACACTA,1,0
CGAGTCAACTTGGAGTTGTGCGTCACGA,252,289
CGAGTCAACTTGGAGTTGTGCGTCCCGC,1,0
CGAGTCAACTTGGAGTTGTGCTTCACTA,5,3
CGAGTCAACTTGGAGTTGTGCTTCCCGA,1,1
CGAGTCAACTTGGAGTTGTTCGTCACGC,0,1
CGAGTCAACTTGGAGTTGTTCGTCACTA,2,4
CGAGTCAACTTGGAGTTGTTCGTCCCGA,0,2
CGAGTCAACTTGGAGTTGTTCTTCACGA,2,3
CGAGTCAACTTGGAGTTTTGCGTCACTA,2,1
CGAGTCAACTTGGAGTTTTGCTACACTA,1,0
CGAGTCAACTTGGAGTTTTGCTTCACGA,0,2
CGAGTCAACTTGGAGTTTTTCGTCACGA,2,3
CGAGTCAACTTGGAGTTTTTCTTCACTA,19,26
CGAGTCAACTTGTAGTTCTGCTACACTA,0,1
CGAGTCAGCTGGTAGGTATGGACCAGCG,25,0
CGAGTCAGCTGGTAGGTATGTACCATCG,2,0
CGAGTCCACTGGTAGTGGAGGAGCATAG,0,1
CGAGTCCACTGGTAGTGGGGGAGCCTTG,1,0
CGAGTCCACTGGTAGTGGTGGAGCATTG,237,154
CGAGTCCACTGGTAGTGGTGGAGCCTTT,3,4
CGAGTCCACTGGTAGTGGTGGATCATTT,0,1
CGAGTCCACTGGTAGTGGTGTAGCATTT,2,2
CGAGTCCACTGGTAGTGGTGTATCATTG,0,1
CGAGTCCACTGGTAGTGGTTGAGCATTT,2,0
CGAGTCCACTGGTAGTGGTTTATCATTT,7,4
CGAGTCCACTGGTAGTGTGGGAGCATTG,1,0
CGAGTCCACTGGTAGTGTTGGAGCATTT,10,6
CGAGTCCACTGGTAGTGTTGGAGCCTTG,1,0
CGAGTCCACTGGTAGTGTTGGATCATTG,4,1
CGAGTCCACTGGTAGTGTTGTAGCATTG,1,1
CGAGTCCACTGGTAGTGTTGTATCATTT,1,1
CGAGTCCACTGGTAGTGTTTGAGCATTG,1,0
CGAGTCCACTGGTAGTGTTTGATCATTT,1,0
CGAGTCCACTGGTAGTGTTTTAGCATTT,1,0
CGAGTCCACTGGTAGTTGTGGAGCATTT,0,1
CGAGTCCACTGGTAGTTGTGGATCATTG,1,0
CGAGTCCACTGGTAGTTGTGTATCATTT,1,0
CGAGTCCACTGGTAGTTTTGGAGCATTG,1,1
CGAGTCCACTGGTAGTTTTGTAGCATTT,2,1
CGAGTCCACTGGTAGTTTTGTATCATTG,3,3
CGAGTCCACTGGTAGTTTTTTATCATTT,15,17
CGAGTCCCCTCTAAGACCTGCTTCAGGG,139,64
CGAGTCCCCTCTAAGACCTGCTTCAGTT,1,0
CGAGTCCCCTCTAAGACCTGCTTCATGT,1,0
CGAGTCCCCTCTAAGACCTGCTTCATTG,12,1
CGAGTCCCCTCTAAGACCTGCTTCCTGC,1,0
CGAGTCCCCTCTAAGACCTTCTTCATGG,2,0
CGAGTCCCCTCTAAGACCTTCTTCATTT,8,1
CGAGTCGCCTCTAAGACCTGCTTCATGG,0,1
CGAGTCGCCTGAGAGTTTTGACCCAAAT,0,1
CGAGTCGCCTGAGAGTTTTGACCCATAG,114,121
CGAGTCGCCTGAGAGTTTTGACCCCTAT,0,1
CGAGTCGCCTGAGAGTTTTGACCCCTCG,1,0
CGAGTCGCCTGAGAGTTTTTACCCATAT,9,11
CGAGTCGCCTGAGAGTTTTTACCCATCG,0,1
CGAGTCGCCTTCCAGTCCTGTCGCAGAA,1,0
CGAGTCGCCTTCCAGTGCTTTTTCAGAA,0,1
CGAGTCGCCTTCCAGTTCTGAGCCATAA,1,0
CGAGTCGCCTTCCAGTTCTGTTTCAGAA,0,1
CGAGTCGGCTAGCAGATCTTTATCATCG,0,1
CGAGTCGGCTAGCAGTTCTGTATCATCG,174,29
CGAGTCGGCTAGCAGTTCTTAATCATCG,1,0
CGAGTCGGCTAGCAGTTCTTTATCATCT,4,2
CGAGTCGTCTGTTAGTTATGGAACACCT,0,1
CGAGTCTACTGGAAGGCTTGCATCAAGT,0,43
CGAGTCTACTGGAAGGCTTGCATCCCGT,0,2
CGAGTCTACTGGAAGGCTTTCATCAATT,0,1
CGAGTCTGCTAGGAGCGTTGCCTCACCG,1,0
CGAGTCTGCTCTAAGACTTGCTTCAGAA,1,0
CGAGTCTGCTGCCAGATATGCTCCACCA,1,0
CGAGTCTGCTTCAAGTATTGAAACAAAT,32,138
CGAGTCTGCTTCAAGTATTGAAACACCT,0,4
CGAGTCTGCTTGAAGGGCTGGGTCACGG,51,0
CGAGTCTGCTTGAAGGGCTGGTTCACTG,2,0
CGAGTCTGCTTGAAGGTCTGGGTCCCGG,2,0
CGAGTCTGCTTGAAGGTCTGTGTCACTT,2,0
CGAGTCTGCTTGAAGGTCTGTTTCACTG,1,0
CGAGTCTGCTTGAAGGTCTTTTTCACTT,1,0
CGAGTCTGCTTGAAGGTTTGGGTCACGG,1,0
CGAGTCTGCTTGAAGTTCTGTGTCACGT,1,0
CGAGTCTGCTTTTAGACTTGGAACACCT,0,1
CGAGTCTTCTGTTAGTTATGGTACAGCT,0,94
CGAGTCTTCTGTTAGTTATGTTACCGCT,0,1
CGAGTCTTCTGTTAGTTATTTTACATCT,0,15
CGAGTCTTCTTGCAGGCCTGAGTCACTC,1,0
CGAGTGAACTAGAAGGCGTGTGGCACGA,0,91
CGAGTGAACTAGAAGGCGTGTGTCACTA,0,6
CGAGTGAACTAGAAGGCGTGTGTCCCGC,0,1
CGAGTGAACTAGAAGGCGTTTGTCACGA,0,1
CGAGTGAACTAGAAGGCTTGTGTCACGA,0,7
CGAGTGAACTAGAAGGCTTGTTGCACGA,0,1
CGAGTGAACTAGAAGGCTTTTTTCACTA,0,4
CGAGTGAACTGGAATGTATTTCTCATTT,1,0
CGAGTGACCTAAGAGTTCTTAATCATTC,0,1
CGAGTGAGCTAAGAGCATTGTTTCACAT,0,1
CGAGTGAGCTAGTAGTCGTGCGTCATTG,0,28
CGAGTGAGCTAGTAGTCTTGCGTCATTT,0,1
CGAGTGAGCTAGTAGTCTTGCTTCCTTG,0,1
CGAGTGAGCTCAGAGCGGGGTGGCCCAT,0,1
CGAGTGAGCTCAGAGCGGTGTGGCACAT,0,40
CGAGTGAGCTCAGAGCGTTGTGTCACAT,0,2
CGAGTGAGCTCAGAGCTGTGTTTCACAT,0,1
CGAGTGAGCTCAGAGCTTTTTTTCACAT,0,1
CGAGTGAGCTGAGACCCCTGCACCATGT,1,0
CGAGTGATCTAAGAGCTATGCTACATCT,0,1
CGAGTGATCTCAAAGTATTGCATCATGC,0,41
CGAGTGATCTCAAAGTATTTCATCATTC,0,3
CGAGTGATCTCAAAGTATTTCATCCTGC,0,1
CGAGTGCACTATGAGAGGTGCACCAAGG,26,0
CGAGTGCACTATGAGAGGTGCACCCCGG,2,0
CGAGTGCACTATGAGAGGTTCACCAATG,2,0
CGAGTGCACTATGAGAGTTTCACCAAGG,2,0
CGAGTGCACTATGAGATGTTCACCAAGT,1,0
CGAGTGCACTCGGAGTAGTGAGGCATAG,0,39
CGAGTGCACTCGGAGTAGTGATTCATAG,0,4
CGAGTGCACTCGGAGTATTGAGTCATAG,0,1
CGAGTGCACTCGGAGTATTTATTCATAT,0,1
CGAGTGCACTGCTAGTAATGTTTCATTT,1,0
CGAGTGCACTGCTAGTTAGGTGTCCTTT,1,0
CGAGTGCACTGCTAGTTATGTGTCATTT,169,92
CGAGTGCACTGCTAGTTATTTTTCATTT,4,4
CGAGTGCACTTCCAGCGATGTGACCGCC,0,1
CGAGTGCCCTACCAGCACTGTAGCAATA,131,188
CGAGTGCCCTACCAGCACTGTAGCCCTA,3,3
CGAGTGCCCTACCAGCACTGTATCACTA,1,1
CGAGTGCCCTACCAGCACTGTATCCATA,1,1
CGAGTGCCCTACCAGCACTTTATCAATA,6,2
CGAGTGCCCTACCAGCACTTTATCCCTC,0,1
CGAGTGCCCTGGAAGCTATGAGGCATCA,40,89
CGAGTGCCCTGGAAGCTATGATGCCTCA,0,1
CGAGTGCCCTGGAAGCTATGATTCATCA,2,10
CGAGTGCCCTGGAAGCTATTAGTCATCA,0,2
CGAGTGCCCTGGGAGCTAGGAGGCCTCA,0,1
CGAGTGCGCTCCTAGGCATGGTACAAAT,38,50
CGAGTGCGCTCCTAGGCATGGTACCCAT,1,2
CGAGTGCGCTCCTAGGCATTTTACAAAT,1,1
CGAGTGCGCTCCTAGTCATGGAACAAAA,1,0
CGAGTGCGCTTTCAGGAATGTCCCACCG,0,43
CGAGTGCGCTTTCAGGAATGTCCCCCCT,0,1
CGAGTGCGCTTTCAGGAATTTCCCACCT,0,1
CGAGTGCTCTCAGAGCTCTGAGTCAAGT,0,24
CGAGTGCTCTCAGAGCTCTGATTCACGT,0,1
CGAGTGCTCTCAGAGCTCTTATTCAATT,0,4
CGAGTGCTCTCGCAGGTATGGTCCATTC,1,0
CGAGTGCTCTGGCAGCTATGGGACACAC,0,50
CGAGTGCTCTGGCAGCTATGTGACCCAC,0,1
CGAGTGCTCTGGCAGCTATGTTACACAC,0,2
CGAGTGCTCTGGCAGCTATTTGACACAC,0,6
CGAGTGCTCTGTAAGGAGTGGTTCAATG,1,0
CGAGTGCTCTGTAAGGCGAGGTACCTTT,1,0
CGAGTGCTCTGTAAGGCGTGGGGCATTG,130,39
CGAGTGCTCTGTAAGGCGTGGGTCATTT,1,2
CGAGTGCTCTGTAAGGCGTGGTGCCTTG,1,0
CGAGTGCTCTGTAAGGCGTGTGTCATTG,2,1
CGAGTGCTCTGTAAGGCGTGTTGCATTG,8,3
CGAGTGCTCTGTAAGGCGTGTTTCATTT,1,0
CGAGTGCTCTGTAAGGCTTGGGTCATTG,7,2
CGAGTGCTCTGTAAGGCTTGGTGCATTG,2,0
CGAGTGCTCTGTAAGGCTTGTGGCATTG,3,1
CGAGTGCTCTGTAAGGCTTGTTTCATTG,1,0
CGAGTGCTCTGTAAGGCTTTGTTCATTG,2,0
CGAGTGCTCTGTAAGGCTTTTTTCATTT,7,5
CGAGTGCTCTTAGAGTCCTGCGACAATC,0,1
CGAGTGCTCTTGTAGGCATGTTACAAGA,1,0
CGAGTGGACTTCGAGGTATCTTTCACGG,0,1
CGAGTGGACTTCGAGGTATGGTTCACGG,0,11
CGAGTGGACTTCGAGGTATGGTTCACTT,0,2
CGAGTGGACTTCGAGGTATTGTTCACTG,0,1
CGAGTGGCCTACGAGAGTTGATCCCACG,1,0
CGAGTGGCCTACGAGTGTTGAACCAAGG,102,0
CGAGTGGCCTACGAGTGTTGAACCAATT,4,0
CGAGTGGCCTACGAGTGTTGAACCCCGG,5,0
CGAGTGGCCTACGAGTTTTGAACCAATG,1,0
CGAGTGGCCTACGAGTTTTTAACCAATT,3,0
CGAGTGGCCTACGAGTTTTTAACCCAGG,1,0
CGAGTGGGCTAGCAGTCTTGCGACAATG,0,52
CGAGTGGGCTAGCAGTCTTTCGACAATT,0,5
CGAGTGGGCTAGCAGTCTTTCTACAATG,0,1
CGAGTGGGCTCAAAGGGATGCTCCACAT,0,35
CGAGTGGGCTCAAAGGTATTCTCCACAT,0,1
CGAGTGGGCTCAGAGGAGTGCGGCATGT,0,51
CGAGTGGGCTCAGAGGAGTGCTGCATTT,0,1
CGAGTGGGCTCAGAGGAGTGCTGCCTGT,0,1
CGAGTGGGCTCAGAGGAGTGCTTCATGT,0,3
CGAGTGGGCTCAGAGGAGTTCTTCATTT,0,1
CGAGTGGGCTCGCAGTCGTGGGCCATGC,169,27
CGAGTGGGCTCGCAGTCGTGGGCCCTTC,1,0
CGAGTGGGCTCGCAGTCGTGGTCCATTC,8,0
CGAGTGGGCTCGCAGTCGTGTGCCATTC,13,4
CGAGTGGGCTCGCAGTCGTGTTCCAATC,1,0
CGAGTGGGCTCGCAGTCGTGTTCCCTGC,1,0
CGAGTGGGCTCGCAGTCGTTGGCCATTC,2,0
CGAGTGGGCTCGCAGTCGTTTTCCATTC,3,1
CGAGTGGGCTCGCAGTCTTGGGCCATTC,4,2
CGAGTGGGCTCGCAGTCTTGGGCCCTGC,0,1
CGAGTGGGCTCGCAGTCTTGGTCCATGC,2,1
CGAGTGGGCTCGCAGTCTTGTTCCATTC,15,1
CGAGTGGGCTCGCAGTCTTTGGCCATGC,0,1
CGAGTGGGCTCGCAGTCTTTTGCCATTC,1,0
CGAGTGGGCTGCGAGCAGTGATCCATCC,0,1
CGAGTGGGCTGCGAGCAGTGTGCCATCC,48,40
CGAGTGGGCTGCGAGCATTGTTCCATCC,0,1
CGAGTGGGCTTGCAGTCGTTTGCCATTC,0,1
CGAGTGGGCTTGTAGTCGTGCGACAATT,172,93
CGAGTGGGCTTGTAGTCGTGCGACCCTT,3,3
CGAGTGGGCTTGTAGTCGTGCTACACTT,1,0
CGAGTGGGCTTGTAGTCGTGCTACCATT,2,0
CGAGTGGGCTTGTAGTCTTGCGACACTT,1,0
CGAGTGGGCTTGTAGTCTTTCTACAATT,13,5
CGAGTGGGCTTTCAGAATTGAGTCCCGA,0,1
CGAGTGGGCTTTCAGAATTGATTCACTA,0,1
CGAGTGGGCTTTCAGATTTGAGTCACGA,195,319
CGAGTGGGCTTTCAGATTTGAGTCCCGC,0,4
CGAGTGGGCTTTCAGATTTGAGTCCCTA,1,0
CGAGTGGGCTTTCAGATTTTAGTCACTC,1,0
CGAGTGGGCTTTCAGATTTTAGTCCCGA,1,0
CGAGTGGGCTTTCAGATTTTATTCACTA,12,28
CGAGTGGTCTCGCAGTCTTGTTCCAATC,1,0
CGAGTGGTCTGAGAGGTGTGTTTCAAGT,37,0
CGAGTGGTCTGAGAGGTGTGTTTCCCGT,1,0
CGAGTGTACTGAGAGCGATGTGCCACTC,0,26
CGAGTGTACTGAGAGCTATGTTCCACTC,0,1
CGAGTGTACTGCCAGGGCTGTTTCAGCG,107,40
CGAGTGTACTGCCAGGGCTGTTTCATCT,5,1
CGAGTGTACTGCCAGGGCTGTTTCCGCT,1,0
CGAGTGTACTGCCAGGGCTTTTTCATCG,2,0
CGAGTGTACTGCCAGGTCTGTTTCAGCT,1,0
CGAGTGTACTGCCAGGTCTGTTTCATCG,6,2
CGAGTGTACTGCCAGGTCTGTTTCCGCG,1,0
CGAGTGTACTGCCAGGTCTTTTTCAGCG,0,1
CGAGTGTACTGCCAGGTCTTTTTCATCT,1,2
CGAGTGTACTGGAAGGGAGGTCTCATGT,0,1
CGAGTGTACTGGAAGGGATGGCTCATGT,273,189
CGAGTGTACTGGAAGGGATGTCTCACGT,0,1
CGAGTGTACTGGAAGGGATGTCTCCTGT,4,3
CGAGTGTACTGGAAGGGATTTCTCATTT,5,5
CGAGTGTACTGGAAGGTATGTCTCATTT,20,16
CGAGTGTACTGGAAGGTATTTCTCATGT,4,0
CGAGTGTACTGGAAGTTATGTCTCATGT,1,0
CGAGTGTACTTGAAGGGATGTCTCATGT,1,0
CGAGTGTCCTCAGAGTAGTTCGACAAAC,1,0
CGAGTGTCCTGAGAGTAGTGCGACAAAC,34,0
CGAGTGTCCTGAGAGTAGTGCGACCCAC,3,0
CGAGTGTCCTGAGAGTATTTCTACAAAC,3,0
CGAGTGTCCTGGGAGACTTGTCTCATAA,1,0
CGAGTGTCCTGGGAGTCTTGTCGCATAT,366,122
CGAGTGTCCTGGGAGTCTTGTCGCCTCT,4,2
CGAGTGTCCTGGGAGTCTTGTCTCCTAT,0,1
CGAGTGTCCTGGGAGTCTTTTCGCCTAT,0,1
CGAGTGTCCTGGGAGTCTTTTCTCATAT,34,10
CGAGTGTCCTGGGAGTCTTTTCTCCTCT,1,0
CGAGTGTCCTGGTAGGGCTGTGTCAGGA,60,0
CGAGTGTCCTGGTAGGGCTGTGTCATTA,2,0
CGAGTGTCCTGGTAGGTCTGTGTCAGTA,1,0
CGAGTGTCCTGGTAGGTCTGTGTCATGA,1,0
CGAGTGTCCTGGTAGGTCTGTTTCATTA,1,0
CGAGTGTCCTGGTAGGTCTTTGTCAGGA,2,0
CGAGTGTCCTGGTAGGTCTTTTTCATGA,1,0
CGAGTGTCCTTCTAGCGTTGTGTCAGGC,69,0
CGAGTGTCCTTCTAGCGTTGTGTCATTC,2,0
CGAGTGTCCTTCTAGCGTTTTGTCAGTC,2,0
CGAGTGTCCTTCTAGCGTTTTTTCATTC,1,0
CGAGTGTCCTTCTAGCTTTGTTTCATTC,2,0
CGAGTGTCCTTCTAGCTTTTTTTCAGGC,1,0
CGAGTGTGCTCGTAGAGTTGGCCCAAAC,1,0
CGAGTGTGCTCTCAGTCTTGTGCCATTC,1,0
CGAGTGTGCTGAGAGCCCTGCACCATGT,305,265
CGAGTGTGCTGAGAGCCCTGCACCATTA,1,0
CGAGTGTGCTGAGAGCCCTTCACCATTT,8,5
CGAGTGTGCTTTAAGACGTGGAACACCG,0,32
CGAGTGTGCTTTAAGACGTGTAACACCT,0,1
CGAGTGTGCTTTAAGACTTGGAACACCT,0,1
CGAGTGTGCTTTAAGACTTGTAACACCG,0,1
CGAGTGTGCTTTAAGACTTTTAACACCT,0,4
CGAGTGTTCTCCTAGATTTGGCGCAGTA,0,86
CGAGTGTTCTCCTAGATTTGTCGCAGTC,0,1
CGAGTGTTCTCCTAGATTTGTCTCAGTA,0,11
CGAGTGTTCTCCTAGATTTTGCTCAGTA,0,1
CGAGTGTTCTCCTAGATTTTTCGCAGTA,0,3
CGAGTGTTCTCCTAGATTTTTCTCATTA,0,1
CGAGTGTTCTTCTAGTCCTGTTGCAGAT,32,44
CGAGTGTTCTTCTAGTCCTGTTTCATAT,2,1
CGAGTGTTCTTCTAGTCCTTTTTCCTCT,0,1
CGAGTTAACTGCTAGAGGTGGTACAAGT,85,16
CGAGTTAACTGCTAGAGGTGGTACCCGT,4,0
CGAGTTAACTGCTAGAGGTTTTACAATT,2,1
CGAGTTAACTGCTAGAGTTGGTACAATT,4,1
CGAGTTAACTGCTAGAGTTGGTACCAGT,1,0
CGAGTTAACTGCTAGAGTTGTTACAAGT,1,0
CGAGTTAACTGCTAGAGTTTGTACAAGT,1,0
CGAGTTAACTGCTAGATGTTGTACAAGT,1,0
CGAGTTAACTGCTAGATTTGGTACAAGT,1,0
CGAGTTAACTGCTAGATTTGGTACCCTT,1,0
CGAGTTAACTGCTAGATTTTTTACAATT,2,1
CGAGTTAACTGTTAGGTTTGTAACAGCC,34,38
CGAGTTAACTGTTAGTTTTGTAACATCC,0,1
CGAGTTAACTTGCAGAAGTGACACATCA,0,1
CGAGTTAACTTGCAGTAGTGTCACATCA,50,101
CGAGTTAACTTGCAGTAGTGTCACCTCC,0,1
CGAGTTAACTTGCAGTATTTTCACATCA,0,1
CGAGTTAGATGGCAGGATTTCTCCATTT,1,0
CGAGTTAGCTCTGAGACTTGTAACAGAT,1,0
CGAGTTAGCTCTGAGAGTACTAACAGAT,0,1
CGAGTTAGCTCTGAGAGTATGAACAGAT,1,0
CGAGTTAGCTCTGAGAGTTGCAACATAT,0,1
CGAGTTAGCTCTGAGAGTTGGAACAGAT,372,407
CGAGTTAGCTCTGAGAGTTGGAACATCT,1,1
CGAGTTAGCTCTGAGAGTTGGAACCGCT,0,4
CGAGTTAGCTCTGAGAGTTGGAACCTAT,1,0
CGAGTTAGCTCTGAGAGTTGTAACCGAT,0,3
CGAGTTAGCTCTGAGAGTTTGAACCGAT,1,0
CGAGTTAGCTCTGAGAGTTTTAACATAT,28,35
CGAGTTAGCTCTGAGATATGGAACAGAA,1,0
CGAGTTAGCTCTGAGATTGGTAACAGAA,1,0
CGAGTTAGCTCTGAGATTTGTAACATAT,3,6
CGAGTTAGCTCTGAGATTTTGAACATAT,1,2
CGAGTTAGCTCTGAGATTTTTAACAGAT,3,2
CGAGTTAGCTCTTAGAGATGTAACAGAT,0,1
CGAGTTATCTGAGAGCACTGAATCAAAG,1,0
CGAGTTATCTTGCAGTACTGACACATCA,0,1
CGAGTTCACTGCCAGGTTTGGTACACCA,0,31
CGAGTTCACTGCCAGGTTTTTTACACCA,0,1
CGAGTTCCCTTCCAGACTTGATGCATGT,10,0
CGAGTTCCCTTCGAGCTGTGACACATAA,39,42
CGAGTTCCCTTCGAGCTTTTACACATAA,3,0
CGAGTTCCCTTCTAGTGCTGGCCCACAC,0,34
CGAGTTCCCTTCTAGTGCTGGCCCCCCC,0,2
CGAGTTCCCTTCTAGTGCTGTCCCCCAC,0,1
CGAGTTCCCTTCTAGTGCTTTCCCACAC,0,1
CGAGTTCCCTTCTAGTTCTGTCCCACAC,0,4
CGAGTTCGCTCAAAGAACTGTATCATTG,35,29
CGAGTTCGCTCAAAGAACTTTATCATTT,1,2
CGAGTTCGCTCAGAGCGGTGGTACATGG,0,23
CGAGTTCGCTCAGAGCTGTGGTACATGT,0,1
CGAGTTCGCTCAGAGCTGTGGTACATTG,0,2
CGAGTTCGCTCAGAGCTTTTGTACATGG,0,1
CGAGTTCGCTCTCAGGAATGCTACACCC,1,0
CGAGTTCGCTGGCAGGAATGCTCCATGG,62,64
CGAGTTCGCTGGCAGGAATGCTCCCTGT,1,0
CGAGTTCGCTGGCAGGAATTCACCATTC,0,1
CGAGTTCGCTGGCAGGAATTCTCCATTT,3,7
CGAGTTCGCTTTGAGACATGCTGCAAGT,0,81
CGAGTTCGCTTTGAGACATGCTGCCCGT,0,2
CGAGTTCGCTTTGAGACATTCTTCAAGT,0,6
CGAGTTCTCTGCTAGTCTTGCTCCATTG,1,0
CGAGTTGACTAGAAGATGTGCGCCAAGG,29,0
CGAGTTGACTAGAAGATGTTCTCCAATG,1,0
CGAGTTGACTAGAAGATTTGCGCCAAGT,1,0
CGAGTTGACTTAGAGACATGGCGCATAA,6,6
CGAGTTGACTTAGAGACATTTCTCATAA,1,3
CGAGTTGGCTCTAAGCGCTGCTCCACAT,1,0
CGAGTTGTCTACAAGTCGTGCCTCATAC,0,1
CGAGTTGTCTACAAGTGGTGGCGCAGCC,37,118
CGAGTTGTCTACAAGTGGTGGCTCCGCC,0,1
CGAGTTGTCTACAAGTGGTGTCGCATCC,0,2
CGAGTTGTCTACAAGTGGTGTCGCCGCC,0,1
CGAGTTGTCTACAAGTGGTGTCTCAGCC,1,4
CGAGTTGTCTACAAGTGGTTTCGCAGCC,1,1
CGAGTTGTCTACAAGTGGTTTCTCATCC,1,0
CGAGTTGTCTACAAGTGTTGGCGCATCC,0,1
CGAGTTGTCTACAAGTGTTGGCTCAGCC,1,1
CGAGTTGTCTACAAGTGTTGTCGCAGCC,1,5
CGAGTTGTCTACAAGTGTTTTCTCAGCC,0,1
CGAGTTGTCTACAAGTTTTGGCGCAGCC,0,2
CGAGTTGTCTACAAGTTTTGTCTCATCC,4,5
CGAGTTGTCTACAAGTTTTGTCTCCGCC,0,1
CGAGTTGTCTACAAGTTTTTTCTCCTCC,0,1
CGAGTTGTCTAGAAGTGTTGGCGCAGCC,0,1
CGAGTTGTCTCTAAGTGGGGTGACAAGT,0,1
CGAGTTGTCTCTAAGTGGTGTGACAAGG,0,73
CGAGTTGTCTCTAAGTGGTGTGACCCGG,0,2
CGAGTTGTCTCTAAGTGTTGTGACAAGT,0,2
CGAGTTGTCTCTAAGTGTTGTGACAATG,0,4
CGAGTTGTCTCTAAGTGTTTTTACAATT,0,3
CGAGTTGTCTCTAAGTTGTGTGACAAGT,0,3
CGAGTTGTCTCTAAGTTTTGAGACAAGT,0,1
CGAGTTGTCTCTAAGTTTTGTGACAAGG,0,1
CGAGTTGTCTCTAAGTTTTGTTACAATG,0,2
CGAGTTGTCTCTAAGTTTTGTTACCATC,0,1
CGAGTTTCCTGCGAGGTTGGCAGCCTGA,1,0
CGAGTTTCCTGCGAGGTTTGCAGCATGA,68,0
CGAGTTTCCTGCGAGGTTTGCATCATTA,1,0
CGAGTTTCCTGCGAGGTTTTCATCATGA,2,0
CGAGTTTTCTAGGAGCCATGATTCACGA,0,1
CGCGACCCCTCACAGGAGTGTCTCAAGA,1,0
CGCGAGACCTCTTAGGTTTTGCACATGT,1,0
CGCGAGACCTTGCAGCTAAGCATCAACC,1,0
CGCGAGGCCTAGCAGGAGTGCATCATTC,0,1
CGCGAGGCCTAGCAGGATTTCATCATAC,1,0
CGCGATAGCTTGAAGAATTGGAGCAACA,0,1
CGCGATCGCTTTTAGTTTTTTACCAATG,1,0
CGCGTAAACTGGTAGTACTGCCACAAGC,1,0
CGCGTAACCTACCAGGTTTTATTCATTA,1,0
CGCGTAAGCTCCCAGGGATTTTCCACCT,1,0
CGCGTAAGCTGAAAGGGGTGGCACATGC,0,29
CGCGTAAGCTGAAAGGGGTGTCACATTC,0,1
CGCGTAAGCTGAAAGGGGTTTCACATGC,0,1
CGCGTAAGCTGAAAGGTTTGGCACATTC,0,4
CGCGTAAGCTGAAAGGTTTGTCACATGC,0,1
CGCGTAAGCTGAAAGGTTTTTCACATTC,0,3
CGCGTAAGCTGGGAGTACTGCTACATGT,0,1
CGCGTAATCTTTGAGAATTGGCTCAAAT,0,1
CGCGTAATCTTTGAGATTTGCCTCAATG,0,1
CGCGTAATCTTTGAGATTTGGGTCAATG,0,36
CGCGTAATCTTTGAGATTTGGTTCAATT,0,1
CGCGTAATCTTTGAGATTTGTGTCAATT,0,3
CGCGTAATCTTTGAGATTTTTTTCAATT,0,3
CGCGTACCCTCACAGTATTGCCACAACA,1,0
CGCGTACGCTGGGAGTACTGCGACATGT,63,125
CGCGTACGCTGGGAGTACTGCTACATTT,1,2
CGCGTACGCTGGGAGTACTTCGACATTT,5,1
CGCGTACGCTGGGAGTACTTCTACATCA,0,1
CGCGTACGCTGGGAGTACTTCTACATGT,0,1
CGCGTACTCTAGTAGTATTTCACCACCG,0,1
CGCGTACTCTTGTAGTATTGCACCACCG,0,41
CGCGTACTCTTGTAGTATTTCACCACCT,0,3
CGCGTAGACTACCAGATTTGTTCCACAA,1,0
CGCGTAGACTACGAGAGTTGGGCCACAT,226,67
CGCGTAGACTACGAGAGTTGGGCCCCCT,2,0
CGCGTAGACTACGAGAGTTGGTCCCCAT,1,0
CGCGTAGACTACGAGAGTTGTGCCCCAT,1,0
CGCGTAGACTACGAGAGTTGTTCCACAT,18,9
CGCGTAGACTACGAGAGTTGTTCCCCCT,1,0
CGCGTAGACTACGAGAGTTTGTCCACAT,3,1
CGCGTAGACTACGAGAGTTTTGCCACAT,3,0
CGCGTAGACTACGAGAGTTTTTCCCCAT,0,1
CGCGTAGACTACGAGATTTGGTCCACAT,1,1
CGCGTAGACTACGAGATTTGTGCCACAT,1,0
CGCGTAGACTACGAGATTTTTTCCACAT,5,1
CGCGTAGACTCAGAGCCATCTTCCACGA,1,0
CGCGTAGACTCAGAGCCATGGGCCAAGA,75,39
CGCGTAGACTCAGAGCCATGGGCCCCGA,2,3
CGCGTAGACTCAGAGCCATGGTCCAATA,0,1
CGCGTAGACTCAGAGCCATGTGCCAATA,2,1
CGCGTAGACTCAGAGCCATGTGCCACGC,0,1
CGCGTAGACTCAGAGCCATGTTCCAAGA,1,1
CGCGTAGACTCAGAGCCATTGGCCAATA,1,0
CGCGTAGACTCAGAGCCATTGTCCAAGA,2,0
CGCGTAGACTCAGAGCCATTTGCCAAGA,7,2
CGCGTAGACTCAGAGCCATTTTCCAATA,2,4
CGCGTAGCCTATAAGGATTGAACCACAA,0,34
CGCGTAGCCTATAAGGATTGAACCCCCA,0,1
CGCGTAGCCTTTTAGATATGTTGCACAT,0,46
CGCGTAGCCTTTTAGATATTTTTCACAT,0,3
CGCGTAGGCTCAGAGGATTGATCCACCT,0,1
CGCGTAGGCTCAGAGGATTGTGCCACCT,0,37
CGCGTAGGCTCAGAGGATTTTTCCACCT,0,1
CGCGTAGGCTGATAGCCGTGCCGCAAGG,0,63
CGCGTAGGCTGATAGCCGTGCCGCCCGG,0,2
CGCGTAGGCTGATAGCCGTGCCTCAATT,0,3
CGCGTAGGCTGATAGCCTTGCCGCACGG,0,1
CGCGTAGGCTGATAGCCTTTCCTCAAGG,0,1
CGCGTAGGCTGATAGCCTTTCCTCAATT,0,11
CGCGTAGTCTAAGAGGATTGCCCCACCG,0,50
CGCGTAGTCTAAGAGGATTGCCCCCCCT,0,2
CGCGTAGTCTGACAGTTTTGTCTCAGTT,78,91
CGCGTAGTCTGACAGTTTTGTCTCATAT,0,1
CGCGTAGTCTGACAGTTTTTTCTCATTT,4,3
CGCGTATACTGGTAGGACTGAGACACGC,52,0
CGCGTATACTGGTAGGACTTAGACACTC,2,0
CGCGTATCCTGGAAGGGTTGTAACAAAA,1,0
CGCGTATGCTCGCAGCTATGGTTCAGGA,0,5
CGCGTATGCTCTCAGCCGTGAGACATGT,0,40
CGCGTATGCTCTCAGCCTTGAGACATTT,0,4
CGCGTATGCTCTCTGCCGTGAGACCTGT,0,1
CGCGTATGCTGATAGGGATGACCCATAA,1,0
CGCGTATGCTGCTAGGGATGTCCCATAT,41,0
CGCGTATGCTGCTAGGTATGTCCCATAA,1,0
CGCGTATGCTGCTAGGTATTTCCCATAT,2,0
CGCGTATGCTGGAAGCGTTGGTGCAAGA,0,33
CGCGTATGCTGGAAGCGTTGGTTCACGA,0,2
CGCGTATGCTGGAAGCGTTTGTTCAATA,0,1
CGCGTATGCTGGAAGCTTTGGTGCAATA,0,1
CGCGTATGCTGGAAGCTTTGGTTCAAGA,0,1
CGCGTATGCTGGAAGCTTTTTTTCAATA,0,5
CGCGTATGCTTGAAGGCCTGTGACAGCT,0,42
CGCGTATGCTTGAAGGCCTGTTACATCT,0,1
CGCGTATGCTTGAAGGCCTTTTACAGCT,0,1
CGCGTATGCTTGCAGAGTTGATGCATCC,233,0
CGCGTATGCTTGCAGAGTTGATTCCTCC,1,0
CGCGTATGCTTGCAGAGTTTATTCATCC,17,0
CGCGTATGCTTGCAGATTTGATTCATCC,3,0
CGCGTATGCTTGCAGATTTTATGCATCC,2,0
CGCGTATTCTTTAAGTATTGCGCCACGC,0,28
CGCGTATTCTTTAAGTATTGCGCCCCTC,0,1
CGCGTATTCTTTAAGTATTTCTCCACTC,0,8
CGCGTCAACTAACAGCATTGCACCATTC,1,0
CGCGTCAACTATGAGGATACGTGCATTC,0,1
CGCGTCAACTATGAGGATACTTGCATAC,1,0
CGCGTCAACTATGAGGATTGGTGCATTC,50,50
CGCGTCAACTATGAGGATTTTTTCATTC,5,1
CGCGTCAACTATTAGGATTGTAGCAAAA,1,0
CGCGTCAACTGCGAGTACTGTGACATGG,0,34
CGCGTCAACTGCGAGTACTGTGACATTT,0,1
CGCGTCAACTGCGAGTACTTTTACATTT,0,3
CGCGTCAACTGTGAGGCATGGATCACGC,0,42
CGCGTCAACTGTGAGGCATGGATCCCTC,0,1
CGCGTCAACTGTGAGGCATTTATCACTC,0,4
CGCGTCAACTGTGAGGCATTTATCCCGC,0,1
CGCGTCACCTAGGAGAGCTGAGACAACG,24,110
CGCGTCACCTAGGAGAGCTGAGACCCCG,1,8
CGCGTCACCTAGGAGAGCTGATACAACT,0,1
CGCGTCACCTAGGAGAGCTTATACAACG,0,1
CGCGTCACCTAGGAGATCTGAGACAACT,0,2
CGCGTCACCTAGGAGATCTGAGACCCCT,0,1
CGCGTCACCTAGGAGATCTGATACAACG,1,0
CGCGTCACCTAGGAGATCTTATACAACT,0,8
CGCGTCACCTATCAGCGGTGGTTCATTA,44,0
CGCGTCACCTATCAGCTGAGGTTCATTA,1,0
CGCGTCACCTATCAGCTTAGTTTCATTA,1,0
CGCGTCACCTATCAGCTTTTGTTCATTA,5,0
CGCGTCAGCTACAAGGTTTGTAACAAAG,123,52
CGCGTCAGCTACAAGGTTTGTAACACAT,1,0
CGCGTCAGCTACAAGGTTTGTAACCAAT,1,0
CGCGTCAGCTACAAGGTTTGTAACCACG,1,0
CGCGTCAGCTACAAGGTTTGTAACCCAG,2,4
CGCGTCAGCTACAAGGTTTTTAACAAAT,4,4
CGCGTCAGCTGTGAGGCATGCTACAGGT,0,37
CGCGTCAGCTGTGAGGCATGCTACATTT,0,4
CGCGTCAGCTGTTAGGTGTGAAGCATAA,91,27
CGCGTCAGCTGTTAGGTGTGAAGCATCC,1,0
CGCGTCAGCTGTTAGGTGTGAATCCTCA,2,0
CGCGTCAGCTGTTAGGTGTTAATCATAA,4,1
CGCGTCAGCTGTTAGGTTTGAATCATAA,9,2
CGCGTCAGCTTGCAGGCGTGACACATAA,0,98
CGCGTCAGCTTGCAGGCGTGACACCTCC,0,1
CGCGTCATCTAGCAGCCGTGTAGCAAAT,30,0
CGCGTCATCTAGCAGCCGTTTATCAAAT,1,0
CGCGTCATCTAGCAGCCTTGTAGCCACT,1,0
CGCGTCATCTAGCAGCCTTGTATCAAAT,1,0
CGCGTCATCTAGCAGCCTTTTAGCAAAT,1,0
CGCGTCATCTAGCAGCTGTGTAGCCCAT,1,0
CGCGTCATCTTGCAGCTATGCCGCAGCG,0,1
CGCGTCATCTTGCAGGTATGCGGCAGCG,68,94
CGCGTCATCTTGCAGGTATGCGTCATCG,1,4
CGCGTCATCTTGCAGGTATGCTGCAGCT,2,0
CGCGTCATCTTGCAGGTATGCTGCATCG,0,3
CGCGTCATCTTGCAGGTATGCTGCCGCG,0,1
CGCGTCATCTTGCAGGTATGCTTCAGCG,4,8
CGCGTCATCTTGCAGGTATTCGGCATCG,0,2
CGCGTCATCTTGCAGGTATTCGTCAGCG,2,0
CGCGTCATCTTGCAGGTATTCTGCAGCG,1,0
CGCGTCATCTTGCAGGTATTCTTCATCT,8,12
CGCGTCATCTTGCAGGTATTCTTCCGCG,0,1
CGCGTCCCCTCACAGGAGTGCCTCAACA,1,0
CGCGTCCCCTCACAGGAGTGGCTCAAGA,281,239
CGCGTCCCCTCACAGGAGTGGCTCACGC,1,0
CGCGTCCCCTCACAGGAGTGGCTCCAGC,0,1
CGCGTCCCCTCACAGGAGTGGCTCCCGA,5,9
CGCGTCCCCTCACAGGAGTGGCTCCCTC,0,1
CGCGTCCCCTCACAGGAGTGTCTCAATA,15,27
CGCGTCCCCTCACAGGAGTGTCTCCAGA,1,0
CGCGTCCCCTCACAGGAGTGTCTCCCGC,1,0
CGCGTCCCCTCACAGGAGTGTCTCCCTA,1,0
CGCGTCCCCTCACAGGAGTTGCTCAATA,0,2
CGCGTCCCCTCACAGGAGTTGCTCCAGA,0,1
CGCGTCCCCTCACAGGAGTTTCTCAAGA,1,3
CGCGTCCCCTCACAGGAGTTTCTCCATA,1,0
CGCGTCCCCTCACAGGAGTTTCTCCCGA,0,1
CGCGTCCCCTCACAGGATTGGCACAAGA,1,0
CGCGTCCCCTCACAGGATTGGCTCAATA,4,3
CGCGTCCCCTCACAGGATTGTCTCAAGA,5,3
CGCGTCCCCTCACAGGATTGTCTCCCGA,0,1
CGCGTCCCCTCACAGGATTTTCTCAATA,3,2
CGCGTCCCCTCGCAGGAGTGGCTCAATA,1,0
CGCGTCCGCTACTAGGTTTGGAGCATTC,8,0
CGCGTCCGCTACTAGGTTTGTATCATTC,1,0
CGCGTCCGCTGAGAGAGGTGATTCACGA,147,164
CGCGTCCGCTGAGAGAGGTTATTCACGC,0,1
CGCGTCCGCTGAGAGAGGTTATTCACTA,0,3
CGCGTCCGCTGAGAGAGTTGATTCACTA,10,12
CGCGTCCGCTGAGAGAGTTGATTCCCGA,2,0
CGCGTCCGCTGAGAGAGTTTATTCACGA,0,1
CGCGTCCGCTGAGAGATTAGATTCACTA,0,1
CGCGTCCGCTGAGAGATTTGATTCACGA,1,1
CGCGTCCGCTGAGAGATTTTATTCACTA,4,4
CGCGTCCGCTGAGAGTGATGTTGCAAAA,13,0
CGCGTCCGCTGAGAGTTATGTTTCAAAA,2,0
CGCGTCCGCTGGGAGTACTGCGACATTT,1,0
CGCGTCCGCTTGGAGGAGTGAATCATAA,14,12
CGCGTCCGCTTGGAGGATTTAATCATAA,2,0
CGCGTCCTCTCATAGCGTTGTGGCATGT,0,43
CGCGTCCTCTCATAGCGTTGTTTCATTT,0,4
CGCGTCCTCTCATAGCGTTTTTTCATGT,0,1
CGCGTCCTCTCATAGCTTTGTGTCATGT,0,3
CGCGTCCTCTCATAGCTTTTTTTCATTT,0,1
CGCGTCCTCTGCTAGAAGTGCTACAGAC,41,0
CGCGTCCTCTGCTAGAAGTGCTACCGCC,1,0
CGCGTCCTCTGCTAGAAGTTCTACCTAC,1,0
CGCGTCCTCTGCTAGAATTTCTACATAC,3,0
CGCGTCCTCTTTTAGCACTGTCGCACCC,2,30
CGCGTCCTCTTTTAGCACTTTCTCACCC,0,2
CGCGTCGACTATGAGGAGTGAGTCAGTA,0,1
CGCGTCGACTATGAGGTGAGTTTCAGTT,0,1
CGCGTCGACTATGAGGTGTGTGTCAGTT,3,80
CGCGTCGACTATGAGGTGTTTGTCATTT,0,1
CGCGTCGACTATGAGGTTTGTTTCAGTT,0,1
CGCGTCGACTATGAGGTTTTTGTCAGTT,0,1
CGCGTCGACTATGAGGTTTTTTTCATTT,0,1
CGCGTCGCCTAGAAGCACTTCAGCAATA,1,0
CGCGTCGGCTATCAGTTATGGAGCAATT,0,1
CGCGTCGGCTATCAGTTATGGAGCAGTG,0,28
CGCGTCGGCTATCAGTTATGTATCAGTG,0,1
CGCGTCGGCTATCAGTTATGTATCATTT,0,3
CGCGTCGGCTATCAGTTATTGATCAGTG,0,1
CGCGTCGGCTATCAGTTATTTAGCATTG,0,1
CGCGTCGGCTGTAAGACATGCTTCATAA,1,0
CGCGTCGGCTGTAAGACTTGGAGCATAA,1,0
CGCGTCGGCTGTAAGACTTGGTGCAGAA,478,311
CGCGTCGGCTGTAAGACTTGGTGCAGCC,1,0
CGCGTCGGCTGTAAGACTTGGTGCCGCA,7,2
CGCGTCGGCTGTAAGACTTGGTGCCTAA,0,1
CGCGTCGGCTGTAAGACTTGGTTCATAA,9,1
CGCGTCGGCTGTAAGACTTGTTGCAGCA,1,1
CGCGTCGGCTGTAAGACTTGTTGCATAA,9,4
CGCGTCGGCTGTAAGACTTGTTGCCGAA,2,0
CGCGTCGGCTGTAAGACTTGTTTCAGAA,8,3
CGCGTCGGCTGTAAGACTTTGTGCATAA,3,1
CGCGTCGGCTGTAAGACTTTGTTCAGAA,2,5
CGCGTCGGCTGTAAGACTTTTTGCAGAA,1,0
CGCGTCGGCTGTAAGACTTTTTTCATAA,44,23
CGCGTCGGCTGTAAGACTTTTTTCCGCA,1,0
CGCGTCGGCTGTAAGACTTTTTTCCTAC,1,0
CGCGTCGGCTGTTAGACTTGTTTCATAA,1,0
CGCGTCGTCTAGTAGTATTGGAGCATTC,20,31
CGCGTCGTCTAGTAGTATTTTATCATTC,1,3
CGCGTCGTCTATAAGAACTGAATCAGGC,60,0
CGCGTCGTCTATAAGAACTGAATCATTC,15,0
CGCGTCGTCTATAAGAACTTAATCAGTC,1,0
CGCGTCGTCTATAAGAACTTAATCCTGC,1,0
CGCGTCGTCTGAGAGGCATGTTGCAACA,31,29
CGCGTCGTCTGAGAGGCATGTTGCCCCA,1,0
CGCGTCGTCTGAGAGGCATTTTTCAACA,3,3
CGCGTCGTCTGCCAGGTCTGAGCCATAA,55,0
CGCGTCGTCTGCCAGGTCTTATCCATAA,3,0
CGCGTCGTCTGGGAGCATTGTAACAATG,290,240
CGCGTCGTCTGGGAGCATTGTAACACTT,1,0
CGCGTCGTCTGGGAGCATTGTAACCCTG,5,6
CGCGTCGTCTGGGAGCATTTTAACAATT,8,9
CGCGTCGTCTGGGAGCATTTTAACACTG,0,1
CGCGTCGTCTGGGAGTGCTGGGGCAGTT,0,34
CGCGTCGTCTGGGAGTGCTGTGGCATTT,0,1
CGCGTCGTCTGGGAGTGCTGTGTCAGTT,0,3
CGCGTCGTCTGGGAGTGCTGTTGCAGTT,0,1
CGCGTCGTCTGGGAGTGCTGTTTCATTT,0,2
CGCGTCGTCTGGGAGTTCTGGTGCAGTT,0,1
CGCGTCGTCTGGGAGTTCTGTGGCAGTT,0,1
CGCGTCGTCTGGGAGTTCTGTTTCCTTT,0,1
CGCGTCGTCTGGGAGTTCTTTTTCATTT,0,1
CGCGTCGTCTTGGAGTGCTGCTGCATAA,0,61
CGCGTCGTCTTGGAGTGCTTCTTCATAA,0,5
CGCGTCGTCTTGGAGTTCTGCTTCATAA,0,3
CGCGTCGTCTTGGAGTTCTTCTGCATAA,0,1
CGCGTCTACTTTCAGTTTTGGCTCAGGG,36,17
CGCGTCTACTTTCAGTTTTGGCTCATTT,0,1
CGCGTCTACTTTCAGTTTTGTCTCAGGT,1,0
CGCGTCTACTTTCAGTTTTGTCTCATTG,5,2
CGCGTCTACTTTCAGTTTTGTCTCCGGG,1,0
CGCGTCTACTTTCAGTTTTTGCTCATGG,2,0
CGCGTCTACTTTCAGTTTTTTCTCATTT,1,2
CGCGTCTACTTTGAGGTGTGGTGCACCT,32,0
CGCGTCTACTTTGAGGTGTTTTTCACCT,3,0
CGCGTCTACTTTGAGGTTTGGTTCACCT,2,0
CGCGTCTCCTATCAGCCGTGGTACAATA,1,0
CGCGTCTGCTGACAGCCTTGAGCCACTC,0,1
CGCGTCTGCTGCCAGCGTTGCTCCACCT,31,0
CGCGTCTGCTGCCAGCTTTTCTCCACCT,2,0
CGCGTCTGCTTACAGGGTGGAGCCCGTC,0,1
CGCGTCTGCTTACAGGGTTGAGCCAGTC,35,120
CGCGTCTGCTTACAGGGTTTATCCAGTC,2,5
CGCGTCTGCTTACAGGTTTGATCCATTC,4,7
CGCGTCTGCTTACAGGTTTTAGCCATTC,0,1
CGCGTCTTCTTACAGGGTTGCTGCATAG,0,34
CGCGTCTTCTTACAGGGTTGCTTCATAT,0,1
CGCGTCTTCTTACAGGTTTGCTTCATAG,0,1
CGCGTCTTCTTACAGGTTTTCTTCATAT,0,1
CGCGTCTTCTTCGAGCAATGGGCCATAG,71,23
CGCGTCTTCTTCGAGCAATGGGCCCTCG,2,1
CGCGTCTTCTTCGAGCAATGTTCCAAAC,1,0
CGCGTCTTCTTCGAGCAATGTTCCATAG,8,4
CGCGTCTTCTTCGAGCAATTTTCCATAT,5,2
CGCGTGAACTTTCAGGTATGTTGCATCG,46,185
CGCGTGAACTTTCAGGTATGTTGCCTCT,0,1
CGCGTGAACTTTCAGGTATGTTTCATCT,1,15
CGCGTGAACTTTCAGGTATTTTTCATCG,0,3
CGCGTGACCTATAAGTGCTGCGACAATG,42,0
CGCGTGACCTATAAGTTCTGCTACAATG,2,0
CGCGTGACCTCTTAGGATTGGCACATTG,0,1
CGCGTGACCTCTTAGGTATGTCACATGG,0,1
CGCGTGACCTCTTAGGTTTGGCACATGG,110,256
CGCGTGACCTCTTAGGTTTGGCACATTT,0,3
CGCGTGACCTCTTAGGTTTGGCACCTGT,0,1
CGCGTGACCTCTTAGGTTTGGCACCTTG,0,1
CGCGTGACCTCTTAGGTTTGTCACATGT,2,10
CGCGTGACCTCTTAGGTTTGTCACATTG,11,30
CGCGTGACCTCTTAGGTTTGTCACCTGG,3,3
CGCGTGACCTCTTAGGTTTTGCACATTG,3,2
CGCGTGACCTCTTAGGTTTTTCACAATG,1,0
CGCGTGACCTCTTAGGTTTTTCACATGG,3,1
CGCGTGACCTCTTAGGTTTTTCACATTT,6,20
CGCGTGACCTGGTAGTCGTGGCTCAAGC,22,0
CGCGTGACCTGGTAGTCGTGTCTCCCGC,1,0
CGCGTGACCTGGTAGTCGTTTCTCAATC,1,0
CGCGTGACCTGGTAGTCTTGTCTCAATC,7,0
CGCGTGACCTTGCAGCATCGCTGCAACC,0,1
CGCGTGACCTTGCAGCGATGCTGCAACC,130,119
CGCGTGACCTTGCAGCGATGCTGCCCCC,7,6
CGCGTGACCTTGCAGCGATGCTTCACCC,1,0
CGCGTGACCTTGCAGCGATTCTGCACCC,1,0
CGCGTGACCTTGCAGCGATTCTTCAACC,10,10
CGCGTGACCTTGCAGCTATGCTTCAACC,3,2
CGCGTGACCTTGCAGCTATTCTGCAACC,3,1
CGCGTGACCTTGCAGCTATTCTTCCACC,1,0
CGCGTGAGCTAGGAGGTATGTGGCACCG,45,27
CGCGTGAGCTAGGAGGTATGTGTCACCT,1,0
CGCGTGAGCTAGGAGGTATGTTTCACCG,0,1
CGCGTGAGCTAGGAGGTATTTTTCACCT,2,2
CGCGTGAGCTGTTAGGAGTGTTTCACTT,33,0
CGCGTGAGCTGTTAGGATTTTTTCACTT,1,0
CGCGTGAGCTTTCAGTCTTGGGCCACAG,49,88
CGCGTGAGCTTTCAGTCTTGGGCCCCCG,0,1
CGCGTGAGCTTTCAGTCTTGTTCCACAG,4,10
CGCGTGAGCTTTCAGTCTTTGTCCACAG,1,2
CGCGTGAGCTTTCAGTCTTTTGCCACAG,0,2
CGCGTGAGCTTTCAGTCTTTTTCCACAT,4,5
CGCGTGATCTGACAGTTTTGTTGCACAG,83,90
CGCGTGATCTGACAGTTTTGTTGCCCAT,0,1
CGCGTGATCTGACAGTTTTGTTTCACAT,7,3
CGCGTGATCTGACAGTTTTTTTTCACAG,2,0
CGCGTGATCTTTTAGTATTGAAACACAG,0,1
CGCGTGCCCTGAAAGATATGCTTCATCT,0,1
CGCGTGCGCTCCTAGCGCTGCCCCATCG,0,29
CGCGTGCGCTCCTAGCTCTGCCCCATCT,0,3
CGCGTGCGCTCCTAGCTCTTCCCCCTCG,0,1
CGCGTGCGCTGGGAGGTGTGGAGCACCA,47,74
CGCGTGCGCTGGGAGGTGTGTATCACCA,1,3
CGCGTGCGCTGGGAGGTGTTGATCACCA,1,1
CGCGTGCGCTGGGAGGTGTTTATCCCCA,0,1
CGCGTGCGCTGGGAGGTTTGGATCACCA,0,1
CGCGTGCGCTGGGAGGTTTGTAGCACCA,1,1
CGCGTGCGCTGGGAGGTTTTTATCACCA,1,1
CGCGTGCTCTAGCAGGAGTGGGGCAGGG,19,0
CGCGTGCTCTAGCAGGAGTGGTGCAGTG,1,0
CGCGTGCTCTAGCAGGAGTGGTGCCGGG,1,0
CGCGTGCTCTAGCAGGAGTGTGTCAGGG,2,0
CGCGTGCTCTAGCAGGAGTGTGTCAGTT,1,0
CGCGTGCTCTAGCAGGAGTGTTTCAGGT,1,0
CGCGTGCTCTAGCAGGAGTGTTTCATTG,1,0
CGCGTGCTCTAGCAGGATTTTTTCATTT,1,0
CGCGTGGACTGAAAGATATGATCCACTA,0,1
CGCGTGGCCTAGCAGCAGTTCAGCATTC,0,1
CGCGTGGCCTAGCAGCATTGCATCAAAC,0,1
CGCGTGGCCTAGCAGGACTGCACCATAC,0,1
CGCGTGGCCTAGCAGGAGTGCAGCATTC,521,500
CGCGTGGCCTAGCAGGAGTGCATCCTTC,0,3
CGCGTGGCCTAGCAGGAGTTCATCATTC,18,21
CGCGTGGCCTAGCAGGATTGCATCATTC,5,9
CGCGTGGCCTAGCAGTAGTGCATCATTC,0,1
CGCGTGGCCTAGCAGTATTTCATCATTC,1,0
CGCGTGGCCTGCAAGATCTGTTTCAGCC,0,1
CGCGTGGCCTGCAAGTTCTGTTGCAGCC,48,116
CGCGTGGCCTGCAAGTTCTGTTTCATCC,6,14
CGCGTGGCCTGCAAGTTCTGTTTCCGCC,0,1
CGCGTGGCCTGTAAGGAATGCGCCAATC,1,0
CGCGTGGCCTGTAAGGATTGCGGCATGC,32,43
CGCGTGGCCTGTAAGGATTGCGTCATTC,1,1
CGCGTGGCCTGTAAGGATTGCTTCATGC,5,4
CGCGTGGCCTGTAAGGATTTCTTCATTC,1,3
CGCGTGGGCTGTAAGATATGCGACAGGG,43,0
CGCGTGGGCTGTAAGATATGCGACATTG,1,0
CGCGTGGGCTGTAAGATATTCGACAGTG,1,0
CGCGTGGGCTGTAAGATATTCTACATTT,5,0
CGCGTGGGCTTTCAGTAGTGTAGCAGTG,48,74
CGCGTGGGCTTTCAGTAGTGTAGTATTG,0,1
CGCGTGGGCTTTCAGTAGTGTATCAGTT,2,5
CGCGTGGGCTTTCAGTAGTGTATCATTG,0,2
CGCGTGGGCTTTCAGTAGTGTATCCGTG,0,1
CGCGTGGGCTTTCAGTATTTTATCAGTG,0,1
CGCGTGGTCTCGAAGGATTGCGGCAGCT,71,36
CGCGTGGTCTCGAAGGATTGCGGCCTCT,1,0
CGCGTGGTCTCGAAGGATTGCTTCATCT,14,2
CGCGTGGTCTCGAAGGATTTCTGCAGCT,0,1
CGCGTGTACTGCAAGGGTTGTTACAAGT,1,0
CGCGTGTCCTGCGAGTCCTGACACATGG,5,5
CGCGTGTGCTCTCAGAGCTGCAGCAACG,0,1
CGCGTGTTCTGTCAGTGGTGGCTCACTG,35,116
CGCGTGTTCTGTCAGTGGTTTCTCACTG,0,4
CGCGTGTTCTGTCAGTGTTGTCTCACTG,1,8
CGCGTGTTCTGTCAGTTCTGTCTCACTC,0,1
CGCGTGTTCTGTCAGTTGTGTCTCACTG,0,1
CGCGTGTTCTGTCAGTTTTGGCTCACTG,0,2
CGCGTGTTCTGTCAGTTTTGTCTCACTT,0,2
CGCGTGTTCTGTCAGTTTTTTCTCACTG,1,0
CGCGTTAACTACTAGCTTTGACCCACGT,1,0
CGCGTTAACTGTTAGCTATGCCTCACTA,0,55
CGCGTTAACTGTTAGCTATGCCTCCCTC,0,2
CGCGTTAACTGTTAGCTATTCCTCCCTA,0,1
CGCGTTACCTATGAGCGATGCTACATTT,125,132
CGCGTTACCTATGAGCTATTCTACATTT,6,9
CGCGTTACCTGGGAGGCATGTTGCAGGA,131,114
CGCGTTACCTGGGAGGCATGTTGCCGGC,1,0
CGCGTTACCTGGGAGGCATGTTTCAGTA,8,5
CGCGTTACCTGGGAGGCATGTTTCATGA,1,2
CGCGTTACCTGGGAGGCATGTTTCCGGA,1,1
CGCGTTACCTGGGAGGCATTTTGCATGA,0,1
CGCGTTACCTGGGAGGCATTTTTCATTA,1,3
CGCGTTAGCTACCAGGTGTAATGCATTA,0,1
CGCGTTAGCTACCAGGTGTGATGCATGA,65,41
CGCGTTAGCTACCAGGTGTGATTCATTA,4,3
CGCGTTAGCTACCAGGTGTGATTCCTGA,0,1
CGCGTTAGCTACCAGGTGTTATTCATGA,0,1
CGCGTTAGCTACCAGGTTTGATTCATGA,1,0
CGCGTTAGCTCCCAGGGATGTGCCACCG,31,2
CGCGTTAGCTCCCAGGGATGTTCCCCCT,0,1
CGCGTTAGCTCCCAGGTATTTTCCACCG,3,0
CGCGTTAGCTGAGAGAGGTGAGTCACGT,65,0
CGCGTTAGCTGAGAGAGTTGAGTCACTT,5,0
CGCGTTAGCTGAGAGAGTTGAGTCCCGT,1,0
CGCGTTAGCTGAGAGAGTTTATTCACTT,1,0
CGCGTTAGCTGAGAGATTTGAGTCACGT,1,0
CGCGTTAGCTGAGAGATTTGATTCACTT,2,0
CGCGTTAGCTTAGAGTCATGAGTCAAGA,43,92
CGCGTTAGCTTAGAGTCATGAGTCCCGA,1,3
CGCGTTAGCTTAGAGTCATTATTCAATA,4,14
CGCGTTAGCTTCAAGAGATGAATCACGG,1,0
CGCGTTAGCTTGAAGTATTGGAGCAACA,13,259
CGCGTTAGCTTGAAGTATTGGAGCCACC,0,1
CGCGTTAGCTTGAAGTATTGGAGCCCCA,0,11
CGCGTTAGCTTGAAGTATTGTAGCCCCC,0,1
CGCGTTAGCTTGAAGTATTTGAGCACCC,0,1
CGCGTTAGCTTGAAGTATTTTATCAACA,4,39
CGCGTTAGCTTGAAGTATTTTATCCACC,0,1
CGCGTTAGCTTGAAGTATTTTATCCCCA,0,1
CGCGTTATCTTGGAGTGGTGTGTCAGGT,0,33
CGCGTTATCTTGGAGTGTTGTGTCAGTT,0,1
CGCGTTATCTTGGAGTGTTGTGTCATGT,0,2
CGCGTTATCTTGGAGTGTTGTTTCATTT,0,1
CGCGTTATCTTGGAGTTGTTTGTCAGGT,0,1
CGCGTTATCTTGGAGTTTTGTGTCAGGT,0,1
CGCGTTCACTATGAGTGCTGAACCACGC,22,0
CGCGTTCACTATGAGTTCTGAACCACTC,2,0
CGCGTTCACTGGGAGCAATGGACCAGCA,0,64
CGCGTTCACTGGGAGCAATGTACCATCA,0,3
CGCGTTCACTGGGAGCAATGTACCCGCA,0,1
CGCGTTCACTGGGAGCAATTTACCAGCA,0,1
CGCGTTCCCTCAGAGATTTGCCCCCCCC,0,1
CGCGTTCCCTCAGAGATTTGGCCCACCC,0,66
CGCGTTCCCTCAGAGATTTTTCCCACCC,0,3
CGCGTTCCCTTAGAGATATGCGCCACCA,0,41
CGCGTTCCCTTAGAGATATTCTCCACCA,0,2
CGCGTTCCCTTCTAGGGGTGATACAAGC,79,85
CGCGTTCCCTTCTAGGGGTGATACCCGC,1,3
CGCGTTCCCTTCTAGGGGTTATACAATC,1,0
CGCGTTCCCTTCTAGGGTTGATACAATC,0,3
CGCGTTCCCTTCTAGGTGTGATACAATC,0,2
CGCGTTCCCTTCTAGGTGTGATACACGC,0,1
CGCGTTCCCTTCTAGGTTTGATACAAGC,3,5
CGCGTTCCCTTCTAGTGGTGATACAATC,0,1
CGCGTTCCCTTCTAGTGTTGATACAAGC,2,9
CGCGTTCCCTTCTAGTTGTGATACAAGC,4,3
CGCGTTCCCTTCTAGTTGTGATACCATC,0,1
CGCGTTCCCTTCTAGTTGTTATACAATC,2,7
CGCGTTCCCTTCTAGTTTTGATACAATC,27,24
CGCGTTCCCTTCTAGTTTTGATACACGC,1,0
CGCGTTCCCTTCTAGTTTTGATACCAGC,1,1
CGCGTTCCCTTCTAGTTTTTATACAAGC,1,0
CGCGTTCCCTTGTAGTCATGGAGCATGA,0,39
CGCGTTCCCTTGTAGTCATGGAGCCTGC,0,1
CGCGTTCCCTTGTAGTCATGTATCATGA,0,2
CGCGTTCCCTTGTAGTCATGTATCCTGC,0,1
CGCGTTCTCTCCCAGACGTGGGGCACGA,27,50
CGCGTTCTCTCCCAGACGTGTTGCACGA,3,1
CGCGTTCTCTCCCAGACGTGTTTCCCGA,0,1
CGCGTTCTCTCCCAGACGTTGTGCACGA,0,1
CGCGTTCTCTCCCAGACTTGGGGCACTA,0,1
CGCGTTCTCTCCCAGACTTGGTGCACGA,0,1
CGCGTTCTCTCCCAGACTTGTTTCACTA,0,2
CGCGTTCTCTCCCAGACTTTTTTCACGA,1,4
CGCGTTGACTACGAGAAGTGAGGCAATT,0,39
CGCGTTGACTACGAGAAGTGATTCAATT,0,1
CGCGTTGACTACGAGAAGTTATTCCCTT,0,1
CGCGTTGACTACGAGAATTTAGTCAATT,0,1
CGCGTTGACTACGAGACTTGGCCCACAT,1,0
CGCGTTGACTGTGAGAGATGCGACAGAG,24,116
CGCGTTGACTGTGAGAGATGCTACATAG,0,1
CGCGTTGACTGTGAGAGATTCTACAGAG,0,2
CGCGTTGACTGTGAGAGATTCTACATAT,3,7
CGCGTTGACTGTGAGAGCTGCGACAGAT,0,1
CGCGTTGACTGTGAGATATGCTACAGAG,0,2
CGCGTTGACTGTGAGATATTCTACAGAT,0,1
CGCGTTGACTGTTAGCTATGAATCACGA,72,0
CGCGTTGACTGTTAGCTATTAATCACTA,6,0
CGCGTTGCCTGGCAGGCAGGGGGCCTCG,0,1
CGCGTTGCCTGGCAGGCATGGGGCATCG,27,32
CGCGTTGCCTGGCAGGCATGGTTCATCG,2,0
CGCGTTGCCTGGCAGGCATGTGTCATCG,3,3
CGCGTTGCCTGGCAGGCATGTTGCATCT,0,2
CGCGTTGCCTGGCAGGCATTGGTCATCT,0,1
CGCGTTGCCTGGCAGTCATTTTTCATCT,2,0
CGCGTTGGCTGAAAGCGGTGCCCCAAAA,19,0
CGCGTTGGCTGAAAGCTTTGCCCCAAAA,1,0
CGCGTTGGCTGAAAGTTCTGTGTCACAT,30,0
CGCGTTGGCTGGCAGGTTTGTTACACTA,1,0
CGCGTTGTCTCAGAGGCCAGGAGCCCCC,0,1
CGCGTTGTCTCAGAGGCCTGGAGCAAAA,0,130
CGCGTTGTCTCAGAGGCCTGGAGCCCAA,0,2
CGCGTTGTCTCAGAGGCCTGTAGCCAAA,0,2
CGCGTTGTCTCAGAGGCCTGTATCAAAA,0,3
CGCGTTGTCTCAGAGGCCTTGATCAAAA,0,6
CGCGTTGTCTCAGAGGCCTTTAGCAAAA,0,1
CGCGTTGTCTCAGGGGCCTGTAGCAAAA,0,1
CGCGTTGTCTGCGAGCTTTGACACCCCC,1,0
CGCGTTGTCTGCGAGGTTTGACACACCC,75,58
CGCGTTGTCTGCGAGGTTTGCCACCCCC,0,1
CGCGTTTACTAAGAGATGTGCTGCATCC,0,29
CGCGTTTACTAAGAGATTTTCTTCATCC,0,3
CGCGTTTACTGGTAGGACTGAGACACTC,1,0
CGCGTTTGCCTCTAGTAATGTCTCCTTT,1,0
CGCGTTTGCTCCCAGCTGTGCAGCCTTC,1,0
CGCGTTTGCTCGCAGGAGTGGGTCAGCT,40,0
CGCGTTTGCTCGCAGGAGTTTGTCATCT,3,0
CGCGTTTGCTCGCAGGATTGTTTCATCT,3,0
CGCGTTTGCTTCTAGTAATGTCTCATTT,39,0
CGCGTTTTCTGTGAGTGTTGCATCAACT,42,51
CGCGTTTTCTGTGAGTGTTGCATCCCCT,1,0
CGCGTTTTCTGTGAGTTTTTCATCAACT,1,0
CGCGTTTTCTTCGAGCGGTGGCTCAGTT,35,27
CGCGTTTTCTTCGAGCGGTGTCTCATTT,3,0
CGCGTTTTCTTCGAGCGTTGGCTCATTT,1,0
CGCGTTTTCTTCGAGCTTTGGCTCAGTT,2,0
CGCGTTTTCTTCGAGCTTTTTCTCATTT,0,1
CGCGTTTTCTTGGAGATGTGGTTCAGGC,0,73
CGCGTTTTCTTGGAGATGTGTTTCATTC,0,3
CGCGTTTTCTTGGAGATGTGTTTCCGGC,0,1
CGCGTTTTCTTGGAGATGTTGTTCATGC,0,2
CGCGTTTTCTTGGAGATGTTTTTCAGTC,0,1
CGCGTTTTCTTGGAGATTTGGTTCATTC,0,5
CGCGTTTTCTTGGAGATTTTTTTCATTC,0,8
CGCTTGCTCTAGCATGATTGTGGCAGTG,1,0
CGGCTGCACTACGATCTGTTAGACATCT,1,0
CGGCTGGGCTCTCAGTGATTCTTCATTC,0,1
CGGCTTCACTAAAACGAATTCTTCAACT,0,1
CGGGATCACTAAAACGAATTCTTCCACT,0,1
CGGGATCGCTGGAAGATATTCTTCACTC,1,0
CGGGCATGCTCTAAGACGTGCTCCAACT,0,1
CGGGTAAACTAGGAGTAGTGGGGCATCT,21,28
CGGGTAAACTAGGAGTAGTGGTTCATCT,0,3
CGGGTAAACTAGGAGTAGTGTGTCATCT,1,0
CGGGTAAACTAGGAGTAGTGTTGCATCT,0,5
CGGGTAAACTAGGAGTATTGGGTCATCT,1,0
CGGGTAAACTAGGAGTATTTTTTCATCT,3,0
CGGGTAAACTCCGAGGTTTGTCTCATCT,0,1
CGGGTAAACTCCTAGTCTTGCCCCAGTC,1,0
CGGGTAACCTCTGACTACTTTTACACTA,1,0
CGGGTAACCTCTGAGTACGGTTACCCTA,1,0
CGGGTAACCTCTGAGTACTCTTACCCTA,1,2
CGGGTAACCTCTGAGTACTGTTACACTA,448,515
CGGGTAACCTCTGAGTACTGTTACCCTC,2,5
CGGGTAACCTGTCAGCCTTGAATCAGAT,134,29
CGGGTAACCTGTCAGCCTTGAATCCGCT,2,0
CGGGTAACCTGTCAGCCTTTAATCATAT,3,1
CGGGTAAGCTCCGAGTATTGCATCACTC,1,0
CGGGTAATCTATTAGGTCTGTAACACGA,0,22
CGGGTAATCTATTAGGTCTTTAACACTA,0,2
CGGGTACACTCCTAGCGTTGCTGCAGAG,68,30
CGGGTACACTCCTAGCGTTGCTGCCGCG,1,0
CGGGTACACTCCTAGCGTTGCTTCCGAT,1,1
CGGGTACACTCCTAGCGTTTCTGCATAG,1,0
CGGGTACACTCCTAGCGTTTCTTCAGAG,3,1
CGGGTACACTCCTAGCTTTGCTTCAGAT,1,0
CGGGTACACTCCTAGCTTTGCTTCATAG,3,0
CGGGTACACTCCTAGCTTTTCTGCAGAT,1,0
CGGGTACACTGGCAGTCTTGGATCAAAT,80,144
CGGGTACACTGGCAGTCTTGGATCCACT,2,1
CGGGTACACTGGCAGTCTTGGATCCCAT,0,7
CGGGTACACTGGCAGTCTTGTATCCCCT,0,2
CGGGTACACTGGCAGTCTTTGATCACCT,1,0
CGGGTACACTGGCAGTCTTTTATCAAAT,2,11
CGGGTACGCTAAGAGGGTACTTTCCGGA,1,0
CGGGTACGCTAAGAGGTTGGTTTCCGGA,1,0
CGGGTACGCTAAGAGGTTTGATTCAGTA,0,1
CGGGTACGCTAAGAGGTTTGTTTCAGGA,372,289
CGGGTACGCTAAGAGGTTTGTTTCATTA,16,24
CGGGTACGCTAAGAGGTTTGTTTCCGGC,2,1
CGGGTACGCTAAGAGGTTTTATTCATTA,1,0
CGGGTACGCTAAGAGGTTTTTTTCAGTA,0,5
CGGGTACGCTAAGAGGTTTTTTTCATGA,0,1
CGGGTACGCTAGCAGGCTTGTAACATAG,1,0
CGGGTACGCTCCCAGATATGTCTCATCT,0,39
CGGGTACGCTCCCAGATATTTCTCCTCT,0,1
CGGGTACGCTGGGAGTGATGTCCCATCG,46,97
CGGGTACGCTGGGAGTGATGTCCCCTCT,0,2
CGGGTACGCTGGGAGTGATTTCCCATCT,0,3
CGGGTACGCTGGGAGTGATTTCCCCTCG,1,0
CGGGTACGCTGGGAGTTATGTCCCATCT,3,3
CGGGTACGCTGGGAGTTATTTCCCCTCT,0,1
CGGGTACGCTTGCAGGCTGGGAACCTAG,1,0
CGGGTACGCTTGCAGGCTTGGAACATAG,83,0
CGGGTACGCTTGCAGGCTTGTAACCTAT,1,0
CGGGTACGCTTGCAGGCTTGTCCCAAAT,1,0
CGGGTACGCTTGCAGGCTTTTAACATAT,3,0
CGGGTACGCTTGCAGGCTTTTAACCTCG,1,0
CGGGTACTCTCACAGTAATGTACCACAC,1,0
CGGGTACTCTCACAGTATTGTAGCAGAC,110,45
CGGGTACTCTCACAGTATTGTAGCCGCC,2,0
CGGGTACTCTCACAGTATTGTATCATAC,15,2
CGGGTACTCTCACAGTATTGTATCCGAC,3,0
CGGGTACTCTCACAGTATTTTAGCATAC,1,0
CGGGTACTCTCACAGTATTTTATCAGAC,0,1
CGGGTACTCTTCAAGAAATGAGGCAAAT,0,1
CGGGTACTCTTCAAGATATGAGGCAATT,43,101
CGGGTACTCTTCAAGATATGAGGCCCTT,1,2
CGGGTACTCTTCAAGATATGATGCCATT,0,1
CGGGTACTCTTCAAGATATTATTCAATT,4,10
CGGGTACTCTTGAAGATATGGCCCATAA,109,105
CGGGTACTCTTGAAGATATGGCCCCTCA,4,1
CGGGTACTCTTGAAGATATGTCCCATCA,1,0
CGGGTACTCTTGAAGATATGTCCCCTAA,1,0
CGGGTACTCTTGAAGATATTGCCCAAAA,0,1
CGGGTACTCTTGAAGATATTTCCCATAA,4,7
CGGGTAGACTTCAAGAAATGATTCAAAA,1,0
CGGGTAGCCTATTAGGTTTGGAGCAAGT,0,41
CGGGTAGCCTATTAGGTTTGGAGCCCGT,0,2
CGGGTAGCCTATTAGGTTTGTATCAAGT,0,2
CGGGTAGCCTATTAGGTTTTGATCAAGT,0,1
CGGGTAGCCTGAAAGATATGCGGCCTCG,1,0
CGGGTAGGCTCCTAGCACTGGGACCTGC,0,1
CGGGTAGGCTCTAAGCTTTGGCGCAGGA,1,0
CGGGTAGGCTCTTAGCTCTGTCTCAGGT,0,1
CGGGTAGGCTCTTAGCTGTGGCGCAGGT,26,26
CGGGTAGGCTCTTAGCTGTGGCGCATTT,0,1
CGGGTAGGCTCTTAGCTGTGGCTCAGGA,1,0
CGGGTAGGCTCTTAGCTGTGTCGCATGT,4,0
CGGGTAGGCTCTTAGCTGTGTCTCAGTT,0,1
CGGGTAGGCTCTTAGCTGTTGCGCATGT,0,1
CGGGTAGGCTCTTAGCTGTTTCGCATTT,1,0
CGGGTAGGCTCTTAGCTGTTTCTCATGT,2,0
CGGGTAGGCTCTTAGCTTTGGCTCAGTT,1,0
CGGGTAGGCTCTTAGCTTTGTCTCATGT,0,1
CGGGTAGGCTCTTAGCTTTTTCTCATTT,1,5
CGGGTAGGCTGAGAGGTCTGTTTCAGAG,161,108
CGGGTAGGCTGAGAGGTCTGTTTCATAT,2,5
CGGGTAGGCTGAGAGGTCTGTTTCCGAT,1,0
CGGGTAGGCTGAGAGGTCTGTTTCCGCG,2,2
CGGGTAGGCTGAGAGGTCTTTTTCAGAT,2,0
CGGGTAGGCTGAGAGGTCTTTTTCATAG,1,0
CGGGTAGGCTGCAAGCAGTGGGGCAAGT,38,0
CGGGTAGGCTGCAAGCAGTGGGGCCCGT,1,0
CGGGTAGGCTGCAAGCAGTGTGTCAAGT,2,0
CGGGTAGGCTGCAAGCAGTGTTGCAAGT,2,0
CGGGTAGGCTGCAAGCAGTGTTTCCCGT,1,0
CGGGTAGGCTGCAAGCAGTTGTTCAAGT,1,0
CGGGTAGGCTGCAAGCATTTTTTCAATT,4,0
CGGGTAGGCTTAGAGAACTGCGTCATTT,37,56
CGGGTAGGCTTAGAGAACTGCTTCCTTT,0,2
CGGGTAGGCTTAGAGAACTTCTTCATTT,1,1
CGGGTAGGCTTGAAGCTCTGCAGCACTT,27,0
CGGGTAGGCTTGAAGCTCTTCAGCCCTT,1,0
CGGGTAGGCTTGCAGGTTTGTGGCAAAC,1,0
CGGGTAGTCTACCAGACTTGCGACATGT,28,65
CGGGTAGTCTACCAGACTTGCTACCTTT,1,0
CGGGTAGTCTACCAGACTTGCTCCATTA,0,1
CGGGTAGTCTACCAGACTTTCTACATTT,3,6
CGGGTATCCTGCGAGTCCTGGCTCATCA,0,4
CGGGTATGATAAGAGTAGTTCTACATCA,1,0
CGGGTATGCTAAGAGTAGTGCTACATCA,47,208
CGGGTATGCTAAGAGTATTGCTACAACA,0,1
CGGGTATGCTAAGAGTATTTCTACATCA,0,3
CGGGTATGCTCTAAGACGTGCGGCAACG,32,32
CGGGTATGCTCTAAGACGTGCTTCAACT,1,1
CGGGTATGCTCTAAGACTTGCTGCAACT,0,1
CGGGTATGCTCTAAGACTTGCTTCAACG,3,3
CGGGTATGCTCTAAGACTTTCTTCAACT,1,1
CGGGTATGCTTCAAGGGATGTTGCATTA,0,7
CGGGTATTCTCCTAGGGATGTCGCACAT,25,0
CGGGTATTCTGCTACATCTTTATCCCTC,0,1
CGGGTATTCTGCTAGAGCTGAATCACTC,0,1
CGGGTATTCTGCTAGAGCTGTATCACGC,0,128
CGGGTATTCTGCTAGAGCTTTATCACTC,0,3
CGGGTATTCTGCTAGATCTGTATCACTC,0,6
CGGGTATTCTTCGAGAACTGATGCACGC,0,1
CGGGTCAACTCGTAGTGGTGGGGCAGCG,30,34
CGGGTCAACTCGTAGTGGTGGGTCCGCG,1,0
CGGGTCAACTCGTAGTGGTGGTGCCGCG,0,2
CGGGTCAACTCGTAGTGGTGGTTCAGCG,2,3
CGGGTCAACTCGTAGTGGTGTGGCATCG,2,0
CGGGTCAACTCGTAGTGGTGTGTCAGCT,1,0
CGGGTCAACTCGTAGTGGTGTTGCAGCG,2,0
CGGGTCAACTCGTAGTGGTTGGTCATCG,0,1
CGGGTCAACTCGTAGTGGTTTTTCAGCG,2,0
CGGGTCAACTCGTAGTGGTTTTTCATCT,0,2
CGGGTCAACTCGTAGTGTTGGTTCATCG,1,0
CGGGTCAACTCGTAGTGTTGTGGCAGCG,0,2
CGGGTCAACTCGTAGTGTTGTTTCAGCT,0,1
CGGGTCAACTCGTAGTGTTGTTTCCTCT,1,0
CGGGTCAACTCGTAGTTTTGGGGCAGCG,0,2
CGGGTCAACTCGTAGTTTTGGTTCAGCG,1,0
CGGGTCAACTCGTAGTTTTGTGTCAGCG,1,0
CGGGTCAACTCGTAGTTTTGTGTCATCT,0,2
CGGGTCAACTCGTAGTTTTGTTTCATCG,2,0
CGGGTCAACTCGTAGTTTTTGTTCCGCG,0,1
CGGGTCAACTCGTAGTTTTTTTTCATCT,3,1
CGGGTCAACTGCAAGCGGTGTCGCAGTA,0,5
CGGGTCACCTAAAAGGCGTGTGCCACTT,0,1
CGGGTCACCTCGTAGTTGTGTTTCATCT,1,0
CGGGTCATCTAATAGGGGTGCTCCAATT,35,66
CGGGTCATCTAATAGGGGTGCTCCCCTT,0,2
CGGGTCATCTAATAGGGTAGCTCCAATT,0,1
CGGGTCATCTAATAGGTTTGCTCCAATT,5,7
CGGGTCATCTATTAGCGAAGTTGCCGTG,0,1
CGGGTCATCTATTAGCGTTGTATCAGTG,0,1
CGGGTCATCTATTAGCGTTGTTGCAGTG,52,70
CGGGTCATCTATTAGCGTTGTTTCAGTT,2,0
CGGGTCATCTATTAGCGTTGTTTCATTG,2,2
CGGGTCATCTATTAGCGTTTTTGCAGTT,1,1
CGGGTCATCTATTAGCGTTTTTTCAGTG,1,0
CGGGTCATCTATTAGCTATGTTTCATAT,1,0
CGGGTCATCTATTAGCTTTGTTGCATTT,1,0
CGGGTCATCTATTAGCTTTGTTTCAGTG,4,3
CGGGTCATCTATTAGCTTTTTTTCATTT,2,3
CGGGTCATCTATTAGCTTTTTTTCCGTG,1,0
CGGGTCATCTCACAGGTATGCCACATAC,0,110
CGGGTCATCTCACAGGTATGCCACCTCC,0,2
CGGGTCATCTCATAGACCTGCAACAATG,43,0
CGGGTCATCTCATAGACCTTCAACAATT,5,0
CGGGTCATCTCATAGACCTTCAACACTG,1,0
CGGGTCATCTGCGAGAACTGAGACAAGG,0,1
CGGGTCATCTGTCAGTTTATGCGCATCT,1,0
CGGGTCATCTGTCAGTTTTGGCGCATCG,124,35
CGGGTCATCTGTCAGTTTTGTCGCATCT,2,0
CGGGTCATCTGTCAGTTTTGTCGCCTCG,1,0
CGGGTCATCTGTCAGTTTTGTCTCATCG,1,1
CGGGTCATCTGTCAGTTTTGTCTCCTCT,1,0
CGGGTCATCTGTCAGTTTTTTCGCATCG,2,0
CGGGTCATCTGTCAGTTTTTTCTCATCT,20,2
CGGGTCCACTTAAAGAGCTGTCTCAGCG,29,0
CGGGTCCACTTAAAGAGCTGTCTCATCT,1,0
CGGGTCCACTTAAAGAGCTGTCTCCGCT,1,0
CGGGTCCACTTAAAGAGCTTTCTCAGCT,1,0
CGGGTCCACTTAAAGATCTGTCTCATCG,2,0
CGGGTCCACTTAAAGATCTTTCTCATCT,1,0
CGGGTCCCCTGAGAGAGATGGTGCACGG,0,35
CGGGTCCCCTGAGAGAGATGTTGCACTT,0,2
CGGGTCCCCTGAGAGAGATTGTTCACGG,0,1
CGGGTCCCCTGAGAGATATGCATCACGC,0,1
CGGGTCCCCTGAGAGATATGTTGCACTG,0,1
CGGGTCCCCTGAGAGATATTTTTCACGG,0,1
CGGGTCCCCTGAGAGATATTTTTCACTT,0,1
CGGGTCCTCTGTAAGGGCTGATCCAGCA,61,64
CGGGTCCTCTGTAAGGGCTGATCCCTCA,1,0
CGGGTCCTCTGTAAGGTCTGATCCATCA,8,6
CGGGTCCTCTGTAAGGTCTGATCCCGCA,2,1
CGGGTCCTCTGTAAGGTCTTATCCAGCA,2,0
CGGGTCGACTGTAAGTCTTGATACACCG,0,5
CGGGTCGACTGTAAGTCTTTATACACCT,0,1
CGGGTCGCCTGAAAGATATGCTGCATCG,1,0
CGGGTCGGCTGTTAGGCATGCGACAATA,0,8
CGGGTCGGCTTCGAGGTCTGCTACACCT,27,43
CGGGTCGGCTTGAAGAATTGAGGCAGTC,0,10
CGGGTCGGCTTGAAGAATTGAGTCATTC,0,1
CGGGTCGGCTTGAAGAATTTATTCATTC,0,2
CGGGTCGTCTAACAGGTATGAAACATCA,1,0
CGGGTCGTCTAACAGGTCTGCACCATCC,83,73
CGGGTCGTCTAACAGGTCTTCACCCTCC,1,0
CGGGTCGTCTAATAGATTTGATACATTA,0,39
CGGGTCGTCTAATAGATTTGATACCTTC,0,1
CGGGTCGTCTTGAAGAACTGCCTCATTG,0,1
CGGGTCGTCTTGAAGAAGTGCGGCAGGG,48,21
CGGGTCGTCTTGAAGAAGTGCGGCATTT,0,1
CGGGTCGTCTTGAAGAAGTGCGTCATGG,0,1
CGGGTCGTCTTGAAGAAGTGCTGCCGGG,1,0
CGGGTCGTCTTGAAGAAGTGCTTCAGTG,4,0
CGGGTCGTCTTGAAGAAGTTCGTCAGTG,0,1
CGGGTCGTCTTGAAGAAGTTCTTCCGGT,0,1
CGGGTCGTCTTGAAGAATTGCTTCAGGT,0,1
CGGGTCGTCTTGAAGAATTGCTTCATGG,1,0
CGGGTCGTCTTGAAGAATTTCGTCATGG,1,1
CGGGTCGTCTTGAAGAATTTCTGCAGTG,0,1
CGGGTCGTCTTGAAGAATTTCTGCATGG,1,0
CGGGTCGTCTTGAAGAATTTCTTCATTT,2,1
CGGGTCGTCTTGAAGAATTTCTTCCGGG,1,0
CGGGTCTCCTGTGAGCGTTGTGACACCC,0,39
CGGGTCTCCTGTGAGCTTTGTTACACCC,0,1
CGGGTCTCCTGTTAGCGTTGTACCAGTA,73,0
CGGGTCTCCTGTTAGCGTTTTACCATTA,1,0
CGGGTCTCCTGTTAGCTTTGTACCATTA,1,0
CGGGTCTGCTACCAGCCGTGTGCCAGGA,37,2
CGGGTCTGCTACCAGCCGTGTGCCATTA,1,0
CGGGTCTGCTACCAGCCTTGTTCCAGGA,2,0
CGGGTCTGCTACCAGCCTTGTTCCATTA,3,0
CGGGTCTGCTGTGAGGGGTGAGACAGGC,32,2
CGGGTCTGCTGTGAGGTGTGAGACAGTC,1,0
CGGGTCTGCTGTGAGGTTTGAGACAGGC,1,0
CGGGTCTGCTGTGAGGTTTTATACATTC,1,0
CGGGTGAACTGTCAGACATGTCGCAGTT,36,0
CGGGTGAACTGTCAGACATGTCTCATTT,3,0
CGGGTGAACTGTCAGACATTTCTCAGTT,1,0
CGGGTGAACTTCCAGTGGTGGGCCAACT,0,1
CGGGTGAACTTCCAGTGGTGGGCCATCG,0,35
CGGGTGAACTTCCAGTGGTGTGCCATCT,0,1
CGGGTGAACTTCCAGTGGTGTTCCATCG,0,5
CGGGTGAACTTCCAGTGGTTTTCCATCT,0,2
CGGGTGAACTTCCAGTGTTGGGCCATCT,0,1
CGGGTGAACTTCCAGTGTTGTGCCATCG,0,1
CGGGTGACCAAATAGGCGTGTTCCACTT,0,1
CGGGTGACCTTACAGCCTTGCATCAACT,0,1
CGGGTGAGCTAATAGCCTTGTCTCAGCC,0,1
CGGGTGAGCTAATAGTCATGTCACATCC,1,0
CGGGTGAGCTAATAGTCATGTCTCAGCC,78,127
CGGGTGAGCTAATAGTCATTTCTCATCC,2,6
CGGGTGAGCTGTGAGCATTGAGTCAAGC,1,0
CGGGTGATCTAACAGAAGTGCTTCATTC,41,0
CGGGTGATCTAACAGAATTGATTCATTC,1,0
CGGGTGATCTAACAGAATTTCTTCATTC,1,0
CGGGTGATCTCATAGATATGTATCAGGA,30,0
CGGGTGATCTCATAGATATGTATCATTA,2,0
CGGGTGATCTCTCAGCTCTGGAACATCT,0,41
CGGGTGATCTCTCAGCTCTTTAACATCT,0,2
CGGGTGATCTGCGAGCAGTGTGTCAACA,83,19
CGGGTGATCTGCGAGCAGTGTGTCCCCA,2,0
CGGGTGATCTGCGAGCATTTTGTCAACA,1,0
CGGGTGCACTACGAGCTGAGAGACATCT,0,1
CGGGTGCACTACGAGCTGATATACATCT,1,0
CGGGTGCACTACGAGCTGGGAGACCGCT,1,0
CGGGTGCACTACGAGCTGTGAGACAGCT,516,348
CGGGTGCACTACGAGCTGTGATACATCT,4,8
CGGGTGCACTACGAGCTGTGATACCGCT,0,2
CGGGTGCACTACGAGCTGTTAGACATCT,4,1
CGGGTGCACTACGAGCTGTTATACAGCT,0,1
CGGGTGCACTACGAGCTTTGAGACATCT,6,6
CGGGTGCACTACGAGCTTTGAGACCGCT,1,0
CGGGTGCACTACGAGCTTTGATACAGCT,1,2
CGGGTGCACTACGAGCTTTGATACCTCT,0,1
CGGGTGCACTACGAGCTTTTATACATCT,24,13
CGGGTGCACTGGGGAGGTGTGGGCATCG,2,24
CGGGTGCACTGGGGAGTTGTGTGCATCT,0,1
CGGGTGCACTGGGGAGTTTTGGGCATCG,0,2
CGGGTGCACTGGGGAGTTTTGTTCATCT,1,0
CGGGTGCACTTTTAGTCGTGCAGCAGAG,0,4
CGGGTGCACTTTTAGTCGTGCATCATAG,0,1
CGGGTGCACTTTTAGTCGTTCATCAGAG,0,1
CGGGTGCCCTTTGAGCGCTGTGCCATTT,75,70
CGGGTGCCCTTTGAGCGCTTTTCCATTT,1,0
CGGGTGCCCTTTGAGCTCTGTGCCATTA,1,0
CGGGTGCCCTTTGAGCTCTGTGCCCTTT,1,1
CGGGTGCCCTTTGAGCTCTGTTCCATTT,8,5
CGGGTGCCCTTTGAGCTCTTTGCCATTT,0,1
CGGGTGCGCTAAGAGGTTTGAATCATGA,1,0
CGGGTGCGCTGTGAGCAGTGAGGCAAGC,95,10
CGGGTGCGCTGTGAGCAGTGAGGCCCGC,2,0
CGGGTGCGCTGTGAGCAGTGAGTCAATC,3,1
CGGGTGCGCTGTGAGCAGTTAGGCACGC,1,0
CGGGTGCGCTGTGAGCAGTTATTCAAGC,1,0
CGGGTGCGCTGTGAGCATTTATTCAATC,2,1
CGGGTGCTCTACCAGCTCTGATACATCT,1,0
CGGGTGCTCTACGAGCTGAGAGACAGCT,1,0
CGGGTGCTCTGTGAGTTATGCCGCAACC,0,40
CGGGTGCTCTGTGAGTTATGCCTCCCCC,0,3
CGGGTGCTCTGTGAGTTATTCCTCAACC,0,2
CGGGTGGACTGAAAGTCATGGTTCACCA,44,0
CGGGTGGACTGAAAGTCATTTTTCACCA,1,0
CGGGTGGACTTATAGGCCTGTTCCAGCT,1,0
CGGGTGGACTTGCAGGGGTGGGGCAGTA,29,0
CGGGTGGACTTGCAGGGGTGTGGCCGTA,1,0
CGGGTGGACTTGCAGGGGTGTGTCAGTA,1,0
CGGGTGGACTTGCAGGGGTGTTGCAGTA,2,0
CGGGTGGACTTGCAGGGGTGTTTCAGAA,1,0
CGGGTGGACTTGCAGGGTTGTGGCAGTA,2,0
CGGGTGGACTTGCAGGGTTGTTTCAGTA,1,0
CGGGTGGACTTGCAGGTTTGGGGCAGTA,1,0
CGGGTGGACTTGCAGGTTTGTGTCAGTA,3,0
CGGGTGGACTTGCAGGTTTTTTTCATTA,1,0
CGGGTGGACTTGGAGATCTATCTCATCA,0,1
CGGGTGGACTTTTAGGCCTGTGCCAGCT,121,47
CGGGTGGACTTTTAGGCCTGTTCCATCT,5,3
CGGGTGGACTTTTAGGCCTGTTCCCGCT,0,1
CGGGTGGACTTTTAGGCCTTTGCCATCT,0,1
CGGGTGGACTTTTAGGCCTTTTCCAGCT,1,0
CGGGTGGCCTATTAGGCCTGTTCCATCT,1,0
CGGGTGGCCTCTGAGACTGGAGTCCTAA,1,0
CGGGTGGCCTCTGAGACTTGAGTCATAA,150,19
CGGGTGGCCTCTGAGACTTGAGTCCTCA,2,0
CGGGTGGCCTCTGAGACTTTATTCATAA,2,2
CGGGTGGCCTGAAAGATATGCGGCATCG,57,231
CGGGTGGCCTGAAAGATATGCGTCATCT,0,3
CGGGTGGCCTGAAAGATATGCGTCCTCG,0,1
CGGGTGGCCTGAAAGATATGCTGCATCT,1,2
CGGGTGGCCTGAAAGATATGCTGCCTCG,1,1
CGGGTGGCCTGAAAGATATGCTTCATCG,3,21
CGGGTGGCCTGAAAGATATTCGGCATCT,0,1
CGGGTGGCCTGAAAGATATTCGTCATCG,3,4
CGGGTGGCCTGAAAGATATTCTGCATCG,0,2
CGGGTGGCCTGAAAGATATTCTTCATCT,1,12
CGGGTGGCCTGAAAGGGTGGATTCCTAC,0,1
CGGGTGGCCTGAAAGGGTTGATTCATAA,40,41
CGGGTGGCCTGAAAGGGTTGATTCCTCA,1,1
CGGGTGGCCTGAAAGGTTTTATTCATAA,2,2
CGGGTGGGATCTCAGTTATGCTTCATTC,1,0
CGGGTGGGCTATTAGTCCTGGTTCATCA,0,1
CGGGTGGGCTATTAGTGCTGGTTCATCT,63,33
CGGGTGGGCTATTAGTGCTTTTTCCTCT,0,1
CGGGTGGGCTATTAGTTCTTTTTCATCT,4,1
CGGGTGGGCTCCGAGCGGTGACGCAGTA,113,90
CGGGTGGGCTCCGAGCGGTGACTCATTA,1,0
CGGGTGGGCTCCGAGCGGTTACTCAGTA,2,1
CGGGTGGGCTCCGAGCGTTGACGCATTA,1,0
CGGGTGGGCTCCGAGCGTTGACTCAGTA,0,1
CGGGTGGGCTCCGAGCTGTGACGCCGTA,1,0
CGGGTGGGCTCCGAGCTGTGACTCAGTA,2,0
CGGGTGGGCTCCGAGCTTTGACGCAGTA,11,8
CGGGTGGGCTCCGAGCTTTGACTCATTA,1,3
CGGGTGGGCTCCGAGCTTTTACTCAGTA,1,0
CGGGTGGGCTCGCAGACGTGCGCCATGC,1,0
CGGGTGGGCTCTCAGAGATGCTTCATTC,1,1
CGGGTGGGCTCTCAGATATTCTTCATGC,0,1
CGGGTGGGCTCTCAGTGATGCTTCAATC,1,0
CGGGTGGGCTCTCAGTGATGCTTCATGC,494,624
CGGGTGGGCTCTCAGTGATGCTTCCTTC,0,6
CGGGTGGGCTCTCAGTGATTCTTCCTGC,1,1
CGGGTGGGCTCTCAGTGCTGCTTCCTGC,0,1
CGGGTGGGCTCTCAGTGCTTCTTCATGC,0,1
CGGGTGGGCTCTCAGTGCTTCTTCCTTC,1,0
CGGGTGGGCTCTCAGTTATGCTTCCTGC,1,0
CGGGTGGGCTCTCAGTTATTCTTCATTC,51,48
CGGGTGGGCTGGCAGTCGTGTTTCATAT,48,9
CGGGTGGGCTGGCAGTCGTGTTTCCTCG,1,0
CGGGTGGGCTGGCAGTCTTGTTTCAAAT,1,0
CGGGTGGGCTGGCAGTCTTTTTTCATAT,1,0
CGGGTGGGCTTGGAGCGTTGGCTCACTG,30,65
CGGGTGGGCTTGGAGCGTTGTCTCACTT,4,4
CGGGTGGGCTTGGAGCGTTGTCTCCCTG,1,0
CGGGTGGGCTTGGAGCTTTGGCTCACTT,0,1
CGGGTGGGCTTGGAGCTTTGTCTCACTG,1,0
CGGGTGGGCTTGGAGCTTTTGCTCACTG,1,0
CGGGTGGGCTTGGAGCTTTTTCTCACTT,1,4
CGGGTGGGCTTGGAGTGATGGTTCAGGT,117,297
CGGGTGGGCTTGGAGTGATGGTTCATTT,1,3
CGGGTGGGCTTGGAGTGATGTTTCAGTT,4,3
CGGGTGGGCTTGGAGTGATGTTTCATGT,2,4
CGGGTGGGCTTGGAGTGATGTTTCCGGT,1,1
CGGGTGGGCTTGGAGTGATTGTTCAGTT,0,3
CGGGTGGGCTTGGAGTGATTGTTCATGT,1,0
CGGGTGGGCTTGGAGTGATTTTTCAGGT,0,3
CGGGTGGGCTTGGAGTGATTTTTCATTT,2,20
CGGGTGGGCTTGGAGTTATGTTTCAGGT,0,2
CGGGTGGGCTTGGAGTTATTGTTCAGGT,1,0
CGGGTGGGCTTGGAGTTATTGTTCATTT,1,0
CGGGTGGGCTTGTAGTCTTGCGACAATT,1,0
CGGGTGGTCTTGGAGATATGGTACAGCA,0,1
CGGGTGTCATAATAGGCTTGTGCCACTT,1,0
CGGGTGTCCTAATAGGCGTGTGCCACTT,419,344
CGGGTGTCCTAATAGGCGTGTTCCACAT,1,0
CGGGTGTCCTAATAGGCGTGTTCCCCTT,0,1
CGGGTGTCCTAATAGGCGTTTTCCACTT,3,1
CGGGTGTCCTAATAGGCTTGTGCCCCTT,0,1
CGGGTGTCCTAATAGGCTTGTTCCACTT,22,26
CGGGTGTCCTAATAGGCTTGTTCGCCTT,0,1
CGGGTGTCCTAATAGGCTTTTGCCACTT,1,0
CGGGTGTCCTAATAGGCTTTTTCCACAT,0,1
CGGGTGTCCTTGTAGGTATGGTCCACAC,44,0
CGGGTGTCCTTGTAGGTATGGTCCCCCC,2,0
CGGGTGTCCTTGTAGGTATTTTCCACAC,1,0
CGGGTGTCCTTTGAGCGCTGTGCCCTTT,1,0
CGGGTGTGCTAACAGGCTTGGAGCAACT,52,261
CGGGTGTGCTAACAGGCTTGGAGCCCCT,0,10
CGGGTGTGCTAACAGGCTTGTATCAACT,4,19
CGGGTGTGCTAACAGGCTTGTATCCCCT,1,1
CGGGTGTGCTAACAGGCTTTGATCAACT,0,1
CGGGTGTGCTAACAGGCTTTTAGCAACT,0,4
CGGGTGTGCTAACAGTCATGCAGCAACT,0,1
CGGGTGTGCTAGCAGGCTTGTAGCAACT,0,1
CGGGTTAGCTACAAGTAAAGTCTCACGC,1,0
CGGGTTAGCTACAAGTAATGGCTCACGC,164,237
CGGGTTAGCTACAAGTAATGGCTCCCTC,0,1
CGGGTTAGCTACAAGTAATGTCACACGC,0,1
CGGGTTAGCTACAAGTAATGTCTCACTC,23,40
CGGGTTAGCTACAAGTAATGTCTCCCGC,1,3
CGGGTTAGCTACAAGTAATTGCTCACTC,0,1
CGGGTTAGCTACAAGTAATTTCTCACGC,1,2
CGGGTTAGCTGACAGCTCTGTCCCAAAT,1,0
CGGGTTAGCTGGCAGGGCTGTCGCAAAT,34,0
CGGGTTAGCTGGCAGGGCTGTCTCACAT,1,0
CGGGTTAGCTGGCAGGTCTGTCTCAAAT,4,0
CGGGTTAGCTGGGAGCGGTGTGGCAATG,160,131
CGGGTTAGCTGGGAGCGGTGTGGCCCTG,4,2
CGGGTTAGCTGGGAGCGGTGTGTCAATT,1,0
CGGGTTAGCTGGGAGCGGTGTGTCACTG,0,1
CGGGTTAGCTGGGAGCGGTGTGTCTATG,1,0
CGGGTTAGCTGGGAGCGGTGTTTCAATG,5,5
CGGGTTAGCTGGGAGCGGTGTTTCCCTT,1,0
CGGGTTAGCTGGGAGCGGTTTTTCAATT,1,0
CGGGTTAGCTGGGAGCGTTGTTGCAATG,1,1
CGGGTTAGCTGGGAGCGTTTTTTCAATG,1,0
CGGGTTAGCTGGGAGCTGAGTGGCAATG,1,0
CGGGTTAGCTGGGAGCTGTGTTGCAATG,1,1
CGGGTTAGCTGGGAGCTGTTTGTCAATG,1,0
CGGGTTAGCTGGGAGCTTTGTGGCAATT,0,2
CGGGTTAGCTGGGAGCTTTGTGTCAATG,19,9
CGGGTTAGCTGGGAGCTTTTTTTCAATT,7,5
CGGGTTATCTCCGAGGTGTGTCTCATCT,116,138
CGGGTTATCTCCGAGGTGTTTTTCATCT,0,1
CGGGTTATCTCCGAGGTTTTTCTCATCT,2,6
CGGGTTCACTAAAAGGAATCCTTCACCT,1,0
CGGGTTCACTAAAAGGAATGCGTCAACG,84,123
CGGGTTCACTAAAAGGAATGCGTCCCCG,1,3
CGGGTTCACTAAAAGGAATGCTTCAACT,3,9
CGGGTTCACTAAAAGGAATGCTTCACCG,0,1
CGGGTTCACTAAAAGGAATGCTTCCACG,1,0
CGGGTTCACTAAAAGGAATTCGTCAACT,0,1
CGGGTTCACTAAAAGGAATTCTTCAACG,3,3
CGGGTTCACTACAAGTCATGCTCCATAC,46,27
CGGGTTCACTGATAGGGGTGATCCAGCA,0,62
CGGGTTCACTGATAGGGGTGATCCCGCC,0,1
CGGGTTCACTGATAGGGGTTATCCATCA,0,1
CGGGTTCACTGATAGGGTTGATCCATCA,0,3
CGGGTTCACTGATAGGTTTGATCCAGCA,0,2
CGGGTTCACTGATAGGTTTTATCCATCA,0,5
CGGGTTCGCTGATAGTGTTGCACCAATT,1,0
CGGGTTCGCTGGAAGATATGCTTCACTC,87,104
CGGGTTCGCTGGAAGATATTCTTCCCTC,1,2
CGGGTTCGCTTGCAGGCATGCATCAAAG,1,0
CGGGTTCGCTTTTAGTGGTGGACCAATG,96,92
CGGGTTCGCTTTTAGTGGTGGACCCCTG,2,0
CGGGTTCGCTTTTAGTGGTGTACCAATT,4,3
CGGGTTCGCTTTTAGTGGTTTACCAATG,1,1
CGGGTTCGCTTTTAGTGTTGGACCAATT,0,1
CGGGTTCGCTTTTAGTGTTGTACCAATG,4,8
CGGGTTCGCTTTTAGTGTTTTACCCATT,0,1
CGGGTTCGCTTTTAGTTGTGTACCAATG,0,1
CGGGTTCGCTTTTAGTTTTGGACCAATG,6,0
CGGGTTCGCTTTTAGTTTTTTACCAATT,5,3
CGGGTTCTCTGGAAGCTGTGTAACATCG,54,31
CGGGTTCTCTGGAAGCTGTGTAACCTCT,2,0
CGGGTTCTCTGGAAGCTTTGTAACATCT,5,2
CGGGTTCTCTGTAAGCTTTGACTCACTC,44,40
CGGGTTCTCTTCAAGAAATGAGCCAATT,1,0
CGGGTTCTCTTTCAGGCGTGCCCCAATG,30,142
CGGGTTCTCTTTCAGGCGTGCCCCCATT,0,1
CGGGTTCTCTTTCAGGCGTGCCCCCCTG,0,3
CGGGTTCTCTTTCAGGCGTTCCCCAATT,0,1
CGGGTTCTCTTTCAGGCTTGCCCCAATT,1,4
CGGGTTCTCTTTCAGGCTTGCCCCCATG,1,0
CGGGTTCTCTTTCAGGCTTTCCCCAATG,0,2
CGGGTTGACTGAGAGCATTGCCGCATGG,29,0
CGGGTTGACTGAGAGCATTGCCTCATTG,1,0
CGGGTTGACTGAGAGCATTTCCGCATTG,1,0
CGGGTTGACTGAGAGCATTTCCTCATGT,2,0
CGGGTTGACTGTTAGAAATGAATCATAC,0,1
CGGGTTGCCTCGCAGGCATGACACACTC,1,0
CGGGTTGCCTCGCAGGGATGACTCACTC,35,142
CGGGTTGCCTCGCAGGGATGCCTCCCTC,0,1
CGGGTTGCCTCGCAGGTATGACTCCCTC,0,1
CGGGTTGCCTCGCAGGTATTACTCACTC,2,5
CGGGTTGCCTGATAGCGTTGTAGCATCT,0,1
CGGGTTGCCTGATAGGGGTGGTGCATCT,33,67
CGGGTTGCCTGATAGGGGTGTTTCATCT,0,1
CGGGTTGCCTGATAGGGGTTGTTCATCT,0,1
CGGGTTGCCTGATAGGGTTGGTTCATCT,1,0
CGGGTTGCCTGATAGGTTTGGTGCATCT,0,4
CGGGTTGCCTGATAGGTTTTTTTCATCT,0,7
CGGGTTGCCTGTGAGCAGGGGGTCCGCA,0,1
CGGGTTGCCTGTGAGCAGTGGGTCAGCA,43,70
CGGGTTGCCTGTGAGCAGTGTGTCATCA,2,2
CGGGTTGCCTGTGAGCAGTTGTTCATCA,0,1
CGGGTTGCCTGTGAGCATTGGGTCATCA,2,0
CGGGTTGCCTGTGAGCATTGTGTCAGCA,0,2
CGGGTTGCCTGTGAGCATTGTTTCATCA,0,2
CGGGTTGCCTGTGAGCATTTTGTCATCA,1,0
CGGGTTGCCTGTTAGGTGTGAAGCAGCC,0,53
CGGGTTGCCTGTTAGGTGTGAATCATCC,0,5
CGGGTTGCCTGTTAGGTTTTAATCATCC,0,1
CGGGTTGGCTACAAGGAAGGCGTCCGGA,0,1
CGGGTTGGCTACAAGGAATGCGTCAGGA,0,90
CGGGTTGGCTACAAGGAATGCTTCATTA,0,9
CGGGTTGGCTACAAGGAATGCTTCCGGA,0,2
CGGGTTGGCTACAAGGAATTCGTCATGA,0,1
CGGGTTGTCTACAAGTGTTGGCGCAGCC,0,1
CGGGTTGTCTGATAGTCATGGCTCAATT,121,80
CGGGTTGTCTGATAGTCATGTCTCCCTT,9,1
CGGGTTGTCTGATAGTCATTTCTCAATT,6,3
CGGGTTGTCTGGGAGCTCTGAGGCAGTG,2,93
CGGGTTGTCTGGGAGCTCTGAGTCAGTT,0,1
CGGGTTGTCTGGGAGCTCTGATTCAGTG,1,5
CGGGTTGTCTGGGAGCTCTTATTCAGTT,0,1
CGGGTTTACTCAAAGCCTTGATACACAT,0,1
CGGGTTTACTCAAAGCCTTGATTCACAG,0,21
CGGGTTTACTCAAAGCCTTTATTCACAT,0,2
CGGGTTTGCTCCTAGGTTTGAACCACGT,0,41
CGGGTTTGCTCCTAGGTTTTAACCACTT,0,1
CGGGTTTGCTTCAAGCAGTGTGTCATCT,0,24
CGGGTTTGCTTCAAGCAGTTTTTCATCT,0,1
CGGGTTTTCTATGAGAAATGGGCCACAA,25,0
CGGGTTTTCTATGAGAAATGTTCCACAA,3,0
CGGGTTTTCTATGAGAAATTTGCCACAA,1,0
CGGGTTTTCTCCGAGTCTTGTTTCACCC,47,0
CGGGTTTTCTGTGAGACTTCAGCCATAA,1,0
CGGGTTTTCTGTGAGACTTGAGCCAGAA,72,0
CGGGTTTTCTGTGAGACTTGATCCCGAA,1,0
CGGGTTTTCTGTGAGACTTTATCCATAA,4,0
CGGGTTTTCTTGGAGCCATGTTTCACGA,0,1
CGTCACGCCTTCCAGTGCTTTGGCAGAA,0,1
CGTCTTTTCAGTGAGCATTTAATCATAG,0,1
CGTGAAAGCTTCGAGTTTTTTCACATCA,0,1
CGTGAATACTCGCAGGCATTTTCCATCA,1,0
CGTGATGGCTTAGAGGTATGATTCATGC,1,0
CGTGTAACCTCTGAGGCGTGAGTCAGGC,33,0
CGTGTAACCTCTGAGGCTTGAGTCAGTC,2,0
CGTGTAACCTCTGAGGCTTGAGTCATGC,1,0
CGTGTAACCTCTGAGGCTTGAGTCCGGC,1,0
CGTGTAACCTGGAAGTCTTGTGCCACTT,51,29
CGTGTAACCTGGAAGTCTTGTTCCCCTT,1,1
CGTGTAACCTGGAAGTCTTTTTCCACTT,2,4
CGTGTAAGCTAGCAGCCTTGAAACATAA,0,1
CGTGTAAGCTGAGAGAGTTGTCCCACAG,0,1
CGTGTAAGCTGAGAGTGTTGTGTCCCAG,1,0
CGTGTAAGCTTCGAGTTTTGTCACAGCA,0,45
CGTGTAAGCTTTTAGTTTTGTCCCAATG,1,0
CGTGTAATCTTTTAGTTGTGGCCCATGG,82,50
CGTGTAATCTTTTAGTTGTGTCCCATGT,3,6
CGTGTAATCTTTTAGTTGTGTCCCATTG,3,5
CGTGTAATCTTTTAGTTGTGTCCCCTGG,1,0
CGTGTAATCTTTTAGTTGTTTCCCATGG,1,0
CGTGTAATCTTTTAGTTGTTTCCCATTT,1,3
CGTGTAATCTTTTAGTTTTGGCCCATTG,1,1
CGTGTAATCTTTTAGTTTTGTCCCATGG,0,1
CGTGTAATCTTTTAGTTTTGTCCCATTT,2,0
CGTGTACACTTGAAGGCTTGGGACACCG,8,0
CGTGTACACTTGAAGGCTTGTTACACCT,1,0
CGTGTACACTTGAAGGCTTTTGACACCG,1,0
CGTGTACGCTACAAGTCTTTCGACACGA,0,1
CGTGTACTCTACAAGCTATGTTACACCC,0,1
CGTGTACTCTACAAGCTTAGTGACCCCC,1,0
CGTGTACTCTACAAGCTTTGTGACACCC,65,111
CGTGTACTCTACAAGCTTTTTTACACCC,1,2
CGTGTAGACTGGAAGCCTTGGTACATAC,0,1
CGTGTAGCCTGCAAGCCGAGGTACAAAC,0,1
CGTGTAGCCTGGAAGACGTGTTCCATCC,1,0
CGTGTAGCCTGGAAGCCGATTTACATAC,1,0
CGTGTAGCCTGGAAGCCGTGGTACATAC,409,219
CGTGTAGCCTGGAAGCCGTGGTACCTCC,4,2
CGTGTAGCCTGGAAGCCGTTGTACATCC,1,0
CGTGTAGCCTGGAAGCCGTTTTACCTCC,0,1
CGTGTAGCCTGGAAGCCTTGGAACATAC,1,0
CGTGTAGCCTGGAAGCCTTGTTACAACC,1,0
CGTGTAGCCTGGAAGCCTTGTTACCTAC,1,2
CGTGTAGCCTGGAAGCCTTTTTACATAC,32,19
CGTGTAGGCTATTAGCGGTGCGTCAGAT,51,0
CGTGTAGGCTATTAGCGTTGCTTCCGAT,1,0
CGTGTAGGCTATTAGCTGTGCTACATAT,2,0
CGTGTAGGCTATTAGCTGTTCGTCAGAT,2,0
CGTGTAGGCTATTAGCTTTGCTTCCGCT,1,0
CGTGTAGGCTATTAGCTTTTCTTCATAT,2,0
CGTGTAGGCTTCAAGTCGGGCGACCGGA,0,1
CGTGTAGGCTTCAAGTCGTGCGACAGGA,242,160
CGTGTAGGCTTCAAGTCGTGCGACATTA,5,5
CGTGTAGGCTTCAAGTCGTGCGACCGGC,3,2
CGTGTAGGCTTCAAGTCGTGCTACAGTA,3,2
CGTGTAGGCTTCAAGTCGTGCTACCGGA,3,0
CGTGTAGGCTTCAAGTCGTTCGACAGTA,1,1
CGTGTAGGCTTCAAGTCGTTCTACATGA,2,2
CGTGTAGGCTTCAAGTCTTGCGACAGTA,1,0
CGTGTAGGCTTCAAGTCTTGCGACATGA,5,3
CGTGTAGGCTTCAAGTCTTGCGACCGGA,0,1
CGTGTAGGCTTCAAGTCTTGCTACAGGA,7,4
CGTGTAGGCTTCAAGTCTTTCGACAGGA,3,6
CGTGTAGGCTTCAAGTCTTTCTACATTA,9,13
CGTGTAGTCAAAGAGGCGTTTATCATCT,0,1
CGTGTAGTCTTAGAGGCGTGGAGCAGCT,0,57
CGTGTAGTCTTAGAGGCGTGTAGCATCT,0,1
CGTGTAGTCTTAGAGGCGTGTATCAGCT,0,1
CGTGTAGTCTTAGAGGCGTTTATCATCT,0,3
CGTGTAGTCTTAGAGGCTTGGAGCATCT,0,1
CGTGTAGTCTTAGAGGCTTGGATCAGCT,0,2
CGTGTAGTCTTATAGACGTGCCCCAGAT,0,44
CGTGTAGTCTTATAGACGTTCCCCATAT,0,2
CGTGTAGTCTTATAGACTTGCCCCAGCT,0,1
CGTGTATACTAGCAGCCATGCTCCACCA,1,0
CGTGTATACTCGCAGGCATCTGCCAGCA,1,0
CGTGTATACTCGCAGGCATGGGCCAGCA,30,0
CGTGTATACTCGCAGGCATGTTCCATCA,4,0
CGTGTATCCTACTAGCGGTGGATCAGTG,57,29
CGTGTATCCTACTAGCGGTGTATCAGAG,1,0
CGTGTATCCTACTAGCGTTTTATCCGTG,1,0
CGTGTATCCTACTAGCTGTGGATCATTT,1,0
CGTGTATCCTACTAGCTGTGTATCAGTG,1,0
CGTGTATCCTACTAGCTTTGGATCAGTG,3,3
CGTGTATCCTACTAGCTTTGTATCATTT,3,1
CGTGTATCCTACTAGCTTTTGATCATTG,0,1
CGTGTATGCTAATAGAGCTGTCTCATAC,0,1
CGTGTATGCTGAGAGTGATTTTTCACCT,1,0
CGTGTATGCTGAGAGTGTTGTGGCACAG,310,131
CGTGTATGCTGAGAGTGTTGTGGCCCCG,4,2
CGTGTATGCTGAGAGTGTTGTGTCACAT,3,2
CGTGTATGCTGAGAGTGTTGTGTCACCG,0,1
CGTGTATGCTGAGAGTGTTGTTGCACAT,1,1
CGTGTATGCTGAGAGTGTTGTTTCACAG,16,3
CGTGTATGCTGAGAGTGTTGTTTCCCAT,1,0
CGTGTATGCTGAGAGTGTTTTGTCACAG,0,1
CGTGTATGCTGAGAGTGTTTTTTCACAT,0,1
CGTGTATGCTGAGAGTGTTTTTTCCCAG,0,1
CGTGTATGCTGAGAGTTTTGTGTCACAG,3,0
CGTGTATGCTGAGAGTTTTGTTGCACAG,0,1
CGTGTATGCTGAGAGTTTTGTTTCACAT,1,1
CGTGTATGCTGAGAGTTTTTTGTCACAT,1,0
CGTGTATGCTGAGAGTTTTTTTTCACAG,1,3
CGTGTATGCTTTCAGAAGTGTAACAAAA,59,0
CGTGTATGCTTTCAGAAGTGTAACCCCC,1,0
CGTGTATGCTTTCAGAATTTTAACAAAA,2,0
CGTGTCACCTCATAGGCGTGTGACAGCA,23,13
CGTGTCACCTCATAGGCTTGTTACATCA,1,0
CGTGTCACCTCATAGTCGTTTTACATCA,0,1
CGTGTCAGCTAGAAGGGATGGCACAAGG,17,52
CGTGTCAGCTAGAAGGGATGTCACAATT,3,3
CGTGTCAGCTAGAAGGGATTGCACAATG,0,4
CGTGTCAGCTGTCAGCCGTGGGTCACTC,0,1
CGTGTCAGCTGTCAGCGGTGGGGCACTC,25,24
CGTGTCAGCTGTCAGCGGTGGTTCACTC,0,1
CGTGTCAGCTGTCAGCGGTGTGTCACTC,1,0
CGTGTCAGCTGTCAGCGGTTTTTCACTC,2,0
CGTGTCAGCTGTCAGCTGTGTTTCACTC,1,0
CGTGTCAGCTGTCAGCTTTGGGGCCCTC,1,0
CGTGTCAGCTGTCAGCTTTGGGTCACTC,1,1
CGTGTCAGCTGTCAGCTTTTTTTCACTC,1,0
CGTGTCAGCTTGTAGGGATGCGACATGG,16,85
CGTGTCAGCTTGTAGGGATGCGACATTT,0,1
CGTGTCAGCTTGTAGGGATGCGACCTGT,0,1
CGTGTCAGCTTGTAGGGATGCTACATTG,0,2
CGTGTCAGCTTGTAGGTATTCTACATTT,0,3
CGTGTCAGTTGTCAGCGGTGTTGCACTC,0,1
CGTGTCATCTTACAGCGTTGCCACAAGC,0,38
CGTGTCATCTTACAGCGTTTCCACAATC,0,6
CGTGTCCACTTGGAGGTGTGGTACAGGT,31,0
CGTGTCCACTTGGAGGTGTTTTACATGT,1,0
CGTGTCCCCTCTAAGTCTTGGGGCACAG,13,32
CGTGTCCCCTCTAAGTCTTGGGGCCCCG,0,1
CGTGTCCCCTCTAAGTCTTGGTTCACAG,0,2
CGTGTCCCCTCTAAGTCTTGTGTCACAT,0,1
CGTGTCCCCTCTAAGTCTTGTTGCACAT,0,1
CGTGTCCCCTCTAAGTCTTTGGGCACAT,0,1
CGTGTCCCCTCTAAGTCTTTTGTCACAG,0,3
CGTGTCCCCTCTAAGTCTTTTTTCACAT,2,4
CGTGTCCTCTGGGAGACATGTGACACTC,36,83
CGTGTCCTCTGGGAGACATTTTACACTC,2,3
CGTGTCCTCTTGTAGGATTGATACACTC,37,0
CGTGTCGACTCCTAGGCTTGAGCCCTTT,0,1
CGTGTCGACTCCTAGGCTTGTGCCATTT,0,34
CGTGTCGACTCCTAGGCTTGTTCCCTTT,0,1
CGTGTCGACTCCTAGGCTTTTTCCATTT,0,1
CGTGTCGACTGTTAGGTATGTTTCAGCC,57,62
CGTGTCGACTGTTAGGTATGTTTCCTCC,1,0
CGTGTCGACTGTTAGGTATTTTTCATCC,1,4
CGTGTCGACTTCCAGTGCTGTGTCAGAA,0,2
CGTGTCGACTTTCAGGCCTGAGCCAAGC,0,28
CGTGTCGACTTTCAGGCCTGAGCCCCGC,0,2
CGTGTCGACTTTCAGGCCTGATCCAATC,0,2
CGTGTCGCCATCCAGTGCGTTGTCAGAA,1,0
CGTGTCGCCTGCTAGAGGTGCTTCAGAA,40,0
CGTGTCGCCTGCTAGAGGTTCTTCATAA,2,0
CGTGTCGCCTGCTAGAGTTGCTTCATAA,1,0
CGTGTCGCCTGCTAGAGTTGCTTCCGCC,1,0
CGTGTCGCCTGCTAGATCTTCATCATAA,1,0
CGTGTCGCCTGCTAGATTTGCTTCAGAA,1,0
CGTGTCGCCTGGCAGATGAGGAACCTCC,1,0
CGTGTCGCCTGGCAGATGTCTAACATCC,1,0
CGTGTCGCCTGGCAGATGTGGAACATCC,141,63
CGTGTCGCCTGGCAGATGTGTAACCTCC,1,0
CGTGTCGCCTGGCAGATTTGTAACAACC,1,0
CGTGTCGCCTGGCAGATTTTTAACATCC,8,3
CGTGTCGCCTGGCAGTTGTTGAACATCC,1,0
CGTGTCGCCTGGTAGAGTTGCTACATAA,1,0
CGTGTCGCCTGTGAGGTATGTGCCATTA,0,28
CGTGTCGCCTTCCAGAGCTGATTCAGAA,0,1
CGTGTCGCCTTCCAGATCTCACCCAGAA,1,0
CGTGTCGCCTTCCAGTCCTGTGGCACAA,1,0
CGTGTCGCCTTCCAGTGCAGTGTCAGAA,1,0
CGTGTCGCCTTCCAGTGCTATTGCAGAA,1,0
CGTGTCGCCTTCCAGTGCTGAGGCCGAA,1,0
CGTGTCGCCTTCCAGTGCTGTGGCAGAA,1125,867
CGTGTCGCCTTCCAGTGCTGTGGCAGCC,2,3
CGTGTCGCCTTCCAGTGCTGTGGCATAC,1,0
CGTGTCGCCTTCCAGTGCTGTGGCATCA,0,1
CGTGTCGCCTTCCAGTGCTGTGGCCGAC,1,1
CGTGTCGCCTTCCAGTGCTGTGGCCGCA,11,8
CGTGTCGCCTTCCAGTGCTGTGTCATAA,27,19
CGTGTCGCCTTCCAGTGCTGTGTCCGAA,7,0
CGTGTCGCCTTCCAGTGCTGTTGCATAA,2,5
CGTGTCGCCTTCCAGTGCTGTTGCCGAA,2,1
CGTGTCGCCTTCCAGTGCTGTTTCAGAA,41,36
CGTGTCGCCTTCCAGTGCTGTTTCCGCC,1,0
CGTGTCGCCTTCCAGTGCTGTTTCCTAA,1,0
CGTGTCGCCTTCCAGTGCTTATGCAGAA,1,0
CGTGTCGCCTTCCAGTGCTTTGGCATAA,2,0
CGTGTCGCCTTCCAGTGCTTTTTCATAA,14,6
CGTGTCGCCTTCCAGTTCTGAGTCCTCC,1,0
CGTGTCGCCTTCCAGTTCTGTGGCAGCA,0,1
CGTGTCGCCTTCCAGTTCTGTGGCATAA,4,3
CGTGTCGCCTTCCAGTTCTGTGTCAGAA,25,11
CGTGTCGCCTTCCAGTTCTGTTGCAGAA,5,2
CGTGTCGCCTTCCAGTTCTGTTTCATAA,16,22
CGTGTCGCCTTCCAGTTCTTTGGCAGAA,1,1
CGTGTCGCCTTCCAGTTCTTTGTCATAA,2,2
CGTGTCGCCTTCCAGTTCTTTTGCATAA,1,0
CGTGTCGCCTTCCAGTTCTTTTTCAGAA,10,2
CGTGTCGGCTATCAGTCGTGAGCCAATC,3,0
CGTGTCGGCTATCAGTCGTGATCCCCTC,1,0
CGTGTCGGCTGGCAGCTTTGGACCAGAT,0,35
CGTGTCGGCTGGCAGCTTTTTACCATAT,0,4
CGTGTCGGCTGGGAGGCGTGGGGCAACA,79,51
CGTGTCGGCTGGGAGGCGTGGGGCCCCC,3,0
CGTGTCGGCTGGGAGGCGTGTTTCAACA,12,4
CGTGTCGGCTGGGAGGCGTTGTGCAACA,1,0
CGTGTCGGCTGGGAGGCGTTTGGCAACA,0,2
CGTGTCGGCTGGGAGGCGTTTTTCCACA,1,0
CGTGTCGGCTGGGAGGCTTGGTGCAACA,1,2
CGTGTCGGCTGGGAGGCTTTTTTCAACA,2,3
CGTGTCGGCTGGGAGTCGTTTTTCAACA,1,0
CGTGTCGGCTTTGAGCGGTGTGCCAACC,0,8
CGTGTCGGCTTTGAGCTTTGTGCCAACC,0,1
CGTGTCTACTTAAAGAAATGTAGCAAGA,0,41
CGTGTCTACTTAAAGAAATGTAGCCCGA,0,2
CGTGTCTACTTAAAGAAATTTATCAATA,0,1
CGTGTCTGCTAGGAGCGGTGCAGCACGG,81,171
CGTGTCTGCTAGGAGCGGTGCAGCACTT,0,2
CGTGTCTGCTAGGAGCGGTGCATCACTG,6,6
CGTGTCTGCTAGGAGCGGTTCATCACTT,1,0
CGTGTCTGCTAGGAGCGTTGCAGCACTG,2,7
CGTGTCTGCTAGGAGCGTTGCATCACGG,0,1
CGTGTCTGCTAGGAGCGTTTCAGCACGT,0,2
CGTGTCTGCTAGGAGCTGTGCAGCACGT,1,0
CGTGTCTGCTAGGAGCTGTGCAGCACTG,3,2
CGTGTCTGCTAGGAGCTGTGCATCACGG,3,1
CGTGTCTGCTAGGAGCTGTGCATCACTT,0,2
CGTGTCTGCTAGGAGCTTTGCAGCACGG,0,1
CGTGTCTGCTAGGAGCTTTGCAGCACTT,2,1
CGTGTCTGCTAGGAGCTTTGCATCACTG,0,1
CGTGTCTGCTAGGAGCTTTTCAGCACTG,0,1
CGTGTCTGCTAGGAGCTTTTCATCACTT,2,13
CGTGTCTGCTAGGAGCTTTTCTTCACGT,0,1
CGTGTCTGCTATTAGGGTTGAAGCAAGA,0,40
CGTGTCTGCTATTAGGTTTGAATCAATA,0,1
CGTGTCTGCTATTAGGTTTTAAGCAATA,0,3
CGTGTCTGCTATTGGGTTTTAATCAAGA,0,1
CGTGTCTGCTCGAAGTGGTGACTCACTG,1,0
CGTGTCTGCTGACAGTGTTGGTTCAGTG,0,29
CGTGTCTGCTGACAGTTTTTTTTCATTT,0,1
CGTGTCTGCTGGTAGATGTGACGCACTT,1,0
CGTGTCTGCTGGTAGTGGTGACGCACGG,149,22
CGTGTCTGCTGGTAGTGGTGACGCACTT,1,0
CGTGTCTGCTGGTAGTGGTGACTCACTG,13,0
CGTGTCTGCTGGTAGTGGTTACGCACTG,1,0
CGTGTCTGCTGGTAGTGTTGACGCACTG,1,0
CGTGTCTGCTGGTAGTGTTGACTCACGG,7,1
CGTGTCTGCTGGTAGTGTTTACTCACTG,1,0
CGTGTCTGCTGGTAGTTGTGACTCACTT,1,0
CGTGTCTGCTGGTAGTTTTGACTCACGT,1,0
CGTGTCTGCTGGTAGTTTTGACTCACTG,4,0
CGTGTCTGCTGGTAGTTTTTACTCACTT,10,0
CGTGTCTTCTCCGAGGGGTGTTCCAGTG,86,92
CGTGTCTTCTCCGAGGGGTGTTCCATTT,1,2
CGTGTCTTCTCCGAGGGGTTTTCCAGTT,1,0
CGTGTCTTCTCCGAGGGTTGTTCCAGTT,0,1
CGTGTCTTCTCCGAGGGTTTTTCCAGTG,1,0
CGTGTCTTCTCCGAGGTGTGTTCCAGTT,0,1
CGTGTCTTCTCCGAGGTTTGTTCCAGTG,4,4
CGTGTCTTCTCCGAGGTTTTTTCCATTT,2,4
CGTGTCTTCTTATAGGGGTGTAGCAGTC,123,29
CGTGTCTTCTTATAGGGGTGTATCATTC,1,0
CGTGTCTTCTTATAGGGTTTTATCATTC,1,0
CGTGTCTTCTTATAGGTGCGTATCATTC,1,0
CGTGTCTTCTTATAGGTGTGAAGCAGAC,1,0
CGTGTCTTCTTATAGGTGTGTAGCCGTC,1,0
CGTGTCTTCTTATAGGTGTGTATCAGTC,8,2
CGTGTCTTCTTATAGGTGTTTATCATTC,0,1
CGTGTCTTCTTATAGGTTTGTAGCAGTC,13,4
CGTGTCTTCTTATAGGTTTGTATCATTC,3,1
CGTGTCTTCTTATAGGTTTTTAGCATTC,1,0
CGTGTCTTCTTATAGGTTTTTATCAGTC,2,0
CGTGTCTTCTTGCAGTTCTTATACATTT,0,1
CGTGTCTTCTTGGAGTGCTGAGACATTG,0,32
CGTGTCTTCTTGGAGTGCTTAGACATTT,0,1
CGTGTCTTCTTGGAGTTCTGAGACATTT,0,2
CGTGTCTTCTTGGAGTTCTGATACAATT,0,1
CGTGTGACCTGCGAGGGTTGGGCCATAA,21,0
CGTGTGACCTGCGAGGGTTTTTCCATAA,3,0
CGTGTGACCTGCGAGGTTTGGGCCCTAA,1,0
CGTGTGACCTGCGAGGTTTGTTCCATAA,1,0
CGTGTGAGCTAAGAGTTCTGAAGCATTC,0,71
CGTGTGAGCTAAGAGTTCTGAATCCTTC,0,1
CGTGTGAGCTAAGAGTTCTTAATCATTC,0,2
CGTGTGAGCTAATAGCCTTGACACCTCA,0,1
CGTGTGATCTAAGAGCTATGCTACAGCT,29,107
CGTGTGATCTAAGAGCTATTCTACATCT,3,8
CGTGTGATCTACAAGCACTGGGCCACAG,35,0
CGTGTGATCTACAAGCACTGTTCCACAG,4,0
CGTGTGATCTACAAGCACTTTGCCACAG,1,0
CGTGTGATCTACAAGCACTTTTCCACAT,2,0
CGTGTGATCTTCTAGGAATGGTGCAATG,100,18
CGTGTGATCTTCTAGGAATGGTGCCCTG,2,1
CGTGTGATCTTCTAGGAATGTTGCAATT,1,0
CGTGTGATCTTCTAGGAATGTTTCAATG,4,2
CGTGTGATCTTCTAGGAATTGTGCAATT,1,0
CGTGTGATCTTCTAGGAATTTTGCAATG,1,0
CGTGTGATCTTCTAGGAATTTTTCAATT,2,0
CGTGTGCCCTCGTAGTGGTGCAACAGAG,107,100
CGTGTGCCCTCGTAGTGGTGCAACATAT,1,2
CGTGTGCCCTCGTAGTGGTGCAACCGCG,0,1
CGTGTGCCCTCGTAGTGGTGCAACCTAG,1,0
CGTGTGCCCTCGTAGTGGTTCAACAGAT,0,1
CGTGTGCCCTCGTAGTGTTGCAACATAG,3,2
CGTGTGCCCTCGTAGTGTTTCAACAGAG,0,1
CGTGTGCCCTCGTAGTTTTGCAACAGAG,1,2
CGTGTGCCCTCGTAGTTTTTCAACATAT,3,5
CGTGTGCCCTTTAAGGCCTGTCACAGAG,55,0
CGTGTGCCCTTTAAGGCCTGTCACATAT,2,0
CGTGTGCCCTTTAAGGCCTTTCACATAG,1,0
CGTGTGCCCTTTGAGAAATGCGTCATAT,30,0
CGTGTGCCCTTTGAGAAATTCTTCATAT,3,0
CGTGTGCGCTAATAGATTTGGAACACTC,15,0
CGTGTGCGCTAATAGATTTTTAACACTC,2,0
CGTGTGCGCTCATAGACTTGACACAGCA,42,94
CGTGTGCGCTCATAGACTTTACACATCA,3,4
CGTGTGCGCTCCGAGGTGTGTGGCACGG,38,32
CGTGTGCGCTCCGAGGTGTGTGTCACTT,4,2
CGTGTGCGCTCCGAGGTGTGTTTCACGG,1,0
CGTGTGCGCTCCGAGGTGTTTTTCACTT,1,0
CGTGTGCGCTCCGAGGTTTGTGTCACGG,0,1
CGTGTGCGCTCCGAGGTTTGTTTCACTT,0,1
CGTGTGCGCTGAGAGTTTTGTTGCAGAC,0,62
CGTGTGCGCTGAGAGTTTTGTTTCATAC,0,1
CGTGTGCGCTGCGAGCTGTGTGTCAACG,0,37
CGTGTGCGCTGCGAGCTGTGTGTCCCCG,0,2
CGTGTGCGCTGTGAGTAGTGTTTCAAAT,69,30
CGTGTGCGCTGTGAGTAGTGTTTCCCAT,2,0
CGTGTGCTCTCCAAGTATTGCTTCAACA,33,66
CGTGTGCTCTCCAAGTATTGCTTCCCCA,0,3
CGTGTGCTCTCGGAGGATTGACACAAGG,66,74
CGTGTGCTCTCGGAGGATTGACACAATT,4,4
CGTGTGCTCTCGGAGGATTGACACCCGG,4,0
CGTGTGCTCTCGGAGGATTTACACAAGT,0,1
CGTGTGCTCTCGGAGGATTTACACAATG,2,3
CGTGTGCTCTCGTAGGATTGACACAAGT,1,0
CGTGTGCTCTTGTAGGCATGTGACAAGA,41,0
CGTGTGCTCTTGTAGGCATGTGACCCGA,2,0
CGTGTGCTCTTGTAGGCATGTTACCAGA,1,0
CGTGTGCTCTTGTAGGCATTTTACAAGA,2,0
CGTGTGGACTAGCAGTTTTTCGTCACCT,0,1
CGTGTGGACTCCGAGGGCTGGGGCAGAA,34,0
CGTGTGGACTCCGAGGGCTGGGGCCGAC,1,0
CGTGTGGACTCCGAGGGCTGTTGCATAA,1,0
CGTGTGGACTCCGAGGTCTGGTTCAGAA,1,0
CGTGTGGACTCCGAGGTCTGTTGCAGAA,1,0
CGTGTGGACTCTAAGCGCTGGGCCACAT,40,33
CGTGTGGACTCTAAGCGCTGTTCCACAT,5,1
CGTGTGGACTCTAAGCTCTGGTCCACAT,1,0
CGTGTGGACTCTAAGCTCTGTGCCACAT,1,1
CGTGTGGACTCTAAGCTCTTTTCCACAT,3,2
CGTGTGGACTTGTAGGGGTGGGGCAAGA,23,0
CGTGTGGACTTGTAGGGGTGGGGCCCGC,1,0
CGTGTGGACTTGTAGGTTTGTGTCAAGA,1,0
CGTGTGGCCATCCAGTCTTGCGACACCT,1,0
CGTGTGGCCTGAGAGGAGAGGCTCCCTG,1,0
CGTGTGGCCTGAGAGGAGTGGCTCACTG,37,41
CGTGTGGCCTGAGAGGAGTGTCTCACTT,2,2
CGTGTGGCCTGAGAGGAGTGTCTCCCTG,1,0
CGTGTGGCCTGAGAGGATTTTCTCACTT,1,2
CGTGTGGCCTGTTAGTCCTGGATCAACT,84,0
CGTGTGGCCTGTTAGTCCTGGATCCCCT,1,0
CGTGTGGCCTGTTAGTCCTTTATCAACT,6,0
CGTGTGGCCTTGCAGTCTTGCGACACCT,75,0
CGTGTGGCCTTGCAGTCTTTCTACACCT,4,0
CGTGTGGGCTACTAGGGGTGATGCCTCG,1,0
CGTGTGGGCTAGCAGAGTTGGGTCACAC,26,69
CGTGTGGGCTAGCAGAGTTGGGTCCCCC,0,2
CGTGTGGGCTAGCAGAGTTGTTTCACAC,0,7
CGTGTGGGCTAGCAGAGTTTTGTCACAC,2,1
CGTGTGGGCTAGCAGATTTGGTTCACAC,0,1
CGTGTGGGCTAGCAGATTTGTTTCCCAC,0,1
CGTGTGGGCTAGCAGATTTTTTTCACAC,0,1
CGTGTGGGCTGACAGCAATTTTTCACAT,0,1
CGTGTGGGCTGCTAGGGGTGATGCATCG,50,66
CGTGTGGGCTGCTAGGGGTGATTCATCT,1,0
CGTGTGGGCTGCTAGGGGTTATGCATCT,0,1
CGTGTGGGCTGCTAGGGTTGATTCATCG,1,3
CGTGTGGGCTGCTAGGTGTGATGCATCT,2,5
CGTGTGGGCTGCTAGGTGTGATTCATCG,4,3
CGTGTGGGCTGCTAGGTGTTATGCATCG,1,0
CGTGTGGGCTGCTAGGTTTGATGCATCG,2,0
CGTGTGGGCTGCTAGGTTTGATTCATCT,0,1
CGTGTGGGCTGCTAGGTTTTATTCATCG,0,1
CGTGTGGGCTGCTAGTTTTGATGCATCT,0,1
CGTGTGGGCTGTCAGCAATGGGTCACAT,0,110
CGTGTGGGCTGTCAGCAATGTGTCCCAT,0,1
CGTGTGGGCTGTCAGCAATGTTTCACAT,0,2
CGTGTGGGCTGTCAGCAATTTGTCACAT,0,7
CGTGTGGGCTGTCAGCAATTTTTCCCAT,0,1
CGTGTGGGCTTCGAGCGCTGGTGCATAT,25,0
CGTGTGGGCTTCGAGCTTTGCGGCATTA,0,30
CGTGTGGGCTTCGAGCTTTTCTTCATTA,0,7
CGTGTGGGCTTTAAGTGGTGGCGCAGGC,0,35
CGTGTGGGCTTTAAGTGGTGGCGCCGTC,0,1
CGTGTGGGCTTTAAGTGGTGGCTCATGC,0,1
CGTGTGGGCTTTAAGTGGTGTCTCAGGC,0,3
CGTGTGGGCTTTAAGTGTTGGCTCAGGC,0,1
CGTGTGGGCTTTAAGTTGTGTCTCATGC,0,1
CGTGTGGGCTTTAAGTTTTGTCTCAGGC,0,1
CGTGTGGTCTATCAGTATTCAGTCAGGA,1,0
CGTGTGGTCTATCAGTATTGAGGCAGGA,149,164
CGTGTGGTCTATCAGTATTGAGGCAGTC,0,1
CGTGTGGTCTATCAGTATTGAGGCATTA,1,1
CGTGTGGTCTATCAGTATTGAGGCCGGC,1,0
CGTGTGGTCTATCAGTATTGAGTCAGTA,8,9
CGTGTGGTCTATCAGTATTGAGTCATGA,2,2
CGTGTGGTCTATCAGTATTGAGTCCGGA,2,0
CGTGTGGTCTATCAGTATTGATGCAGTA,1,0
CGTGTGGTCTATCAGTATTGATTCAGGA,12,8
CGTGTGGTCTATCAGTATTGATTCATTT,1,0
CGTGTGGTCTATCAGTATTTAGGCAGTA,2,2
CGTGTGGTCTATCAGTATTTATTCATTA,11,18
CGTGTGGTCTATCAGTATTTATTCCGGA,1,0
CGTGTGGTCTATGAGGGATGGGCCACCC,30,0
CGTGTGGTCTATGAGGGATGTTCCACCC,1,0
CGTGTGGTCTGGTAGCCATGGTCCAGAA,0,47
CGTGTGGTCTGGTAGCCATGGTCCCGAC,0,1
CGTGTGGTCTGGTAGCCATTGTCCATAA,0,2
CGTGTGGTCTGTGAGGGGTGTGTCACAG,69,81
CGTGTGGTCTGTGAGGGGTGTGTCCCCG,1,1
CGTGTGGTCTGTGAGGGGTTTGTCCCAT,1,0
CGTGTGGTCTGTGAGGGTTGTTTCACAG,1,0
CGTGTGGTCTGTGAGGGTTTTGTCACAG,0,1
CGTGTGGTCTGTGAGGTGTTTTTCACAT,1,0
CGTGTGGTCTGTGAGGTTTGTGTCACAG,1,11
CGTGTGGTCTGTGAGGTTTGTTTCACAT,2,2
CGTGTGGTCTGTGAGGTTTTTGTCACAT,1,1
CGTGTGGTCTTTGAGTTCTGTGCCACCA,1,0
CGTGTGTACTGGCAGGTAGGTTTCCCAC,1,0
CGTGTGTACTGGCAGGTATGTTTCACAC,139,120
CGTGTGTACTGGCAGGTATGTTTCCCCC,2,6
CGTGTGTACTTGGAGTTGTGAGCCAAAC,4,114
CGTGTGTACTTGGAGTTGTGAGCCCCAC,0,3
CGTGTGTACTTGGAGTTGTTATCCAAAC,0,2
CGTGTGTACTTGGAGTTTTGATCCAAAC,0,7
CGTGTGTACTTGGAGTTTTTAGCCAAAC,0,1
CGTGTGTCCTACGAGTCTTGACTCACCC,0,24
CGTGTGTCCTGGGAGGGTTGGTTCATCT,37,162
CGTGTGTCCTGGGAGGTTTTTTTCATCT,2,11
CGTGTGTCCTTAGAGCGATGTTGCACGT,0,28
CGTGTGTCCTTAGAGCGATGTTTCACTT,0,1
CGTGTGTCCTTAGAGCGATGTTTCCCGT,0,1
CGTGTGTCCTTAGAGCTATGTTGCACTT,0,1
CGTGTGTGCTAATAGTGCTGCGCCACTC,117,95
CGTGTGTGCTAATAGTGCTGCTCCCCTC,2,1
CGTGTGTGCTAATAGTTCTTCTCCACTC,4,3
CGTGTGTTCTGTGAGCGGTGGACCATTA,31,0
CGTGTGTTCTGTGAGCGTTGTACCATTA,1,0
CGTGTGTTCTGTGAGCTTTGGACCATTA,1,0
CGTGTGTTCTGTGAGCTTTTTACCATTA,3,0
CGTGTGTTCTGTTAGTATTGGGGCAGAG,53,42
CGTGTGTTCTGTTAGTATTGGGGCCGCG,0,1
CGTGTGTTCTGTTAGTATTGGTGCATAG,0,1
CGTGTGTTCTGTTAGTATTGGTTCAGAG,2,1
CGTGTGTTCTGTTAGTATTGGTTCATAT,1,0
CGTGTGTTCTGTTAGTATTGTGTCAGAG,7,3
CGTGTGTTCTGTTAGTATTGTTGCAGCG,0,1
CGTGTGTTCTGTTAGTATTGTTGCCGAG,1,0
CGTGTGTTCTGTTAGTATTGTTTCAGAT,1,0
CGTGTGTTCTGTTAGTATTTGGTCAGAG,0,1
CGTGTGTTCTGTTAGTATTTTGTCAGAT,0,1
CGTGTGTTCTGTTAGTATTTTTTCAGAG,2,0
CGTGTGTTCTGTTAGTATTTTTTCATAT,8,3
CGTGTGTTCTTAAAGCAAAGTTTCATTT,1,0
CGTGTGTTCTTAAAGCAATGTTGCATTT,67,0
CGTGTGTTCTTAAAGCAATGTTTCCTTT,2,0
CGTGTGTTCTTAAAGCAATTTTTCATTT,2,0
CGTGTGTTCTTCTAGTCCTGATCCACAA,1,0
CGTGTTCACTACAAGTCATTCTCCATAC,1,0
CGTGTTCACTAGTAGCACTGCTGCATAA,60,0
CGTGTTCACTAGTAGCACTGCTGCCTCA,2,0
CGTGTTCACTAGTAGCACTTCTTCATAA,4,0
CGTGTTCACTAGTAGCACTTCTTCATCC,1,0
CGTGTTCACTGGTAGGCATGGTACAGAA,48,26
CGTGTTCACTGGTAGGCATGGTACCGCC,1,0
CGTGTTCACTGGTAGGCATGTTACATAA,3,0
CGTGTTCACTGGTAGGCATTTTACAGAA,0,2
CGTGTTCACTGGTAGGCTTTTTACATAA,1,0
CGTGTTCCCTGAAAGCATTCTGTCAGTA,0,2
CGTGTTCCCTGAAAGCATTGGGGCAGTA,0,80
CGTGTTCCCTGAAAGCATTGGTGCATTA,0,1
CGTGTTCCCTGAAAGCATTGTGGCATTA,0,1
CGTGTTCCCTGAAAGCATTGTTTCAGTA,0,4
CGTGTTCCCTGAAAGCATTTGTGCAGTA,0,2
CGTGTTCCCTGAAAGCATTTTTTCATTA,0,2
CGTGTTCTCTCGAAGATTTGCATCAAAC,1,0
CGTGTTCTCTGAAAGCGCTGCAACACGG,6,0
CGTGTTGACTGCTAGGATTCGTCCAGTG,1,0
CGTGTTGACTGCTAGGATTGGTCCAGGG,67,0
CGTGTTGACTGCTAGGATTGGTCCAGTT,1,0
CGTGTTGACTGCTAGGATTGTTCCAGGT,1,0
CGTGTTGACTGCTAGGATTGTTCCATTG,7,0
CGTGTTGACTGCTAGGATTTGTCCATTT,1,0
CGTGTTGACTTTAAGTAATGGGACACTG,64,57
CGTGTTGACTTTAAGTAATGTGACCCTG,1,0
CGTGTTGACTTTAAGTAATGTTACACTG,12,4
CGTGTTGACTTTAAGTAATTTGACACTG,1,0
CGTGTTGACTTTAAGTAATTTTACACTT,2,2
CGTGTTGAGTTTAAGTTTTGGGACACTG,1,0
CGTGTTGCCTCACAGATTTGATCCAGTA,175,287
CGTGTTGCCTCACAGATTTGATCCCGTC,0,1
CGTGTTGCCTCACAGATTTTATCCATTA,3,14
CGTGTTGCCTCACAGATTTTATCCCGTA,0,1
CGTGTTGCCTCATAGAAATGAATCATAC,0,1
CGTGTTGCCTGCAAGCGGTGGAACACCA,0,31
CGTGTTGCCTGCAAGCTGTTTAACACCA,0,2
CGTGTTGCCTGCAAGCTTTGTAACACCA,0,6
CGTGTTGCCTGCAAGCTTTTGAACACCA,0,1
CGTGTTGCCTGTTAGAAATGAAGAATTC,0,1
CGTGTTGCCTGTTAGAAATGAAGCCTTC,0,2
CGTGTTGCCTGTTAGAAATGAATCATTC,0,3
CGTGTTGCCTGTTAGAAATTAAGCATTC,0,1
CGTGTTGCCTGTTAGGAATGAAGCATTC,0,75
CGTGTTGCCTGTTAGGAATGAATCCTTC,0,1
CGTGTTGCCTGTTAGGAATTAATCATTC,0,6
CGTGTTGGATTCTATCTATGTCTCATTT,1,0
CGTGTTGGCTAGTAGTATTGAAGCATGT,28,84
CGTGTTGGCTAGTAGTATTTAATCATTT,1,6
CGTGTTGGCTTAGAGGTATGATTCAGGC,1,0
CGTGTTGGCTTCTAGAGATTTCTCATTT,0,1
CGTGTTGGCTTCTAGCGAAGGCTCATTT,0,1
CGTGTTGGCTTCTAGCGATGGCGCATTT,279,365
CGTGTTGGCTTCTAGCGATGGCTCCTTT,0,1
CGTGTTGGCTTCTAGCGATGTCGCCTTT,2,0
CGTGTTGGCTTCTAGCGATGTCTCATTT,34,35
CGTGTTGGCTTCTAGCGATTGCTCATTT,0,1
CGTGTTGGCTTCTAGCGATTTCGCATTT,1,2
CGTGTTGGCTTCTAGCTATGCCTCAAAT,0,1
CGTGTTGGCTTCTAGCTATGGCGCCTTT,2,0
CGTGTTGGCTTCTAGCTATGGCTCATTT,3,4
CGTGTTGGCTTCTAGCTATGTCGCATTT,1,7
CGTGTTGGCTTCTAGCTATTTCTCATTT,19,19
CGTGTTGTCTTATAGCGATGCTCCAGCG,0,39
CGTGTTGTCTTATAGCGATGCTCCATCT,0,3
CGTGTTGTCTTATAGCGATTCTCCAGCT,0,1
CGTGTTGTCTTATAGCGATTCTCCATCG,0,1
CGTGTTTCCTTGTAGGAGTGACTCAATC,0,28
CGTGTTTCCTTGTAGGAGTGACTCCCTC,0,2
CGTGTTTCCTTGTAGGAGTTACTCCATC,0,1
CGTGTTTGCTCCTACTGGTGTCTCCTCT,0,1
CGTGTTTGCTCCTAGTGGTCTCTCCTCT,0,1
CGTGTTTGCTCCTAGTGGTGTCTCATCT,23,237
CGTGTTTGCTCCTAGTGTTGTCTCCTCT,0,3
CGTGTTTGCTCCTAGTGTTTTCTCATCT,0,2
CGTGTTTGCTCCTAGTTGTTTCTCATCT,0,1
CGTGTTTGCTCCTAGTTTTGTCTCATCT,2,13
CGTGTTTGCTCGGAGATCTGGACCATTG,16,3
CGTGTTTGCTCGGAGATCTGTACCATAG,0,1
CGTGTTTGCTCGGAGATCTGTACCATTT,1,3
CGTGTTTGCTGCCAGGCATGGAACAGAG,0,30
CGTGTTTGCTGCCAGGCATGTAACATAT,0,1
CGTGTTTGCTGCCAGGCATTTAACATAG,0,1
CGTGTTTGCTTTGAGCCATGTATCAATC,114,103
CGTGTTTGCTTTGAGCCATGTATCCCTC,3,2
CGTGTTTTCTCCTAGTCATGTCGCAGTA,0,38
CGTGTTTTCTCCTAGTCATGTCGCCGTC,0,1
CGTGTTTTCTCCTAGTCATGTCTCATTA,0,1
CGTGTTTTCTCCTAGTCATGTCTCCGTA,0,1
CGTGTTTTCTCCTAGTCATTTCTCAGTA,0,2
CGTGTTTTCTGTCAGCTGTGAATCATAG,1,0
CGTGTTTTCTGTGAGCAGTGAAACATAC,0,1
CGTGTTTTCTGTGAGCAGTGAATCAAAT,0,1
CGTGTTTTCTGTGAGCAGTGAATCATAG,124,232
CGTGTTTTCTGTGAGCAGTGAATCATCT,1,0
CGTGTTTTCTGTGAGCAGTGAATCCTAT,2,1
CGTGTTTTCTGTGAGCAGTGAATCCTCG,2,3
CGTGTTTTCTGTGAGCAGTTAATCATAT,6,7
CGTGTTTTCTGTGAGCAGTTAATCATCG,0,1
CGTGTTTTCTGTGAGCATTGAATCATAT,0,3
CGTGTTTTCTGTGAGCATTGAATCCTCT,0,1
CGTGTTTTCTGTGAGCATTTAATCATAG,1,2
CGTGTTTTCTTGGAGCCAGGTTGCCCGA,1,0
CGTGTTTTCTTGGAGCCATGTATCACGA,0,1
CGTGTTTTCTTGGAGCCATGTTGCACGA,336,601
CGTGTTTTCTTGGAGCCATGTTGCCCGC,3,2
CGTGTTTTCTTGGAGCCATGTTGCCCTA,0,1
CGTGTTTTCTTGGAGCCATGTTTCACGC,0,1
CGTGTTTTCTTGGAGCCATGTTTCACTA,27,46
CGTGTTTTCTTGGAGCCATGTTTCCCGA,0,6
CGTGTTTTCTTGGAGCCATTTTGCACTA,1,6
CGTGTTTTCTTGGAGCCATTTTTCACGA,4,6
CGTGTTTTCTTGTAGCCATGTTGCACTA,0,1
CGTGTTTTCTTTTAGCCCTGCCGCATGC,63,80
CGTGTTTTCTTTTAGCCCTGCCTCATTC,9,9
CGTGTTTTCTTTTAGCCCTGCCTCCTGC,1,0
CGTGTTTTCTTTTAGCCCTTCCGCATTC,1,0
CGTGTTTTCTTTTAGCCCTTCCTCATGC,0,1
CTACTGCACTAGCAGAGGTGTCGCACGG,1,0
CTACTTCACATCAACGTTTTTTTCATTA,1,0
CTAGAAACCTGCGAGATTTGTCTCAGTG,0,1
CTAGAGGTCTCCGAGAACTGTTACCTCA,0,1
CTAGATGGCTGTGAGTGTTTCCACACTT,0,1
CTAGCGAGCTGATAGAGATGGCTCATCC,0,1
CTAGCGGACTTGCAGTGTTGCCACACTG,0,1
CTAGGTACGCTGAAAGTTAGAGTCAGGG,119,103
CTAGGTACGCTGAAAGTTAGAGTCAGTT,3,5
CTAGGTACGCTGAAAGTTAGAGTCATGT,1,0
CTAGGTACGCTGAAAGTTAGAGTCATTG,3,1
CTAGGTACGCTGAAAGTTAGAGTCCGGT,1,0
CTAGGTACGCTGAAAGTTAGATTCAGTG,0,1
CTAGGTACGCTGAAAGTTAGATTCATTT,0,2
CTAGGTACGCTGAAAGTTATATTCATGG,0,1
CTAGGTACGCTGAAAGTTCGAGTCCGGG,1,1
CTAGTAACCTGCGAGATGTGTCGCAGGG,0,25
CTAGTAACCTGCGAGATGTGTCTCAGGT,0,1
CTAGTAACCTGCGAGATTTGTCTCATTG,0,1
CTAGTAACCTGCGAGATTTTTCTCATTT,0,1
CTAGTACGCTACCAGTACTTCGCCAGAT,1,0
CTAGTACGCTTAGAGAGGTGAATCACGA,0,1
CTAGTACTCTAAAAGTAGTGATGCACGA,1,0
CTAGTACTCTAAAAGTTGTGTTGCACGA,73,25
CTAGTACTCTAAAAGTTGTGTTGCCCGC,1,1
CTAGTACTCTAAAAGTTGTTTTTCACGA,1,1
CTAGTACTCTAAAAGTTTTGTTTCACTA,6,2
CTAGTACTCTAAAAGTTTTGTTTCCCGA,1,0
CTAGTAGGCTGTAAGACGTGTCCCAGTC,17,0
CTAGTATGCTTGGAGTGCTGCGGCAAAG,75,0
CTAGTATGCTTGGAGTGCTGCGGCCCAG,1,0
CTAGTATGCTTGGAGTGCTGCGTCCAAT,1,0
CTAGTATGCTTGGAGTGCTGCTTCAAAG,6,0
CTAGTATGCTTGGAGTGCTTCGTCAAAG,1,0
CTAGTATGCTTGGAGTGCTTCTTCAAAT,1,0
CTAGTATGCTTGGAGTTCTGCGTCAAAG,2,0
CTAGTATGCTTGGAGTTCTGCTGCAAAG,1,0
CTAGTATGCTTGGAGTTCTGCTTCAAAT,1,0
CTAGTATGCTTGGAGTTCTGCTTCCAAG,1,0
CTAGTATGCTTGGAGTTCTTCGTCAAAT,1,0
CTAGTATGCTTGGAGTTCTTCTTCAAAG,1,0
CTAGTATTCTGACAGACATGGTGCAGTT,27,0
CTAGTATTCTGACAGACATGTTTCCTTT,1,0
CTAGTATTCTGCCAGGGTTGCTACACAG,22,55
CTAGTATTCTGCCAGGGTTGCTACCCCG,0,1
CTAGTATTCTGCCAGGGTTTCTACACAT,1,0
CTAGTATTCTGCCAGGTTTGCTACACAT,1,1
CTAGTATTCTGCCAGGTTTGCTACACCG,0,2
CTAGTATTCTGCCAGGTTTTCTACACAG,1,0
CTAGTATTCTGGCAGTTGTGTTTCAGAA,0,37
CTAGTATTCTGGCAGTTTTGTTTCATAA,0,1
CTAGTATTCTGGCAGTTTTGTTTCCGCC,0,1
CTAGTCACCTTGAAGAAATGTACCATCG,0,28
CTAGTCACCTTGAAGAAATTTACCATCT,0,1
CTAGTCAGCTATCAGCAATGTTGCAGTG,0,25
CTAGTCAGCTATCAGCAATGTTGCATTT,0,1
CTAGTCAGCTATCAGCAATGTTGCCGTT,0,1
CTAGTCAGCTATCAGCAATGTTTCATTG,0,1
CTAGTCAGCTATCAGCAATGTTTCCGTG,0,1
CTAGTCAGCTGCTAGCATTGTAACAAAC,1,0
CTAGTCAGCTTAGAGTCATGGCGCATAT,0,70
CTAGTCAGCTTAGAGTCATGGCGCCTCT,0,1
CTAGTCAGCTTAGAGTCATGTCTCATAT,0,10
CTAGTCAGCTTAGAGTCATTTCGCATAT,0,2
CTAGTCCGCTGTTAGTTGTGACCCATAC,1,0
CTAGTCCTCTACTAGGCCTGCTCCAGTA,0,54
CTAGTCCTCTACTAGGCCTTCTCCATTA,0,2
CTAGTCGCCTCGGAGGTTTTGTTCATCC,0,1
CTAGTCGGCTAGCAGGTGTGGCACAGCA,0,74
CTAGTCGGCTAGCAGGTGTGGCACCGCC,0,2
CTAGTCGGCTAGCAGGTGTGTCACATCA,0,4
CTAGTCGGCTAGCAGGTTTTTCACAGCA,0,1
CTAGTCGGCTAGCAGTTTTCTCACATCA,0,1
CTAGTCGGCTATGAGCGCTGTGGCAGGT,129,143
CTAGTCGGCTATGAGCGCTGTGTCAGGA,1,0
CTAGTCGGCTATGAGCGCTGTGTCATGT,1,1
CTAGTCGGCTATGAGCGCTGTGTCCGGT,1,1
CTAGTCGGCTATGAGCGCTGTTGCAGTT,0,1
CTAGTCGGCTATGAGCGCTGTTGCATGT,0,2
CTAGTCGGCTATGAGCGCTGTTTCAGGT,2,2
CTAGTCGGCTATGAGCGCTTTGTCAGTT,0,1
CTAGTCGGCTATGAGCGCTTTTTCATTT,1,1
CTAGTCGGCTATGAGCTCTGTGGCATGT,0,1
CTAGTCGGCTATGAGCTCTGTGTCAGGT,7,1
CTAGTCGGCTATGAGCTCTGTTGCAGGT,1,1
CTAGTCGGCTATGAGCTCTGTTTCATTT,4,6
CTAGTCGGCTATGAGCTCTTTGGCAGTT,1,0
CTAGTCGGCTATGAGCTCTTTGTCATTT,1,2
CTAGTCGGCTATGAGCTCTTTTTCAGTT,1,1
CTAGTCGGCTATGAGCTCTTTTTCATGT,2,0
CTAGTCGTCTGAGAGTTGTTACTCATCG,1,0
CTAGTCTACTAATAGTAGTGGCTCAACC,0,16
CTAGTCTACTAATAGTAGTTTCTCAACC,0,3
CTAGTCTACTAATAGTATTGTCTCAACC,0,1
CTAGTCTACTTGGAGCGGTGACGCATGA,0,21
CTAGTCTACTTGGAGCGGTGACTCCTGA,0,1
CTAGTCTACTTGGAGCGTTGACTCATGA,0,1
CTAGTCTACTTGGAGCTTTGACGCATGA,0,3
CTAGTCTACTTGGAGCTTTGACTCATTA,0,1
CTAGTCTACTTGGAGCTTTTACTCATGA,0,1
CTAGTCTGCTCAGAGTGTTGTCTCATAC,0,25
CTAGTGAACTCTTAGAGGTGAGGCAGTG,0,47
CTAGTGAACTCTTAGAGGTGATTCAGTG,0,5
CTAGTGAACTCTTAGAGGTGATTCATTT,0,1
CTAGTGAACTCTTAGAGTTGAGGCATTG,0,1
CTAGTGAACTCTTAGAGTTGAGTCAGTG,0,2
CTAGTGAACTCTTAGAGTTTATTCATTG,0,1
CTAGTGAACTCTTAGATGTTATTCAGTT,0,1
CTAGTGAACTCTTAGATTTGATTCATTT,0,3
CTAGTGAACTTGGAGCCTTGAAGCAGGC,37,0
CTAGTGAACTTGGAGCCTTGAATCAGTC,1,0
CTAGTGAACTTGGAGCCTTGAATCATGC,1,0
CTAGTGAACTTGGAGCCTTTAATCATTC,4,0
CTAGTGAGCTCATAGGACTGAGTCATAT,39,30
CTAGTGAGCTCATAGGACTGAGTCCTCT,2,0
CTAGTGAGCTCATAGGACTTATTCCTAT,0,1
CTAGTGAGCTCGGAGGTTTTGGTCAATG,0,1
CTAGTGAGCTCTCAGATATGTCCCAACG,0,1
CTAGTGAGCTGATAGAGATGTCTCATCC,1,2
CTAGTGAGCTGATAGATATGGCTCATCC,0,1
CTAGTGAGCTGATAGATATTTCTCATCC,0,1
CTAGTGAGCTGCCAGACCTGGTTCACCT,0,36
CTAGTGAGCTGGTAGAGATGGCTCATCC,1,29
CTAGTGCACTTCCAGTGATGTGCCAACT,214,109
CTAGTGCACTTCCAGTGATGTGCCCCCT,5,4
CTAGTGCACTTCCAGTGATTTTCCCACT,1,0
CTAGTGCACTTCCAGTTATTTTCCAACT,11,8
CTAGTGCACTTGCACAGGTGTCTCACAG,0,1
CTAGTGCACTTGCAGACGTGTCGCACTG,0,1
CTAGTGCACTTGCAGAGCTGACGCCCGT,1,0
CTAGTGCACTTGCAGAGGTGTCGCACGG,212,317
CTAGTGCACTTGCAGAGGTGTCGCACTT,2,2
CTAGTGCACTTGCAGAGGTGTCGCCCTG,0,1
CTAGTGCACTTGCAGAGGTGTCTCACGT,1,3
CTAGTGCACTTGCAGAGGTGTCTCACTG,10,12
CTAGTGCACTTGCAGAGGTGTCTCCCGG,0,1
CTAGTGCACTTGCAGAGTTGTCGCACGT,2,0
CTAGTGCACTTGCAGAGTTGTCGCACTG,2,7
CTAGTGCACTTGCAGAGTTGTCGCCCGG,2,1
CTAGTGCACTTGCAGAGTTGTCTCACGG,8,16
CTAGTGCACTTGCAGAGTTTTCTCACTT,2,5
CTAGTGCACTTGCAGATGTGTCTCACGG,1,2
CTAGTGCACTTGCAGATGTGTCTCCCGT,0,1
CTAGTGCACTTGCAGATTTGTCGCACGG,2,4
CTAGTGCACTTGCAGATTTGTCTCACTT,8,17
CTAGTGCACTTGCAGATTTTTCGCACTT,0,1
CTAGTGCACTTGCAGATTTTTCTCACGT,1,1
CTAGTGCACTTGCAGATTTTTCTCACTG,4,2
CTAGTGCCCTATCAGGGGTGTCCCAATA,101,35
CTAGTGCCCTATCAGGGGTGTCCCCCTA,2,1
CTAGTGCCCTATCAGGGTAGTCCCAATA,1,0
CTAGTGCCCTATCAGGGTTGTCCCACTA,1,0
CTAGTGCCCTATCAGGGTTGTCCCCATA,1,0
CTAGTGCCCTATCAGGTTTGTCCCAATA,13,6
CTAGTGCCCTTACAGTGGGGACCCCGTA,0,1
CTAGTGCCCTTACAGTGGTGACCCAGTA,0,37
CTAGTGCCCTTACAGTGTTGACCCATTA,0,1
CTAGTGCCCTTACAGTGTTTACCCAGTA,0,1
CTAGTGCCCTTACAGTTTTGACCCAGTA,0,2
CTAGTGCCCTTACAGTTTTTACCCATTA,0,3
CTAGTGCGCTACCAGTACTGCGCCAGAT,147,50
CTAGTGCGCTACCAGTACTGCGCCCGCT,3,2
CTAGTGCGCTACCAGTACTGCTCCCGAT,2,0
CTAGTGCGCTACCAGTACTTCTCCAGCT,1,0
CTAGTGCGCTACCAGTACTTCTCCATAT,12,1
CTAGTGCTCTTCCAGACGTGACTCACGT,0,1
CTAGTGGACTAAGAGTTATGATTCAATT,0,1
CTAGTGGACTATGAGTAATGATTCAATT,0,1
CTAGTGGACTATGAGTTATGATACAATT,0,1
CTAGTGGACTATGAGTTATGATTCAATG,242,242
CTAGTGGACTATGAGTTATGATTCCCTG,5,1
CTAGTGGACTATGAGTTATTATTCAATT,9,10
CTAGTGGACTTGCAGACTTGACACCCGC,0,1
CTAGTGGACTTGCAGTGTTGCCACACGG,73,67
CTAGTGGACTTGCAGTGTTTCCACACTT,8,6
CTAGTGGACTTGCAGTGTTTCCACCCGT,0,1
CTAGTGGACTTGCAGTTTTGACACACGG,0,1
CTAGTGGACTTGCAGTTTTGCCACACTG,1,1
CTAGTGGACTTGCAGTTTTTCCACACGT,0,1
CTAGTGGCCTCACAGGCCTGTAGCATAA,38,18
CTAGTGGCCTCACAGGCCTGTAGCCTCC,0,1
CTAGTGGCCTCACAGGCCTGTATCCTCA,1,0
CTAGTGGCCTCACAGGCCTTTATCATAA,1,0
CTAGTGGCCTCACATTCCTTTATCCTAA,1,0
CTAGTGGGCTGTCAGGTTTTCCTCAGCT,0,1
CTAGTGGTCTCATAGCGGTGCACCAGGT,20,0
CTAGTGGTCTCATAGCTTTGCACCAGGT,1,0
CTAGTGGTCTCATAGCTTTTCACCATGT,1,0
CTAGTGGTCTCCGAGAACCGTTACCTCA,0,1
CTAGTGGTCTCCGAGAACTGTTACATCA,89,88
CTAGTGGTCTCGTAGTTATGTGACACGC,0,34
CTAGTGGTCTCGTAGTTATGTTACACTC,0,3
CTAGTGGTCTCGTAGTTATTTGACACTC,0,2
CTAGTGGTCTGAGAGTTGTGACGCAGCG,112,0
CTAGTGGTCTGAGAGTTGTGACGCCTCG,1,0
CTAGTGGTCTGAGAGTTGTGACTCATCG,5,0
CTAGTGGTCTGAGAGTTGTGACTCCGCT,1,0
CTAGTGGTCTGAGAGTTGTTACTCAGCG,1,0
CTAGTGGTCTGAGAGTTTTGACTCAGCG,4,0
CTAGTGGTCTGAGAGTTTTGACTCATCT,2,0
CTAGTGGTCTGCTAGCGATGGGACATAC,41,31
CTAGTGGTCTGCTAGCGATGTTACATAC,1,0
CTAGTGGTCTGCTAGCGATTTGACATAC,1,0
CTAGTGGTCTGCTAGCTATGTGACATAC,2,1
CTAGTGGTCTTTCAGACCTGGCGCACAT,1,0
CTAGTGTACTGAGAGCTATTTTCCACTC,0,1
CTAGTGTACTGGAAGCTATGGCTCATTT,1,0
CTAGTGTGCTATGAGTATTGACACAAGA,28,26
CTAGTGTGCTATGAGTATTGACACCCGA,0,1
CTAGTGTGCTATGAGTATTTACACAATA,1,1
CTAGTGTGCTCGGAGATGTGTTGCACGA,27,0
CTAGTGTTCTTCCAGTTTTGAGGCACGG,19,101
CTAGTGTTCTTCCAGTTTTGAGGCACTT,2,1
CTAGTGTTCTTCCAGTTTTGAGTCACTG,0,9
CTAGTGTTCTTCCAGTTTTGATGCCCTG,0,1
CTAGTGTTCTTCCAGTTTTGATTCACGG,2,5
CTAGTGTTCTTCCAGTTTTTAGTCACGG,0,1
CTAGTGTTCTTCCAGTTTTTATTCACTT,0,8
CTAGTTAACTACTAGGATTGGGACATTG,142,27
CTAGTTAACTACTAGGATTGGGACCTTT,1,0
CTAGTTAACTACTAGGATTGTGACATTT,4,1
CTAGTTAACTACTAGGATTGTTACATTG,8,4
CTAGTTAACTACTAGGATTTTGACATTG,0,1
CTAGTTAACTACTAGGATTTTTACATTT,5,0
CTAGTTAACTAGAAGGCATGTGTCATGC,0,28
CTAGTTAACTGTTAGCAATGGTGCATGA,89,80
CTAGTTAACTGTTAGCAATGGTTCATTA,0,1
CTAGTTAACTGTTAGCAATGTTGCATTA,3,2
CTAGTTAACTGTTAGCAATGTTTCATGA,4,2
CTAGTTAACTGTTAGCAATTGTGCATTA,1,0
CTAGTTAACTGTTAGCAATTGTTCATGA,0,1
CTAGTTAACTGTTAGCAATTTTTCATTA,8,4
CTAGTTAACTGTTAGCATTGTTGCATTC,1,0
CTAGTTAGCTGTTAGCAATGTATCATGA,0,1
CTAGTTATCTGTCAGGAATGATACATGA,40,0
CTAGTTATCTGTCAGGAATTATACATTA,3,0
CTAGTTCACTTCGAGGCTTGGAGCATGC,0,35
CTAGTTCACTTCGAGGCTTTTATCATTC,0,8
CTAGTTCACTTCGAGGCTTTTATCCTGC,0,1
CTAGTTGACTTGGAGGCATGTGTCAGTG,0,3
CTAGTTGACTTGGAGGCATTTGTCATTT,0,1
CTAGTTGGCTGAGAGTGTTTCCACACTT,0,1
CTAGTTGGCTGTGAGTGTTGCCACACGT,0,28
CTAGTTGTCTCGCAGAGTTTCCTCACCC,1,0
CTAGTTTACTAAAAGGTGTGATTCACAG,25,0
CTAGTTTACTAAAAGGTGTTATTCACAT,1,0
CTAGTTTACTAAAAGGTTTGATTCACAT,1,0
CTAGTTTACTAGTAGCTATGTAACAATA,0,36
CTAGTTTACTAGTAGCTATGTAACCCTA,0,4
CTAGTTTACTTGGAGGTGTGGCACATCA,22,0
CTAGTTTACTTGGAGGTTTTTCACATCA,1,0
CTAGTTTCCTAGAAGCCGTGAGGCAAGG,124,0
CTAGTTTCCTAGAAGCCGTGAGTCAAGT,6,0
CTAGTTTCCTAGAAGCCGTGAGTCAATG,3,0
CTAGTTTCCTAGAAGCCGTGATTCAAGG,2,0
CTAGTTTCCTAGAAGCCGTGATTCAATT,1,0
CTAGTTTCCTAGAAGCCTTGAGGCAAGT,1,0
CTAGTTTCCTAGAAGCCTTGATGCAAGG,1,0
CTAGTTTCCTAGAAGCCTTGATGCAATT,1,0
CTAGTTTCCTAGAAGCCTTTAGTCAAGT,1,0
CTAGTTTCCTAGAAGCCTTTATTCAATT,4,0
CTAGTTTCCTCCTAGACCTGATTCAGGT,0,1
CTAGTTTTCTCCGAGCGCTGGCCCAAGG,16,58
CTAGTTTTCTCCGAGCGCTGTCCCAAGT,0,1
CTAGTTTTCTCCGAGCGCTGTCCCAATG,0,1
CTAGTTTTCTCCGAGCGCTTGCCCAAGT,0,1
CTAGTTTTCTCCGAGCGCTTTCCCAATT,2,5
CTAGTTTTCTCCGAGCGCTTTCCCACGG,0,1
CTAGTTTTCTCCGAGCTCTGGCCCAAGT,0,1
CTAGTTTTCTCCGAGCTCTGGCCCAATG,0,2
CTAGTTTTCTCCGAGCTCTGTCCCACGT,0,1
CTAGTTTTCTCCGAGCTCTTTCCCAATG,0,2
CTCGAATACACAGAGCTTTTCACCATAT,1,0
CTCGACATCTCCCAGTATTTTCCCAGGG,0,1
CTCGATTTCTGGCAGTATTGCGCCACTA,1,0
CTCGTAACCTCAAAGGGGTCTTCCCCTT,0,1
CTCGTAACCTCAAAGGGGTGTTCCACTT,6,56
CTCGTAACCTCAAAGGTGTTTTCCACTT,0,1
CTCGTAACCTCAAAGGTTTGTTCCACTT,2,7
CTCGTAACCTCTTAGTTTTGTAGCAACG,1,0
CTCGTAATCTGTGAGGTGTGCATCAGAC,0,41
CTCGTAATCTGTGAGGTTTGCATCATAC,0,2
CTCGTACACTCGTAGATTTGTTTCAGCT,1,0
CTCGTACACTCGTAGTGTTGTTGCAGCT,21,0
CTCGTACACTCGTAGTGTTGTTTCATCT,1,0
CTCGTACACTGGGAGGTATGTCTCATGA,1,0
CTCGTACACTGGGAGGTTTGTCGCATGA,43,33
CTCGTACACTGGGAGGTTTGTCTCATTA,3,1
CTCGTACACTGGGAGGTTTTTCGCATTA,1,0
CTCGTACACTGGGAGGTTTTTCTCATGA,1,1
CTCGTACACTTTCAGTTTTGACCCATAG,0,1
CTCGTACGCTAACAGGTTTTATTCACTT,0,1
CTCGTACGCTGGGAGGGATGTCACATTT,0,80
CTCGTACGCTGGGAGGTATTTCACATTT,0,3
CTCGTACGCTGGTAGGGAGGTCACATTT,0,1
CTCGTACGCTGTCAGAGATGGTGCACTT,1,0
CTCGTACGCTTACAGGCCGGTGGCCGTT,1,0
CTCGTACGCTTACAGGCCTGTGGCAGTT,55,0
CTCGTACGCTTACAGGCCTGTGTCATTT,1,0
CTCGTACGCTTACAGGCCTGTTTCAGTT,4,0
CTCGTAGACAGCGAGTTATGAGTCAGCG,1,0
CTCGTAGACTATCAGTTGTTACCCATAT,0,1
CTCGTAGACTGGGAGTTAATAGTCAGCG,1,0
CTCGTAGACTGGGAGTTATGAGTCAGCG,200,76
CTCGTAGACTGGGAGTTATGAGTCATCT,2,1
CTCGTAGACTGGGAGTTATGAGTCCGCT,0,1
CTCGTAGACTGGGAGTTATGAGTCCTCG,1,0
CTCGTAGACTGGGAGTTATGATTCAGCT,1,1
CTCGTAGACTGGGAGTTATGATTCCTCT,1,0
CTCGTAGACTGGGAGTTATTAGTCAGCT,1,2
CTCGTAGACTGGGAGTTATTAGTCATCG,1,1
CTCGTAGACTGGGAGTTATTATTCAGCG,1,0
CTCGTAGACTGGGAGTTATTATTCATCT,10,6
CTCGTAGACTTATAGCACTTTCTCACCA,0,1
CTCGTAGACTTTCAGTTGGGACCCCTAG,0,1
CTCGTAGACTTTCAGTTGGGCCCCATAG,0,1
CTCGTAGACTTTCAGTTGTGACCCATAG,74,366
CTCGTAGACTTTCAGTTGTGACCCCTCG,1,3
CTCGTAGACTTTCAGTTTTGACCCATCG,1,0
CTCGTAGACTTTCAGTTTTTACCCATAT,6,24
CTCGTAGCCTGGGAGTAATGAGTCCGCT,1,0
CTCGTATACTAGCAGGCCTGAAACATAC,0,1
CTCGTATGCTACAAGGGCTGCCTCAGTC,24,0
CTCGTATGCTACAAGGTCTGCCTCATTC,2,0
CTCGTATGCTACAAGGTCTGCCTCCGTC,1,0
CTCGTATGCTACAAGGTCTTCCTCAGTC,1,0
CTCGTATGCTTCAAGGCCTGCCTCACTC,1,0
CTCGTATTCTGGGAGGTTTGTTACATAA,23,0
CTCGTCAACTGAGAGTTTTTTACCATCT,0,1
CTCGTCAACTGTGAGGGGTGGACCAGCT,280,78
CTCGTCAACTGTGAGGGGTGTACCATCT,11,1
CTCGTCAACTGTGAGGGGTTTACCCTCT,2,0
CTCGTCAACTGTGAGGGTTGGACCATCT,4,0
CTCGTCAACTGTGAGGGTTTGACCAGCT,1,0
CTCGTCAACTGTGAGGTGTGGACCATCT,1,2
CTCGTCAACTGTGAGGTGTGGACCCGCT,2,0
CTCGTCAACTGTGAGGTGTGTACCAGCT,1,1
CTCGTCAACTGTGAGGTGTTGACCAGCT,0,1
CTCGTCAACTGTGAGGTTTGGACCAGCT,10,4
CTCGTCAACTGTGAGGTTTTTACCATCT,18,7
CTCGTCAACTTGTAGGGAATCCGCCGGA,0,1
CTCGTCAACTTGTAGGGATGCCGCAGGA,218,100
CTCGTCAACTTGTAGGGATGCCGCATTA,3,2
CTCGTCAACTTGTAGGGATGCCGCCGGC,2,0
CTCGTCAACTTGTAGGGATGCCTCACGA,1,0
CTCGTCAACTTGTAGGGATGCCTCCGGA,1,1
CTCGTCAACTTGTAGGGATTCCTCAGTA,4,1
CTCGTCAACTTGTAGGGATTCCTCATGA,13,2
CTCGTCAACTTGTAGGTATGCCGCATGA,1,1
CTCGTCAACTTGTAGGTATGCCGCCGGA,0,1
CTCGTCAACTTGTAGGTATGCCTCAGGA,7,4
CTCGTCAACTTGTAGGTATTCCGCAGGA,4,0
CTCGTCAACTTGTAGGTATTCCTCATTA,22,11
CTCGTCAACTTGTAGGTATTCCTCCGGA,1,0
CTCGTCAGCTAAGAGCTTTGCATCACTG,40,0
CTCGTCAGCTAAGAGCTTTGCATCCCTT,1,0
CTCGTCAGCTAAGAGCTTTTCATCACTT,3,0
CTCGTCAGCTCAAAGAAATGCGGCAGGT,100,91
CTCGTCAGCTCAAAGAAATGCGGCATGA,1,0
CTCGTCAGCTCAAAGAAATGCGTCATTT,1,2
CTCGTCAGCTCAAAGAAATGCGTCCGGT,0,3
CTCGTCAGCTCAAAGAAATGCTGCAGTT,1,1
CTCGTCAGCTCAAAGAAATGCTGCATGT,1,0
CTCGTCAGCTCAAAGAAATGCTGCCGGT,1,0
CTCGTCAGCTCAAAGAAATTCGGCAGTT,2,2
CTCGTCAGCTCAAAGAAATTCGGCATGT,3,4
CTCGTCAGCTCAAAGAAATTCTTCAGGT,8,7
CTCGTCAGCTCAAAGAAATTCTTCATTT,14,21
CTCGTCAGCTCAAAGAAATTCTTCCTGT,1,0
CTCGTCAGCTCAAAGAACTGCTGCATTA,0,1
CTCGTCATCTCCCACAATTGTCCCATTG,0,1
CTCGTCATCTCCCAGAATTGTCCCATTT,0,1
CTCGTCATCTCCCAGTAATTTCCCAGCG,0,1
CTCGTCATCTCCCAGTATGGTCCCCGGG,0,1
CTCGTCATCTCCCAGTATTGTAACATTT,0,1
CTCGTCATCTCCCAGTATTGTCCCAGGG,234,541
CTCGTCATCTCCCAGTATTGTCCCAGTT,4,8
CTCGTCATCTCCCAGTATTGTCCCATGT,4,5
CTCGTCATCTCCCAGTATTGTCCCATTG,2,13
CTCGTCATCTCCCAGTATTGTCCCCGGT,0,1
CTCGTCATCTCCCAGTATTGTCCCCGTG,1,0
CTCGTCATCTCCCAGTATTGTCCCCTGG,1,1
CTCGTCATCTCCCAGTATTTTCCCAGGT,2,1
CTCGTCATCTCCCAGTATTTTCCCAGTG,2,9
CTCGTCATCTCCCAGTATTTTCCCATGG,1,8
CTCGTCATCTCCCAGTATTTTCCCATTT,18,51
CTCGTCATCTGTGAGGTTTGTACCCTCT,0,1
CTCGTCCTCTTTTAGGCGTTGAACAACG,0,1
CTCGTCGACTTGTAGTTTTGCTGCACCA,5,0
CTCGTCGCCTCCTAGTTGTGTATCATAG,1,7
CTCGTCGCCTCCTAGTTTTGTATCATAT,0,1
CTCGTCGCCTGGGAGTGATGGCTCAGGG,0,49
CTCGTCGCCTGGGAGTGATGGCTCCGGT,0,1
CTCGTCGCCTGGGAGTGATGTCTCAGGT,0,1
CTCGTCGCCTGGGAGTGATGTCTCATGG,0,1
CTCGTCGCCTGGGAGTGATTTCTCAGGG,0,1
CTCGTCGCCTGGGAGTGATTTCTCATTG,0,4
CTCGTCGCCTGGGAGTTATTTCTCAGTT,0,2
CTCGTCGCCTTCGAGTAATGGGGCAGGA,40,79
CTCGTCGCCTTCGAGTAATGGGTCAGTA,1,0
CTCGTCGCCTTCGAGTAATGGTGCATGA,1,2
CTCGTCGCCTTCGAGTAATGGTTCCGGA,0,1
CTCGTCGCCTTCGAGTAATGTGGCATGA,3,1
CTCGTCGCCTTCGAGTAATGTGTCAGGA,0,1
CTCGTCGCCTTCGAGTAATGTTGCAGGA,3,2
CTCGTCGCCTTCGAGTAATGTTGCATTA,0,1
CTCGTCGCCTTCGAGTAATGTTTCAGTA,1,2
CTCGTCGCCTTCGAGTAATTGGGCAGTA,0,1
CTCGTCGCCTTCGAGTAATTGTGCATTA,0,1
CTCGTCGCCTTCGAGTAATTTGTCATGA,0,1
CTCGTCGCCTTCGAGTAATTTGTCCGGA,0,1
CTCGTCGCCTTCGAGTAATTTTGCATGA,0,1
CTCGTCGCCTTCGAGTAATTTTTCAGGA,1,2
CTCGTCGCCTTCGAGTAATTTTTCATTA,1,14
CTCGTCGGCTGTAAGAATTGGTGCAGAA,1,0
CTCGTCGGCTTTCAGACCTGCACCAACT,121,44
CTCGTCGGCTTTCAGACCTGCACCCCCT,9,4
CTCGTCGGCTTTCAGACCTTCAGCAACT,1,0
CTCGTCGTCTCCCAGTATTGTCCCACCG,1,0
CTCGTCGTCTTTTAGGCGTGGAACAACG,62,90
CTCGTCGTCTTTTAGGCGTGGAACCCCG,2,3
CTCGTCGTCTTTTAGGCGTGTAACAACT,2,0
CTCGTCGTCTTTTAGGCGTTGAACAACT,1,0
CTCGTCGTCTTTTAGGCGTTTAACAACG,3,4
CTCGTCGTCTTTTAGGCTTGGAACAACT,1,1
CTCGTCGTCTTTTAGGCTTGGAACCCCT,0,1
CTCGTCGTCTTTTAGGCTTGTAACAACG,1,0
CTCGTCGTCTTTTAGGCTTTGAACAACG,0,2
CTCGTCGTCTTTTAGGCTTTTAACAACT,3,2
CTCGTCGTCTTTTAGTCTTTTAACAACG,0,1
CTCGTGAACTCATAGACGTGCAACATAA,0,85
CTCGTGAACTCATAGACTTTCAACATAA,0,1
CTCGTGACCTTGCAGCTATGCTGCAACC,1,0
CTCGTGAGCAGAAAGGATTTAGTCATTA,0,1
CTCGTGAGCTAGCAGCGATGCTTCAGCC,0,1
CTCGTGAGCTAGCAGGGATGCTTCAGCT,1,0
CTCGTGAGCTAGCAGGGTTGCTTCAGCG,192,423
CTCGTGAGCTAGCAGGGTTGCTTCATCT,13,23
CTCGTGAGCTAGCAGGGTTGCTTCCGCT,1,2
CTCGTGAGCTAGCAGGGTTGCTTCCTCG,1,2
CTCGTGAGCTAGCAGGGTTTCTTCATCG,1,3
CTCGTGAGCTAGCAGGTTTGCTTCAGAG,0,1
CTCGTGAGCTAGCAGGTTTGCTTCAGCT,4,5
CTCGTGAGCTAGCAGGTTTGCTTCATCG,8,8
CTCGTGAGCTAGCAGGTTTGCTTCCGCG,1,0
CTCGTGAGCTAGCAGGTTTTCTTCAGCG,1,0
CTCGTGAGCTAGCAGGTTTTCTTCATCT,10,16
CTCGTGAGCTAGCAGTGTTGCTTCAGCT,0,1
CTCGTGAGCTCGCAGGTTTGCTACATCG,0,1
CTCGTGAGCTGAAAGGATTGAGGCAGGA,27,90
CTCGTGAGCTGAAAGGATTGAGTCAGTA,2,6
CTCGTGAGCTGAAAGGATTGAGTCATGA,2,0
CTCGTGAGCTGAAAGGATTGATGCAGTA,0,2
CTCGTGAGCTGAAAGGATTGATGCATGA,1,0
CTCGTGAGCTGAAAGGATTGATGCCGGA,0,1
CTCGTGAGCTGAAAGGATTGATTCAGGA,0,1
CTCGTGAGCTGAAAGGATTTAGTCAGGA,0,1
CTCGTGAGCTGAAAGGATTTATTCATTA,2,12
CTCGTGCGCTTTGAGGCCTGCACCCCGG,1,0
CTCGTGCTCAGCGAGCGGTGCTTCCCGC,0,1
CTCGTGCTCTGCGAGCGGTGCTTCACGC,0,33
CTCGTGCTCTGCGAGCGTTGCTTCACTC,0,1
CTCGTGCTCTGCGAGCTGTGCTTCACTC,0,2
CTCGTGCTCTGCGAGCTGTTCTTCCCGC,0,1
CTCGTGCTCTGCGAGCTTTGCTTCACGC,0,1
CTCGTGCTCTGCGAGCTTTTCTTCACTC,0,1
CTCGTGGACTTATAGCACTGACTCACAA,1,1
CTCGTGGCCTGCAAGTTCTGTTTCAGCC,0,1
CTCGTGGCCTTGGAGGTGTGCATCAGGC,57,0
CTCGTGGCCTTGGAGGTGTGCATCATTC,3,0
CTCGTGGCCTTGGAGGTGTTCATCAGTC,1,0
CTCGTGGCCTTGGAGGTTTGCATCAGTC,2,0
CTCGTGGCCTTGGAGGTTTGCATCATGC,1,0
CTCGTGGCCTTGGAGGTTTTCATCATTC,5,0
CTCGTGGCCTTTTAGCAATGACACAATA,0,1
CTCGTGGCCTTTTAGGTATGACACATGA,65,107
CTCGTGGCCTTTTAGGTATGACACCTGC,1,1
CTCGTGGCCTTTTAGGTATTACACATTA,2,3
CTCGTGGGCTAGCAGGTGAGTATCACTG,1,0
CTCGTGGGCTAGCAGGTGTGCTGCACGA,0,1
CTCGTGGGCTAGCAGGTGTGTAACACTG,245,251
CTCGTGGGCTAGCAGGTGTGTAACCCTT,1,2
CTCGTGGGCTAGCAGGTGTTTAACACTT,1,3
CTCGTGGGCTAGCAGGTGTTTAACCCTG,1,0
CTCGTGGGCTAGCAGGTTAGTAACACTG,1,0
CTCGTGGGCTAGCAGGTTTGTAACACTT,34,29
CTCGTGGGCTAGCAGGTTTGTAACCCTG,3,3
CTCGTGGGCTAGCAGGTTTTTAACACTG,1,1
CTCGTGGGCTAGCAGTTGTCTAACACAT,1,0
CTCGTGGGCTAGCAGTTGTGTAACACTT,7,6
CTCGTGGGCTAGCAGTTGTTTAACACTG,1,2
CTCGTGGGCTAGCAGTTGTTTAACCCTT,1,0
CTCGTGGGCTAGCAGTTTTGTAACACTG,5,3
CTCGTGGGCTAGCAGTTTTTTAACACTT,6,8
CTCGTGGTCTAAGAGACATGGGTCATCC,66,25
CTCGTGGTCTAAGAGACATGGTTCCTCC,1,0
CTCGTGGTCTAAGAGACATGTGTCCTCC,1,0
CTCGTGGTCTAAGAGACATGTTTCATCC,4,1
CTCGTGGTCTAAGAGACATTGTTCATCC,2,0
CTCGTGGTCTAAGAGACATTTGTCATCC,2,0
CTCGTGGTCTAAGAGACATTTTTCCTCC,1,0
CTCGTGGTCTAAGAGTCGTGCCTCAGAC,0,31
CTCGTGGTCTAAGAGTCTTGCCTCATAC,0,4
CTCGTGGTCTACCAGGACTGTTCCAATG,28,0
CTCGTGGTCTACCAGGACTGTTCCCATT,1,0
CTCGTGGTCTACCAGGACTGTTCCCCTG,1,0
CTCGTGGTCTGGTAGAAATGCTTCCCCT,0,1
CTCGTGGTCTGGTAGAATTGCTTCACCG,0,39
CTCGTGGTCTGGTAGAATTTCTTCACCT,0,3
CTCGTGTCCTCTAAGAAATTACGCAACG,0,1
CTCGTGTCCTGGTAGCCGTGTGGCAGGT,0,34
CTCGTGTCCTGGTAGCCGTGTGGCATTT,0,1
CTCGTGTCCTGGTAGCCGTGTGTCAGTT,0,1
CTCGTGTCCTGGTAGCCGTGTGTCCGGT,0,1
CTCGTGTCCTGGTAGCCTTGTGTCAGGT,0,4
CTCGTGTCCTGGTAGCCTTTTGTCATTT,0,2
CTCGTGTCCTGGTATCCGTTTTTCATTT,0,1
CTCGTGTGCTCTTAGACATGTCGCACCG,31,63
CTCGTGTGCTCTTAGACATTTCTCACCT,5,11
CTCGTGTGCTTAGAGGACTGTTACACTG,1,0
CTCGTGTGCTTAGAGGAGTGGTACAGTG,1,0
CTCGTGTGCTTAGAGGAGTGGTTCAGGG,35,0
CTCGTGTGCTTAGAGGAGTGTTTCAGTG,1,0
CTCGTGTGCTTAGAGGATTGTTTCAGGG,1,0
CTCGTGTGCTTAGAGGATTTTTTCATTT,4,0
CTCGTGTTCTCAAAGCGCTGTGGCACGC,0,27
CTCGTGTTCTCAAAGCGCTGTTTCACTC,0,1
CTCGTGTTCTCAAAGCGCTTTTGCACTC,0,1
CTCGTGTTCTCAAAGCTCTGTGTCACTC,0,4
CTCGTTAACTCTCAGTTATGATTCATGT,7,90
CTCGTTAACTCTCAGTTATGATTCCTTT,1,0
CTCGTTAACTCTCAGTTATTATTCATTT,1,5
CTCGTTACCTCTTAGTTGTGGTGCATCG,155,65
CTCGTTACCTCTTAGTTGTGTTGCATCT,4,2
CTCGTTACCTCTTAGTTGTGTTTCATCG,4,2
CTCGTTACCTCTTAGTTGTGTTTCCTCT,1,0
CTCGTTACCTCTTAGTTGTTGTTCATCT,1,1
CTCGTTACCTCTTAGTTGTTTTGCATCG,0,1
CTCGTTACCTCTTAGTTTTGGTGCATCT,4,1
CTCGTTACCTCTTAGTTTTGGTTCATCG,2,1
CTCGTTACCTCTTAGTTTTGTTGCATCG,5,3
CTCGTTACCTCTTAGTTTTTTTTCATCT,16,10
CTCGTTATCTGAGAGCTTTTCACCATAG,0,1
CTCGTTATCTGTGAGGTTTGCATCAGAC,0,1
CTCGTTCAATTGCAGTATTTTTGCAGTT,0,1
CTCGTTCACTTGCAGTAGAGGTGCAGTT,0,1
CTCGTTCACTTGCAGTAGTGGTGCAGGT,0,78
CTCGTTCACTTGCAGTAGTGGTGCATTT,0,2
CTCGTTCACTTGCAGTAGTGTTTCAGTT,0,1
CTCGTTCACTTGCAGTAGTGTTTCATGT,0,3
CTCGTTCACTTGCAGTAGTTTTTCATTT,0,1
CTCGTTCACTTGCAGTATTTGTGCAGTT,0,1
CTCGTTCACTTGCAGTATTTTTTCAGTT,0,2
CTCGTTCTCTGGGAGTCGTGTTACAGGT,0,40
CTCGTTCTCTGGGAGTCGTGTTACATTT,0,6
CTCGTTCTCTGGGAGTCGTTTTACATGT,0,1
CTCGTTCTCTGGGAGTCTTGTTACATGT,0,1
CTCGTTGACTTATAGCACTGACACACCA,1,0
CTCGTTGACTTATAGCACTGTCTCACCA,325,182
CTCGTTGACTTATAGCACTGTCTCCCCC,2,2
CTCGTTGACTTATAGCACTTTCTCACCC,1,0
CTCGTTGACTTATAGCACTTTCTCCCCA,2,0
CTCGTTGACTTTCAGCTTTGTTTCATAA,70,33
CTCGTTGACTTTCAGCTTTGTTTCATCC,0,1
CTCGTTGACTTTCAGCTTTTTTTCATCA,1,0
CTCGTTGCCATGCAGCCTTGTTTCACCT,0,1
CTCGTTGCCTGACAGTCGTGCGCCAGGA,20,0
CTCGTTGCCTGACAGTCTTGCTCCAGGA,2,0
CTCGTTGCCTGACAGTCTTTCTCCATTA,2,0
CTCGTTGCCTTGCAGCCATGATTCACCG,1,0
CTCGTTGCCTTGCAGCCATGTATCACCT,0,1
CTCGTTGCCTTGCAGCCTAGATTCACCG,1,0
CTCGTTGCCTTGCAGCCTGGTTTCCCCG,1,0
CTCGTTGCCTTGCAGCCTTGATTCCCCG,0,1
CTCGTTGCCTTGCAGCCTTGTTTCACCG,451,493
CTCGTTGCCTTGCAGCCTTGTTTCCCCT,2,2
CTCGTTGCCTTGCAGCCTTTTTTCACCT,12,18
CTCGTTGCCTTTTAGTTATGACACAATA,0,1
CTCGTTGGCTACAAGCATAGTCTCATAT,1,0
CTCGTTGGCTACAAGCATTGGCTCAGAG,33,142
CTCGTTGGCTACAAGCATTGGCTCCGAT,0,1
CTCGTTGGCTACAAGCATTGGCTCCGCG,0,3
CTCGTTGGCTACAAGCATTGTCTCAGAT,3,4
CTCGTTGGCTACAAGCATTGTCTCATAG,1,4
CTCGTTGGCTACAAGCATTGTCTCCTCG,0,1
CTCGTTGGCTACAAGCATTTGCTCATAG,0,1
CTCGTTGGCTACAAGCATTTTCTCAGAG,1,4
CTCGTTGGCTACAAGCATTTTCTCATAT,3,14
CTCGTTGGCTAGTAGTGCTGCGGCAACA,28,0
CTCGTTGGCTAGTAGTGCTGCTTCAACA,3,0
CTCGTTGGCTAGTAGTTCTGCTGCAACA,1,0
CTCGTTGGCTAGTAGTTCTTCTTCAACA,2,0
CTCGTTGTCTGAGAGTAATGGGTCATCT,1,0
CTCGTTGTCTGATAGAAATGGTTCACCT,1,0
CTCGTTGTCTGATAGTAATGGGTCAGCT,239,11
CTCGTTGTCTGATAGTAATGGGTCCTCT,1,0
CTCGTTGTCTGATAGTAATGGTTCATCT,6,0
CTCGTTGTCTGATAGTAATGTGTCATCT,20,0
CTCGTTGTCTGATAGTAATGTGTCCGCT,5,0
CTCGTTGTCTGATAGTAATGTTTCAGCT,7,0
CTCGTTGTCTGATAGTAATTGGTCATCT,2,0
CTCGTTGTCTGATAGTAATTTGTCAGCT,1,1
CTCGTTGTCTGATAGTAATTTTTCATCT,12,0
CTCGTTTGCTTGCAGCCTTGTCACACTG,41,27
CTCGTTTTCTGAGAGCTGTGCACCAGAG,128,122
CTCGTTTTCTGAGAGCTGTGCACCATAT,2,0
CTCGTTTTCTGAGAGCTGTGCACCCGAT,0,1
CTCGTTTTCTGAGAGCTGTGCACCCGCG,2,2
CTCGTTTTCTGAGAGCTGTTCACCAGAT,5,3
CTCGTTTTCTGAGAGCTGTTCACCATAG,2,3
CTCGTTTTCTGAGAGCTTTGCACCAGAT,1,0
CTCGTTTTCTGAGAGCTTTGCACCATAG,1,0
CTCGTTTTCTGAGAGCTTTTCACCATAT,1,2
CTCGTTTTCTGAGAGCTTTTCACCCTCG,0,1
CTCGTTTTCTGGCAGTAATGCTCCACGA,1,0
CTCGTTTTCTGGCAGTATTGCGCCACGA,121,132
CTCGTTTTCTGGCAGTATTGCGCCCCGC,2,2
CTCGTTTTCTGGCAGTATTGCTCCACGC,0,1
CTCGTTTTCTGGCAGTATTTCTCCACTA,12,24
CTGCTGCGCTTGGAGGTTTGTGTCAAAT,0,1
CTGGACGCATTGTAGTACTTCTACAGAC,1,0
CTGGAGCGCTGTTAGTGATGACACATGT,0,1
CTGGATATCTTGGAGGCCTGTTTCATCG,1,0
CTGGTAAACTCGTAGCATTTTATCATAC,0,1
CTGGTAACCTCTGAGTACTTTTACACTA,0,1
CTGGTAACCTTGCAGACATGTATCACAT,0,1
CTGGTAAGCTCACAGCAAAGGGTCAACA,1,0
CTGGTAAGCTGGGAGGGATGCCTCACTA,0,1
CTGGTAAGCTGTCAGACGTGGGCCAATA,21,0
CTGGTAAGCTGTCAGACGTGGGCCCCTA,1,0
CTGGTAAGCTGTCAGACGTTGTCCAATA,2,0
CTGGTAAGCTGTCAGACTTGTTCCAATA,4,0
CTGGTAAGCTTGCAGACCTGTCACACAA,0,3
CTGGTAATCTGCGAGCATTGGTCCAGTC,75,63
CTGGTAATCTGCGAGCATTGTTCCATTC,1,6
CTGGTAATCTGCGAGCATTTTTCCAGTC,1,0
CTGGTACACTCGTAGCAGATGATCATCC,0,1
CTGGTACACTCGTAGCAGTGGATCATCC,84,190
CTGGTACACTCGTAGCAGTGTATCCTCC,0,1
CTGGTACACTCGTAGCAGTTTATCATCC,4,11
CTGGTACACTCGTAGCATTGTATCATCC,2,3
CTGGTACACTCGTAGCATTTGATCATCC,1,1
CTGGTACACTGCCAGGTCTTGCCCAATT,0,1
CTGGTACACTGGCAGCTATGGATCAACC,0,49
CTGGTACACTGGCAGCTATTTATCAACC,0,3
CTGGTACACTGTGAGTCCTGCCACACCA,0,1
CTGGTACCCTAAGAGAAATGTAGCATGG,0,37
CTGGTACCCTAAGAGAAATGTATCATGT,0,2
CTGGTACCCTAAGAGAAATTTATCATTT,0,6
CTGGTACCCTCCGAGAGTTGTTCCACTC,110,64
CTGGTACCCTCCGAGATTTTTTCCACTC,4,1
CTGGTACCCTGCAAGCAATTTTTCACAT,0,1
CTGGTACCCTTGCAGACAAGTTTCCCAT,1,0
CTGGTACCCTTGCAGACATGTTTCACAT,156,169
CTGGTACCCTTGCAGACATGTTTCCCCT,1,0
CTGGTACGCTAACAGGCTTGATTCACAT,0,1
CTGGTACGCTAACAGGGTAGAGGCACTA,0,1
CTGGTACGCTAACAGGGTTGAGGCACTT,0,42
CTGGTACGCTAACAGGTTTGATTCACTT,0,3
CTGGTACGCTGTCAGAGTTGGTGCACTT,53,0
CTGGTACGCTGTCAGAGTTGTTTCACTT,2,0
CTGGTACGCTGTCAGATTTTTTTCACTT,1,0
CTGGTACTCTTGTAGCTGTGCACCACGT,0,69
CTGGTACTCTTGTAGCTGTTCACCACTT,0,4
CTGGTACTCTTTGAGGTTTGAGGCACTC,134,40
CTGGTACTCTTTGAGGTTTGAGTCCCTC,1,0
CTGGTACTCTTTGAGGTTTGATGCCCTC,1,0
CTGGTACTCTTTGAGGTTTGATTCACTC,16,3
CTGGTACTCTTTGAGGTTTTAGTCACTC,3,2
CTGGTACTCTTTGAGGTTTTATTCCCTC,1,0
CTGGTAGACTAGGAGGGTTGGGGCACGC,0,65
CTGGTAGACTAGGAGGGTTGGTGCACTC,0,1
CTGGTAGACTAGGAGGGTTGGTTCACGC,0,3
CTGGTAGACTAGGAGGGTTTGGGCACTC,0,2
CTGGTAGACTAGGAGGGTTTGGTCACGC,0,5
CTGGTAGACTAGGAGGGTTTGTGCACGC,0,4
CTGGTAGACTAGGAGGGTTTTTTCACTC,0,7
CTGGTAGACTGTCAGGTGTGTAACAAAT,72,0
CTGGTAGACTGTCAGGTGTGTAACACCT,1,0
CTGGTAGACTGTCAGGTGTGTAACCCAT,1,0
CTGGTAGACTGTCAGGTTTTTAACAAAT,1,0
CTGGTAGCCTTATAGGCGTGCATCATTT,1,0
CTGGTAGGCTAGGAGGGTTGTTTCACTC,0,1
CTGGTAGGCTGTAAGAAGTGTGTCAAGC,0,29
CTGGTAGGCTGTAAGAAGTGTTTCAATC,0,1
CTGGTAGGCTGTAAGAAGTTTGTCAATC,0,1
CTGGTAGGCTGTAAGAAGTTTGTCACGC,0,1
CTGGTAGGCTGTAAGAATTTTTTCAATC,0,3
CTGGTAGGCTTCAAGCCATTTTCCAGGA,0,1
CTGGTAGTCTGACAGTTCTGGACCAACG,0,42
CTGGTAGTCTGACAGTTCTGGACCCCCG,0,1
CTGGTAGTCTGACAGTTCTGTACCAACT,0,2
CTGGTATACTCGGAGATTTGTAACACAG,45,0
CTGGTATACTCGGAGATTTTTAACACAT,3,0
CTGGTATCCTAGAAGACGTGGGACACAT,1,0
CTGGTATCCTAGTAGACGTGGGTCACAT,68,60
CTGGTATCCTAGTAGACGTGGGTCCCCT,0,1
CTGGTATCCTAGTAGACGTGGTACACAT,0,1
CTGGTATCCTAGTAGACGTGTTTCACAT,2,2
CTGGTATCCTAGTAGACGTTGTTCACAT,1,0
CTGGTATCCTAGTAGACGTTTGTCACAT,1,2
CTGGTATCCTAGTAGACTTGGTTCACAT,2,2
CTGGTATCCTAGTAGACTTGTGTCACAT,5,5
CTGGTATCCTAGTAGACTTTTTTCACAT,4,2
CTGGTATGCTATCAGCTGTGGTTCATCA,0,7
CTGGTATTCTAAGAGCTGTGGGTCAATG,0,1
CTGGTATTCTAAGAGGTGTGGGGCAATG,39,29
CTGGTATTCTAAGAGGTGTGGGGCCCTG,2,1
CTGGTATTCTAAGAGGTGTGTGGCAATT,0,1
CTGGTATTCTAAGAGGTGTGTTGCACTG,0,1
CTGGTATTCTAAGAGGTGTGTTTCAATG,3,3
CTGGTATTCTAAGAGGTGTGTTTCCCTG,1,0
CTGGTATTCTAAGAGGTTTTTTTCAATG,1,0
CTGGTATTCTGACAGTCATGAGCCAGCT,0,24
CTGGTATTCTGACAGTCATGATCCCGCT,0,1
CTGGTATTCTGACAGTCATTATCCATCT,0,1
CTGGTCAACTGTGAGGCCTGCAACAACT,30,128
CTGGTCAACTGTGAGGCCTGCAACCCCT,4,5
CTGGTCAACTGTGAGTACTGCAACAACT,1,0
CTGGTCAACTTCAAGGCTTGGGTCAAAT,0,48
CTGGTCAACTTCAAGGCTTGGGTCCCCT,0,1
CTGGTCAACTTCAAGGCTTGTGTCCCAT,0,3
CTGGTCAACTTCAAGGCTTTTTTCAAAT,0,3
CTGGTCACCTAGCAGTCATGCGGCATTT,59,54
CTGGTCACCTAGCAGTCATGCGTCATAT,0,1
CTGGTCACCTAGCAGTCATGCGTCCTTT,1,0
CTGGTCACCTAGCAGTCATTCTTCATTT,6,7
CTGGTCACCTCGGAGTACTGAGTCATCC,0,34
CTGGTCACCTCGGAGTACTGATTCCTCC,0,1
CTGGTCACCTCGGAGTACTTATTCATCC,0,1
CTGGTCAGCTAGGAGTGTTGTGCCATGC,34,0
CTGGTCAGCTAGGAGTGTTGTTCCATTC,1,0
CTGGTCAGCTAGGAGTGTTGTTCCCTGC,1,0
CTGGTCAGCTAGGAGTGTTTTTCCATGC,1,0
CTGGTCAGCTAGGAGTTTTGTGCCATTC,3,0
CTGGTCAGCTGGGAGTTTTGTTGCATTA,0,36
CTGGTCAGCTGGGAGTTTTGTTTCCTTA,0,1
CTGGTCAGCTGGGAGTTTTTTTTCATTA,0,1
CTGGTCAGCTTGAAGATATTAACCAAAC,0,1
CTGGTCAGCTTGAAGTTTTGATGCAAAC,113,225
CTGGTCAGCTTGAAGTTTTGATGCCCCC,1,7
CTGGTCAGCTTGAAGTTTTGATTCAAAA,0,1
CTGGTCAGCTTGAAGTTTTTATGCCACC,0,1
CTGGTCAGCTTGAAGTTTTTATTCAAAC,12,13
CTGGTCATCTATAAGCGCTGTAACAAGC,0,29
CTGGTCATCTATAAGCGCTGTAACCCGC,0,1
CTGGTCATCTATAAGCGCTTTAACAATC,0,1
CTGGTCATCTATAAGCTCTGAAACAAGC,0,1
CTGGTCATCTATAAGCTCTGTAACAATC,0,6
CTGGTCATCTCATAGACATGCAACAATG,1,0
CTGGTCCACTCGCAGATTTGCAGCAAGT,0,14
CTGGTCCACTCGCAGATTTTCATCAAGT,0,2
CTGGTCCACTCTCAGGGTTGCTCCAGAT,30,27
CTGGTCCACTCTCAGGGTTGCTCCATCT,1,0
CTGGTCCACTCTCAGGGTTGCTCCCGCT,1,1
CTGGTCCACTCTCAGGGTTTCTCCATAT,2,1
CTGGTCCACTCTCAGGGTTTCTCCCGAT,0,1
CTGGTCCACTCTCAGGTTTTCTCCAGAT,1,0
CTGGTCCACTGTAAGTCTTGCATCAGAA,1,0
CTGGTCCCCAGTAAGTGTTTCATCATTA,0,1
CTGGTCCCCTAGTAGATGTGAGGCAACC,44,95
CTGGTCCCCTAGTAGATGTGAGGCCCCC,1,2
CTGGTCCCCTAGTAGATGTGATTCAACC,2,5
CTGGTCCCCTAGTAGATTTGAGTCAACC,1,3
CTGGTCCCCTAGTAGATTTGATGCAACC,0,1
CTGGTCCCCTAGTAGATTTTATTCAACC,1,2
CTGGTCCCCTGTAAGAGTTGCAGCATTA,0,1
CTGGTCCCCTGTAAGTGTTGCAGCAGTA,447,303
CTGGTCCCCTGTAAGTGTTGCAGCCGTC,1,2
CTGGTCCCCTGTAAGTGTTGCATCATTA,4,4
CTGGTCCCCTGTAAGTGTTGCATCCGTA,1,0
CTGGTCCCCTGTAAGTGTTTCAGCATTA,2,2
CTGGTCCCCTGTAAGTGTTTCATCAGTA,32,16
CTGGTCCCCTGTAAGTGTTTCATCATAA,0,1
CTGGTCCCCTGTAAGTTTTGCATCAGTA,2,3
CTGGTCCCCTGTAAGTTTTTCAGCAGTA,2,2
CTGGTCCCCTGTAAGTTTTTCATCATTA,11,8
CTGGTCCCCTGTAAGTTTTTCATCCGTC,0,1
CTGGTCCGCTCTCAGGGTTGCTCCACAT,0,1
CTGGTCCGCTGTCAGCTTTGACACAGAT,0,9
CTGGTCCTCTGTAAGTATTGTATCACCA,0,1
CTGGTCCTCTGTAAGTTGTGTATCACCA,123,129
CTGGTCCTCTGTAAGTTGTGTATCCCCC,1,0
CTGGTCCTCTGTAAGTTTTGTATCCCCA,1,0
CTGGTCCTCTGTAAGTTTTTTATCACCA,2,3
CTGGTCCTCTTATAGTAGTGAATCAACT,1,0
CTGGTCCTCTTATAGTAGTGATGCAACT,59,0
CTGGTCCTCTTATAGTAGTGATGCCCCT,1,0
CTGGTCCTCTTATAGTATTGATTCAACT,4,0
CTGGTCCTCTTTTAGTATTGATGCATCT,1,0
CTGGTCGACTGACAGAGATGAAGCATAT,0,62
CTGGTCGACTGACAGATATTAATCATAT,0,1
CTGGTCGACTGCCAGTACTGCCTCACAA,0,1
CTGGTCGCCTCCTAGCGATGATGCCTCG,0,1
CTGGTCGGCTAAAAGCGTTGTGACAATT,37,0
CTGGTCGGCTAAAAGCTTATTTACAATT,1,0
CTGGTCGGCTTGAAGTTTTGATTCAAAC,1,0
CTGGTCGGCTTGTAGTACTGCGACAGAC,130,58
CTGGTCGGCTTGTAGTACTGCGACCGCC,1,0
CTGGTCGGCTTGTAGTACTGCTACATAC,4,0
CTGGTCGGCTTGTAGTACTGCTACCGAC,0,1
CTGGTCGGCTTGTAGTACTTCGACATAC,3,0
CTGGTCGGCTTGTAGTACTTCTACAGAC,3,5
CTGGTCTACTGACAGCTTTGAGACACAC,0,1
CTGGTCTACTGCCAGCAGTGATACACAC,0,1
CTGGTCTACTGCCAGCTCTGAGACCCAC,1,0
CTGGTCTACTGCCAGCTGTGAGACACAC,85,158
CTGGTCTACTGCCAGCTGTGAGACCCCC,2,1
CTGGTCTACTGCCAGCTTTTATACACAC,5,3
CTGGTCTCCTCCCAGGAGTGTTGCACTC,0,1
CTGGTCTCCTCCCAGGATTCATGCACAA,1,0
CTGGTCTCCTCCCAGGATTGTTGCACTA,133,123
CTGGTCTCCTCCCAGGATTTTTTCACTA,4,3
CTGGTCTCCTCCCAGTATATTTTCACTA,1,0
CTGGTCTCCTCCCAGTATTGTTGCACAA,0,1
CTGGTCTCCTCCCAGTATTGTTTCACTA,6,6
CTGGTCTCCTCCCAGTATTTTTGCACTA,1,3
CTGGTCTCCTCCCATTATTGTTGCACTA,0,1
CTGGTCTCCTGTTAGTGCTGTTCCATCG,46,0
CTGGTCTCCTGTTAGTGCTTTTCCATCT,1,0
CTGGTCTCCTGTTAGTTCTGTTCCATCT,2,0
CTGGTCTGCTGAGAGGGTTGTCGCATAC,3,0
CTGGTCTGCTTGAAGACTTGTGACACAA,1,0
CTGGTGAACTCGTAGTTGTGGTCCAGTT,0,4
CTGGTGAACTCGTAGTTTTGTTCCAGTT,0,1
CTGGTGAACTCGTAGTTTTTGTCCATTT,0,1
CTGGTGACCTGCGAGTAATGATCCACTT,0,1
CTGGTGATCTATCAGGGGTGTTGCAACC,11,0
CTGGTGATCTATCAGGTTTGTTTCAACC,2,0
CTGGTGATCTATCAGTTATGAGGCAGTT,35,0
CTGGTGATCTATCAGTTATGAGTCATTT,2,0
CTGGTGATCTATCAGTTATGATTCAGTT,1,0
CTGGTGATCTATCAGTTATTATGCAGTT,1,0
CTGGTGATCTATCAGTTATTATTCATTT,1,0
CTGGTGATCTGCGAGGTTTGGCCCAATA,25,70
CTGGTGATCTGCGAGGTTTGGCCCCCTA,0,1
CTGGTGATCTGCGAGGTTTTTCCCAATA,2,2
CTGGTGCACTACGAGCTTTGATACATCT,0,1
CTGGTGCACTGGAAGGCATGTGACATCA,0,54
CTGGTGCACTGGAAGGCATTAGACATCA,0,1
CTGGTGCACTGGAAGGCATTTTACATCA,0,5
CTGGTGCACTGGGAGTCGTGAAGCAGGT,0,32
CTGGTGCACTGGGAGTCGTGAATCAGTT,0,2
CTGGTGCACTGGGAGTCGTGAATCATGT,0,4
CTGGTGCGCTCTAAGACATGACACATCT,1,0
CTGGTGCGCTGTCAGGCCTGTAGCATTT,36,75
CTGGTGCGCTGTCAGGCCTTTATCATTT,0,2
CTGGTGCGCTGTTAGTGAAGACACAGGA,0,1
CTGGTGCGCTGTTAGTGAGGACACCGGT,4,2
CTGGTGCGCTGTTAGTGATGACACAGGT,517,609
CTGGTGCGCTGTTAGTGATGACACATGA,0,1
CTGGTGCGCTGTTAGTGATGACACATTT,17,40
CTGGTGCGCTGTTAGTGATGACACCTGT,2,0
CTGGTGCGCTGTTAGTGATTACACAGTT,2,7
CTGGTGCGCTGTTAGTGATTACACATGT,3,8
CTGGTGCGCTGTTAGTGATTATACATTT,1,0
CTGGTGCGCTGTTAGTTATGACACAGTT,4,0
CTGGTGCGCTGTTAGTTATGACACATGT,2,4
CTGGTGCGCTGTTAGTTATGACACCGGT,0,1
CTGGTGCGCTGTTAGTTATTACACAGGT,0,1
CTGGTGCGCTGTTAGTTATTACACATTT,4,10
CTGGTGCGCTGTTAGTTATTACACCGTT,1,0
CTGGTGCGCTTGAAGGCTTGTTTCATAT,1,0
CTGGTGCGCTTGTAGGCTTGTGGCATAT,24,0
CTGGTGCGCTTGTAGGCTTGTGGCCTCT,1,0
CTGGTGCGCTTGTAGGCTTTTGTCATAT,2,0
CTGGTGCTCTAATAGCGATGATGCAAAC,0,1
CTGGTGCTCTACTAGCGATGAGGCATTC,131,126
CTGGTGCTCTACTAGCGATGAGTCATAC,0,1
CTGGTGCTCTACTAGCGATGATGCCTTC,0,1
CTGGTGCTCTACTAGCGATGATTCATTC,2,7
CTGGTGCTCTACTAGCGATTAGTCATTC,1,0
CTGGTGCTCTACTAGCGATTATTCCTTC,1,0
CTGGTGCTCTACTAGCTATGAGTCATTC,1,2
CTGGTGCTCTACTAGCTATGATGCATTC,4,2
CTGGTGCTCTACTAGCTATTATTCATTC,12,8
CTGGTGCTCTTGAAGGCATGGCGCACCT,0,24
CTGGTGCTCTTGAAGGCATTTCTCACCT,0,4
CTGGTGCTCTTTCAGTCTTGATTCACAA,1,0
CTGGTGCTCTTTCAGTGTTGAGTCACAA,88,85
CTGGTGCTCTTTCAGTGTTGATTCCCAA,0,1
CTGGTGCTCTTTCAGTGTTTATTCACAA,5,2
CTGGTGCTCTTTCAGTTTTTAGTCACAA,1,0
CTGGTGGACTAGCAGCCCTCTAACCAAT,0,2
CTGGTGGACTAGCAGCCCTGGAACAAAT,155,329
CTGGTGGACTAGCAGCCCTGGAACCACT,2,2
CTGGTGGACTAGCAGCCCTGGAACCCAT,10,6
CTGGTGGACTAGCAGCCCTGTAACAAAA,1,0
CTGGTGGACTAGCAGCCCTGTAACACAT,0,1
CTGGTGGACTAGCAGCCCTTTAACAAAT,5,13
CTGGTGGACTGCGAGCCTTGGTGCAAAT,38,0
CTGGTGGACTGCGAGCCTTGGTGCCCCT,1,0
CTGGTGGACTGCGAGCCTTGTTTCCCAT,1,0
CTGGTGGACTGCGAGCCTTTTTGCAAAT,2,0
CTGGTGGCCTTTAAGAACTGATGCAGAA,35,5
CTGGTGGCCTTTAAGAACTGATTCATAA,0,1
CTGGTGGCCTTTAAGAACTGATTCCGAA,2,0
CTGGTGGGCTCAGAGCAATGATTCAGAA,1,0
CTGGTGGGCTTGGAGGTATGGTTCAAAT,0,1
CTGGTGGGCTTGGAGGTGTGGGTCAAAG,90,81
CTGGTGGGCTTGGAGGTGTGGGTCCCCG,2,4
CTGGTGGGCTTGGAGGTGTGTGTCAAAT,0,2
CTGGTGGGCTTGGAGGTGTGTGTCCCAG,1,1
CTGGTGGGCTTGGAGGTGTGTTTCAAAG,1,7
CTGGTGGGCTTGGAGGTGTGTTTCCCCG,0,1
CTGGTGGGCTTGGAGGTGTTGTTCAAAG,0,1
CTGGTGGGCTTGGAGGTGTTTGTCAAAG,2,0
CTGGTGGGCTTGGAGGTTTGGGTCAAAT,1,0
CTGGTGGGCTTGGAGGTTTGGTTCAAAG,1,0
CTGGTGGGCTTGGAGGTTTTTTTCAAAT,5,3
CTGGTGGGCTTTAAGTTTTGAAGCACCC,1,0
CTGGTGGGCTTTTAGTCATGAAACAACG,33,0
CTGGTGGGCTTTTAGTCATGAAACCCCT,1,0
CTGGTGGGCTTTTAGTCATTAAACCACG,1,0
CTGGTGGTCTACTAGAAATGAACCAACG,101,62
CTGGTGGTCTACTAGAAATGAACCCCCG,2,3
CTGGTGGTCTACTAGAAATGCACCAACT,0,1
CTGGTGGTCTACTAGAAATTAACCAACT,2,3
CTGGTGTACTATTAGGTGTGTGCCATTA,0,20
CTGGTGTACTATTAGGTTTGTTCCATTA,0,2
CTGGTGTACTATTAGTTTTGATCCATTA,0,1
CTGGTGTACTGGTAGTAGAGTTTCACAC,0,1
CTGGTGTACTGGTAGTAGTGAATCACAC,1,0
CTGGTGTACTGGTAGTAGTGTTGCACAC,458,209
CTGGTGTACTGGTAGTAGTGTTGCCCCC,9,3
CTGGTGTACTGGTAGTAGTGTTTCCCAC,2,2
CTGGTGTACTGGTAGTAGTTTTTCACAC,11,2
CTGGTGTACTGGTAGTATTGTTTCACAC,24,5
CTGGTGTACTGGTAGTATTTTTGCACAC,1,1
CTGGTGTCCTCGAACTATTTCCTCATTC,0,1
CTGGTGTCCTCGAAGTAGTGCCTCAGTC,0,48
CTGGTGTCCTCGAAGTATTTCCTCAGTC,0,2
CTGGTGTCCTGCCAGGTATGCATCAGCA,69,51
CTGGTGTCCTGCCAGGTATTCATCATCA,4,2
CTGGTGTCCTGCGAGTTATGTTCCACGT,0,48
CTGGTGTGCTACGAGCTTTGCCACATAA,0,1
CTGGTGTGCTACTAGGGTTGTGGCAGTC,41,0
CTGGTGTGCTACTAGGGTTGTGTCATTC,1,0
CTGGTGTGCTACTAGGTTTGTGTCAGTC,1,0
CTGGTGTGCTACTAGGTTTTTTTCAGTC,1,0
CTGGTGTGCTAGAAGCTTTGGCACAGTA,0,49
CTGGTGTGCTAGAAGCTTTGTCACATTA,0,2
CTGGTGTGCTAGAAGCTTTGTCACCGTC,0,1
CTGGTGTGCTCATAGTGCTGGTTCAATG,0,40
CTGGTGTGCTCATAGTGCTTTTTCAATT,0,2
CTGGTGTGCTGCAAGGTGTGTATCAAAC,37,27
CTGGTGTGCTGCAAGGTGTGTATCCCAC,2,0
CTGGTGTGCTGCAAGGTTTTTATCAAAC,0,1
CTGGTGTGCTTCAAGGTCTGGGTCAAAC,0,57
CTGGTGTGCTTCAAGGTCTGTTTCAACC,0,1
CTGGTGTGCTTCAAGGTCTTTTTCAAAC,0,7
CTGGTGTGCTTCAAGGTCTTTTTCCCAC,0,1
CTGGTGTGCTTGCAGTCCTGCGCCAGTG,129,110
CTGGTGTGCTTGCAGTCCTGCGCCATTT,1,1
CTGGTGTGCTTGCAGTCCTGCTCCAGTT,0,1
CTGGTGTGCTTGCAGTCCTGCTCCATTG,2,3
CTGGTGTGCTTGCAGTCCTGCTCCCTTT,1,1
CTGGTGTGCTTGCAGTCCTTCTCCAGTG,3,7
CTGGTGTGCTTGCAGTCCTTCTCCATTT,3,0
CTGGTGTGCTTGCAGTCGTGCTCCAGTG,1,0
CTGGTGTGCTTGTAGAGGTGTGTCACAA,29,27
CTGGTGTGCTTGTAGAGTTTTGTCACAA,1,0
CTGGTGTGCTTGTAGATTTGTGTCACAA,0,3
CTGGTGTTCTGTGAGTAATGACGCATCC,67,0
CTGGTGTTCTGTGAGTAATGACTCCTCC,1,0
CTGGTGTTCTGTGAGTAATTACTCATCC,7,0
CTGGTTAACTACGAGGTATGTACCAGAT,0,1
CTGGTTAACTACGAGGTTTGTACCAGTG,0,41
CTGGTTAACTACGAGGTTTGTACCATTT,0,2
CTGGTTAACTACGAGGTTTGTACCCGTT,0,1
CTGGTTAACTGTGAGGACTGGATCAATT,92,0
CTGGTTAACTGTGAGGACTGGATCCCTT,3,0
CTGGTTAACTGTGAGGACTTTATCAATT,2,0
CTGGTTACCTCAGAGCCATGCACCAGGA,119,0
CTGGTTACCTCAGAGCCATGCACCCGGC,2,0
CTGGTTACCTCAGAGCCATTCACCATTA,13,0
CTGGTTACCTCAGAGCCATTCACCCGGA,1,0
CTGGTTAGCTCAGAGTTCTGTCTCACGG,3,26
CTGGTTAGCTCAGAGTTCTGTCTCACTT,0,4
CTGGTTATCTGTAAGGGTTGTCGCACAA,0,13
CTGGTTATCTGTAAGGGTTTTCTCACAA,0,1
CTGGTTATCTGTAAGGTTTGTCTCACAA,0,1
CTGGTTATCTGTAAGGTTTTTCGCACAA,0,1
CTGGTTATCTTGGAGGCCTGATTCATCG,1,0
CTGGTTATCTTGGAGGCCTGTAACAGCT,0,1
CTGGTTATCTTGGAGGCCTGTTTCAGCG,32,109
CTGGTTATCTTGGAGGCCTGTTTCCTCG,2,1
CTGGTTATCTTGGAGGCCTTTTTCATCT,2,8
CTGGTTCACTTCTAGGTTTGTGTCATTA,0,1
CTGGTTCGCTCATAGGGATGCCTCAGGA,30,66
CTGGTTCGCTCATAGGGATGCCTCATGC,1,0
CTGGTTCGCTCATAGGGATGCCTCATTA,0,1
CTGGTTCGCTCATAGGTATGCCTCATGA,0,1
CTGGTTCGCTCATAGGTATTCCTCATTA,2,4
CTGGTTCGCTCATAGGTATTCCTCCTGA,0,1
CTGGTTCGCTCGTAGTCTTGCAACAGTC,5,0
CTGGTTCTCTCCAAGCCGTGACGCAATC,1,0
CTGGTTCTCTCCAAGCCGTGACGCATAC,1,0
CTGGTTCTCTCCAAGCCGTGTCGCATTC,136,33
CTGGTTCTCTCCAAGCCGTTTCTCATTC,3,0
CTGGTTCTCTCCAAGCCTTGTCTCATTC,9,2
CTGGTTCTCTCCAAGCCTTTTCTCCTTC,1,0
CTGGTTCTCTTACAGTTTTGATCCACAG,45,0
CTGGTTCTCTTACAGTTTTGATCCCCCG,1,0
CTGGTTCTCTTACAGTTTTTATCCCCAG,2,0
CTGGTTGCCTTAGAGTGGTGCTTCATTG,0,1
CTGGTTGCCTTATAGGGGTGCTTCAGTG,218,235
CTGGTTGCCTTATAGGGGTGCTTCCGTT,2,2
CTGGTTGCCTTATAGGGGTTCTTCATTT,4,13
CTGGTTGCCTTATAGGGTTGCTACAGAG,1,0
CTGGTTGCCTTATAGGGTTGCTTCAGTT,0,1
CTGGTTGCCTTATAGGGTTGCTTCCGTG,1,0
CTGGTTGCCTTATAGGTGTGCTTCAGTT,0,1
CTGGTTGCCTTATAGGTGTGCTTCATTG,1,0
CTGGTTGCCTTATAGGTGTTCTTCAGTG,0,2
CTGGTTGCCTTATAGGTTTGCTTCAGTG,13,23
CTGGTTGCCTTATAGGTTTGCTTCATTT,6,4
CTGGTTGCCTTATAGGTTTTCTTCAGTT,2,0
CTGGTTGCCTTATAGGTTTTCTTCATTG,1,1
CTGGTTGCCTTATAGGTTTTCTTCCGTG,0,1
CTGGTTGCCTTATAGTTTTGCTTCCTTT,0,1
CTGGTTGCCTTCAAGAAATGATTCAAAC,0,1
CTGGTTGCCTTCAAGGTGTGATACATGG,0,39
CTGGTTGCCTTCAAGGTGTGATACATTT,0,1
CTGGTTGCCTTCAAGGTTTGATACATGT,0,1
CTGGTTGCCTTCAAGGTTTGATACATTG,0,3
CTGGTTGGCTTCAAGCCATGGGCCAGGA,6,15
CTGGTTGGCTTCAAGCCATGGGCCCTCA,0,1
CTGGTTGGCTTCAAGCCATGTTCCAGGA,1,1
CTGGTTGGCTTCAAGCCATGTTCCATTA,1,4
CTGGTTGGCTTCAAGCCATTTGCCAGGA,0,1
CTGGTTGTCTTCAAGCTTTGCACCCCCG,0,1
CTGGTTGTCTTGGAGGCATGGGCCACGG,3,61
CTGGTTGTCTTGGAGGCATGTGCCACGT,0,1
CTGGTTGTCTTGGAGGCATGTTCCACGG,0,5
CTGGTTGTCTTGGAGGCATGTTCCACTT,0,4
CTGGTTGTCTTGGAGGCATGTTCCCCGT,0,1
CTGGTTGTCTTGGAGGCATTGTCCACTG,0,3
CTGGTTGTCTTGGAGGCATTTGCCACGG,0,2
CTGGTTGTCTTGGAGGCATTTTCCACGT,0,1
CTGGTTTCCTAGTAGTGGTGGGTCACAA,9,27
CTGGTTTCCTAGTAGTGTTGGTTCACAA,0,1
CTGGTTTCCTAGTAGTGTTGTGTCACAA,1,1
CTGGTTTCCTAGTAGTGTTTTTTCACAA,0,1
CTGGTTTCCTAGTAGTTTTGTTTCACAA,2,1
CTGGTTTTCTCGTAGTCATGGCACATCG,0,24
CTGGTTTTCTCGTAGTCATGTCACATCT,0,1
CTTATTTCCTCCTAGTCCTGTTGCATGT,0,1
CTTCTGCACTACCAGCAGTGAGACCCCT,1,0
CTTGAGAACTCCGAGCCATGAGGCATGT,1,0
CTTGAGCTCTCGGAGTTTTTTGCCAGTT,0,1
CTTGAGGACTAGGAGGGTTGCTCCACTT,1,0
CTTGAGTTCTTTGAGGTGTGTTGCCTCT,0,1
CTTGTAAGCTACTAGTAATGGACCAGAA,177,69
CTTGTAAGCTACTAGTAATGTACCAGCA,1,0
CTTGTAAGCTACTAGTAATGTACCATAA,14,3
CTTGTAAGCTACTAGTAATGTACCCGAA,1,0
CTTGTAAGCTACTAGTAATTGACCATAA,2,2
CTTGTAAGCTACTAGTAATTTACCAGAA,3,3
CTTGTAAGCTGGAAGCTGTGCGCCAACA,0,48
CTTGTAAGCTGGAAGCTGTGCGCCCCCC,0,1
CTTGTAAGCTGGAAGCTGTGCTCCACCA,0,1
CTTGTAAGCTGGAAGCTGTTCTCCAACA,0,2
CTTGTAATCTGGAAGCAGTGCGCCAACC,0,1
CTTGTACACTGTTAGAGCTGAGTCAGAT,0,48
CTTGTACACTGTTAGAGCTGATTCATAT,0,1
CTTGTACACTGTTAGATCTGAGTCATAA,0,1
CTTGTACACTGTTAGATCTTAGTCATAT,0,3
CTTGTACACTTATAGTAGTGATTCATAA,0,1
CTTGTACCCTCCTAGGACTGTCCCACTG,0,28
CTTGTAGACTCTAAGGGTTGTAGCAACG,20,47
CTTGTAGACTCTAAGGGTTGTATCAACT,0,4
CTTGTAGACTCTAAGGTTTGTAGCAACT,0,1
CTTGTAGACTCTAAGGTTTGTATCAACG,1,4
CTTGTAGCCTAGTAGCATTGAATCACCA,1,0
CTTGTAGCCTAGTAGGAGTGATGCACCA,70,38
CTTGTAGCCTAGTAGGAGTGATGCCCCC,1,0
CTTGTAGCCTAGTAGGAGTTATTCACCA,1,4
CTTGTAGCCTAGTAGGATTGATTCACCA,5,3
CTTGTAGGCTACTAGATGTGTTCCAAGC,49,41
CTTGTAGGCTACTAGATGTGTTCCCCGC,3,1
CTTGTAGGCTACTAGATGTTTTCCAATC,4,0
CTTGTAGGCTACTAGATTAGATCCAAGC,1,0
CTTGTAGGCTACTAGATTTGTTCCAATC,0,1
CTTGTAGGCTCAAAGATTTGGTCCATAA,32,0
CTTGTAGGCTCAAAGATTTTTTCCATAA,2,0
CTTGTAGTCTGACAGACATTTTTCATTT,1,0
CTTGTATCCTCCTAGTCCTTTTTCAGTT,1,0
CTTGTATGCTTATAGCTGTGCCCCAGGC,70,31
CTTGTATGCTTATAGCTGTGCCCCATTC,2,1
CTTGTATGCTTATAGCTGTTCCCCATGC,0,1
CTTGTATGCTTATAGCTTTGCCCCAGTC,0,1
CTTGTATGCTTATAGCTTTTCCCCATTC,4,2
CTTGTATTCTATTAGAGCTGTCTCAACG,57,0
CTTGTATTCTATTAGAGCTGTCTCCCCG,2,0
CTTGTATTCTATTAGATCTGTCTCAACT,2,0
CTTGTATTCTCGCAGTGTTGTGTCAGAA,115,86
CTTGTATTCTCGCAGTGTTTTGTCATAA,2,1
CTTGTATTCTCGCAGTTTAGTGACAGAA,0,1
CTTGTATTCTCGCAGTTTTGTTTCATAA,3,1
CTTGTATTCTCGCAGTTTTTTGTCAGAA,1,0
CTTGTATTCTTACAGTAATGGTCCAAGT,150,64
CTTGTATTCTTACAGTAATGGTCCCCGT,3,4
CTTGTATTCTTACAGTAATGTTCCAAGA,1,0
CTTGTATTCTTACAGTAATGTTCCAATT,5,1
CTTGTATTCTTACAGTAATTGTCCAATT,0,2
CTTGTATTCTTACAGTAATTTTCCAAGT,1,2
CTTGTCAACTCCTAGCAATGAGTCAAGC,30,0
CTTGTCAACTCCTAGCAATTAGTCAATC,2,0
CTTGTCAACTTGGAGACTTGCTGCACTC,47,26
CTTGTCAACTTGGAGACTTGCTTCCCTC,1,0
CTTGTCAACTTGGAGACTTTCAGCCCTC,1,0
CTTGTCAACTTGGAGACTTTCTTCACTC,2,1
CTTGTCAACTTTTAGCAATTAATCATGT,1,0
CTTGTCACCTAGTAGTAGTGCCACAGAG,37,0
CTTGTCACCTAGTAGTAGTGCCACATAT,2,0
CTTGTCACCTAGTAGTAGTTCCACATAG,2,0
CTTGTCAGCTTGGAGTGGTGTGGCACGG,19,21
CTTGTCAGCTTGGAGTGGTGTGTCACTT,3,4
CTTGTCAGCTTGGAGTGGTGTTGCACTG,4,1
CTTGTCAGCTTGGAGTGGTGTTGCCCGG,1,1
CTTGTCAGCTTGGAGTGGTGTTTCACGG,0,1
CTTGTCAGCTTGGAGTGGTTTTTCACTT,2,0
CTTGTCAGCTTGGAGTGTTGTGGCACGT,1,1
CTTGTCAGCTTGGAGTGTTGTGTCACTG,2,2
CTTGTCAGCTTGGAGTTGTGTGGCACTG,0,1
CTTGTCAGCTTGGAGTTGTGTTGCACGG,0,1
CTTGTCAGCTTGGAGTTTTGTTTCACTG,1,0
CTTGTCAGCTTGGAGTTTTTTGTCACTG,1,0
CTTGTCAGCTTTGAGCCATGGGCCATAG,35,0
CTTGTCAGCTTTGAGCCATGTGCCATAT,1,0
CTTGTCAGCTTTGAGCCATGTTCCATAG,2,0
CTTGTCAGCTTTGAGCCATTTTCCATAT,3,0
CTTGTCCCCTAGTAGATTTGATTCAACC,1,0
CTTGTCCTCTGCCAGATTTGTGCCACAG,0,22
CTTGTCCTCTGCCAGATTTGTTCCACAT,0,1
CTTGTCCTCTGCCAGATTTTTTCCACAG,0,1
CTTGTCCTCTGTAAGTTCTGAACCAGCA,0,1
CTTGTCCTCTGTTAGAGGTGTTTCACAG,22,22
CTTGTCCTCTGTTAGAGTTGATTCACAT,1,0
CTTGTCCTCTGTTAGATTTGTTTCACAG,0,3
CTTGTCCTCTGTTAGATTTTTTTCACAT,0,2
CTTGTCCTCTGTTAGTAGTGCCACAGGC,13,34
CTTGTCCTCTGTTAGTAGTGCCACATTC,0,2
CTTGTCCTCTGTTAGTAGTTCCACAGTC,0,1
CTTGTCCTCTGTTAGTAGTTCCACATGC,0,1
CTTGTCCTCTGTTAGTATTGCCACATGC,0,1
CTTGTCCTCTGTTAGTATTTCCACATTC,3,2
CTTGTCGCCTAGCAGCGATGACACACAA,46,0
CTTGTCGCCTAGCAGCGATGACACCCCA,1,0
CTTGTCGCCTCGGAGGCGTGGATCCTCC,1,0
CTTGTCGCCTCGGAGGGGAGGTTCAGCC,0,1
CTTGTCGCCTCGGAGGGGGGGTGCCGCC,0,1
CTTGTCGCCTCGGAGGGGTGGTGCAGCC,416,300
CTTGTCGCCTCGGAGGGGTGGTGCCTCC,3,2
CTTGTCGCCTCGGAGGGGTGGTTCATCC,1,0
CTTGTCGCCTCGGAGGGGTGTTGCATCC,11,7
CTTGTCGCCTCGGAGGGGTGTTGCCGCC,0,1
CTTGTCGCCTCGGAGGGGTGTTTCAGCC,4,4
CTTGTCGCCTCGGAGGGGTTGTGCATCC,1,1
CTTGTCGCCTCGGAGGGGTTTTTCATCC,3,1
CTTGTCGCCTCGGAGGGTTGGTGCATCC,3,4
CTTGTCGCCTCGGAGGGTTGGTTCAGCC,2,1
CTTGTCGCCTCGGAGGGTTGTTGCAGCC,5,1
CTTGTCGCCTCGGAGGGTTGTTTCATCC,1,1
CTTGTCGCCTCGGAGGGTTTGTGCCGCC,1,0
CTTGTCGCCTCGGAGGGTTTGTTCATCC,0,1
CTTGTCGCCTCGGAGGGTTTTTGCCTCC,1,0
CTTGTCGCCTCGGAGGTGTGGTGCATCC,4,6
CTTGTCGCCTCGGAGGTGTGGTGCCGCC,2,5
CTTGTCGCCTCGGAGGTGTGGTTCAGCC,4,1
CTTGTCGCCTCGGAGGTGTGTTGCAGCC,2,0
CTTGTCGCCTCGGAGGTGTGTTTCATCC,1,1
CTTGTCGCCTCGGAGGTGTTGTGCAGCC,1,0
CTTGTCGCCTCGGAGGTTTGGTGCAGCC,26,18
CTTGTCGCCTCGGAGGTTTGGTTCATCC,4,1
CTTGTCGCCTCGGAGGTTTGGTTCCGCC,0,1
CTTGTCGCCTCGGAGGTTTGTTGCATCC,2,4
CTTGTCGCCTCGGAGGTTTGTTGCCGCC,1,0
CTTGTCGCCTCGGAGGTTTGTTTCAGCC,1,2
CTTGTCGCCTCGGAGGTTTTGTGCATCC,1,0
CTTGTCGCCTCGGAGGTTTTGTTCAGCC,1,0
CTTGTCGCCTCGGAGGTTTTTTGCAGCC,1,0
CTTGTCGCCTCGGAGGTTTTTTTCATCC,21,13
CTTGTCGCCTGCTAGGTTTGACTCATAT,70,0
CTTGTCGGCTCCCAGCACTGCCGCACCT,62,5
CTTGTCGGCTCCCAGCACTTCCTCACCT,4,0
CTTGTCGTCTTCCAGATATGCTGCAGCA,69,120
CTTGTCGTCTTCCAGATATGCTGCCTCA,1,0
CTTGTCGTCTTCCAGATATGCTTCATCA,9,14
CTTGTCGTCTTCCAGATATGCTTCCGCA,0,1
CTTGTCGTCTTCCAGATATTCTGCATCA,0,2
CTTGTCGTCTTCCAGATATTCTTCAGCA,2,0
CTTGTCTACTGATAGGTTTGGTCCAGCC,57,30
CTTGTCTACTGATAGGTTTGTTCCATCC,2,2
CTTGTCTACTGATAGGTTTTGTCCATCC,1,0
CTTGTCTACTTGGAGCGTTGAGACAAAT,0,36
CTTGTCTACTTGGAGCGTTGAGACACCT,0,1
CTTGTCTACTTGGAGCGTTGAGACCCAT,0,2
CTTGTCTACTTGGAGCTTTTATACAAAT,0,1
CTTGTCTACTTTTAGCAATGAATCAGGT,64,16
CTTGTCTACTTTTAGCAATGAATCATTT,6,0
CTTGTCTACTTTTAGCAATTAATCAGTT,2,0
CTTGTCTCCTCGGAGGGTTGTTGCATCC,1,0
CTTGTCTCCTTAAAGATTTGTTACATCA,0,22
CTTGTCTGCTTCAAGAGATGCGGCATGT,19,0
CTTGTCTGCTTCAAGAGATTCTGCATTT,1,0
CTTGTCTGCTTCAAGAGATTCTTCATGT,1,0
CTTGTCTGCTTCAAGATATTCTTCATTT,1,0
CTTGTCTTCTGCGAGGTATGCGACAAAA,9,30
CTTGTCTTCTGCGAGGTATGCGACCCCA,0,1
CTTGTCTTCTGCGAGGTATTCTACAAAA,3,2
CTTGTCTTCTGCGAGGTATTCTACCCCA,0,1
CTTGTCTTCTGCGAGGTCTGCGACCAAA,0,1
CTTGTCTTCTGCGAGTTATGCTACAAAA,0,1
CTTGTGAACTCGGAGGGATGGCTCAGAC,2,0
CTTGTGAACTCGGAGGTATGTCTCAGAC,1,0
CTTGTGAACTTTCAGGCCTGAAGCACCT,0,111
CTTGTGAACTTTCAGGCCTGAAGCCCCA,0,1
CTTGTGAACTTTCAGGCCTGAATCCCCT,0,2
CTTGTGAACTTTCAGGCCTTAATCACCT,0,2
CTTGTGACCTCGTAGTGCTGGCACACGG,32,0
CTTGTGACCTCGTAGTGCTGTCACACTG,3,0
CTTGTGACCTGTAAGTTATGGGGCAACT,18,36
CTTGTGACCTGTAAGTTATGGTTCAACT,0,1
CTTGTGACCTGTAAGTTATGTTGCAACT,1,2
CTTGTGACCTGTAAGTTATTGGGCACCT,1,1
CTTGTGACCTGTAAGTTATTGGTCAACT,0,1
CTTGTGACCTGTAAGTTATTGTGCAACT,0,1
CTTGTGACCTGTAAGTTATTTGGCAACT,1,0
CTTGTGACCTGTAAGTTATTTTTCAACT,4,5
CTTGTGAGCTGATAGATCTGTTCCATTT,1,0
CTTGTGAGCTGATAGTTCTGTTGCATGG,33,0
CTTGTGAGCTGATAGTTCTGTTTCATGT,1,0
CTTGTGAGCTGATAGTTCTTTTTCATTT,2,0
CTTGTGAGCTGCCAGTGTTGATTCAAGA,0,42
CTTGTGAGCTGCCAGTGTTGATTCCAGC,0,1
CTTGTGAGCTGCCAGTTTTTATTCAATA,0,1
CTTGTGATCTCGAAGGTTTGCACCATGT,0,1
CTTGTGATCTCTGAGTAGTGAGCCAAGC,6,0
CTTGTGATCTCTGAGTAGTGATCCAATC,1,0
CTTGTGATCTGGCAGATATGGTTCACAT,1,0
CTTGTGATCTGGCAGATTTGGTTCACAG,115,0
CTTGTGATCTGGCAGATTTGGTTCCCCG,1,0
CTTGTGATCTGGCAGATTTTTTTCACAT,11,0
CTTGTGCACAGCTAGGTTTGACTCAGGG,1,0
CTTGTGCACTGCTAGGCTTGCCTCATCG,0,1
CTTGTGCACTGCTAGGGGTGACTCAGGG,145,126
CTTGTGCACTGCTAGGGGTGACTCAGTT,3,4
CTTGTGCACTGCTAGGGGTGACTCATTG,0,1
CTTGTGCACTGCTAGGGGTGACTCCGGT,2,0
CTTGTGCACTGCTAGGGTTGACACAGGG,1,0
CTTGTGCACTGCTAGGGTTGACTCATGG,0,1
CTTGTGCACTGCTAGGGTTGACTCCGGG,0,1
CTTGTGCACTGCTAGGGTTTACTCAGGG,0,1
CTTGTGCACTGCTAGGGTTTACTCATTT,2,2
CTTGTGCACTGCTAGGTGTGACTCATGG,1,2
CTTGTGCACTGCTAGGTGTGACTCCGGG,1,0
CTTGTGCACTGCTAGGTTTGACTCAGGT,4,1
CTTGTGCACTGCTAGGTTTGACTCAGTG,21,17
CTTGTGCACTGCTAGGTTTGACTCATTT,5,7
CTTGTGCACTGCTAGGTTTTACTCAGTT,1,1
CTTGTGCACTGCTAGTTTTTACTCATTT,1,0
CTTGTGCACTGCTATGGGTTACTCATTG,1,0
CTTGTGCACTTGCAGATATGTCTCCCGG,0,1
CTTGTGCCCTACGAGATGTGTGTCAAGT,39,75
CTTGTGCCCTACGAGATGTGTGTCCCGT,0,3
CTTGTGCCCTACGAGATTTGTGTCAATT,0,1
CTTGTGCCCTACGAGATTTTTTTCAATT,1,3
CTTGTGCCCTTCTAGACATGCTTCAATA,0,1
CTTGTGCCCTTGTAGACCTGGTGCAATA,106,232
CTTGTGCCCTTGTAGACCTGGTGCACTC,1,0
CTTGTGCCCTTGTAGACCTGGTGCCATC,1,0
CTTGTGCCCTTGTAGACCTGGTGCCCTA,4,8
CTTGTGCCCTTGTAGACCTGTTTCAATA,10,24
CTTGTGCCCTTGTAGACCTGTTTCCCTA,1,0
CTTGTGCCCTTGTAGACCTTGTTCAATA,1,1
CTTGTGCCCTTGTAGACCTTTTGCAATA,0,2
CTTGTGCGCTCAGAGCGGTGCTACACGG,0,18
CTTGTGCGCTCAGAGCGGTGCTACACTT,0,2
CTTGTGCGCTCAGAGCTTTGCTACACGT,0,1
CTTGTGCGCTCAGAGCTTTGCTACACTG,0,3
CTTGTGCGCTCAGAGCTTTTCTACACGG,0,1
CTTGTGCTCTACAAGTGTTGAGGCAAGT,0,33
CTTGTGCTCTACAAGTGTTGAGGCCCGT,0,1
CTTGTGCTCTACAAGTGTTGAGTCAATT,0,1
CTTGTGCTCTACAAGTGTTGATTCAAGT,0,3
CTTGTGCTCTACAAGTGTTGATTCCCGT,0,1
CTTGTGCTCTACAAGTTTTGATTCAATT,0,1
CTTGTGCTCTCAAAGGCTTGGAGCAGGC,0,24
CTTGTGCTCTCAAAGGCTTGGATCATTC,0,1
CTTGTGCTCTCAAAGGCTTGTAGCATGC,0,1
CTTGTGCTCTCAAAGGCTTTTATCATTC,0,5
CTTGTGCTCTCGCAGGTTTGCACCATGT,0,43
CTTGTGCTCTCGCAGGTTTTCACCATTT,0,3
CTTGTGCTCTCGCAGTAATGGTCCATTG,1,0
CTTGTGCTCTCGGAGTTTACTTCCAGTG,0,1
CTTGTGCTCTCGGAGTTTTGGGCCAGTG,133,144
CTTGTGCTCTCGGAGTTTTGGTCCAGTT,0,2
CTTGTGCTCTCGGAGTTTTGGTCCATTG,0,1
CTTGTGCTCTCGGAGTTTTGTGCCAGTT,2,0
CTTGTGCTCTCGGAGTTTTGTGCCATTG,1,0
CTTGTGCTCTCGGAGTTTTGTGCCCGTG,0,1
CTTGTGCTCTCGGAGTTTTGTTCCAGTG,10,10
CTTGTGCTCTCGGAGTTTTGTTCCATTT,1,0
CTTGTGCTCTCGGAGTTTTGTTCCCGTT,0,1
CTTGTGCTCTCGGAGTTTTTGTCCAGTG,1,2
CTTGTGCTCTCGGAGTTTTTGTCCATTT,1,0
CTTGTGCTCTCGGAGTTTTTTGCCAGTG,2,4
CTTGTGCTCTCGGAGTTTTTTGCCATTT,0,1
CTTGTGCTCTCGGAGTTTTTTTCCAGTT,5,2
CTTGTGCTCTCGGAGTTTTTTTCCATTG,3,12
CTTGTGCTCTCGGAGTTTTTTTCCCGTG,1,1
CTTGTGCTCTTCAAGGACCTGCTCACTC,0,1
CTTGTGCTCTTTGAGGGGTGCTTCAATT,83,24
CTTGTGCTCTTTGAGGGGTGCTTCCCTT,0,1
CTTGTGCTCTTTGAGGGTTGCTTCAAAT,1,0
CTTGTGCTCTTTGAGGGTTTCTTCAATT,1,0
CTTGTGCTCTTTGAGGTGTTCTTCAATT,1,0
CTTGTGCTCTTTGAGGTTTGCTTCAATT,5,4
CTTGTGCTCTTTGAGGTTTGCTTCCCTT,1,0
CTTGTGGACAGTAAGTTATTCTTCACAT,1,0
CTTGTGGACTAGGAGGGTTGCGCCACGG,200,62
CTTGTGGACTAGGAGGGTTGCGCCACTT,3,0
CTTGTGGACTAGGAGGGTTGCGCCCCGT,0,1
CTTGTGGACTAGGAGGGTTGCTCCACGT,4,0
CTTGTGGACTAGGAGGGTTGCTCCACTG,12,4
CTTGTGGACTAGGAGGGTTGCTCCCCGG,1,0
CTTGTGGACTAGGAGGGTTTCGCCACTG,1,0
CTTGTGGACTAGGAGGGTTTCTCCACGG,2,1
CTTGTGGACTAGGAGGTCTGATTCAGGC,3,0
CTTGTGGACTAGGAGGTTAGCGCCCCGG,1,0
CTTGTGGACTAGGAGGTTTGCGCCACGT,2,1
CTTGTGGACTAGGAGGTTTGCGCCACTG,9,2
CTTGTGGACTAGGAGGTTTGCTCCACGG,1,0
CTTGTGGACTAGGAGGTTTTCTCCACTT,15,3
CTTGTGGACTCCGAGCCAGGATGCATGT,1,0
CTTGTGGACTCCGAGCCATGAGGCATGT,19,28
CTTGTGGACTCCGAGCCATGAGTCATTT,0,1
CTTGTGGACTCCGAGCCATGATGCATTT,1,1
CTTGTGGACTCCGAGCCATTATTCATTT,2,4
CTTGTGGACTGTAAGTGATGCTGCACAT,35,0
CTTGTGGACTGTAAGTGATGCTTCACCT,1,0
CTTGTGGACTGTAAGTGATTCTTCACAT,2,0
CTTGTGGACTGTAAGTTATGCTTCACAT,1,0
CTTGTGGCCTCATAGGAGTGGCACACAG,124,42
CTTGTGGCCTCATAGGAGTGGCACCCCG,2,0
CTTGTGGCCTCATAGGAGTTTCACACAT,3,1
CTTGTGGCCTCATAGGATAGGCACACAG,1,0
CTTGTGGCCTCATAGGATTGTCACACAT,6,3
CTTGTGGCCTCATAGGATTGTCACCCAG,0,1
CTTGTGGCCTCATAGTATTTTCACACAT,1,0
CTTGTGGCCTTCGAGCCTTGTATCATCC,0,1
CTTGTGGGCTGTCAGGGTTGCCTCAGCT,0,18
CTTGTGGGCTGTCAGGTTTTCCTCATCT,0,1
CTTGTGGTCTATCAGACTTTTTTCACAT,0,1
CTTGTGGTCTGCTAGAAGTGGTGCACCA,50,101
CTTGTGGTCTGCTAGAAGTGTTTCACCA,1,2
CTTGTGGTCTGCTAGAAGTTGTTCACCA,0,1
CTTGTGGTCTGCTAGAATTGGTGCACCC,0,1
CTTGTGGTCTGCTAGAATTGTTGCACCA,1,3
CTTGTGGTCTGCTAGAATTTTTTCACCA,1,1
CTTGTGGTCTGGTAGTTTTGCAACACCT,35,0
CTTGTGGTCTTTCAGACGTGGGGCACAT,27,32
CTTGTGGTCTTTCAGACGTGGGGCCCCT,1,0
CTTGTGGTCTTTCAGACGTGGTTCACAT,0,1
CTTGTGGTCTTTCAGACGTGTGTCACAT,0,1
CTTGTGGTCTTTCAGACGTGTTGCACAT,2,2
CTTGTGGTCTTTCAGACTTGGGGCCCAT,1,0
CTTGTGGTCTTTCAGACTTGGGTCACAA,1,0
CTTGTGGTCTTTCAGACTTGTCGCACAA,0,1
CTTGTGGTCTTTCAGACTTGTTTCACAT,1,2
CTTGTGGTCTTTCAGTATTGCTACAATA,1,0
CTTGTGTACATTCAGTAGAGAGACAAGC,1,0
CTTGTGTACTTTCAGTAGTGAGACAAGC,212,72
CTTGTGTACTTTCAGTAGTGAGACCCGC,6,6
CTTGTGTACTTTCAGTAGTGATACAATC,12,3
CTTGTGTACTTTCAGTAGTGATACCAGC,1,0
CTTGTGTACTTTCAGTAGTTAGACAATC,1,1
CTTGTGTACTTTCAGTATTGAGACAATC,3,1
CTTGTGTACTTTCAGTATTGATACAAGC,1,0
CTTGTGTACTTTCAGTATTTATACAATC,5,1
CTTGTGTACTTTCAGTTGTGAGACAATC,1,0
CTTGTGTCCTCATAGGAGTGTCACCCAG,1,0
CTTGTGTCCTGGGAGATCTGCGGCAGTT,58,22
CTTGTGTCCTGGGAGATCTGCTGCATTT,1,0
CTTGTGTCCTGGGAGATCTGCTGCCGTT,0,1
CTTGTGTCCTGGGAGATCTGCTTCAGTT,4,1
CTTGTGTCCTGGGAGATCTTCTTCATTT,0,2
CTTGTGTCCTTACAGTGATGTAGCACCT,17,0
CTTGTGTCCTTGGAGATCTGAGTCATTT,1,0
CTTGTGTGCTTAAAGGCATGTTACATCT,37,27
CTTGTGTTCTCGGAGTTTAGGTCCCGTG,1,0
CTTGTGTTCTTTGAGGGGTGTTGCATCT,0,47
CTTGTGTTCTTTGAGGGTTGTTTCATCT,0,2
CTTGTGTTCTTTGAGGTGAGTTGCATCT,0,1
CTTGTGTTCTTTGAGGTGTGTTTCATCT,0,1
CTTGTGTTCTTTGAGGTTTGTTGCATCT,0,6
CTTGTTAACTACGAGGGATGCTACAGCG,0,1
CTTGTTAACTGCGAGTAGTGTGGCAACA,62,33
CTTGTTAACTGCGAGTAGTTTTTCAACA,5,3
CTTGTTAACTGCGAGTATTGTTTCAACA,2,0
CTTGTTACCTGGGAGGACTGCATCACGC,29,154
CTTGTTACCTGGGAGGACTGCATCCCTC,0,1
CTTGTTACCTGGGAGGACTTCATCACTC,1,6
CTTGTTACCTGTGAGTTTTGGCGCACCG,138,74
CTTGTTACCTGTGAGTTTTGGCTCACCT,1,0
CTTGTTACCTGTGAGTTTTGTCGCACCT,2,0
CTTGTTACCTGTGAGTTTTGTCGCCCCG,0,1
CTTGTTACCTGTGAGTTTTGTCTCACCG,4,0
CTTGTTACCTGTGAGTTTTTTCGCACCG,1,1
CTTGTTACCTGTGAGTTTTTTCTCACCT,12,5
CTTGTTACCTGTGAGTTTTTTCTCCCCG,0,1
CTTGTTACCTTACAGGTATGTTCCACAC,22,53
CTTGTTACCTTACAGGTATGTTCCCCCC,1,1
CTTGTTCACTCCGAGGGGTGGGACAGCG,86,104
CTTGTTCACTCCGAGGGGTGTTACAGCT,2,2
CTTGTTCACTCCGAGGGGTTTGACATCT,1,2
CTTGTTCACTCCGAGGGTTGTGACATCG,0,1
CTTGTTCACTCCGAGGGTTTTTACAGCT,0,1
CTTGTTCACTCCGAGGTGTGGGACATCG,0,1
CTTGTTCACTCCGAGGTGTGGGACCGCG,0,1
CTTGTTCACTCCGAGGTGTGGTACAGCG,1,1
CTTGTTCACTCCGAGGTGTGTGACAGCG,1,1
CTTGTTCACTCCGAGGTGTGTTACCGCG,1,0
CTTGTTCACTCCGAGGTTTGGGACAGCG,4,1
CTTGTTCACTCCGAGGTTTGGTACCGCG,0,1
CTTGTTCACTCCGAGGTTTGTGACATCT,0,2
CTTGTTCACTCCGAGGTTTGTTACAGCT,2,0
CTTGTTCACTCCGAGGTTTGTTACATCG,1,5
CTTGTTCACTCCGAGGTTTTTGACAGCG,0,3
CTTGTTCACTCCGAGGTTTTTTACATCT,0,1
CTTGTTCACTCCGAGTTGTGGGCCAGCT,1,0
CTTGTTCACTTCTAGGAGTTTGTCATTA,1,0
CTTGTTCACTTCTAGGTGTGTGGCAGTA,327,390
CTTGTTCACTTCTAGGTGTGTGGCCGTC,0,2
CTTGTTCACTTCTAGGTGTGTGTCATTA,2,3
CTTGTTCACTTCTAGGTGTGTGTCCGTA,2,1
CTTGTTCACTTCTAGGTGTGTTGCCGTA,0,2
CTTGTTCACTTCTAGGTGTGTTTCAGTA,13,16
CTTGTTCACTTCTAGGTGTTTGGCCTTA,1,0
CTTGTTCACTTCTAGGTGTTTTGCAGTC,0,1
CTTGTTCACTTCTAGGTGTTTTTCATTA,4,8
CTTGTTCACTTCTAGGTTTGTGGCATTA,1,1
CTTGTTCACTTCTAGGTTTGTGTCAGTA,6,13
CTTGTTCACTTCTAGGTTTGTTGCAGTA,2,1
CTTGTTCACTTCTAGGTTTGTTTCATTA,4,3
CTTGTTCACTTCTAGGTTTGTTTCCGTA,1,0
CTTGTTCACTTCTAGGTTTTTGTCATTA,3,1
CTTGTTCACTTCTAGGTTTTTTTCAGTA,3,4
CTTGTTCACTTCTATGTTTTTTTCATTA,1,0
CTTGTTCGCTTGAAGGATTGGTACAGGG,18,0
CTTGTTCGCTTGAAGGATTGTTACAGTG,1,0
CTTGTTCGCTTGAAGGATTTTTACATTT,3,0
CTTGTTCTCTACGAGCATTGGTACAGCT,29,45
CTTGTTCTCTACGAGCATTGGTACCTCT,0,1
CTTGTTCTCTACGAGCATTGTTACCGCT,1,0
CTTGTTCTCTACGAGCATTTTTACATCT,3,6
CTTGTTGACTCTGAGATGTGACACAGCA,0,23
CTTGTTGACTCTTAGTACTGCACCAAAG,85,34
CTTGTTGACTCTTAGTACTGCACCCCAG,1,2
CTTGTTGACTCTTAGTACTGCACCCCCT,1,0
CTTGTTGACTCTTAGTACTTCACCAAAT,7,1
CTTGTTGACTCTTAGTACTTCACCCCCG,2,0
CTTGTTGGCCAGCAGCGGTGTGGCACGC,0,1
CTTGTTGGCTAGCAGCGGTGTGGCACGA,233,181
CTTGTTGGCTAGCAGCGGTGTGGCCCGC,0,1
CTTGTTGGCTAGCAGCGGTGTGTCCCGA,1,0
CTTGTTGGCTAGCAGCGGTGTTGCACTA,0,1
CTTGTTGGCTAGCAGCGGTGTTTCACGA,6,0
CTTGTTGGCTAGCAGCGGTTTGTCACGA,2,1
CTTGTTGGCTAGCAGCGGTTTTTCACTA,1,0
CTTGTTGGCTAGCAGCGTTGTGGCACTA,1,1
CTTGTTGGCTAGCAGCGTTGTGGCCCGA,1,0
CTTGTTGGCTAGCAGCGTTGTGTCACGA,3,1
CTTGTTGGCTAGCAGCGTTGTTGCACGA,2,0
CTTGTTGGCTAGCAGCGTTTTTTCACGA,1,0
CTTGTTGGCTAGCAGCTGTGTGGCCCGA,1,0
CTTGTTGGCTAGCAGCTGTGTGTCACTA,16,10
CTTGTTGGCTAGCAGCTGTTTTTCACGA,0,1
CTTGTTGGCTAGCAGCTTTGTGGCACGA,18,10
CTTGTTGGCTAGCAGCTTTGTGTCCCGA,1,0
CTTGTTGGCTAGCAGCTTTGTTGCACTA,0,1
CTTGTTGGCTAGCAGCTTTGTTTCACGA,6,6
CTTGTTGGCTAGCAGCTTTTTTTCACTA,13,5
CTTGTTGTCTACAAGCGATGTCCCAGTC,0,23
CTTGTTGTCTACAAGCGATGTGCCATTC,0,1
CTTGTTGTCTACAAGCGATTTCCCATTC,0,2
CTTGTTGTCTATGAGCGTTGGGGCAGAG,28,0
CTTGTTGTCTATGAGCGTTGGTTCAGAG,2,0
CTTGTTGTCTATGAGCGTTGTGTCAGAG,2,0
CTTGTTGTCTATGAGCGTTGTTGCAGAG,1,0
CTTGTTGTCTATGAGCGTTGTTTCATAT,3,0
CTTGTTGTCTATGAGCTTTTTTTCATAT,1,0
CTTGTTGTCTCATAGGCGTGAGACATAA,47,27
CTTGTTGTCTCATAGGCGTGAGACATCC,1,0
CTTGTTGTCTCATAGGCTTGAGACCTCC,0,1
CTTGTTGTCTCATAGGCTTTATACATAA,1,2
CTTGTTGTCTCGCAGAGTTGCCTCACCC,30,205
CTTGTTGTCTCGCAGATTTTCCTCACCC,0,2
CTTGTTGTCTCGCCGAGTTGCCTCCCCC,1,0
CTTGTTTACTTTCAGAACTGATACAAGA,1,0
CTTGTTTCCTCCTAGTCCTGTAGCAGGA,0,1
CTTGTTTCCTCCTAGTCCTGTTGCAGGT,266,251
CTTGTTTCCTCCTAGTCCTGTTGCATTT,5,3
CTTGTTTCCTCCTAGTCCTGTTGCTGTT,1,0
CTTGTTTCCTCCTAGTCCTGTTTCAGTT,4,8
CTTGTTTCCTCCTAGTCCTGTTTCATGT,19,23
CTTGTTTCCTCCTAGTCCTTTTGCAGTT,1,0
CTTGTTTCCTCCTAGTCCTTTTTCAGGT,0,3
CTTGTTTCCTCCTAGTCCTTTTTCATTT,6,5
CTTGTTTTCTTACAGAAATGTTCCAAGT,1,0
CTTTTCACCTAGTAGTAGTTCCACATAT,1,0
GAACTAAACTCCAACTAATGAGACAGGA,0,1
GAACTGATCACGGAGGTCTGTACCAAGT,0,1
GAACTGGTCTTAAAGATCTGTCACATAA,1,0
GAAGAACCCAGTCATCAATTATCCATTT,1,0
GAAGACGACTCAGAGTATTTTTGCACAT,1,0
GAAGACTTCACGCAGGTATGTTTCAATG,0,1
GAAGATATCTACTACATCTTCCACACCC,0,1
GAAGATGACACAAAGTCGTGTTCCAAGC,1,0
GAAGTAAACTGCAAGAAATGAGACCGGA,1,0
GAAGTAAACTGCAAGTAAATATACAGTA,0,1
GAAGTAAACTGCAAGTAAGGAGACCGGA,3,0
GAAGTAAACTGCAAGTAATGAGACAGGA,785,529
GAAGTAAACTGCAAGTAATGAGACATGC,0,2
GAAGTAAACTGCAAGTAATGAGACATTA,14,5
GAAGTAAACTGCAAGTAATGAGACCGGC,2,2
GAAGTAAACTGCAAGTAATGATACAGTA,10,8
GAAGTAAACTGCAAGTAATGATACATGA,7,6
GAAGTAAACTGCAAGTAATGATACCGGA,2,1
GAAGTAAACTGCAAGTAATTAGACAGGC,0,1
GAAGTAAACTGCAAGTAATTAGACAGTA,4,7
GAAGTAAACTGCAAGTAATTAGACATGA,3,2
GAAGTAAACTGCAAGTAATTATACAGGA,3,1
GAAGTAAACTGCAAGTAATTATACATTA,51,37
GAAGTAACCTCTAAGATATGCAGCATCA,1,0
GAAGTAAGCTGGTAGTATTGGTTCATCG,1,0
GAAGTAAGCTGGTAGTCGTGGTTCATCG,133,60
GAAGTAAGCTGGTAGTCGTGTTTCATCT,7,5
GAAGTAAGCTGGTAGTCTTGGTTCATCT,0,1
GAAGTAAGCTGGTAGTCTTGTTTCATCG,1,2
GAAGTAAGCTGGTAGTCTTTTTTCATCT,1,1
GAAGTAAGCTTAGAGGTCTGACACATGA,1,0
GAAGTAAGCTTAGAGGTGTGTGACATGT,45,89
GAAGTAAGCTTAGAGGTGTTTTACATTT,3,2
GAAGTAAGCTTAGAGGTTTGTTACATTT,0,1
GAAGTAAGCTTAGAGGTTTTTTACATGT,0,1
GAAGTAATCTAGTAGGAGAGTGTCCGGT,1,0
GAAGTAATCTAGTAGGAGTGGGTCAGGT,34,0
GAAGTAATCTAGTAGGAGTGTTTCCGGT,1,0
GAAGTAATCTAGTAGGAGTTTGTCAGGT,1,0
GAAGTAATCTAGTAGGAGTTTTTCATTT,2,0
GAAGTAATCTAGTAGGATTTTTTCAGTT,1,0
GAAGTAATCTCCGAGAGGGGATTCCCGG,1,0
GAAGTAATCTCCGAGAGGTGATTCACGG,56,0
GAAGTAATCTCCGAGAGGTGATTCACTT,3,0
GAAGTAATCTCCGAGAGGTGATTCCCGT,1,0
GAAGTAATCTCCGAGAGTTGATTCACGT,1,0
GAAGTAATCTCCGAGAGTTGATTCACTG,7,0
GAAGTAATCTCCGAGATTTGATTCACTT,3,0
GAAGTACGCTCGTAGATTTGACTCAAAT,1,0
GAAGTACGCTCTGAGTGCTGGATCATGA,39,0
GAAGTACGCTCTGAGTGCTTTATCATTA,1,0
GAAGTACGCTCTGAGTTCTGTATCATTA,1,0
GAAGTACGCTGAGAGATTTGCTTCACAA,141,83
GAAGTACGCTGAGAGATTTGCTTCCCCA,1,1
GAAGTAGACTACTAGATGTGTCACATTC,43,0
GAAGTAGACTACTAGATTTTTCACATTC,3,0
GAAGTAGACTTAAAGCGATGACCCATGA,0,1
GAAGTAGGCTAATAGGGGTGGTACAACT,146,37
GAAGTAGGCTAATAGGGGTGGTACCCCT,3,2
GAAGTAGGCTAATAGGGGTGTTACCACT,1,0
GAAGTAGGCTAATAGGGGTTTTACAACT,1,0
GAAGTAGGCTAATAGGGTTGGTACCACT,1,0
GAAGTAGGCTAATAGGGTTGTTACAACT,0,2
GAAGTAGGCTAATAGGGTTGTTACCCCT,1,0
GAAGTAGGCTAATAGGTGTGGTACCACT,0,1
GAAGTAGGCTAATAGGTGTGTTACAACT,1,0
GAAGTAGGCTAATAGGTTTGGTACAACT,12,2
GAAGTAGGCTAATAGGTTTTTTACAACT,6,0
GAAGTAGGCTACAAGTGTTGACGCAGAC,72,0
GAAGTAGGCTACAAGTGTTGACTCATAC,4,0
GAAGTAGGCTACAAGTGTTTACGCATAC,1,0
GAAGTAGGCTACAAGTGTTTACTCAGAC,1,0
GAAGTAGGCTACAAGTTTTGACTCAGAC,2,0
GAAGTAGGCTCGTAGAATTGTTTCAACT,1,0
GAAGTAGGCTCGTAGATCGGTTCCCCCG,0,1
GAAGTAGGCTTCCAGTGGTGTATCACTA,0,1
GAAGTAGGCTTGTAGACCTGGGCCATGC,31,92
GAAGTAGGCTTGTAGACCTGGTCCATTC,0,1
GAAGTAGGCTTGTAGACCTGTGCCATTC,0,3
GAAGTAGGCTTGTAGACCTGTGCCCTGC,0,1
GAAGTAGGCTTGTAGACCTGTTCCATGC,1,2
GAAGTAGGCTTGTAGACCTTTTCCATTC,1,7
GAAGTAGTCTAATAGACGTGTGGCACAG,51,34
GAAGTAGTCTAATAGACGTGTGGCCCCG,1,0
GAAGTAGTCTAATAGACGTGTGTCACAT,2,0
GAAGTAGTCTAATAGACGTGTTGCCCAG,0,1
GAAGTAGTCTAATAGACGTGTTTCACAG,3,3
GAAGTAGTCTAATAGACTTGTGGCACCG,1,0
GAAGTAGTCTAATAGACTTGTGTCACAG,5,2
GAAGTAGTCTAATAGACTTGTTTCACAT,2,1
GAAGTAGTCTAATAGACTTTTGTCACAT,0,1
GAAGTAGTCTAATAGACTTTTTGCACAG,1,0
GAAGTAGTCTGACACTTTTTGATCATTC,1,0
GAAGTAGTCTGACAGTTTTGGAGCATTC,37,0
GAAGTAGTCTGACAGTTTTGTATCATTC,2,0
GAAGTAGTCTGACAGTTTTTTAGCATTC,1,0
GAAGTAGTCTGATAGCTATGTTTCAAAT,0,1
GAAGTAGTCTGCGAGATTTGGGACACCT,1,57
GAAGTAGTCTGCGAGATTTGTGACCCCT,0,2
GAAGTAGTCTGCGAGATTTGTTACACCT,0,5
GAAGTAGTCTGCGAGATTTTTGACACCT,0,1
GAAGTAGTCTTATAGAAGTCTGTCATCG,0,1
GAAGTAGTCTTATAGAAGTGGGTCATCG,0,21
GAAGTAGTCTTATAGAAGTTTGTCATCT,0,2
GAAGTAGTCTTATAGAATTGGTTCATCG,0,1
GAAGTAGTCTTATAGAATTGTTTCCTCT,0,1
GAAGTAGTCTTATAGAATTTTTTCATCT,0,1
GAAGTATACTGCAAGTAATGAGACATGA,1,0
GAAGTATACTTGGAGCGGAGTTGCAAGC,0,1
GAAGTATACTTGGAGCGGTGGGGCAAGC,0,2
GAAGTATACTTGGAGCGGTGGGGCCCGC,0,1
GAAGTATACTTGGAGCTTTTGTTCAATC,0,1
GAAGTATGCTACCAGAATTGCTTCATCT,0,1
GAAGTCACCTCCAAGTCTTGCACCAGCA,0,1
GAAGTCACCTCCAAGTCTTGCACCAGGT,83,414
GAAGTCACCTCCAAGTCTTGCACCATTT,2,3
GAAGTCACCTCCAAGTCTTTCACCAGTT,2,27
GAAGTCACCTCCAAGTCTTTCACCATGT,0,4
GAAGTCACCTCGAAGTCTTGCCCCACGA,0,1
GAAGTCATCTAGCAGGCCGGATACCGCT,0,1
GAAGTCATCTAGCAGGCCTGATACAGCT,0,63
GAAGTCATCTAGCAGGCCTGATACCTCT,0,1
GAAGTCATCTAGCAGGCCTTATACATCT,0,2
GAAGTCATCTCAGAGAGATGATCCAAGG,0,1
GAAGTCATCTCAGAGAGTTGAGCCATGG,0,27
GAAGTCATCTCAGAGAGTTGATCCATTT,0,3
GAAGTCATCTCAGAGAGTTTAGCCATTT,0,1
GAAGTCATCTCAGAGAGTTTATCCATTG,0,2
GAAGTCCACTGCTAGCGATGCCACATTC,0,1
GAAGTCCACTGCTAGCGTAGTCACATTC,0,1
GAAGTCCACTGCTAGCGTTGGCACATTC,143,202
GAAGTCCACTGCTAGCGTTGTCACCTTC,1,3
GAAGTCCACTGCTAGCTATGGCACATTC,0,1
GAAGTCCACTGCTAGCTTTGGCACAATC,1,0
GAAGTCCACTGCTAGCTTTGGCACATAC,0,1
GAAGTCCACTGCTAGCTTTTTCACATTC,21,42
GAAGTCCACTGGTAGGCTTGTCCCAGCG,0,9
GAAGTCCCCTTATAGGAGTGTCTCACAA,1,0
GAAGTCCTCTTGAAGGCTTGATTCACGC,45,20
GAAGTCCTCTTGAAGGCTTTATTCACTC,0,1
GAAGTCGACACAGAGTATTGTTTCACAT,1,0
GAAGTCGACTAAGATTATTTTGTCACAT,0,1
GAAGTCGACTCAGAGAATTGTTTCACAT,0,1
GAAGTCGACTCAGAGTAAAGGGGCACAT,1,0
GAAGTCGACTCAGAGTATTGGGGCACAT,223,356
GAAGTCGACTCAGAGTATTGGGGCCCCT,3,3
GAAGTCGACTCAGAGTATTGGGTCACCT,0,1
GAAGTCGACTCAGAGTATTGGGTCCCAT,1,1
GAAGTCGACTCAGAGTATTGGTGCACAA,1,0
GAAGTCGACTCAGAGTATTGGTGCCCAT,1,1
GAAGTCGACTCAGAGTATTGGTTCACAT,8,14
GAAGTCGACTCAGAGTATTGTGGCCCAT,0,2
GAAGTCGACTCAGAGTATTGTGTCACAT,10,13
GAAGTCGACTCAGAGTATTGTTGCACAT,11,9
GAAGTCGACTCAGAGTATTGTTGCCCCT,1,2
GAAGTCGACTCAGAGTATTGTTTCACCT,0,1
GAAGTCGACTCAGAGTATTGTTTCCCAT,0,2
GAAGTCGACTCAGAGTATTTGGTCACAT,2,3
GAAGTCGACTCAGAGTATTTGTGCACAT,0,3
GAAGTCGACTCAGAGTATTTTGGCACAT,0,3
GAAGTCGACTCAGAGTATTTTTTCACAT,39,64
GAAGTCGGCTCAGAGGTTTGGGCCATTC,0,1
GAAGTCGGCTCAGAGGTTTGGGGCATGC,0,21
GAAGTCGGCTCAGAGGTTTGGGGCCTTC,0,1
GAAGTCGGCTCAGAGGTTTGGTTCATTC,0,2
GAAGTCGGCTCAGAGGTTTGTTTCATGC,0,3
GAAGTCGGCTCAGAGGTTTTTGGCATGC,0,1
GAAGTCGGCTCAGAGGTTTTTTTCATTC,0,2
GAAGTCGGCTCGTAGTCGTGCGTCAATT,32,0
GAAGTCGGCTCGTAGTCGTTCTTCAATT,2,0
GAAGTCGGCTCGTAGTCTTGCTTCAATT,1,0
GAAGTCGTCTAAAAGATCTGTCACAGAA,1,0
GAAGTCTTCTCGCAGGTAAGTTGCCAGG,0,2
GAAGTCTTCTCGCAGGTATCTTTCAAGT,0,1
GAAGTCTTCTCGCAGGTATGTTGCAAGG,0,64
GAAGTCTTCTCGCAGGTATGTTGCCCGG,0,2
GAAGTCTTCTCGCAGGTATGTTTCAATT,0,11
GAAGTCTTCTCGCAGGTATGTTTCCCTT,0,2
GAAGTCTTCTCGCAGGTATTTTTCAAGG,0,2
GAAGTGAACTGTGAGGCATGGATCAGTA,1,0
GAAGTGACCTCCGAGTCTTGGTTCATTC,0,1
GAAGTGACCTCCTAGAGGTGTATCAAAA,0,1
GAAGTGACCTCGGAGGCTTGTTTCATTA,0,1
GAAGTGAGCTTATAGGAGTGAATCAGGA,0,36
GAAGTGAGCTTATAGGAGTGAATCATGC,0,1
GAAGTGAGCTTATAGGAGTGAATCATTA,0,5
GAAGTGAGCTTATAGGATTGAATCAGTA,0,1
GAAGTGAGCTTATAGGATTTAATCATTA,0,2
GAAGTGATCTCGCAGCAATTTATCAACT,1,0
GAAGTGATCTCTGAGCCCTGCTTCAGTA,18,0
GAAGTGCACTGCTAGGCATGAGCCAAAA,0,1
GAAGTGCACTGCTAGGCATGTGCCAAAT,34,48
GAAGTGCACTGCTAGGCATGTGCCCCAT,0,2
GAAGTGCACTGCTAGGCATTTTCCAAAT,0,2
GAAGTGCACTGCTAGGCATTTTCCCCCT,0,1
GAAGTGCACTGCTAGTCATGTTCCAAAT,1,0
GAAGTGCCCTCCCAGCTGTGATACACTG,0,25
GAAGTGCGCTATCAGCCTAGTTCCCTCA,0,1
GAAGTGCGCTATCAGCCTTGTTCCATCA,0,78
GAAGTGCGCTATCAGCCTTGTTCCCTCC,0,1
GAAGTGCGCTCGCAGCCGGGGTGCCTAA,1,0
GAAGTGCGCTCGCAGCCGTGGTGCATAA,36,27
GAAGTGCGCTCGCAGCCGTGGTGCCTCA,1,1
GAAGTGCGCTCGCAGCCGTGTTTCATAA,2,1
GAAGTGCGCTCGCAGCCTTTGTTCATAA,1,0
GAAGTGCGCTCTGAGAGGTGACTCATAC,16,38
GAAGTGCGCTCTGAGAGTTTACTCATAC,1,3
GAAGTGCGCTCTGAGATTTGACTCATAC,1,1
GAAGTGCGCTTTAAGCAGTGGTGCAGGA,34,50
GAAGTGCGCTTTAAGCAGTGGTTCAGTA,0,1
GAAGTGCGCTTTAAGCAGTGTTGCAGTA,0,1
GAAGTGCGCTTTAAGCAGTGTTGCATGA,0,1
GAAGTGCGCTTTAAGCAGTGTTTCAGGA,1,2
GAAGTGCGCTTTAAGCAGTGTTTCATTA,0,1
GAAGTGCGCTTTAAGCAGTTGTGCATGA,1,0
GAAGTGCGCTTTAAGCAGTTGTTCATTA,1,0
GAAGTGCGCTTTAAGCATTGGTGCATGA,1,1
GAAGTGCGCTTTAAGCATTTTTTCATTA,1,3
GAAGTGGACTGGCAGCATTGTGGCATGG,46,0
GAAGTGGACTGGCAGCATTGTTGCATGT,1,0
GAAGTGGACTGGCAGCATTGTTTCATGG,1,0
GAAGTGGACTGGCAGCATTGTTTCATTT,7,0
GAAGTGGACTGGCAGCATTTTGTCATGG,1,0
GAAGTGGGCTTGTAGGTCTGGACCAACT,40,0
GAAGTGGGCTTGTAGGTCTTTACCAACT,4,0
GAAGTGGTCTGGGAGGACTGTACCACCC,0,30
GAAGTGTACTATAAGAGTTGTAGCAGAA,33,0
GAAGTGTACTATAAGAGTTGTATCATAA,4,0
GAAGTGTACTATAAGATTTGTATCAGAA,1,0
GAAGTGTACTATAAGATTTTTATCATAA,2,0
GAAGTGTACTCTCAGCCTTGCTTCAGTG,23,15
GAAGTGTACTCTCAGCCTTTCTTCATTT,5,0
GAAGTGTCCTCGCAGTGCTGGAACATAG,41,0
GAAGTGTCCTCGCAGTGCTGTAACATAT,3,0
GAAGTGTCCTGGTAGGTCTGGGTCAGAG,65,20
GAAGTGTCCTGGTAGGTCTGGGTCCGCG,0,2
GAAGTGTCCTGGTAGGTCTGGTTCCGCT,1,0
GAAGTGTCCTGGTAGGTCTGTGTCAGAT,1,0
GAAGTGTCCTGGTAGGTCTGTGTCATAG,3,1
GAAGTGTCCTGGTAGGTCTGTTTCCGAT,0,1
GAAGTGTCCTGGTAGGTCTTGGTCAGAT,5,2
GAAGTGTCCTGGTAGGTCTTTGTCAGAG,2,0
GAAGTGTCCTGGTAGGTCTTTTTCATAT,4,2
GAAGTGTGCTAAAAGTTTTGTAACAAAA,0,1
GAAGTGTGCTAACAGATATTTACCACAT,1,0
GAAGTGTGCTATCAGAGATTTACCACCT,0,1
GAAGTGTGCTGCGAGTATTGATTCATCT,1,0
GAAGTGTTCTGCTAGATATGAGTCACCG,50,0
GAAGTGTTCTGCTAGATATTATTCACCT,4,0
GAAGTGTTCTGGCAGACATGTGCCAAGC,0,50
GAAGTGTTCTGGCAGACATGTTCCAATC,0,4
GAAGTGTTCTGGCAGACATTTGCCAATC,0,1
GAAGTGTTCTGGCAGACATTTTCCAAGC,0,1
GAAGTTAACTGAAAGATATTGTACACAT,1,0
GAAGTTAACTGTAAGAAATGATCCACTC,1,0
GAAGTTACCTGACAGCAATTAACCATTT,1,0
GAAGTTAGCTACCAGAATTGCGTCATCT,0,1
GAAGTTAGCTATTAGGGTTGTAACATGC,23,0
GAAGTTAGCTATTAGTGTTGTAACATTC,1,0
GAAGTTAGCTCCAAGCATTGGGCCAGCA,0,6
GAAGTTAGCTCCAAGCATTGTTCCAGCA,0,3
GAAGTTAGCTCCAAGCATTTTTCCATCA,0,1
GAAGTTCACTATCAGTATTGTGTCACGG,34,0
GAAGTTCACTATCAGTATTGTTTCACTT,2,0
GAAGTTCACTCGAAGAGCTGCAACATCT,0,1
GAAGTTCACTCTCAGCTTTGTAACAAGA,1,0
GAAGTTCACTGGAAGGAATGATTCATTT,0,1
GAAGTTCCCAGTCACCAATGATCCAGGG,1,0
GAAGTTCCCTCAAAGAGCGGTAACCGCG,0,1
GAAGTTCCCTCGAAGAGCTGGAACAGCG,0,43
GAAGTTCCCTCGAAGAGCTGTAACAGCT,0,1
GAAGTTCCCTCGAAGAGCTGTAACATCG,0,1
GAAGTTCCCTGTCACCAAAGATCCATGC,1,0
GAAGTTCCCTGTCAGCAATGATCCAGGG,277,197
GAAGTTCCCTGTCAGCAATGATCCATTT,32,24
GAAGTTCCCTGTCAGCAATGATCCCGGT,2,0
GAAGTTCCCTGTCAGCAATGATCCCGTG,1,0
GAAGTTCCCTGTCAGCAATTATCCAGTT,2,1
GAAGTTCCCTGTCAGCAATTATCCATGT,2,1
GAAGTTCCCTGTCAGCAATTATCCATTG,6,3
GAAGTTCCCTGTCAGCAATTATCCCGGG,2,0
GAAGTTCGCTCGTAGTTGTGTCGCAAAT,41,0
GAAGTTCGCTCGTAGTTTTGTCTCAAAT,1,0
GAAGTTCTCTCTGAGGTTTGAGGCACAA,26,60
GAAGTTCTCTCTGAGGTTTGATGCCCAA,0,1
GAAGTTCTCTCTGAGGTTTGATTCACAA,1,4
GAAGTTCTCTCTGAGGTTTTAGTCACAA,1,0
GAAGTTCTCTCTGAGGTTTTATGCACAA,0,1
GAAGTTCTCTCTGAGTCCTGTGACAAGA,106,67
GAAGTTCTCTCTGAGTCCTGTGACCCGA,3,1
GAAGTTCTCTCTGAGTCCTGTTACAATA,7,4
GAAGTTCTCTCTGAGTCCTGTTACCAGA,2,0
GAAGTTCTCTCTGAGTCCTTTGACAATA,1,0
GAAGTTCTCTCTGAGTCCTTTTACAATC,0,1
GAAGTTGACTATCAGAAATGTCTCACCT,0,1
GAAGTTGACTGGAAGTGGTGACGCACAT,6,25
GAAGTTGACTGGAAGTGGTGACTCACCT,0,1
GAAGTTGACTGGAAGTGTTGACTCACAT,1,1
GAAGTTGCCTCACAGGTATGACACACAT,1,0
GAAGTTGCCTGAGAGGGGTGCGACAGTG,35,7
GAAGTTGCCTGAGAGGTGTGCTACAGTG,1,0
GAAGTTGCCTGAGAGGTTTGCGACAGTG,1,0
GAAGTTGCCTGAGAGGTTTGCTACATTG,1,0
GAAGTTGCCTGAGAGTTGTTCTACATTG,1,0
GAAGTTGGCTGGTAGCGTGGAGCCCCTG,0,2
GAAGTTGGCTGGTAGCGTTGAGCCACTG,0,24
GAAGTTGGCTGGTAGCTTTGATCCACTT,0,2
GAAGTTGGCTTGGAGGCGTGTGGCATTA,31,2
GAAGTTGGCTTGGAGGCGTGTTTCATTA,3,1
GAAGTTGGCTTGGAGGCTTGTTGCATTA,1,0
GAAGTTGGCTTGGAGGCTTGTTTCCTTA,1,0
GAAGTTGGCTTGGAGGCTTTTTTCATTA,2,0
GAAGTTGTCTGTTAGCTATGTGGCAAAT,58,174
GAAGTTGTCTGTTAGCTATGTGGCACCT,0,1
GAAGTTGTCTGTTAGCTATGTGGCCACT,0,1
GAAGTTGTCTGTTAGCTATGTGGCCCAT,1,6
GAAGTTGTCTGTTAGCTATGTGTCAAAA,1,0
GAAGTTGTCTGTTAGCTATGTGTCACAT,0,1
GAAGTTGTCTGTTAGCTATGTTTCAAAT,4,14
GAAGTTGTCTGTTAGCTATGTTTCCCAT,0,2
GAAGTTGTCTGTTAGCTATTTGTCAAAT,0,1
GAAGTTGTCTTGGAGACATGGGGCACAG,18,0
GAAGTTGTCTTGGAGACATGGGGCCCCG,1,0
GAAGTTGTCTTGGAGACATGGTTCACAG,2,0
GAAGTTGTCTTGGAGACATGTGTCACAG,2,0
GAAGTTGTCTTGGAGACATGTTGCACAG,3,0
GAAGTTGTCTTGGAGACATTTTTCACAT,4,0
GAAGTTGTCTTTAAGTAGTGTTGCAGAG,1,0
GAAGTTTACTCACAGATTTGTTACACTT,0,23
GAAGTTTCCTACTAGTATTGAGACAGAA,27,0
GAAGTTTCCTGTAAGATCTGGTGCAGTA,0,34
GAAGTTTCCTGTAAGATCTGTTTCAGTA,0,2
GAAGTTTGCTACCAGAAGTGCGTCATCT,0,44
GAAGTTTGCTACCAGAAGTTCTTCATCT,0,2
GAAGTTTGCTACCAGAATTTCGTCATCT,0,1
GAAGTTTGCTGCTAGGTGTGGCTCAAAG,0,37
GAAGTTTGCTGCTAGGTGTTTCTCAAAT,0,3
GACGACAGCAACCAGCGCTGACTCAGTA,1,0
GACGATTTCTCGGAGTATTTGTCCACCA,0,1
GACGTAACCTTGGAGCTTTTTACCAAAT,0,1
GACGTAAGCTTCAAGATCTGAATCAACG,1,0
GACGTACACTATCAGAAAAGTGGCCTAA,0,1
GACGTACACTATCAGAAATGTGGCAGAA,41,71
GACGTACACTATCAGAAATGTGGCAGCC,1,1
GACGTACACTATCAGAAATGTGTCAGAC,1,0
GACGTACACTATCAGAAATGTGTCATAA,1,1
GACGTACACTATCAGAAATGTTTCAGAA,3,3
GACGTACACTATCAGAAATGTTTCCTAA,0,1
GACGTACACTATCAGAAATTTTTCATAA,0,1
GACGTACCCTAGGAGCATTGTATCAACA,0,1
GACGTACCCTTGGAGGATTGTTTCAACT,0,65
GACGTACCCTTGGAGGATTGTTTCCCCT,0,2
GACGTACTCTCATAGCTGTGGGCCATCC,49,0
GACGTACTCTCATAGCTGTGTGCCCTCC,1,0
GACGTACTCTCATAGCTGTTTTCCATCC,2,0
GACGTACTCTCATAGCTTTGTTCCATCC,12,0
GACGTAGACTGTCAGGCTTGATGCACAG,1,0
GACGTAGGCTGATAGATATGAAACATAT,0,1
GACGTAGGCTGATAGATTTGAAACAGAT,0,44
GACGTAGGCTGATAGATTTGAAACCGCT,0,1
GACGTAGGCTGATAGATTTTAAACATAT,0,2
GACGTAGGCTTACAGTAGTGACACATTC,42,0
GACGTAGGCTTACAGTATTTACACATTC,2,0
GACGTAGTCTTTTAGTTATGCACCACGG,280,107
GACGTAGTCTTTTAGTTATGCACCCCGT,1,0
GACGTAGTCTTTTAGTTATGCACCCCTG,1,0
GACGTAGTCTTTTAGTTATTCACCACTT,42,11
GACGTATACTACTAGGCTTTTCTCACTT,1,0
GACGTATACTGCAAGAGATGCAACACCG,0,29
GACGTATACTGCAAGAGATTCAACACCT,0,2
GACGTATACTGCTAGTGATGATTCATCG,16,0
GACGTATACTGCTAGTGATTATTCATCT,3,0
GACGTATCCTACCAGGCATGACACCGAT,0,1
GACGTATCCTACCAGGCATGTCACAGAT,0,42
GACGTATCCTACCAGGCATGTCACCGCT,0,1
GACGTATCCTACCAGGCATTTCACATAT,0,3
GACGTATCCTACTAGGCGTGTCGCACTG,48,0
GACGTATCCTACTAGGCGTGTCTCACTT,2,0
GACGTATCCTACTAGGCTTGTCTCACTG,3,0
GACGTATCCTTGGAGCTTTGTACCAAAT,0,96
GACGTATGCTGGAAGGGATGTTACATAA,79,116
GACGTATGCTGGAAGGGATGTTACCTCA,0,1
GACGTATGCTGGAAGGTATTTTACATAA,1,0
GACGTATGCTGTAAGTGTTGCCTCACCT,0,42
GACGTATGCTGTAAGTTTTTCCTCACCT,0,1
GACGTATGCTTGAAGTGATGTTACATAA,1,0
GACGTATTCCGTGAGGCTTTAATCATAC,1,0
GACGTATTCTGTAAGGTATGTTACATAA,1,0
GACGTATTCTGTGAGGCGTGAATCAGAC,61,0
GACGTATTCTGTGAGGCGTGAATCCGCC,2,0
GACGTATTCTGTGAGGCTTGAATCATAC,2,0
GACGTCAACTGCCAGCCGTGTCGCAGTA,0,96
GACGTCAACTGCCAGCCGTGTCTCATTA,0,3
GACGTCAACTGCCAGCCGTGTCTCCGTA,0,2
GACGTCAACTGCCAGCCGTTTCTCAGTA,0,1
GACGTCAACTGCCAGCCTTGTCGCATTA,0,3
GACGTCAACTGCCAGCCTTGTCTCAGTA,0,7
GACGTCAACTGCCAGCCTTTTCTCATTA,0,2
GACGTCACCTACAAGTTCTGTTCCATAA,1,0
GACGTCACCTATAACTTCTGTTCCATAA,1,0
GACGTCACCTATAAGTTCGGTTCCCGAA,1,0
GACGTCACCTATAAGTTCTGTTCCAGAA,184,22
GACGTCACCTATAAGTTCTGTTCCAGCC,2,0
GACGTCACCTATAAGTTCTTTTCCATAA,2,0
GACGTCACCTTACAGCCTTGTCTCATTA,0,1
GACGTCACCTTTGAGTTGTGTTGCAAGC,1,0
GACGTCAGCTGTGAGTCATGATTCAGTC,0,27
GACGTCATCTAGTAGCATTGTCCCAGAG,38,0
GACGTCATCTAGTAGCATTGTCCCCGAT,1,0
GACGTCATCTAGTAGCATTTTCCCATAT,2,0
GACGTCCACTGAAAGTAATGACTCAGCT,39,0
GACGTCCACTGAAAGTAATTACTCATCT,5,0
GACGTCCTCTATGAGAGATGGTGCAACT,37,13
GACGTCCTCTATGAGAGATGGTTCCACT,1,0
GACGTCCTCTATGAGAGATGTTGCCCCT,1,0
GACGTCCTCTATGAGAGATGTTTCAACT,4,0
GACGTCCTCTATGAGAGATTGTTCAACT,1,0
GACGTCCTCTATGAGATATTTTTCAACT,2,0
GACGTCCTCTGCCAGTTGTGTTCCAGCC,0,30
GACGTCCTCTGCCAGTTTTGTTCCCTCC,0,1
GACGTCCTCTGCCAGTTTTTTTCCATCC,0,1
GACGTCGACTTACAGAGATGCCACAAAT,1,0
GACGTCGCCTGGTAGAACTGTTTCATTG,1,0
GACGTCGGCTAGTAGGTTTGCTTCAGCT,0,1
GACGTCGGCTCAGAGCTCTGTCTCACAA,1,0
GACGTCGGCTCGCAGGCCTGCAACACCC,0,1
GACGTCGGCTGCAAGGCATCTAGCCATG,1,0
GACGTCGGCTGCAAGGCATGGAGCAATG,314,201
GACGTCGGCTGCAAGGCATGGAGCCCTG,7,3
GACGTCGGCTGCAAGGCATGGATCAATT,3,2
GACGTCGGCTGCAAGGCATGGATCACTG,1,0
GACGTCGGCTGCAAGGCATGGATCCCTT,0,1
GACGTCGGCTGCAAGGCATGTAGCAATT,2,1
GACGTCGGCTGCAAGGCATGTATCAATG,3,4
GACGTCGGCTGCAAGGCATGTATCCCTG,1,0
GACGTCGGCTGCAAGGCATTGAGCAATT,1,1
GACGTCGGCTGCAAGGCATTGATCAATG,1,2
GACGTCGGCTGCAAGGCATTGATCCATT,1,0
GACGTCGGCTGCAAGGCATTTAGCAATG,2,3
GACGTCGGCTGCAAGGCATTTATCAATT,26,12
GACGTCGTCTGACAGGGGTGGAGCAATT,34,0
GACGTCGTCTGACAGGGGTGGAGCCCTT,1,0
GACGTCGTCTGACAGGGGTGTATCAATT,4,0
GACGTCGTCTGACAGGGTTGGATCAATT,1,0
GACGTCGTCTGACAGGGTTGTAGCAATT,1,0
GACGTCGTCTGACAGGTGTTGATCAATT,1,0
GACGTCGTCTGACAGGTTTGGAGCAATT,3,0
GACGTCGTCTGACAGGTTTTTATCAATT,1,0
GACGTCTGCTAGCAGGACAGTGACATCG,0,1
GACGTCTGCTAGCAGGACTGTGACAGCG,35,79
GACGTCTGCTAGCAGGACTGTGACCTCT,0,1
GACGTCTGCTAGCAGGACTGTTACAGCT,1,0
GACGTCTGCTAGCAGGACTGTTACATCG,0,1
GACGTCTGCTAGCAGGACTTTTACAGCG,1,0
GACGTCTGCTAGCAGGACTTTTACATCT,2,5
GACGTCTGCTGTGAGTTCTGGTGCAAAA,38,16
GACGTCTGCTGTGAGTTCTGGTGCCCCC,2,1
GACGTCTGCTGTGAGTTCTTGTTCAAAA,6,1
GACGTCTGCTGTGAGTTCTTTTGCAAAA,0,1
GACGTCTGCTGTGAGTTCTTTTTCCCAA,0,1
GACGTGAACTTTCAGTGTGGGGGCCGCC,0,1
GACGTGAACTTTCAGTGTTGGGGCAGCC,0,50
GACGTGAACTTTCAGTGTTGGGTCATCC,0,1
GACGTGAACTTTCAGTGTTGGTTCAGCC,0,2
GACGTGAACTTTCAGTGTTGTGTCAGCC,0,4
GACGTGAACTTTCAGTGTTGTTTCCTCC,0,1
GACGTGAACTTTCAGTGTTTGGGCATCC,0,2
GACGTGAACTTTCAGTGTTTTTTCATCC,0,7
GACGTGAACTTTCAGTTTTGGTTCATCC,0,1
GACGTGAACTTTCAGTTTTTTGTCATCC,0,3
GACGTGACCTACGAGGCGTGGTTCATAC,40,30
GACGTGACCTACGAGGCGTTTTTCATAC,1,1
GACGTGACCTACGAGGCTTGTTTCATAC,2,3
GACGTGACCTAGTAGCCAGGGGTCCTGT,0,1
GACGTGACCTAGTAGCCATGGGTCATGT,138,98
GACGTGACCTAGTAGCCATGTGTCCTGT,0,2
GACGTGACCTAGTAGCCATGTTTCATTT,13,7
GACGTGACCTAGTAGCCATTGTTCATGA,0,1
GACGTGACCTAGTAGCCATTTGTCATTT,4,1
GACGTGACCTAGTAGCCATTTTTCATGT,1,1
GACGTGACCTGTGAGATTTGACGCATGC,41,33
GACGTGACCTGTGAGATTTGACTCCTTC,0,1
GACGTGACCTGTGAGATTTTACTCATTC,4,8
GACGTGACCTTTGAGGTCTGGCTCATCC,35,0
GACGTGAGCTGTTAGAACTGTCTCAAGG,28,0
GACGTGAGCTGTTAGAACTTTCTCAATG,2,0
GACGTGATCTCCGAGCGATGTGGCAATT,1,0
GACGTGATCTGGCAGGGTTGCTCCACCA,0,30
GACGTGATCTGGCAGTGTTTCTCCACCA,0,1
GACGTGCACTATGAGAGATGTGTCAGTA,0,50
GACGTGCACTATGAGATATGTGTCATTA,0,1
GACGTGCACTATGAGATATGTTTCAGTA,0,2
GACGTGCACTATGAGATATTTTTCCTTA,0,2
GACGTGCACTGTTAGCATTGTGTCATCT,40,31
GACGTGCACTGTTAGCATTGTTTCCTCT,0,1
GACGTGCACTGTTAGCATTTTTTCATCT,0,3
GACGTGCACTTCGAGTAGTTTTTCATAT,0,1
GACGTGCACTTCGAGTTGTGTTTCAGAG,35,130
GACGTGCACTTCGAGTTGTGTTTCATAT,0,4
GACGTGCACTTCGAGTTGTGTTTCCGAT,0,2
GACGTGCACTTCGAGTTGTGTTTCCGCG,0,1
GACGTGCACTTCGAGTTGTTTTTCATAG,1,1
GACGTGCACTTCGAGTTTTGTTTCAGAT,2,7
GACGTGCACTTCGAGTTTTGTTTCATAG,0,2
GACGTGCACTTCGAGTTTTTTTTCATAT,0,2
GACGTGCACTTCGAGTTTTTTTTCATCG,0,1
GACGTGCGCTGATAGGCGTGGGGCACTC,1,0
GACGTGCGCTGCTAGGCGTGGGGCACGC,65,0
GACGTGCGCTGCTAGGCGTGGGTCACTC,5,0
GACGTGCGCTGCTAGGCGTGTGGCCCTC,1,0
GACGTGCGCTGCTAGGCGTGTGTCACGC,5,0
GACGTGCGCTGCTAGGCGTGTTTCCCGC,1,0
GACGTGCGCTGCTAGGCGTTTTTCACTC,1,0
GACGTGCGCTGCTAGGCTTGTTTCACTC,4,0
GACGTGCTCTCAGAGTGCTGTCCCAAGA,35,0
GACGTGCTCTCAGAGTGCTGTCCCACGC,1,0
GACGTGCTCTCAGAGTGCTTTCCCAATA,1,0
GACGTGGACTGTTAGCGCTGCTGCACGT,38,0
GACGTGGACTGTTAGCGCTTCTGCACTT,1,0
GACGTGGACTGTTAGCTCTGCTGCACTT,1,0
GACGTGGACTGTTAGCTCTGCTTCACGT,2,0
GACGTGGACTGTTAGCTCTTCTTCACTT,1,0
GACGTGGCCTAATAGATTTGGCACATAG,0,85
GACGTGGCCTAATAGATTTGTCACATAT,0,4
GACGTGGCCTAATAGATTTGTCACCTAG,0,2
GACGTGGCCTAATAGATTTTTCACATAG,0,6
GACGTGGCCTTCTAGCTGTGTATCAAGG,0,46
GACGTGGCCTTCTAGCTGTGTATCCCGG,0,1
GACGTGGCCTTCTAGCTGTTTATCAATT,0,3
GACGTGGCCTTCTAGCTTTTTATCAATG,0,1
GACGTGGGCTAACAGCCCTGATTCACGG,0,36
GACGTGGGCTAACAGCCCTTATTCACTT,0,3
GACGTGGGCTAAGAGTATTGGTACAAGT,0,7
GACGTGGGCTAAGAGTATTTTTACAAGT,0,1
GACGTGGGCTCGCAGGCCTGCATCAACC,0,58
GACGTGGGCTCGCAGGCCTGCATCCCCC,0,1
GACGTGGGCTGATAGCTTTGAAGCACAT,0,1
GACGTGGGCTGCGAGCTATGATGCACAT,0,48
GACGTGGGCTGCGAGCTATGATTCCCAT,0,1
GACGTGGGCTGCGAGCTATTATTCACAT,0,4
GACGTGGGCTGGTTGATTTTATACAATT,0,1
GACGTGGGCTTAGAGTGATGGAACAATT,174,147
GACGTGGGCTTAGAGTGATGGAACCCTT,4,1
GACGTGGGCTTAGAGTGATTTAACAATT,8,4
GACGTGGGCTTAGAGTTAAGGAACAATT,0,1
GACGTGGGCTTAGAGTTATGGAACAAAT,0,1
GACGTGGGCTTAGAGTTATGGAACAATA,1,0
GACGTGGGCTTAGAGTTATGTAACAATT,0,5
GACGTGGGCTTAGAGTTATTGAACAATT,1,1
GACGTGGGCTTAGAGTTTTGGAACAATT,1,0
GACGTGGGCTTGGAGGTGAGGGACATTA,1,0
GACGTGGGCTTGGAGGTGGGGGACCTGA,1,0
GACGTGGGCTTGGAGGTGTGGGACATGA,36,0
GACGTGGGCTTGGAGGTGTGTTACATTA,1,0
GACGTGGGCTTGGAGGTGTTTGACATTA,1,0
GACGTGGGCTTGGAGGTTTGTTACATGA,1,0
GACGTGGGCTTGGAGGTTTTTTACATTA,1,0
GACGTGGTCTCGAAGCTATTCGTCCCCG,0,1
GACGTGTACTGCAAGGGATGTGACCCGT,0,1
GACGTGTACTGCAAGGGATGTGTCACGT,34,28
GACGTGTACTGCAAGGGATGTTTCACTT,1,0
GACGTGTACTGCAAGGGATTTGTCACTT,0,1
GACGTGTACTGCAAGGTATGTGTCCCGT,0,1
GACGTGTACTGCAAGGTATTTTTCACTT,3,6
GACGTGTCCTTGCAGCGTTGTTGCATAC,46,147
GACGTGTCCTTGCAGCGTTGTTTCCTAC,1,0
GACGTGTCCTTGCAGCGTTTTTTCATAC,0,4
GACGTGTCCTTGCAGCTATGATGCATAC,0,1
GACGTGTCCTTGCAGCTTTGTTGCCTCC,0,1
GACGTGTCCTTGCAGCTTTGTTTCATAC,3,11
GACGTGTGCTCCTAGCCATGATCCATCC,1,0
GACGTGTGCTCTCAGGGCTGAGACAAGC,19,0
GACGTGTGCTCTCAGGGCTGATACAATC,1,0
GACGTGTGCTCTCAGGGCTGATACACGC,1,0
GACGTGTGCTCTCAGGTCTGAGACAATC,7,0
GACGTGTGCTCTCAGGTCTGATACAAGC,1,0
GACGTGTGCTCTCAGGTCTTAGACAAGC,1,0
GACGTGTGCTCTCAGGTCTTATACAATC,2,0
GACGTGTGGGCCGACCACTTCGACATTC,1,0
GACGTGTTCTGAAAGGATTGGTGCACAG,0,16
GACGTGTTCTGAAAGGATTGGTTCCCAG,0,1
GACGTGTTCTGAAAGGATTGTTGCACAT,0,1
GACGTGTTCTGAAAGGATTTGTTCACAT,0,3
GACGTGTTCTGCAAGGCCTGGGCCACCG,0,57
GACGTGTTCTGCAAGGCCTGGTCCACCT,0,2
GACGTGTTCTGCAAGGCCTGTGCCACCT,0,2
GACGTGTTCTGCAAGGCCTGTTCCACCG,0,1
GACGTGTTCTGCAAGGCCTTGTCCACCG,0,1
GACGTGTTCTGCAAGGCCTTTTCCACCT,0,8
GACGTTAACTTACAGGTATGTTTCAAGG,44,44
GACGTTAACTTACAGGTATGTTTCAATT,4,3
GACGTTACCTCCTAGAAATGTGGCAGCA,0,32
GACGTTACCTCCTAGAAATGTTTCATCA,0,3
GACGTTAGCTAGCAGCCTTGTAACAAGG,199,211
GACGTTAGCTAGCAGCCTTGTAACAATT,14,10
GACGTTAGCTAGCAGCCTTGTAACCAGT,0,1
GACGTTAGCTAGCAGCCTTGTAACCCGG,7,8
GACGTTAGCTAGCAGCCTTTTAACAAGT,2,1
GACGTTAGCTAGCAGCCTTTTAACAATG,0,2
GACGTTAGCTCGGAGTGTTGGATCACGG,0,1
GACGTTATCTGGCAGGGATGTAGCAACC,128,74
GACGTTATCTGGCAGGGATGTAGCCCCC,3,2
GACGTTATCTGGCAGGGATGTATCCACC,2,0
GACGTTATCTGGCAGGGATTTATCAACC,0,1
GACGTTATCTGGCAGGTATGTATCAACC,3,5
GACGTTATCTGGCAGTTATGTATCACCC,1,0
GACGTTCACTAACAGCCCTGTCTCATGG,100,57
GACGTTCACTAACAGCCCTGTCTCATTT,9,3
GACGTTCGCTATAAGTAGTGGGGCAGAA,37,19
GACGTTCGCTATAAGTAGTGGGGCATCA,1,0
GACGTTCGCTATAAGTAGTGGGTCATAA,1,0
GACGTTCGCTATAAGTAGTGGTGCCGAA,1,0
GACGTTCGCTATAAGTAGTGGTTCAGAA,1,1
GACGTTCGCTATAAGTAGTGTGTCAGAA,3,2
GACGTTCGCTATAAGTAGTGTTGCAGAA,1,0
GACGTTCGCTATAAGTAGTGTTTCATAA,1,4
GACGTTCGCTATAAGTAGTTGTTCATAA,0,1
GACGTTCGCTATAAGTAGTTTTTCAGAA,1,0
GACGTTCGCTATAAGTAGTTTTTCCTAA,0,1
GACGTTCGCTATAAGTATTTTTTCATAA,0,2
GACGTTCGCTGGTAGGGCTGTCGCATTT,24,26
GACGTTCGCTGGTAGGTCTGTCTCATTT,1,1
GACGTTGCCTTACAGGGGTGGAGCAATG,9,0
GACGTTGCCTTACAGGGGTGGATCAATT,1,0
GACGTTGCCTTACAGGGGTGTATCAATG,1,0
GACGTTGCCTTACAGGTTTGGATCAATG,2,0
GACGTTGGCTAGGAGACATGTTCCTTAC,0,1
GACGTTGGCTCTCAGTTGTGGGTCAGCG,21,0
GACGTTGGCTCTCAGTTTTGTGTCAGCG,2,0
GACGTTGGCTCTCAGTTTTTTTTCAGCT,1,0
GACGTTGGCTCTCGGTTGTTGGTCAGCG,1,0
GACGTTGTCTTATAGTTCTGTGCCACAT,30,0
GACGTTGTCTTGGAGTCCTGCCGCACTC,1,0
GACGTTTACTTTTAGGGTTGTATCACGT,0,19
GACGTTTACTTTTAGGGTTTTATCACTT,0,1
GACGTTTACTTTTAGGTTTGTATCACTT,0,1
GACGTTTACTTTTAGGTTTGTATCCCGT,0,1
GACGTTTCCTCAAAGGTGTGAGTCAGCC,36,29
GACGTTTCCTCAAAGGTGTTATTCATCC,1,1
GACGTTTCCTCAAAGGTTTGATTCATCC,2,2
GACGTTTTCTCGGAGTATTGGTCCACCA,0,41
GACGTTTTCTCGGAGTATTGTTCCCCCA,0,1
GACGTTTTCTCGGAGTATTTTTCCACCA,0,1
GACGTTTTCTTCGAGCTATGGGCCATCA,18,114
GACGTTTTCTTCGAGCTATGGGCCCTCC,0,2
GACGTTTTCTTCGAGCTATGTGCCCTCA,0,2
GACGTTTTCTTCGAGCTATTTTCCATCA,4,25
GACGTTTTCTTTTAGCGTTGGACCAACG,22,0
GACGTTTTCTTTTAGCGTTTTACCCACT,1,0
GACGTTTTCTTTTAGCTTTTGACCAACG,3,0
GACGTTTTCTTTTAGCTTTTTACCAACT,1,0
GACGTTTTCTTTTAGCTTTTTACCACCG,1,0
GAGGAGATCTTCCAGCGTTGCGTCAGGT,1,0
GAGGAGGACTCTCAGATCAGCGTCAGGT,1,0
GAGGATGACTTGTAGATTTTTTCCCCTA,1,0
GAGGATGGCTGGAAGAACTTCCCCACGT,1,0
GAGGTAAACTCGTAGTGGTGGCGCAGCG,0,23
GAGGTAAACTCGTAGTGGTGTCTCAGCG,0,3
GAGGTAAACTCGTAGTGGTTTCTCATCT,0,1
GAGGTAAACTCGTAGTGTTGTCGCATCG,0,1
GAGGTAAACTCGTAGTTTTGGCGCAGCG,0,1
GAGGTAAACTCGTAGTTTTGTCTCATCT,0,1
GAGGTAAACTCGTAGTTTTTTCTCATCG,0,1
GAGGTAAACTTGAAGCGTTTTTTCACCT,1,0
GAGGTAAGATGGTAGTCGTGGTTCATCG,1,0
GAGGTAAGCTGGGAGAATTTTATCATAT,1,0
GAGGTAAGCTGGTAGTCGTGGTTCATCT,10,0
GAGGTAAGCTGGTAGTCGTGGTTCCTCG,4,0
GAGGTAAGCTGGTAGTCGTGTTTCATCG,1,0
GAGGTAAGCTGGTAGTCGTTGTTCATCG,2,0
GAGGTAAGCTGGTAGTCTTGGTTCATCG,1,0
GAGGTAAGCTGGTAGTCTTTGTTCATCT,1,0
GAGGTACACTGGAAGGAAGGTGTCCTTG,0,1
GAGGTACACTGGAAGGAATGTGGCATTG,0,134
GAGGTACACTGGAAGGAATGTGTCATTT,0,2
GAGGTACACTGGAAGGAATGTTGCATTT,0,2
GAGGTACACTGGAAGGAATGTTTCATTG,0,4
GAGGTACACTGGAAGGAATTTTTCATTT,0,10
GAGGTACTCTGCGAGCACTGAGCCAAGG,0,24
GAGGTACTCTGCGAGCACTGAGCCCCGG,0,1
GAGGTACTCTGCGAGCACTGATCCAAGT,0,1
GAGGTAGACTAGGAGGTTTGACACAATG,0,3
GAGGTAGACTCCAAGGTTTTGGACACCT,1,0
GAGGTAGACTCGTAGCAATGTAACACAA,1,0
GAGGTAGACTGGGAGTCATGAAGCATAT,38,88
GAGGTAGACTGGGAGTCATTAAGCCTCT,0,1
GAGGTAGACTGGGAGTCATTAATCATAT,3,4
GAGGTAGACTGTAAGGAGTGTGACACGA,0,11
GAGGTAGACTTGAAGTACTGCGCCATTG,0,42
GAGGTAGACTTGAAGTACTGCTCCCTTG,0,1
GAGGTAGACTTGAAGTACTTCTCCATTT,0,4
GAGGTAGCCTGGAAGATGTGCAACAGCA,25,0
GAGGTAGCCTGGAAGATGTTCAACATCA,1,0
GAGGTAGCCTGGAAGCTTTTGTCCAGGT,1,0
GAGGTAGCCTGGTAGCATATTTCCATTT,0,1
GAGGTAGCCTGGTAGCTCTGGTCCAGTT,0,1
GAGGTAGCCTGGTAGCTTGGGTCCCTGT,0,1
GAGGTAGCCTGGTAGCTTTGGTCCAGCA,0,1
GAGGTAGCCTGGTAGCTTTGGTCCAGGT,142,218
GAGGTAGCCTGGTAGCTTTGGTCCATGA,0,1
GAGGTAGCCTGGTAGCTTTGGTCCATTT,3,2
GAGGTAGCCTGGTAGCTTTGGTCCCGTT,1,0
GAGGTAGCCTGGTAGCTTTGTTCCAGTT,2,4
GAGGTAGCCTGGTAGCTTTGTTCCATGT,8,10
GAGGTAGCCTGGTAGCTTTGTTCCCGGT,0,2
GAGGTAGCCTGGTAGCTTTTGTCCAGTT,1,1
GAGGTAGCCTGGTAGCTTTTGTCCCGGT,1,0
GAGGTAGCCTGGTAGCTTTTTTCCAGGT,0,2
GAGGTAGCCTGGTAGCTTTTTTCCATTT,9,6
GAGGTAGGCTTTAAGCTATGTTGCAACT,0,14
GAGGTAGGCTTTAAGCTATGTTGCCCCT,0,1
GAGGTAGGCTTTTAGATATGCACCACAC,1,0
GAGGTAGTCTACGAGGCTTGCGCCATTC,31,39
GAGGTAGTCTACGAGGCTTGCTCCATAC,0,1
GAGGTAGTCTACGAGGCTTGCTCCCTTC,0,1
GAGGTAGTCTACGAGGCTTTCTCCATTC,1,0
GAGGTAGTCTACTAGACATGATCCATAT,45,0
GAGGTAGTCTACTAGACCTGATCCAAAA,1,0
GAGGTAGTCTCGGAGAGTTGTAACATGG,0,24
GAGGTAGTCTCGGAGATTTGTAACATTG,0,1
GAGGTATACTCAAAGGCGTGTCACATTT,48,24
GAGGTATACTCAAAGGCTTTTCACATTT,1,0
GAGGTATACTTATAGGCGTTTTTCAGTG,1,0
GAGGTATACTTTTAGGCGTGTGGCAGTG,21,48
GAGGTATACTTTTAGGCGTGTGTCATTT,1,0
GAGGTATACTTTTAGGCGTGTTTCAGTG,0,2
GAGGTATACTTTTAGGCGTGTTTCCGTT,0,1
GAGGTATACTTTTAGGCTTGTGTCAGTG,1,3
GAGGTATACTTTTAGGCTTTTTTCAGTT,0,1
GAGGTATGCTATCAGAAATGTCTCATTA,1,0
GAGGTATGCTCATAGGGTTGTGGCACGG,30,0
GAGGTATGCTCATAGGGTTGTGGCACTT,1,0
GAGGTATGCTCATAGGGTTGTGTCCCGG,1,0
GAGGTATGCTCATAGGTTTGTGTCACGG,1,0
GAGGTATGCTCATAGGTTTGTTTCACTG,3,0
GAGGTATGCTCATAGGTTTTTTGCACTG,1,0
GAGGTATGCTCGTAGGCATGTAACAGCA,34,71
GAGGTATGCTCGTAGGCATTTAACATCA,1,2
GAGGTATGCTGGAAGTCATTATTCATAA,0,1
GAGGTATGCTTTCAGAAATGGCTCATTA,36,14
GAGGTATGCTTTCAGAAATTTCTCATTA,1,0
GAGGTATTCTGGAAGGCTTGTTTCACAC,17,9
GAGGTCACCTAGGAGTTGTGTTCCATAA,0,1
GAGGTCACCTCGCAGTACTTCTCCATCC,0,1
GAGGTCAGCTAAAAGAACTGTGTCACTG,4,13
GAGGTCAGCTAAAAGAACTTTGTCACTT,1,2
GAGGTCAGCTAGAAGGCCTGTTGCAATA,0,36
GAGGTCAGCTAGAAGGCCTGTTGCCATC,0,1
GAGGTCAGCTAGAAGGCCTGTTGCCCTA,0,1
GAGGTCAGCTAGAAGGCCTTTTTCAATA,0,1
GAGGTCAGCTAGAAGGCCTTTTTCCCTC,0,1
GAGGTCAGCTCTTAGTGGTGCTCCAGGT,101,1
GAGGTCAGCTCTTAGTGTTGCTCCAGTT,5,0
GAGGTCAGCTCTTAGTGTTGCTCCATGT,1,0
GAGGTCAGCTCTTAGTTGTTCTCCAGGT,1,0
GAGGTCAGCTCTTAGTTTTGCTCCAGGT,4,0
GAGGTCAGCTCTTAGTTTTTCTCCATTT,6,0
GAGGTCAGCTGAGAGGGATGGATCATAG,80,144
GAGGTCAGCTGAGAGGGATGGATCCTCG,1,4
GAGGTCAGCTGAGAGGGATGTATCATAT,0,2
GAGGTCAGCTGAGAGGGATTTATCATAG,0,1
GAGGTCAGCTGAGAGGTATGTATCATAG,2,4
GAGGTCAGCTGAGAGGTATTTATCATAT,2,3
GAGGTCAGCTGATAGCTCTGCTACAGAC,215,134
GAGGTCAGCTGATAGCTCTGCTACATCC,1,0
GAGGTCAGCTGATAGCTCTGCTACCGCC,4,3
GAGGTCAGCTGATAGCTCTTCTACATAC,14,5
GAGGTCATCTGCCAGGTGTCTAGCCTGT,0,1
GAGGTCATCTGCCAGGTGTGGAGCATGT,0,24
GAGGTCATCTGCCAGGTTTGGATCATGT,0,1
GAGGTCATCTGTGAGGCAAGAAACATAC,0,1
GAGGTCATCTGTGAGGCATGAAACAGAC,36,157
GAGGTCATCTGTGAGGCATGAAACCGCC,0,3
GAGGTCATCTGTGAGGCATTAAACATAC,1,5
GAGGTCATCTTGAAGTACTGTGACAAGG,31,0
GAGGTCATCTTGAAGTACTGTTACAATT,1,0
GAGGTCCGCTCTTAGCTTTGTCTCATTA,1,0
GAGGTCCGCTCTTAGGTTTGGGTCAGTA,2,0
GAGGTCCGCTGCAAGATGTGCCTCACTT,25,0
GAGGTCCGCTGCAAGATTTTCCTCACTT,1,0
GAGGTCCGCTTTAAGAGGTGTCCCATTT,80,46
GAGGTCCGCTTTAAGAGTTTTCCCATTT,1,0
GAGGTCCGCTTTAAGATGAGTCCCATTT,0,1
GAGGTCCGCTTTAAGATGTGTCCCATAT,1,0
GAGGTCCGCTTTAAGATGTTTCCCATTT,1,0
GAGGTCCGCTTTAAGATTTGTCCCATTT,8,3
GAGGTCCTCTGGGAGAAATTCATCACTT,1,0
GAGGTCCTCTGGGAGTAATGCATCACTT,75,49
GAGGTCGACTTTGAGTATTGACCCATGG,33,26
GAGGTCGACTTTGAGTATTTACCCATTT,7,3
GAGGTCGCCTCACAGCTCTGGTGCAGCG,160,62
GAGGTCGCCTCACAGCTCTGGTGCATCT,1,1
GAGGTCGCCTCACAGCTCTGGTTCAGCT,2,0
GAGGTCGCCTCACAGCTCTGGTTCATCG,8,5
GAGGTCGCCTCACAGCTCTGTTGCAGCT,3,0
GAGGTCGCCTCACAGCTCTGTTGCATCG,3,1
GAGGTCGCCTCACAGCTCTGTTGCCGCG,1,0
GAGGTCGCCTCACAGCTCTGTTTCAGCG,2,0
GAGGTCGCCTCACAGCTCTGTTTCCGCT,1,0
GAGGTCGCCTCACAGCTCTTGTGCAGCT,1,0
GAGGTCGCCTCACAGCTCTTGTGCATCG,2,0
GAGGTCGCCTCACAGCTCTTTTTCATCT,18,3
GAGGTCGCCTCGGAGCGTTGCTTCAAGG,0,23
GAGGTCGCCTCGGAGCGTTTCTTCAATT,0,3
GAGGTCGCCTCGGAGCTTTTCTTCAAGG,0,1
GAGGTCGCCTTATAGTATTGCGCCATAT,0,12
GAGGTCGCCTTATAGTATTTCTCCATAT,0,1
GAGGTCGGCTAGGAGAATTGATTCAACT,1,0
GAGGTCGGCTATCAGGATTTTATCATTC,1,0
GAGGTCGGCTTGTAGATCTGGTACAGCG,21,0
GAGGTCGGCTTGTAGATCTGGTACCGCT,1,0
GAGGTCGGCTTGTAGATCTGTTACATCT,4,0
GAGGTCGTCTAGCAGGAATGTAACACAA,1,0
GAGGTCGTCTGGCAGCCCTGTCCCACCA,0,1
GAGGTCTACTAACAGCGCTGGTGCAATG,1,0
GAGGTCTACTGACAGGTGTGGTTCAGGA,26,98
GAGGTCTACTGACAGGTGTGGTTCATTA,1,0
GAGGTCTACTGACAGGTGTGTTTCAGTA,1,1
GAGGTCTACTGACAGGTGTGTTTCATGA,0,3
GAGGTCTACTGACAGGTGTGTTTCCGGA,1,0
GAGGTCTACTGACAGGTGTTGTTCAGTA,0,1
GAGGTCTACTGACAGGTGTTTTTCATTA,1,3
GAGGTCTACTGACAGGTTTGGTTCATGA,0,2
GAGGTCTACTGACAGGTTTGTTTCATTA,0,1
GAGGTCTACTGACAGGTTTTGTTCATTA,0,2
GAGGTCTACTGACATGTGTGGTTCAGGC,1,0
GAGGTCTACTTACAGTCGTTCCCCATCT,1,0
GAGGTCTCCTGGCAGCCGTGAAACAATA,0,30
GAGGTCTCCTGGCAGCCGTGAAACACTC,0,1
GAGGTCTCCTGGCAGCCGTGAAACCCTA,0,1
GAGGTGACCTCCTAGTAATTTCTCATCC,1,0
GAGGTGACCTGTTAGTCATGCACCACTC,0,1
GAGGTGACCTGTTAGTCTTGCTCCACTC,0,47
GAGGTGACCTTGGAGGGATGCATCAACA,24,0
GAGGTGACCTTGGAGGTATGCATCCCCA,2,0
GAGGTGACCTTGGAGGTATTCATCAACA,2,0
GAGGTGACCTTTGAGTAATGGCGCATGA,0,23
GAGGTGACCTTTGAGTAATGGCTCCTGA,0,1
GAGGTGACCTTTGAGTAATGTCGCATTA,0,1
GAGGTGACCTTTGAGTAATTTCTCATTA,0,1
GAGGTGAGCTACAAGATATGACACCACT,1,0
GAGGTGAGCTACAAGTTATGACACAAGT,296,117
GAGGTGAGCTACAAGTTATGACACCCGT,5,4
GAGGTGAGCTACAAGTTATTACACAATT,12,6
GAGGTGAGCTACAAGTTATTACACACGT,1,0
GAGGTGAGCTACAGGTTATGACACAATT,0,1
GAGGTGAGCTCAGAGGCATGTATCATAT,1,0
GAGGTGAGCTCCGAGGAATGAAACAATA,1,0
GAGGTGAGCTCCGAGGTTTGTATCATGG,63,33
GAGGTGAGCTCCGAGGTTTGTATCATTT,6,2
GAGGTGAGCTCCGAGGTTTTTATCATGT,1,0
GAGGTGAGCTCGGAGCCGTGTACCAACG,1,0
GAGGTGAGCTGACAGCCGTGTATCACAT,21,0
GAGGTGAGCTGGCAGCTGTGCGCCAGGG,0,32
GAGGTGAGCTGGCAGCTGTGCTCCAGTG,0,2
GAGGTGAGCTGGCAGCTGTGCTCCATTT,0,1
GAGGTGAGCTGGCAGCTGTTCTCCATTG,0,1
GAGGTGAGCTGGGAGCCGGGGACCCTGG,1,0
GAGGTGAGCTGGGAGCCGTGGACCATGG,39,53
GAGGTGAGCTGGGAGCCGTGGACCCTGT,0,1
GAGGTGAGCTGGGAGCCGTGTACCATTT,4,10
GAGGTGAGCTGGGAGCCGTTGACCAATG,0,1
GAGGTGAGCTGGGAGCCTATTACCATTG,1,0
GAGGTGAGCTGGGAGCCTTGGACCATGT,0,2
GAGGTGAGCTGGGAGCCTTGGACCATTG,2,1
GAGGTGAGCTGGGAGCCTTGTACCAATT,0,1
GAGGTGAGCTGGGAGCCTTTTACCATTT,0,1
GAGGTGAGCTTAGAGTAATGAAACAGAG,0,46
GAGGTGAGCTTAGAGTAATGAAACATAT,0,2
GAGGTGAGCTTAGAGTAATGAAACCGCG,0,1
GAGGTGAGCTTAGAGTAATTAAACATAG,0,1
GAGGTGAGCTTGGAGCCGTGGACCATTG,0,2
GAGGTGCCCTCTTAGGCCTGACGCACCT,1,0
GAGGTGCCCTTTCAGTTTTGGGTCATCA,81,0
GAGGTGCCCTTTCAGTTTTTTGTCCTCC,1,0
GAGGTGCCCTTTCAGTTTTTTTTCATCA,16,0
GAGGTGCGCTCCGAGCAATGAATCACCA,1,0
GAGGTGCGCTCTTAGTACTGACTCACGC,0,1
GAGGTGCGCTGAGAGCGCTGGCGCAAAT,0,30
GAGGTGCGCTGAGAGCGCTGTCTCAAAT,0,2
GAGGTGCGCTGAGAGCTCTGGCTCAAAT,0,1
GAGGTGCGCTGAGAGCTCTTTCTCAAAT,0,5
GAGGTGCGCTGGTAGGCATGAGTCAACA,1,0
GAGGTGCTCTACAAGGCATGTACCATTA,0,1
GAGGTGCTCTAGGAGGATTGTAACAGAA,37,161
GAGGTGCTCTAGGAGGATTGTAACCGAC,1,1
GAGGTGCTCTAGGAGGATTTTAACATAA,1,3
GAGGTGCTCTAGTAGGATTGAATCATCA,1,0
GAGGTGCTCTATTAGTTAGGAATCCGGC,0,1
GAGGTGCTCTATTAGTTATGAATCAGGC,0,43
GAGGTGCTCTATTAGTTATTAATCATTC,0,6
GAGGTGCTCTCAAAGCCCTGTGCCAAGA,0,1
GAGGTGCTCTTAGAGAATTGTTCCATAT,0,1
GAGGTGGACTCATAGTTATGGAACAGAC,0,32
GAGGTGGACTCATAGTTATGGAACCGCC,0,1
GAGGTGGACTCATAGTTATGTAACATAC,0,6
GAGGTGGACTCATAGTTATTTAACAGAC,0,1
GAGGTGGACTGACAGAGCTGGTACATTT,277,278
GAGGTGGACTGACAGAGCTGTTACATTA,0,1
GAGGTGGACTGACAGAGCTGTTACCTTT,1,2
GAGGTGGACTGACAGATCTTTTACATTT,14,14
GAGGTGGACTTCGAGCCTTGGTTCACAG,0,1
GAGGTGGCCTTGTAGGTGAGGGTCACAT,0,1
GAGGTGGGCTAGAAGGAGTGTAACAGCG,0,27
GAGGTGGGCTAGAAGGAGTGTAACATCT,0,3
GAGGTGGGCTAGCAGAATTGACCCAGCC,0,8
GAGGTGGGCTAGCAGAATTTACCCATCC,0,1
GAGGTGGGCTAGGAGCAATGTTTCACCT,1,0
GAGGTGGGCTCGGAGCAATGATTCACCT,1,1
GAGGTGGGCTCGGAGCAATGTTGCACCT,426,508
GAGGTGGGCTCGGAGCAATGTTTCCCCT,4,3
GAGGTGGGCTCGGAGCAATTTTTCACCT,12,17
GAGGTGGGCTGGCAGCACGGTTGCCCGG,1,0
GAGGTGGGCTGGCAGCACTGTTGCACGG,132,40
GAGGTGGGCTGGCAGCACTGTTGCCCGT,1,0
GAGGTGGGCTGGCAGCACTGTTTCACTT,14,7
GAGGTGGGCTGGCAGCACTTTTGCACTT,0,1
GAGGTGGGCTGGCAGCTCTGTTGCATGG,1,0
GAGGTGGGCTGTCAGCACTTTTTCACTT,0,1
GAGGTGGGCTTGTAGCTATGTAACACCG,26,0
GAGGTGGGCTTGTAGCTATGTAACCCCT,1,0
GAGGTGGGCTTGTAGCTATTTAACACCT,1,0
GAGGTGGTCTATGAGCGATGGATCAGTT,53,36
GAGGTGGTCTATGAGCGATTTATCATTT,2,2
GAGGTGGTCTATGAGCTATGTATCAGTT,0,2
GAGGTGGTCTCGCAGCACTTTTTCACTT,1,0
GAGGTGGTCTCTCAGAGCTGCGGCAGGT,37,31
GAGGTGGTCTCTCAGAGCTGCTGCAGTT,1,2
GAGGTGGTCTCTCAGAGCTGCTGCCGGT,0,1
GAGGTGGTCTCTCAGATCTGCTCCATGA,0,1
GAGGTGGTCTCTCAGATCTGCTTCAGTT,0,1
GAGGTGGTCTCTCAGATCTGCTTCATGT,1,1
GAGGTGGTCTCTCAGATCTTCGTCAGTT,0,1
GAGGTGGTCTCTCAGATCTTCGTCATGT,0,1
GAGGTGGTCTCTCAGATCTTCTGCAGTT,1,0
GAGGTGGTCTCTCAGATCTTCTTCATTT,2,1
GAGGTGGTCTTGTAGCTTTGCTGCACGG,4,44
GAGGTGGTCTTGTAGCTTTTCTGCACTT,1,5
GAGGTGGTCTTGTAGCTTTTCTTCACGT,1,1
GAGGTGTACTAGGAGCTGTGTTACAATG,34,0
GAGGTGTACTAGGAGCTTTTTTACAATT,2,0
GAGGTGTCCTACCAGGTTTGCCACACTT,43,47
GAGGTGTCCTGGCAGTTGTGACTCAGTT,33,52
GAGGTGTCCTGGCAGTTGTTACTCATTT,0,1
GAGGTGTCCTGGCAGTTTAGACTCAGTT,0,1
GAGGTGTCCTGGCAGTTTTGACTCATTT,1,1
GAGGTGTCCTGTCAGACCTGCTTCAGTG,0,27
GAGGTGTCCTGTCAGACCTGCTTCATTT,0,2
GAGGTGTGCTACAAGGCGTGGTGCATTG,85,164
GAGGTGTGCTACAAGGCGTGGTTCATTT,1,1
GAGGTGTGCTACAAGGCGTGTTTCATTG,1,1
GAGGTGTGCTACAAGGCGTTGTTCATTG,0,1
GAGGTGTGCTACAAGGCTTGCAGCAAAT,0,1
GAGGTGTGCTACAAGGCTTGGTTCATTG,1,2
GAGGTGTGCTACAAGGCTTGTTGCATTG,2,4
GAGGTGTGCTACAAGGCTTGTTTCCTTG,1,0
GAGGTGTGCTACAAGGCTTTGTGCATTG,0,2
GAGGTGTGCTACAAGGCTTTTTTCATTT,1,5
GAGGTGTGCTCAGAGTAATGATTCAAGC,74,20
GAGGTGTGCTCAGAGTAATGATTCCCGC,2,1
GAGGTGTGCTCAGAGTAATTATTCAATC,4,3
GAGGTGTGCTGGAAGGCATGGGCCAACA,0,1
GAGGTGTGCTTATAGCGTTGCGGCATAG,181,70
GAGGTGTGCTTATAGCGTTGCGGCCTCG,2,1
GAGGTGTGCTTATAGCGTTGCGTCATAT,2,1
GAGGTGTGCTTATAGCGTTGCTGCATCG,1,0
GAGGTGTGCTTATAGCGTTGCTGCCTAG,1,0
GAGGTGTGCTTATAGCGTTGCTTCATAG,7,6
GAGGTGTGCTTATAGCGTTTCGTCATAG,1,0
GAGGTGTGCTTATAGCGTTTCTGCATAG,5,1
GAGGTGTGCTTATAGCGTTTCTTCATAT,2,0
GAGGTGTGCTTATAGCTTTGCGTCATAG,1,1
GAGGTGTGCTTATAGCTTTGCTGCATAG,1,0
GAGGTGTGCTTATAGCTTTGCTTCATAT,1,1
GAGGTGTGCTTATAGCTTTGCTTCATCG,0,1
GAGGTGTGCTTATAGCTTTTCGTCATAT,1,0
GAGGTGTGCTTATAGCTTTTCTTCATAG,9,2
GAGGTGTGCTTCTAGGCCTGTCACACAG,1,0
GAGGTGTGCTTGGAGTGTTGTCGCACGG,17,0
GAGGTGTGCTTGGAGTGTTGTCGCCCCT,1,0
GAGGTGTGCTTGGAGTGTTGTCTCACTG,2,0
GAGGTGTGCTTGGAGTTTTTTCTCACTT,1,0
GAGGTGTTCTCCTAGCTGTGGCGCAGCT,34,0
GAGGTGTTCTCCTAGCTGTGGCTCATCT,1,0
GAGGTGTTCTCCTAGCTGTGTCGCATCT,1,0
GAGGTGTTCTCCTAGCTGTGTCTCAGCT,4,0
GAGGTGTTCTCCTAGCTTTGGCTCAGCT,1,0
GAGGTGTTCTCCTAGCTTTGTCGCAGCT,2,0
GAGGTTAACTCATAGCAATGCTTCACAA,1,0
GAGGTTACCTAGGAGGTTTGCCACAGAC,35,0
GAGGTTACCTAGGAGGTTTGCCACCGCC,1,0
GAGGTTACCTAGGAGGTTTTCCACATAC,2,0
GAGGTTAGCTTCGAGCACTGTACCACGA,1,0
GAGGTTAGCTTGCAGTTATTTTTCAAAC,0,1
GAGGTTAGCTTTTAGCATTGTTACAACG,1,0
GAGGTTATCTCAAAGGCTTGTACCACAT,0,1
GAGGTTCCCTACTAGCAATGGATCATAC,91,110
GAGGTTCCCTACTAGCAATGGATCCTCC,1,0
GAGGTTCCCTACTAGCAATGTATCAAAC,1,0
GAGGTTCCCTACTAGCAATGTATCCTAC,0,1
GAGGTTCCCTACTAGCAATTGATCCTAC,0,1
GAGGTTCCCTACTAGCAATTTATCATAC,3,8
GAGGTTCCCTGGCAGTCATGTGTCACCA,0,5
GAGGTTCGCTCCCAGGGTTGGTTCAACT,0,1
GAGGTTCTCTAGTAGCTCTGCTACACTA,0,1
GAGGTTCTCTCTGAGCAATGCCACACTT,1,0
GAGGTTCTCTGCGAGGAATGCTTCACCG,1,0
GAGGTTCTCTTGGAGAATTGCATCATTA,0,1
GAGGTTCTCTTGGAGAATTGCTTCAGGA,0,34
GAGGTTGACTGCTAGCCATGGCGCAGGG,0,33
GAGGTTGACTGCTAGCCATGGCTCAGTG,0,1
GAGGTTGACTGCTAGCCATGGCTCCGGG,0,1
GAGGTTGACTGCTAGCCATGTCTCAGGT,0,1
GAGGTTGACTGCTAGCCATGTCTCATTT,0,1
GAGGTTGACTGCTAGCCATTTCTCAGTT,0,4
GAGGTTGACTGCTAGCTATGTCGCAGTG,0,2
GAGGTTGACTGCTATCCATCTCTCATTG,0,1
GAGGTTGACTTCGAGAAGTGAGACACTC,0,1
GAGGTTGACTTGTAGATTTGTGCCACTA,538,331
GAGGTTGACTTGTAGATTTGTGCCCCTC,1,2
GAGGTTGACTTGTAGATTTGTTCCCCTA,2,1
GAGGTTGACTTGTAGATTTTTTCCACTA,16,12
GAGGTTGACTTTGAGTTGTGCAACAGGA,0,51
GAGGTTGACTTTGAGTTGTGCAACATTA,0,3
GAGGTTGACTTTGAGTTTTGCAACAGTA,0,2
GAGGTTGACTTTGAGTTTTTCAACATTA,0,3
GAGGTTGCCTCCGAGAAATGTGCCAGGG,0,37
GAGGTTGCCTCCGAGAAATGTGCCAGTT,0,1
GAGGTTGCCTCCGAGAAATGTTCCAGTG,0,1
GAGGTTGCCTCCGAGAAATGTTCCCGGG,0,1
GAGGTTGCCTCCGAGAAATTTTCCATTT,0,4
GAGGTTGCCTGACAGGTCTGCATCAAGT,0,43
GAGGTTGCCTGACAGGTCTGCATCCCGT,0,3
GAGGTTGCCTGACAGGTCTTCATCAATT,0,1
GAGGTTGCCTGTTAGCATTGCGTCACGG,0,34
GAGGTTGCCTGTTAGCATTTCGTCACTT,0,3
GAGGTTGCCTGTTAGCATTTCTTCACTG,0,2
GAGGTTGCCTTCGAGCCGTGTGTCACGA,25,49
GAGGTTGCCTTCGAGCCGTGTTTCACTA,3,2
GAGGTTGCCTTCGAGCCTTGTGTCACTA,1,0
GAGGTTGCCTTCGAGCCTTGTTTCACGA,3,0
GAGGTTGCCTTCGAGCCTTTTTTCACTA,1,8
GAGGTTGGCTCAGAGGTCTGCCACACAT,38,36
GAGGTTGGCTCAGAGGTCTGCCACCCCT,2,0
GAGGTTGGCTCCCAGACCTGTCCCAGGG,18,6
GAGGTTGGCTCCCAGACCTGTCCCATTG,1,0
GAGGTTGGCTCCGAGCTGTGACGCAACA,0,26
GAGGTTGGCTCCGAGCTTTTACTCAACA,0,1
GAGGTTGGCTCTGAGCAGTGGTTCACGC,34,22
GAGGTTGGCTCTGAGCAGTGTTTCACTC,2,1
GAGGTTGGCTCTGAGCAGTTGTTCACTC,2,0
GAGGTTGGCTCTGAGCATTGGTTCACTC,0,1
GAGGTTGGCTGAGAGAGGTGTATCACAC,1,0
GAGGTTGGCTGGAAGAACGGCCCCCCGG,0,1
GAGGTTGGCTGGAAGAACTGACCCACGT,1,0
GAGGTTGGCTGGAAGAACTGCCCCACGG,428,133
GAGGTTGGCTGGAAGAACTGCCCCACTT,32,6
GAGGTTGGCTGGAAGAACTGCCCCCCGT,2,3
GAGGTTGGCTGGAAGAACTGCCCCCCTG,0,1
GAGGTTGGCTGGAAGAACTTCCCCACTG,10,0
GAGGTTGGCTGGTAGAATTGTTCCACAA,1,0
GAGGTTGGCTGTGAGCACTGTTTCACTC,1,0
GAGGTTGGCTTGAAGCTATGTATCATTT,1,0
GAGGTTGTCTCTGAGCATTTTATCACTC,1,0
GAGGTTTCCTTGAAGGGCGGCCACCTAA,0,1
GAGGTTTCCTTGAAGGGCTGCCACATAA,46,43
GAGGTTTCCTTGAAGGTCTTCCACATAA,2,1
GAGGTTTGCATGAAGTTGTGCCTCAGGC,1,0
GAGTTGTGCTCGGAGCAATTTTTCACCT,1,0
GATCTGCGCTGAGAGACATGTACCAGAT,1,0
GATCTTACCTAGCAGTCGTGGCACATAC,0,1
GATGAACTCAGCAAGCGCTGTGACATGG,1,0
GATGAAGACTAGTAGAATTGATTCACTC,1,0
GATGAGCGCTGAGAGACATTTACCATAT,1,0
GATGATGACTGGGAGTAGTTTTACATTT,1,0
GATGATGACTGGGAGTATATGGACATTG,1,0
GATGTAACCTCTTAGTGATGTTGCACTA,52,26
GATGTAACCTCTTAGTGATTTTTCACTA,1,4
GATGTAACCTGCGAGGCATGTGCCAACC,21,0
GATGTAACCTGCGAGGCATTAGCCAACC,1,0
GATGTAAGCTAGGAGTGATGAATCATTG,0,1
GATGTAAGCTAGGAGTGTTGAATCATGG,0,32
GATGTAAGCTAGGAGTGTTGAATCATTT,0,2
GATGTAAGCTAGGAGTGTTTAATCATTG,0,1
GATGTAAGCTAGGAGTTTTGAATCATGT,0,1
GATGTAAGCTGCAAGAAATGAGACATGA,1,0
GATGTACCCTAGAAGTGGTGCGTCAATC,0,30
GATGTACCCTAGAAGTGTTGCTTCAATC,0,2
GATGTACCCTAGAAGTTTTGCGTCAATC,0,1
GATGTACCCTGATAGAATTGTCCCAATC,1,0
GATGTACGCTAATAGCCCTGCCGCACCG,6,0
GATGTACGCTCCGAGTCTTGGTGCAAGC,18,0
GATGTACGCTCCGAGTCTTGGTTCAATC,1,0
GATGTACGCTCCGAGTCTTGTTGCAATC,1,0
GATGTACGCTCCGAGTCTTGTTTCAAGC,1,0
GATGTACGCTCCGAGTCTTTTTTCAATC,6,0
GATGTACGCTCGGAGCCGTGCCGCAGGG,45,113
GATGTACGCTCGGAGCCGTGCCGCAGTT,1,2
GATGTACGCTCGGAGCCGTGCCGCCGGT,0,1
GATGTACGCTCGGAGCCGTGCCTCAGGT,0,1
GATGTACGCTCGGAGCCGTGCCTCAGTG,1,4
GATGTACGCTCGGAGCCGTGCCTCATGG,1,3
GATGTACGCTCGGAGCCGTGCCTCATTT,0,1
GATGTACGCTCGGAGCCGTGCCTCCGGG,0,1
GATGTACGCTCGGAGCCGTTCCTCATTG,1,0
GATGTACGCTCGGAGCCGTTCCTCCGTT,0,1
GATGTACGCTCGGAGCCTTGCCGCAGTG,0,1
GATGTACGCTCGGAGCCTTGCCGCATTT,0,1
GATGTACGCTCGGAGCCTTGCCTCAGGG,1,0
GATGTACGCTCGGAGCCTTGCCTCATGT,0,1
GATGTACGCTCGGAGCCTTGCCTCATTG,3,2
GATGTACGCTCGGAGCCTTTCCGCATGG,0,4
GATGTACGCTCGGAGCCTTTCCTCAGTG,0,1
GATGTACGCTCGGAGCCTTTCCTCATTT,1,2
GATGTACGCTCTGAGCCTTTCCTCAGTT,0,1
GATGTACGCTGTAAGCTCTGTTACAGGG,39,28
GATGTACGCTGTAAGCTCTGTTACAGTT,1,1
GATGTACGCTGTAAGCTCTGTTACATGT,2,0
GATGTACGCTGTAAGCTCTGTTACATTG,3,6
GATGTACGCTGTAAGCTCTTTTACATGG,0,1
GATGTACGCTGTAAGCTCTTTTACCTGT,0,1
GATGTACTCTACAAGCTTTGCGGCCGCA,0,1
GATGTACTCTACGAGGTTTGCTTCATGA,0,1
GATGTACTCTACTAGCCTTGAGGCAGCC,0,1
GATGTACTCTACTAGCGTAGCTGCCGCA,0,1
GATGTACTCTACTAGCGTTGCGGCAGCA,48,161
GATGTACTCTACTAGCGTTGCGTCATCA,0,4
GATGTACTCTACTAGCGTTGCTGCATCA,0,1
GATGTACTCTACTAGCGTTGCTTCAGCA,3,11
GATGTACTCTACTAGCGTTTCGTCAGCA,0,3
GATGTACTCTACTAGCGTTTCTGCAGCA,0,5
GATGTACTCTACTAGCGTTTCTTCCGCA,1,0
GATGTACTCTACTAGCTTTGCGGCATCA,0,1
GATGTACTCTACTAGCTTTGCGTCAGCA,0,1
GATGTACTCTACTAGCTTTGCTGCAGCA,0,3
GATGTACTCTACTAGCTTTGCTTCCTCA,0,1
GATGTACTCTACTAGCTTTTCGGCAGCA,1,0
GATGTACTCTACTAGCTTTTCTTCATCA,4,14
GATGTACTCTAGGAGGTGTGCTTCATGA,0,41
GATGTACTCTAGGAGGTTTGCTTCATTA,0,2
GATGTACTCTGCAAGCGCTGTGACATGG,83,0
GATGTACTCTGCAAGCGCTGTGACATTT,1,0
GATGTACTCTGCAAGCGCTGTTACATTG,1,0
GATGTACTCTGCAAGCTCTGTGACATGT,4,0
GATGTACTCTGCAAGCTCTGTGACATTG,2,0
GATGTACTCTGCAAGCTCTTTTACATTT,4,0
GATGTACTCTTGGAGGAGTGTGACAAGA,25,0
GATGTACTCTTGGAGGAGTTTGACAATA,1,0
GATGTACTCTTGGAGGATTGTTACAATA,1,0
GATGTAGACTACTAGGCTTGCCACACTC,0,1
GATGTAGCCTGATAGCAATGGCTCATAG,33,0
GATGTAGCCTGATAGCAATGGCTCCTCG,1,0
GATGTAGCCTGATAGCAATGTCTCATAT,2,0
GATGTAGCCTGATAGCAATTTCTCATAG,1,0
GATGTAGCTTGATAGCAATGTCTCATAG,1,0
GATGTAGGCTTGTAGATGTGCAGCACAC,46,0
GATGTAGGCTTGTAGATGTTCATCACAC,2,0
GATGTAGGCTTGTAGATTTGCATCACAC,2,0
GATGTAGTCTCGCAGACTTGCCTCACAA,0,1
GATGTAGTCTGGAAGCGTTGACGCAGGT,0,1
GATGTATACCGGAAGGTATGCTTCATTC,0,1
GATGTATACTGGAAGGGATGCGTCATTC,152,165
GATGTATACTGGAAGGTATGCGACAAAC,0,1
GATGTATACTGGAAGGTATGCGTCAATC,0,1
GATGTATACTGGAAGGTATTCTTCATTC,12,14
GATGTATACTTCTAGTACTGACGCAGTT,0,57
GATGTATACTTCTAGTACTGACGCATAT,0,1
GATGTATACTTCTAGTACTTACTCATTT,0,4
GATGTATCCTGTGAGACCTGTGTCATAA,1,0
GATGTATCCTGTGAGACCTTGGTCATAA,1,0
GATGTATCCTGTGAGCCCTGTTTCATAA,0,1
GATGTATCCTTTGAGACCTTTGTCATAA,0,1
GATGTATGCTGGCAGCTGTGGCACATGA,0,32
GATGTATGCTGGCAGCTTTGTCACATGA,0,1
GATGTATTCTAATAGGGGTGTAGCAAGG,0,4
GATGTCAGCTGATAGTACATGAACATTC,0,1
GATGTCATCTGCTAGCTTTGTTACACGC,1,0
GATGTCATCTTTAAGGTATGCGCCAGAA,0,1
GATGTCCCCTGATAGACAAGTGTCCCGT,1,0
GATGTCCCCTGATAGACATGTGCCACCT,1,0
GATGTCCCCTGATAGACATGTGGCACGT,100,85
GATGTCCCCTGATAGACATGTGTCACTT,4,4
GATGTCCCCTGATAGACATGTTGCACTT,2,1
GATGTCCCCTGATAGACATGTTTCACGT,2,2
GATGTCCCCTGATAGACATTTGGCACTT,1,0
GATGTCCCCTGATAGACATTTTTCACTT,9,8
GATGTCCCCTGATAGGCATGTGTCACGT,0,1
GATGTCCCCTTCGAGCAGTGGGGCATGC,23,51
GATGTCCCCTTCGAGCAGTGGGTCCTGC,0,1
GATGTCCCCTTCGAGCAGTGGTTCATGC,1,0
GATGTCCCCTTCGAGCAGTGTGGCCTGC,0,1
GATGTCCCCTTCGAGCAGTGTGTCATTC,1,0
GATGTCCCCTTCGAGCAGTGTTGCATGC,1,1
GATGTCCCCTTCGAGCAGTTTGTCACTC,1,0
GATGTCCCCTTCGAGCAGTTTTTCATTC,2,3
GATGTCCCCTTCGAGCATTGTTTCATTC,2,1
GATGTCCTCTCTGAGAAGTGCCGCAGGG,21,0
GATGTCCTCTCTGAGAATTGCCGCATTG,1,0
GATGTCCTCTCTGAGAATTGCCGCCGGG,1,0
GATGTCCTCTCTGAGAATTGCCTCAGGG,1,0
GATGTCCTCTCTGAGAATTTCCTCATTT,1,0
GATGTCCTCTGCTAGCGTTGGGTCAAGC,97,46
GATGTCCTCTGCTAGCGTTGGGTCCCGC,2,2
GATGTCCTCTGCTAGCGTTGTTTCAATC,12,7
GATGTCCTCTGCTAGCGTTGTTTCCCGC,0,2
GATGTCCTCTGCTAGCGTTTGGTCAATC,9,0
GATGTCCTCTGCTAGCTTTGGGTCAATC,2,2
GATGTCCTCTGCTAGCTTTGTGTCAAGC,2,1
GATGTCCTCTGCTAGCTTTGTGTCCCGC,0,1
GATGTCCTCTGCTAGCTTTTGGTCAAGC,0,1
GATGTCCTCTGCTAGCTTTTGTTCAATC,1,4
GATGTCCTCTGCTAGCTTTTTGTCAATC,0,2
GATGTCCTCTGGAAGTCTTGGCGCAGAC,68,39
GATGTCCTCTGGAAGTCTTGGCGCCGCC,2,2
GATGTCCTCTGGAAGTCTTGGCTCATAC,4,0
GATGTCCTCTGGAAGTCTTGTCGCATAC,4,1
GATGTCCTCTGGAAGTCTTGTCTCAGAC,2,2
GATGTCCTCTGGAAGTCTTTTCGCAGAC,2,0
GATGTCCTCTGGAAGTCTTTTCTCATAC,18,6
GATGTCCTCTTTTAGGTATGCGCCAGAA,107,78
GATGTCCTCTTTTAGGTATGCGCCAGCC,1,1
GATGTCCTCTTTTAGGTATGCTCCATAA,1,3
GATGTCCTCTTTTAGGTATTCTCCAGAA,7,6
GATGTCGACTACTAAGCTTGCAACCCGC,0,1
GATGTCGACTACTAGGCTATCAACACGC,0,1
GATGTCGACTACTAGGCTTGCAACACGC,127,199
GATGTCGACTACTAGGCTTGCAACCCTC,0,1
GATGTCGACTACTAGGCTTTCAACACTC,7,11
GATGTCGACTACTAGGCTTTCAACCCGC,2,0
GATGTCGGCTCAGAGACTTGGCTCAACA,1,0
GATGTCGGCTCAGAGAGCTGACTCAAGA,1,0
GATGTCGGCTCATAGAGGTGTGTCATGT,33,0
GATGTCGGCTCATAGATGGGTGTCCTGT,1,0
GATGTCGTCTGGGAGTCTTGTAACATGG,0,34
GATGTCGTCTGGGAGTCTTGTAACATTT,0,2
GATGTCGTCTTACAGCAGTGCTGCAAGT,0,1
GATGTCTACTACCAGGTATGCGACACCG,70,0
GATGTCTACTACCAGGTATTCTACACCT,7,0
GATGTCTACTTGGAGCCGTGCAACATGA,24,29
GATGTCTACTTGGAGCCGTGCAACCTGC,1,0
GATGTCTACTTGGAGCCTTGCAACATTA,1,0
GATGTCTACTTGGAGCCTTTCAACATGA,1,3
GATGTCTCCTCCCAGTAATGTAACATAA,0,1
GATGTCTCCTCGTAGTACTGCCCCACTT,0,39
GATGTCTGCTAAGAGCGGTGACTCATAC,0,1
GATGTCTTCTGGCAGTTCTGTAGCCTGA,1,0
GATGTCTTCTGGCAGTTCTTTATCATTA,2,1
GATGTGAACTATAAGCCTTGGCACACTT,0,25
GATGTGAACTATAAGCCTTGTCACCCTT,0,1
GATGTGAACTATAAGCCTTTTCACACTT,0,1
GATGTGAACTATCAGCTTTGTCTCAATA,1,0
GATGTGACCTATGAGACCTGACGCAAAG,69,50
GATGTGACCTATGAGACCTGACGCCACG,0,1
GATGTGACCTATGAGACCTGACTCAAAT,4,3
GATGTGACCTATGAGACCTTACTCAAAG,4,0
GATGTGACCTCAGAGCGCTGGGGCAGGA,0,34
GATGTGACCTCAGAGCGCTGTGGCATGA,0,1
GATGTGACCTCAGAGCTCTGTTTCAGGA,0,4
GATGTGACCTCAGAGCTCTTGTTCATTA,0,1
GATGTGAGCTAAAAGCCTTTGGACATGT,1,0
GATGTGAGCTAATAGCCGTGGGACATGT,211,177
GATGTGAGCTAATAGCCGTGGTACCTGT,0,1
GATGTGAGCTAATAGCCGTGTGACATTT,3,3
GATGTGAGCTAATAGCCGTGTTACATGT,13,8
GATGTGAGCTAATAGCCGTTGTACATTT,1,0
GATGTGAGCTAATAGCCGTTTGACATGT,0,1
GATGTGAGCTAATAGCCTATGGACATGT,1,0
GATGTGAGCTAATAGCCTTGCGACATTT,1,0
GATGTGAGCTAATAGCCTTGGGACCTGT,1,0
GATGTGAGCTAATAGCCTTGGTACATGT,5,2
GATGTGAGCTAATAGCCTTGTGACATGT,7,6
GATGTGAGCTAATAGCCTTGTTACCTGT,1,0
GATGTGAGCTAATAGCCTTTTTACATTT,10,5
GATGTGAGCTTCCAGCTGTGGGGCAGAC,33,0
GATGTGAGCTTCCAGCTGTGTGTCAGAC,1,0
GATGTGAGCTTCCAGCTGTGTTGCAGAC,1,0
GATGTGAGCTTCCAGCTGTGTTTCATAC,1,0
GATGTGAGCTTCCAGCTGTTGTTCAGAC,1,0
GATGTGCACTACGAGGTTTGGGACAAGG,0,37
GATGTGCACTACGAGGTTTGGGACCCGG,0,1
GATGTGCACTACGAGGTTTGTGACAAGT,0,1
GATGTGCACTACGAGGTTTGTGACAATG,0,2
GATGTGCACTACGAGGTTTTTTACAATT,0,2
GATGTGCACTCCTAGATGTGGCGCACAG,33,167
GATGTGCACTCCTAGATGTGGCTCACAT,0,1
GATGTGCACTCCTAGATGTGGCTCCCAG,0,1
GATGTGCACTCCTAGATGTGGTGCCCAG,0,1
GATGTGCACTCCTAGATGTGTCGCACCG,1,0
GATGTGCACTCCTAGATGTGTCTCACAG,2,15
GATGTGCACTCCTAGATGTTTCGCACAG,1,1
GATGTGCACTCCTAGATGTTTCTCACAT,0,1
GATGTGCACTCCTAGATTTGGCTCACAG,0,1
GATGTGCACTCCTAGATTTGTCGCACAG,1,0
GATGTGCACTCCTAGATTTGTCTCACAT,0,1
GATGTGCACTCCTAGATTTTGCGCACAG,0,1
GATGTGCACTGTTAGCAGTGCTACAGGT,32,24
GATGTGCACTGTTAGCAGTTCTACAGTT,0,1
GATGTGCACTGTTAGCAGTTCTACATGT,1,0
GATGTGCACTGTTAGCATTGCTACAGTT,0,3
GATGTGCACTGTTAGCATTTCTACATTT,0,2
GATGTGCACTTTTAGTATTGGATCAGGT,0,17
GATGTGCACTTTTAGTATTGTATCCGGT,0,1
GATGTGCCCTAGAAGGCTTGCTACAATG,89,105
GATGTGCCCTAGAAGGCTTGCTACACTT,0,1
GATGTGCCCTAGAAGGCTTGCTACCCTG,2,1
GATGTGCCCTAGAAGGCTTTCTACAATT,1,5
GATGTGCCCTCAAAGGGGTGCTTCAACC,0,12
GATGTGCCCTCGCAGCCCTGTAGCAGAA,68,76
GATGTGCCCTCGCAGCCCTGTAGCCGCA,1,1
GATGTGCCCTCGCAGCCCTTTATCATAA,5,1
GATGTGCGCTAAGAGCAATGTCACATGG,22,33
GATGTGCGCTAAGAGCAATGTCACATTT,2,2
GATGTGCGCTAAGAGCAATTTCACATTG,1,0
GATGTGCGCTAGAAGGATTGGAACAGCC,0,1
GATGTGCGCTATTAGCCATGGACCACCC,0,32
GATGTGCGCTATTAGCCATGTACCCCCC,0,1
GATGTGCGCTATTAGCCATTTACCACCC,0,3
GATGTGCGCTGAGAGACATCGACCCGAT,1,0
GATGTGCGCTGAGAGACATGGACCAGAT,100,43
GATGTGCGCTGAGAGACATGGACCATAA,1,0
GATGTGCGCTGAGAGACATGTACCATAT,2,1
GATGTGCGCTGAGAGACATGTACCCGAT,0,1
GATGTGCGCTGAGAGACATTTACCAGAT,7,1
GATGTGCGCTTATAGGCTTGTTACACAT,1,0
GATGTGCTCTGGTAGACCTGCACCAATG,0,20
GATGTGCTCTGGTAGACCTTCACCAATT,0,1
GATGTGCTCTGTAAGCGTTGGGGCAACT,0,8
GATGTGCTCTGTAAGCGTTGGTTCAACT,0,1
GATGTGCTCTTATAGCGTTGGATCATGA,0,64
GATGTGCTCTTATAGCGTTGGATCCTGC,0,1
GATGTGCTCTTATAGCGTTTTATCATTA,0,3
GATGTGCTCTTATAGCTTTGTATCATTA,0,11
GATGTGCTCTTGGAGATGTGAGGCAGGC,18,72
GATGTGCTCTTGGAGATGTGAGTCAGTC,2,6
GATGTGCTCTTGGAGATGTGAGTCATGC,2,2
GATGTGCTCTTGGAGATGTGAGTCCGGC,0,1
GATGTGCTCTTGGAGATGTGATGCAGTC,1,0
GATGTGCTCTTGGAGATGTGATTCAGGC,0,2
GATGTGCTCTTGGAGATGTTAGTCAGGC,1,0
GATGTGCTCTTGGAGATGTTATTCAGTC,0,1
GATGTGCTCTTGGAGATTTGAGTCATTC,2,1
GATGTGCTCTTGGAGATTTTATTCATTC,0,6
GATGTGGACTCAGAGAAATGAAACACCC,1,0
GATGTGGACTCAGAGAATTGTAACAGCC,36,0
GATGTGGACTCAGAGAATTTTAACATCC,3,0
GATGTGGACTCCGAGGGGTGTGGCATGG,31,0
GATGTGGACTCCGAGGGGTGTGTCATTG,2,0
GATGTGGACTCCGAGGGGTGTTGCCTGG,1,0
GATGTGGACTCCGAGGTTTGTGGCATGG,1,0
GATGTGGACTCCGAGGTTTGTGTCATGT,1,0
GATGTGGACTCCGAGGTTTGTTGCATGT,1,0
GATGTGGACTCCGAGGTTTTTTTCATTT,3,0
GATGTGGACTGGCAGTGCTGGGGCAAGG,23,0
GATGTGGACTGGCAGTGCTGTGTCAAGG,2,0
GATGTGGACTGGCAGTGCTGTTGCAAGT,2,0
GATGTGGACTGGCAGTTCTGGTTCAAGG,2,0
GATGTGGACTGGCAGTTCTTTTTCAATT,1,0
GATGTGGACTTTAAGGGCTGGTTCATGC,0,20
GATGTGGACTTTAAGGTCTGTTTCATGC,0,2
GATGTGGCCTGGGAGCTATGGGACACGG,0,29
GATGTGGCCTGGGAGCTATGGGACCCGT,0,1
GATGTGGCCTGGGAGCTATGGTACACGT,0,2
GATGTGGCCTGGGAGCTATGTGACACTT,0,1
GATGTGGCCTGGGAGCTATGTTACACTG,0,1
GATGTGGGCTCGGAGCAATGTTTCACCT,0,1
GATGTGGGCTGGGAGGGGTGAGACAAGG,0,20
GATGTGGGCTGGGAGGGGTGAGACCCGG,0,1
GATGTGGGCTGGGAGGGGTGATACAATG,0,1
GATGTGGGCTGGGAGGGGTTAGACAATG,0,1
GATGTGGGCTGGGAGGGTTGAGACAATG,0,1
GATGTGGGCTGGGAGGTGTTATACCAGG,0,1
GATGTGGGCTTATAGGCTATTTCCACAA,0,1
GATGTGGGCTTATAGGCTTGTTCCACAT,24,27
GATGTGGGCTTATAGTCATGAACCACAT,1,0
GATGTGGTCATTCAGGAGTGCTGCAATG,0,1
GATGTGGTCTGAAAGTTTTGGGTCAGCC,54,0
GATGTGGTCTGAAAGTTTTGTGTCATCC,1,0
GATGTGGTCTGAAAGTTTTGTTTCAGCC,5,0
GATGTGGTCTGAAAGTTTTTGGTCCTCC,1,0
GATGTGGTCTGAAAGTTTTTTTTCATCC,2,0
GATGTGGTCTTGAAGTGTTGCTCCATTG,1,0
GATGTGGTCTTTAAGGATTTTGTCACGT,0,1
GATGTGGTCTTTCAGCATTGCTCCAAGT,0,1
GATGTGGTCTTTCAGGAGTGCTGCAAGG,151,102
GATGTGGTCTTTCAGGAGTGCTGCCCGG,3,2
GATGTGGTCTTTCAGGAGTGCTTCAATT,8,4
GATGTGGTCTTTCAGGAGTGCTTCCCGT,0,1
GATGTGGTCTTTCAGGAGTTCTTCAAGG,2,1
GATGTGGTCTTTCAGGATTGCAGCAAGG,0,1
GATGTGGTCTTTCAGGATTGCTGCAATG,1,1
GATGTGGTCTTTCAGGATTGCTTCAAGT,1,0
GATGTGGTCTTTCAGGATTTCTTCAATT,3,4
GATGTGGTCTTTCAGTATTGCTGCAAGT,0,1
GATGTGGTCTTTCAGTATTGCTTCAATT,1,0
GATGTGTCCTAAGAGGCGTGCGTCATAC,1,0
GATGTGTCCTAATAGTCTTGTGACACGG,137,70
GATGTGTCCTAATAGTCTTGTGACACTT,14,5
GATGTGTCCTAATAGTCTTGTGACCCTG,0,1
GATGTGTCCTAATAGTCTTTTTACACTG,4,0
GATGTGTCCTTGGAGGCCTGCGTCACTT,0,1
GATGTGTGCTAGGAGGGTTGGCTCAGGT,34,0
GATGTGTGCTAGGAGGGTTGTCTCAGTT,1,0
GATGTGTGCTAGGAGGGTTGTCTCATGT,3,0
GATGTGTGCTGCGAGTATTGATTCAGCT,82,73
GATGTGTGCTGCGAGTATTGATTCCTCT,0,1
GATGTGTGCTGCGAGTATTTATTCATCT,1,1
GATGTGTGCTGGGAGGTTTGAGTCACTA,0,34
GATGTGTGCTGGGAGGTTTGATTCCCTA,0,2
GATGTGTGCTTGGAGGGGTGAGACAATT,0,1
GATGTGTTCTAATAGTCTTGTGACACGT,1,0
GATGTGTTCTCGGAGGACTGTACCAATA,0,1
GATGTGTTCTCGGAGGTCTGTACCAAGT,95,79
GATGTGTTCTCGGAGGTCTGTACCCCGT,4,2
GATGTGTTCTCGGAGGTCTTTACCAATT,2,2
GATGTGTTCTGCAAGGCCTGTTCCACCT,0,1
GATGTGTTCTGGGAGCGATGTCTCAAGA,1,0
GATGTGTTCTGGGAGCGTTGTCGCAAGA,31,0
GATGTGTTCTGGGAGCGTTGTCGCCCGA,2,0
GATGTGTTCTGGGAGCGTTGTCTCACGA,1,0
GATGTGTTCTGGGAGCTTTGTCGCAATA,1,0
GATGTGTTCTGGGAGCTTTTTCTCAATA,1,0
GATGTTAACTCAAAGCTTTGGTCCAATG,3,0
GATGTTAACTGCAAGTAATGAGACATGA,1,0
GATGTTACCTGTTAGTGTTGCCGCATCT,102,149
GATGTTACCTGTTAGTGTTGCCTCCTCT,2,0
GATGTTACCTGTTAGTGTTTCCTCATCT,4,7
GATGTTACCTGTTAGTTTTGCCTCATCT,2,1
GATGTTACCTGTTAGTTTTTCCGCATCT,0,1
GATGTTAGCTCGGAGCCTTGTATCATTT,0,1
GATGTTAGCTGCAAGTGGTGTATCAATG,1,0
GATGTTAGCTGGTAGAGGTGCACCATTA,150,230
GATGTTAGCTGGTAGAGTTTCACCATTA,1,2
GATGTTAGCTGGTAGATGTTCACCATTA,1,0
GATGTTAGCTGGTAGATTTGCACCATTA,7,13
GATGTTAGCTGTGAGAACTGGTCCATGC,0,1
GATGTTAGCTTAGAGCAATGGTTCAAAA,66,83
GATGTTAGCTTAGAGCAATGGTTCCACA,1,0
GATGTTAGCTTAGAGCAATGGTTCCCAA,2,4
GATGTTAGCTTAGAGCAATGTTTCACAA,1,0
GATGTTAGCTTAGAGCAATTTTTCAAAA,4,3
GATGTTAGCTTAGAGCAATTTTTCCACA,1,0
GATGTTAGCTTCCAGAATTGACACAAGG,61,31
GATGTTAGCTTCCAGAATTGACACAATT,7,3
GATGTTAGCTTCCAGAATTGACACCCGG,2,0
GATGTTAGCTTCCAGAATTTACACAATG,0,1
GATGTTCCCTCTTAGCCGTGCCGCAGGA,23,0
GATGTTCCCTCTTAGCCGTGCCGCCGGC,1,0
GATGTTCCCTCTTAGCCTTGCCGCATGA,1,0
GATGTTCCCTCTTAGCCTTGCCTCATTA,5,0
GATGTTCGCTCTTAGGAGTGGCGCAAGA,11,0
GATGTTCGCTCTTAGGAGTGTCTCAAGA,1,0
GATGTTCGCTCTTAGGAGTTTCTCAATA,1,0
GATGTTCGCTGCCAGTCATGAAACAGCA,1,0
GATGTTCGCTGGTAGGGCTGCTACACGT,59,98
GATGTTCGCTGGTAGGTCTTCTACACTT,7,7
GATGTTCGCTGGTGGGTCTTCTACCCGT,0,1
GATGTTCTCTAAGAGGATTGTTACAGGG,31,0
GATGTTCTCTAAGAGGATTGTTACAGTT,2,0
GATGTTCTCTAAGAGGATTGTTACATGT,1,0
GATGTTCTCTAAGAGTATTTTTACATTT,1,0
GATGTTCTCTCCAAGCTTTGGGGCACTG,16,0
GATGTTCTCTCCAAGCTTTGTGTCACTT,1,0
GATGTTCTCTCCAAGCTTTGTTGCACTG,2,0
GATGTTCTCTCCAAGCTTTTTTTCACTG,1,0
GATGTTGACTGGGAGTAGTGGGACATTG,56,0
GATGTTGACTGGGAGTAGTGTTACATTT,7,0
GATGTTGACTGGGAGTAGTTTGACATTG,2,0
GATGTTGACTGGGAGTATTGTGACATTT,1,0
GATGTTGACTGGGAGTATTTTTACATTT,5,0
GATGTTGCCTCATAGGAGTGTCGCATGG,25,27
GATGTTGCCTCATAGGAGTGTCGCATTT,1,0
GATGTTGCCTCATAGGAGTGTCTCAAGG,0,1
GATGTTGCCTCATAGGAGTGTCTCATGT,1,0
GATGTTGCCTCATAGGAGTGTCTCATTG,0,3
GATGTTGCCTCATAGGAGTTTCGCATGT,1,0
GATGTTGCCTCATAGGAGTTTCTCATTT,2,1
GATGTTGCCTCATAGGATTGTCTCATTT,1,0
GATGTTGCCTCATAGGATTTTCTCATGT,0,1
GATGTTGCCTCATAGGATTTTCTCATTG,2,0
GATGTTGCCTCATAGGATTTTCTCCTGG,1,0
GATGTTGCCTCTCAGCCATGTGTCAGAC,30,22
GATGTTGCCTCTCAGCCATGTGTCCGCC,1,1
GATGTTGCCTCTCAGCCATGTTTCATAC,1,0
GATGTTGCCTCTCAGCCATTTGTCATAC,1,0
GATGTTGCCTCTCAGCCATTTTTCAGAC,1,0
GATGTTGCCTCTGAGGTGTTCGGCAGTT,0,1
GATGTTGGCCCCCAGTCTTGGTTCATTC,0,1
GATGTTGGCTCCCAGTCTAGGTTCAAGC,1,0
GATGTTGGCTCCCAGTCTTGGATCATTC,0,1
GATGTTGGCTCCCAGTCTTGGTTCATGC,123,150
GATGTTGGCTCCCAGTCTTGGTTCCTTC,1,1
GATGTTGGCTCCCAGTCTTTTTTCATTC,11,21
GATGTTGGCTCCGAGTCTTGTTTCATTC,1,0
GATGTTGGCTCGCAGTCATGGTTCACTC,1,0
GATGTTGGCTGGAAGCGCTGATACCCTT,1,0
GATGTTGGCTTGGAGAGCTGTTGCAGAG,40,24
GATGTTGGCTTGGAGAGCTGTTGCCGAT,0,1
GATGTTGGCTTGGAGAGCTGTTGCCGCG,0,1
GATGTTGGCTTGGAGAGCTGTTTCATAG,1,1
GATGTTGGCTTGGAGATCTGTTTCAGAG,1,0
GATGTTGGCTTGGAGATCTGTTTCATAT,2,0
GATGTTGGCTTGGAGATCTTTTTCAGAT,1,0
GATGTTGTCTCATAGTAGTGGCGCAGTG,1,0
GATGTTGTCTTTTAGTAGTGGGGCAGTG,141,72
GATGTTGTCTTTTAGTAGTGGGTCCGTG,1,0
GATGTTGTCTTTTAGTAGTGGTGCCGTG,1,0
GATGTTGTCTTTTAGTAGTGGTTCAGTC,1,0
GATGTTGTCTTTTAGTAGTGTGGCCGTG,0,2
GATGTTGTCTTTTAGTAGTGTTTCAGTG,16,5
GATGTTGTCTTTTAGTAGTTGGTCAGTG,1,1
GATGTTGTCTTTTAGTAGTTTTTCAGTT,4,3
GATGTTGTCTTTTAGTATTGGGGCATTT,0,1
GATGTTGTCTTTTAGTATTGGTGCAGAG,1,0
GATGTTGTCTTTTAGTATTGTGGCATTG,0,1
GATGTTGTCTTTTAGTATTGTTTCATTG,2,1
GATGTTGTCTTTTAGTATTTTTGCATTT,1,0
GATGTTGTCTTTTAGTATTTTTTCAGTG,1,0
GATGTTTACTACCAGACGTGCGACAAAC,45,0
GATGTTTACTACCAGACGTTCTACAAAC,1,0
GATGTTTACTACCAGACTTGCTACAAAC,4,0
GATGTTTGCTAAGAGCGGTGTCACATCG,27,18
GATGTTTGCTAAGAGCTTTGTCACATCG,2,1
GATGTTTGCTAAGAGCTTTTTCACATCT,1,0
GATGTTTGCTTCCAGAATTGACACAATA,0,1
GATGTTTTCTCCTAGCCGTGATACATTC,25,0
GATGTTTTCTCCTAGCCTTTATACATTC,1,0
GATGTTTTCTTGGAGAGTTGTGGCATGG,0,27
GATGTTTTCTTGGAGAGTTGTGTCCTGG,0,1
GATGTTTTCTTGGAGAGTTGTTTCATGG,0,1
GATGTTTTCTTGGAGAGTTGTTTCATTT,0,1
GATGTTTTCTTGGAGAGTTTTTTCATGT,0,1
GATGTTTTCTTGGAGAGTTTTTTCATTG,0,1
GATGTTTTCTTTTAGCAGTGGGTCATCA,14,0
GATGTTTTCTTTTAGCAGTTGTTCATCA,1,0
GATGTTTTCTTTTAGCATTTGGTCATCA,1,0
GCACTAGCCAGTCAGCGTTGGCACAAGA,0,1
GCAGAAAACAGAGAGCTTTTACTCATTA,0,1
GCAGAAGCCTGTCAGCGTTGTCACAAGA,1,0
GCAGAATACTTGAAGTCCTGGGCCACGT,0,1
GCAGACTCCTGTAAGGCCTTTCACATGA,1,0
GCAGAGAACTCGCAGCTCTGATTCAACT,0,1
GCAGAGCCCTCGGAGAGATTCTACAACC,1,0
GCAGAGTCCTTACAGTCGTGATACATAA,0,1
GCAGATCACTTCTAGAGTTGTATCATGC,1,0
GCAGTAACCCGGGAGCTTTGACGCCAAG,0,1
GCAGTAACCTCGAAGATATCCATCATGA,1,0
GCAGTAACCTCGAAGATATGCAGCATGA,202,0
GCAGTAACCTCGAAGATATTCAGCCTGA,1,0
GCAGTAACCTCGAAGATATTCATCATTA,24,0
GCAGTAACCTGAAAGAAGTGCGCCATGC,23,0
GCAGTAACCTGAAAGAAGTTCTCCATTC,1,0
GCAGTAACCTGAAAGAATTTCTCCATGC,1,0
GCAGTAACCTGGGAGCTTATACTCAAAG,1,0
GCAGTAACCTGGGAGCTTTGACGCAAAG,99,72
GCAGTAACCTGGGAGCTTTGACGCCCAG,2,3
GCAGTAACCTGGGAGCTTTGACTCCAAG,1,0
GCAGTAACCTGGGAGCTTTTACTCAAAT,13,11
GCAGTAAGCTCTAAGCAGTGCAGCACGT,1,0
GCAGTAAGCTTATAGACTTGATTCAATC,0,1
GCAGTAAGCTTTCAGCTTTTTTTCAACT,3,0
GCAGTAAGCTTTGAGCTTTGGGTCAACG,51,28
GCAGTAAGCTTTGAGCTTTGGGTCCCCG,2,1
GCAGTAAGCTTTGAGCTTTGGTTCCACG,0,1
GCAGTAAGCTTTGAGCTTTGTTTCAACG,1,1
GCAGTAAGCTTTGAGCTTTGTTTCCCCG,1,0
GCAGTAAGCTTTGAGCTTTTTTACAACT,0,1
GCAGTAATCCGAGAGCTTTGACGCAGTA,0,1
GCAGTAATCTGAGAGCTGACACGCAGTA,0,1
GCAGTAATCTGAGAGCTGTGACGCAGTA,284,532
GCAGTAATCTGAGAGCTGTGACGCCGTC,1,1
GCAGTAATCTGAGAGCTGTGACTCAGTC,1,1
GCAGTAATCTGAGAGCTGTGACTCATTA,7,19
GCAGTAATCTGAGAGCTGTGACTCCGTA,0,2
GCAGTAATCTGAGAGCTGTTACGCATTA,0,2
GCAGTAATCTGAGAGCTGTTACTCAGTA,2,4
GCAGTAATCTGAGAGCTTTGACGCATTA,0,3
GCAGTAATCTGAGAGCTTTGACTCAGTA,6,11
GCAGTAATCTGAGAGCTTTTACTCATTA,6,4
GCAGTAATCTGGCAGGGATGCCTCATGC,36,119
GCAGTAATCTGGCAGGTATTCCTCATTC,2,18
GCAGTAATCTGGCAGTGATTCCTCATTC,0,1
GCAGTAATCTGGGAGCAGTGACGCAGTA,1,0
GCAGTACACTAAAAGTCTTGGATCAAAT,0,1
GCAGTACCCTAGCAGATATGATTCATCA,1,0
GCAGTACGCTTACAGTTCTGCTTCAAAA,0,44
GCAGTACGCTTACAGTTCTGCTTCCCAA,0,1
GCAGTACTCTCATAGTAGTGTGACACAT,0,1
GCAGTACTCTCATAGTAGTGTGACACTG,0,34
GCAGTACTCTCATAGTAGTTTTACACTT,0,1
GCAGTACTCTCATAGTATTGTTACACTT,0,3
GCAGTACTCTGAGAGCTTTGTCTCATTA,0,1
GCAGTACTCTGGGAGCTGTGATTCACGT,29,0
GCAGTACTCTGGGAGCTGTTATTCACTT,1,0
GCAGTACTCTGGGAGCTTTGATTCACTT,1,0
GCAGTAGACTAACAGCACTGAATCACCT,1,0
GCAGTAGACTCGCAGGCGTTCTACATAA,1,0
GCAGTAGACTGGCAGGATTGCGTCACCG,45,0
GCAGTAGACTGGCAGGATTGCTTCACCT,4,0
GCAGTAGACTGGCAGGATTTCGTCACCT,1,0
GCAGTAGACTGGCAGGATTTCTTCACCG,1,0
GCAGTAGCCTAAGAGTATTGATACACCC,1,0
GCAGTAGCCTGTCAGCGTTGGCACAAGA,506,275
GCAGTAGCCTGTCAGCGTTGGCACACGC,1,1
GCAGTAGCCTGTCAGCGTTGGCACCAGC,1,0
GCAGTAGCCTGTCAGCGTTGGCACCCGA,9,5
GCAGTAGCCTGTCAGCGTTGTCACAAGC,1,1
GCAGTAGCCTGTCAGCGTTGTCACAATA,14,7
GCAGTAGCCTGTCAGCGTTGTCACACGA,0,1
GCAGTAGCCTGTCAGCGTTGTCACCAGA,1,0
GCAGTAGCCTGTCAGCGTTGTCACCCTA,1,1
GCAGTAGCCTGTCAGCGTTTGCACAAGC,1,0
GCAGTAGCCTGTCAGCGTTTGCACAATA,5,3
GCAGTAGCCTGTCAGCGTTTTCACAAGA,8,5
GCAGTAGCCTGTCAGCGTTTTCACCATC,1,0
GCAGTAGCCTGTCAGCTATGGCACAAGA,1,0
GCAGTAGCCTGTCAGCTTTGGCACAATA,5,5
GCAGTAGCCTGTCAGCTTTGTCACAAGA,9,2
GCAGTAGCCTGTCAGCTTTGTCACCATC,1,0
GCAGTAGCCTGTCAGCTTTTGCACAAGA,2,0
GCAGTAGCCTGTCAGCTTTTTCACAATA,43,21
GCAGTAGCCTGTCAGCTTTTTCACACGA,0,1
GCAGTAGGCTATAAGCAATGTCGCACAG,0,1
GCAGTAGGCTCGGAGATGAGCGTCCGCT,0,1
GCAGTAGGCTCGGAGATGTGCGTCAGCT,85,86
GCAGTAGGCTCGGAGATGTGCTTCATCT,7,5
GCAGTAGGCTCGGAGATGTGCTTCCGCT,3,0
GCAGTAGGCTCGGAGATGTTCGTCATCT,2,0
GCAGTAGGCTCGGAGATGTTCTTCAGCT,3,0
GCAGTAGGCTCGGAGATTTGCGTCATCT,0,1
GCAGTAGGCTCGGAGATTTGCTTCAGCT,0,1
GCAGTAGGCTCGGAGATTTTCGTCAGCT,1,0
GCAGTAGGCTCGGAGATTTTCTTCATCT,0,2
GCAGTAGGCTCGTAGAGCTGTTCCAACG,32,21
GCAGTAGGCTCGTAGATCTTTTCCAACT,2,5
GCAGTAGTCTCGCAGGCGTGCGACATAA,27,0
GCAGTAGTCTCGCAGGCTTGCTACATAA,2,0
GCAGTATCCTTCGAGGCATGAGCCATAC,34,0
GCAGTATCCTTCGAGGCATGAGCCCTCC,1,0
GCAGTATCCTTCGAGGCATTATCCATAC,1,0
GCAGTATGCTATTAGCCGTGAAGCATAA,1,0
GCAGTATGCTCACAGTCTTGCTCCAGGT,65,0
GCAGTATGCTCACAGTCTTGCTCCATTT,1,0
GCAGTATGCTCACAGTCTTTCTCCAGTT,2,0
GCAGTATGCTCACAGTCTTTCTCCATGT,7,0
GCAGTATGCTTCAAGATTTGGGGCAAAA,97,0
GCAGTATGCTTCAAGATTTGGGGCCCAA,6,0
GCAGTATGCTTCAAGATTTGGGGCCCCC,2,0
GCAGTATGCTTCAAGATTTGGGTCAAAC,1,0
GCAGTATGCTTCAAGATTTGGTTCAAAA,2,0
GCAGTATGCTTCAAGATTTGTGTCAAAA,5,0
GCAGTATGCTTCAAGATTTGTTGCAAAA,5,0
GCAGTATGCTTCAAGATTTTGGTCAAAA,1,0
GCAGTATGCTTCAAGATTTTGTGCAAAA,1,0
GCAGTATGCTTCAAGATTTTTTTCAAAA,14,0
GCAGTATTCTCAAAGCACAGTTTCCGCA,1,1
GCAGTATTCTCAAAGCACTGATACATCA,1,0
GCAGTATTCTCAAAGCACTGTTTCAGCA,180,84
GCAGTATTCTCAAAGCACTGTTTCAGTG,37,36
GCAGTATTCTCAAAGCACTGTTTCCGCC,1,0
GCAGTATTCTCAAAGCACTTTTTCATCA,1,2
GCAGTATTCTCAAAGCACTTTTTCATTT,3,5
GCAGTATTCTTTAAGGACTGGACCACGG,0,25
GCAGTATTCTTTAAGGACTGTACCACTT,0,6
GCAGTATTCTTTAAGGACTGTACCCCGT,0,1
GCAGTATTCTTTAAGGACTTGACCACGT,0,2
GCAGTATTCTTTAAGGACTTTACCACGG,0,2
GCAGTCAGCTGTTAGGTATGTATCAAGA,1,0
GCAGTCAGCTTGGAGTAGTGGCGCATAT,0,54
GCAGTCAGCTTGGAGTAGTGTCGCCTCT,0,1
GCAGTCAGCTTGGAGTAGTTTCTCATAT,0,1
GCAGTCAGCTTGGAGTATTGTCTCATAT,0,3
GCAGTCAGCTTGGAGTATTTTCGCATAT,0,1
GCAGTCATCTGGTAGCTCTGGGCCAGAT,26,43
GCAGTCATCTGGTAGCTCTGGTCCATAT,1,0
GCAGTCATCTGGTAGCTCTTGGCCATCT,0,3
GCAGTCATCTGGTAGCTCTTGTCCAGAT,1,5
GCAGTCATCTGGTAGCTCTTTGCCAGAT,2,2
GCAGTCATCTGGTAGCTCTTTTCCATAT,1,4
GCAGTCCACTATCAGTGTTGGATCATGT,0,33
GCAGTCCACTATCAGTGTTTTATCATTT,0,6
GCAGTCCACTATCAGTTTTGGATCATTT,0,1
GCAGTCCACTATCAGTTTTGTATCATGT,0,1
GCAGTCCCCTCTGAGCTATGACTCATTG,0,1
GCAGTCGACTCGCAGCACTGGAGCACTT,0,1
GCAGTCGACTTCCAGCAATGTACCACTC,1,0
GCAGTCGACTTGCAGGATTGTGACACGG,0,45
GCAGTCGACTTGCAGGATTGTGACACTT,0,2
GCAGTCGACTTGCAGGATTTTGACACTG,0,1
GCAGTCGACTTGCAGGATTTTTACACGG,0,1
GCAGTCGACTTGCAGGATTTTTACACTT,0,1
GCAGTCGCCTCTTAGCTAGGTCTCCGGG,1,0
GCAGTCGCCTCTTAGCTATCTCTCCGGG,0,1
GCAGTCGCCTCTTAGCTATGACACATTG,1,0
GCAGTCGCCTCTTAGCTATGTCTCAGGG,70,168
GCAGTCGCCTCTTAGCTATGTCTCAGTT,2,1
GCAGTCGCCTCTTAGCTATGTCTCATGT,0,1
GCAGTCGCCTCTTAGCTATGTCTCATTG,3,7
GCAGTCGCCTCTTAGCTATTTCTCAGTG,1,0
GCAGTCGCCTCTTAGCTATTTCTCATGG,1,0
GCAGTCGCCTCTTAGCTATTTCTCATTT,3,17
GCAGTCGCCTGGTAGGCTTGCACCAGAT,14,76
GCAGTCGCCTGTAAGACCTGTATCAACT,1,0
GCAGTCGGCTGGAAGTCCTGTATCATCA,0,1
GCAGTCGGCTGGCAGTAGTGCTTCAACC,0,1
GCAGTCGTCTGGAAGACTTTTTCCAGTA,0,1
GCAGTCGTCTGGTAGGGTAGTCCCAAAA,1,0
GCAGTCGTCTGGTAGGTTGGTCCCCAAT,0,1
GCAGTCGTCTGGTAGGTTTGTCCCAAAT,46,163
GCAGTCGTCTGGTAGGTTTGTCCCCACT,0,2
GCAGTCGTCTGGTAGGTTTGTCCCCCAT,1,5
GCAGTCGTCTGTCAGCCATGCATCATTT,1,0
GCAGTCTACTGGAAGCAAAGTTGCACTG,0,1
GCAGTCTACTGGAAGCAAATGTTCACTT,0,1
GCAGTCTACTGGAAGCAATGGATCACAG,0,1
GCAGTCTACTGGAAGCAATGGTGCACTG,137,143
GCAGTCTACTGGAAGCAATGGTTCACTT,0,3
GCAGTCTACTGGAAGCAATGTTGCACTT,0,1
GCAGTCTACTGGAAGCAATGTTGCCCTG,0,1
GCAGTCTACTGGAAGCAATGTTTCACTG,9,6
GCAGTCTACTGGAAGCAATTGTTCACTG,4,0
GCAGTCTACTGGAAGCAATTTTGCACTG,1,0
GCAGTCTACTGGAAGCAATTTTTCACTT,2,5
GCAGTCTCCTATAAGCATTGGTGCATGG,40,33
GCAGTCTCCTATAAGCATTGGTTCATTG,1,1
GCAGTCTCCTATAAGCATTGTTGCATTG,0,2
GCAGTCTCCTATAAGCATTGTTGCCTGG,0,1
GCAGTCTCCTATAAGCATTGTTTCATGG,2,1
GCAGTCTCCTATAAGCATTTGTGCATGT,2,0
GCAGTCTCCTATAAGCATTTTTTCATTT,2,2
GCAGTCTCCTATTAGCTCTGTGTCAGAA,53,22
GCAGTCTCCTATTAGCTCTGTGTCCGCA,1,0
GCAGTCTCCTATTAGCTCTGTTTCATAA,1,1
GCAGTCTCCTGTAAGGCCTGGCACAGGA,71,49
GCAGTCTCCTGTAAGGCCTGGCACATTA,1,3
GCAGTCTCCTGTAAGGCCTGTCACAGTA,1,0
GCAGTCTCCTGTAAGGCCTGTCACATGA,7,2
GCAGTCTCCTGTAAGGCCTGTCACCGGA,1,0
GCAGTCTCCTGTAAGGCCTTTCACAGGA,0,4
GCAGTCTCCTGTAAGGCCTTTCACATTA,4,3
GCAGTCTCCTTGAAGGTGTGCTCCACAC,0,42
GCAGTCTCCTTGAAGGTTTTCTCCACAC,0,1
GCAGTCTGCTCGTAGGGTTGCTTCAGAT,21,0
GCAGTCTTCTATAAGTCGTGAACCACAT,1,0
GCAGTGAACAGGTAGGTATTCATCATCC,0,1
GCAGTGAACATGCAGCTGTGTACCACGT,0,1
GCAGTGAACTCGCAGCGCTGATTCAACG,30,27
GCAGTGAACTCGCAGCGCTTATTCAACT,2,3
GCAGTGACCTCGGAGGCTTGGATCAAGA,0,1
GCAGTGACCTCGGAGGCTTGGTTCATGA,247,329
GCAGTGACCTCGGAGGCTTGGTTCCTGC,1,3
GCAGTGACCTCGGAGGCTTTGTTCATGC,0,2
GCAGTGACCTCGGAGGCTTTGTTCCTTA,1,0
GCAGTGACCTCGGAGGCTTTTTTCATTA,25,23
GCAGTGACCTCGGAGGCTTTTTTCCTGA,0,1
GCAGTGACCTCGGAGGCTTTTTTCCTTC,1,0
GCAGTGACCTCTCAGATATGATGCCAAG,0,1
GCAGTGACCTCTCAGATTTGATGCAAAG,10,49
GCAGTGACCTCTCAGATTTGATTCAAAT,0,3
GCAGTGACCTGCCAGACATGAGACATCG,0,31
GCAGTGACCTGCCAGACATGATACATCT,0,4
GCAGTGACCTGCCAGACATTATACATCG,0,1
GCAGTGAGCTCTAAGCAGTGCAGCACGG,72,191
GCAGTGAGCTCTAAGCAGTGCAGCACTT,0,3
GCAGTGAGCTCTAAGCAGTGCATCACGT,0,3
GCAGTGAGCTCTAAGCAGTGCATCACTG,4,17
GCAGTGAGCTCTAAGCAGTTCAGCACGT,1,0
GCAGTGAGCTCTAAGCAGTTCAGCACTG,1,1
GCAGTGAGCTCTAAGCAGTTCATCACGG,0,1
GCAGTGAGCTCTAAGCAGTTCATCACTT,6,10
GCAGTGAGCTCTAAGCATTGCAGCACTG,1,3
GCAGTGAGCTCTAAGCATTGCATCACTT,1,0
GCAGTGAGCTCTAAGCATTGCATCCCGT,0,2
GCAGTGAGCTCTAAGCATTTCAGCACGG,0,1
GCAGTGAGCTCTAAGCATTTCAGCACTT,0,1
GCAGTGAGCTCTAAGCATTTCATCACTG,2,2
GCAGTGAGCTTGAAGATATGGTACAGCG,1,0
GCAGTGATCTCTAAGACTTGATTCACTT,1,0
GCAGTGATCTCTAAGTCGTGATGCACTG,130,92
GCAGTGATCTCTAAGTCGTGATTCACTT,10,5
GCAGTGATCTCTAAGTCGTGATTCCCTG,1,1
GCAGTGATCTCTAAGTCGTTATTCACTG,2,1
GCAGTGATCTCTAAGTCTTGATGCCCTG,1,1
GCAGTGATCTCTAAGTCTTGATTCACTG,3,2
GCAGTGATCTCTAAGTCTTTATTCACTT,3,3
GCAGTGATCTCTTAGTCTTGATTCACTA,1,0
GCAGTGATCTGCAAGTTGTGGTTCAGTA,79,13
GCAGTGATCTGCAAGTTGTGTTTCATTA,5,0
GCAGTGATCTGCAAGTTTTGTTTCAGTA,1,0
GCAGTGATCTGCAAGTTTTTTTTCATTA,2,0
GCAGTGATCTGGTAGTCGTGTCACATTG,1,0
GCAGTGCACAGAGAGACATGTGACATCT,0,1
GCAGTGCCCTCGAAGCCTTGTAACACGA,0,82
GCAGTGCCCTCGAAGCCTTGTAACCCTA,0,1
GCAGTGCCCTCGAAGCCTTTTAACACTA,0,1
GCAGTGCCCTCGGAGAGATGCTACAACC,163,122
GCAGTGCCCTCGGAGAGATGCTACCCCC,5,6
GCAGTGCCCTCGGAGAGATTCTACACCC,1,0
GCAGTGCCCTCGGAGATATGCTACCACC,0,1
GCAGTGCCCTCGGAGATATTCTACAACC,5,5
GCAGTGCCCTCGTAGCGTTGCAGCATGT,106,0
GCAGTGCCCTCGTAGCGTTGCATCATTT,2,0
GCAGTGCCCTCGTAGCGTTTCATCATGT,1,0
GCAGTGCCCTCGTAGCTTTGCAGCATTT,2,0
GCAGTGCCCTCGTAGCTTTGCAGCCTGT,1,0
GCAGTGCCCTCGTAGCTTTGCATCAACA,1,0
GCAGTGCCCTCGTAGCTTTGCATCATGT,1,0
GCAGTGCCCTCGTAGCTTTTCAGCATGT,1,0
GCAGTGCCCTCGTAGCTTTTCATCATTT,8,0
GCAGTGCCCTCGTTGCTTTGCAGCATGT,1,0
GCAGTGCGCTGAGAGCAATGGTTCAACG,1,0
GCAGTGCGCTTTTAGCATTGCATCACTA,1,0
GCAGTGCTCTCATAGGGCTGATACATGG,32,0
GCAGTGCTCTCATAGGGCTGATACATTT,2,0
GCAGTGCTCTCATAGGGCTTATACATTG,1,0
GCAGTGCTCTCATAGGTCTGATACATTG,4,0
GCAGTGCTCTCATAGGTCTTATACATTT,1,0
GCAGTGGACTAGGAGTTTTGGCCCAAAG,0,43
GCAGTGGACTAGGAGTTTTTTCCCAAAT,0,6
GCAGTGGACTGAGAGACATGTGACAGCT,100,310
GCAGTGGACTGAGAGACATGTGACCTCT,1,0
GCAGTGGACTGAGAGACATGTTACCGCT,1,2
GCAGTGGACTGAGAGACATTTTACATCT,10,14
GCAGTGGACTTCCAGCAGTGTCACATTA,0,1
GCAGTGGACTTCTAGCTGTGCTTCATCC,38,0
GCAGTGGACTTCTAGCTGTTCTTCCTCC,1,0
GCAGTGGACTTCTAGCTTTGCTTCCTCC,1,0
GCAGTGGACTTCTAGCTTTTCTTCATCC,2,0
GCAGTGGCCTCTTAGCAGTGCTGCATCT,30,40
GCAGTGGCCTCTTAGCAGTTCTTCATCT,1,2
GCAGTGGCCTCTTAGCATTGCTTCATCT,1,3
GCAGTGGCCTCTTAGCATTTCTGCATCT,1,1
GCAGTGGCCTTGGAGCAGTGTGCCACGT,0,32
GCAGTGGCCTTGGAGCAGTTTTCCACTT,0,1
GCAGTGGCCTTGGAGCATTGTGCCACTT,0,1
GCAGTGGGCAGTCAGGCCGGCCTCCAAG,0,1
GCAGTGGGCTTCAAGATCTGCTTCACAA,0,1
GCAGTGGGCTTTAAGGCTTGCGTCCTCT,1,0
GCAGTGGTCTAATAGCGGTGTGTCATGT,14,82
GCAGTGGTCTAATAGCGGTGTTTCATTT,0,1
GCAGTGGTCTAATAGCTGTTTGTCATGT,1,1
GCAGTGGTCTAATAGCTTTGTGTCATGT,3,8
GCAGTGGTCTAATAGCTTTTTTTCATTT,1,1
GCAGTGGTCTAGAAGGTGTGAGTCAGCA,167,154
GCAGTGGTCTAGAAGGTGTGAGTCCGCC,2,0
GCAGTGGTCTAGAAGGTGTGATTCCGCA,1,1
GCAGTGGTCTAGAAGGTGTTAGTCATCA,0,1
GCAGTGGTCTAGAAGGTTTGAGTCATCA,5,6
GCAGTGGTCTAGAAGGTTTGATTCAGCA,1,1
GCAGTGGTCTAGAAGGTTTTAGTCAGCA,1,0
GCAGTGGTCTAGAAGGTTTTATTCATCA,3,3
GCAGTGGTCTAGAAGTTTTGATTCATCA,0,1
GCAGTGGTCTAGAATGTGTTATTCATCA,0,1
GCAGTGGTCTGGTAGAAGTGATGCAGTA,46,28
GCAGTGGTCTGGTAGAAGTGATTCATTA,2,0
GCAGTGGTCTGGTAGAATTGATTCAGTA,1,1
GCAGTGTACATGCAGCTTTTTACCACTT,0,1
GCAGTGTACTGTGAGAGATGCCGCACCA,112,46
GCAGTGTACTGTGAGAGATGCCGCCCCC,1,0
GCAGTGTACTGTGAGAGATGCCTCACCC,1,1
GCAGTGTACTGTGAGAGATTCCTCACCA,9,2
GCAGTGTACTGTGAGATATGCCTCACCA,1,0
GCAGTGTACTGTGAGATATTCCGCACCA,1,0
GCAGTGTCCTGCCAGTTCTGCTACAACG,16,0
GCAGTGTCCTTCGAGCTTTGCGGCACAA,0,1
GCAGTGTCCTTGGAGGTTTGCTTCACTT,1,0
GCAGTGTCCTTGTAGTGGTGGCTCATGT,46,0
GCAGTGTCCTTGTAGTTTTGGCTCATGT,3,0
GCAGTGTCCTTGTAGTTTTTTCTCATTT,4,0
GCAGTGTGCACTCAGATCTTTTACAATA,1,0
GCAGTGTGCTATCAGATCTGTTACAATA,1,0
GCAGTGTGCTCAAAGGTCTGTCCCAGGG,2,0
GCAGTGTGCTCCGAGGCTGCATACCTGA,0,1
GCAGTGTGCTCCGAGGCTTGATACATGA,51,89
GCAGTGTGCTCCGAGGCTTGATACCTGC,1,1
GCAGTGTGCTCCGAGGCTTTATACATTA,2,2
GCAGTGTGCTTACAGACCTGCGTCACAG,0,1
GCAGTGTGCTTACAGTCGTGATACATAA,30,203
GCAGTGTGCTTACAGTCGTGATACCTCA,0,2
GCAGTGTGCTTACAGTCTTGATACCTAA,0,1
GCAGTGTGCTTACAGTCTTGATACCTCC,1,0
GCAGTGTGCTTACAGTCTTTATACATAA,0,8
GCAGTGTGCTTGGAGATATGGAACAGCT,1,0
GCAGTGTGCTTGGAGATATGGTACAGCG,233,270
GCAGTGTGCTTGGAGATATGGTACATCT,3,5
GCAGTGTGCTTGGAGATATGGTACCGCT,2,1
GCAGTGTGCTTGGAGATATGGTACCTCG,1,0
GCAGTGTGCTTGGAGATATGGTCCAGCT,1,0
GCAGTGTGCTTGGAGATATGTTACAGCT,6,6
GCAGTGTGCTTGGAGATATGTTACATCG,2,5
GCAGTGTGCTTGGAGATATTGTACAGCT,0,1
GCAGTGTGCTTGGAGATATTGTACATCG,2,1
GCAGTGTGCTTGGAGATATTTAACATAT,1,0
GCAGTGTGCTTGGAGATATTTTACAGCG,0,1
GCAGTGTGCTTGGAGATATTTTACATCT,17,16
GCAGTGTGCTTGGAGATATTTTACCTCG,1,0
GCAGTGTTCTACGAGGTGTGGGCCATTG,0,5
GCAGTGTTCTACGAGGTGTGTTCCATTG,0,1
GCAGTGTTCTACGAGGTTTTTTCCATTT,0,1
GCAGTGTTCTGCGAGGGGTGCGGCACTG,0,22
GCAGTGTTCTGCGAGGGGTGCTGCCCTG,0,1
GCAGTGTTCTGCGAGGGGTGCTTCACTG,0,1
GCAGTGTTCTGCGAGGGTTTCGGCACTT,0,1
GCAGTGTTCTGCGAGGTGTGCGTCACTG,0,1
GCAGTGTTCTGCGAGGTGTTCTTCACTT,0,2
GCAGTGTTCTGCGAGGTTTGCTGCACTG,0,1
GCAGTGTTCTTCCAGGCATGAATCACCG,69,15
GCAGTGTTCTTCCAGGCATTAATCACCT,3,1
GCAGTGTTCTTGCAGTTCTGTATCAACC,0,1
GCAGTTAACTCTTAGAGATGCCTCATGA,159,253
GCAGTTAACTCTTAGAGATGCCTCCTGC,2,2
GCAGTTAACTCTTAGAGATTCCTCATTA,13,19
GCAGTTAACTCTTAGAGATTCCTCCTGA,1,1
GCAGTTAACTCTTAGATATGCCACATGA,0,1
GCAGTTAACTCTTAGATATGCCTCATTA,0,2
GCAGTTAACTCTTAGATATGCCTCCTGA,0,1
GCAGTTAACTCTTAGATATTCCTCATGA,3,4
GCAGTTACCTAAGAGAGGAGTGGCAATC,1,0
GCAGTTACCTAAGAGATTTGTGTCACTC,1,0
GCAGTTACCTAAGAGTCGTGTGGCAAGC,1,0
GCAGTTACCTAAGAGTGGTGGGGCAAGC,107,35
GCAGTTACCTAAGAGTGGTGGGGCCCGC,2,1
GCAGTTACCTAAGAGTGGTGGGTCAATC,1,0
GCAGTTACCTAAGAGTGGTGGTGCCAGC,1,0
GCAGTTACCTAAGAGTGGTGTTTCAAGC,3,2
GCAGTTACCTAAGAGTGGTTGTGCAAGC,2,0
GCAGTTACCTAAGAGTGGTTTTTCAATC,3,0
GCAGTTACCTAAGAGTGTTGGGGCAATC,1,0
GCAGTTACCTAAGAGTGTTGGGTCAAGC,4,2
GCAGTTACCTAAGAGTGTTGTGGCAAGC,3,0
GCAGTTACCTAAGAGTGTTGTTTCAATC,5,3
GCAGTTACCTAAGAGTGTTTTGGCAATC,1,0
GCAGTTACCTAAGAGTTGTGGGGCAATC,1,0
GCAGTTACCTAAGAGTTGTGGGTCAAGC,1,0
GCAGTTACCTAAGAGTTGTGTTGCAATC,1,0
GCAGTTACCTAAGAGTTTTGGTGCAAGC,7,0
GCAGTTACCTAAGAGTTTTGGTTCAATC,0,1
GCAGTTACCTAAGAGTTTTGTGTCAAGC,1,1
GCAGTTACCTAAGAGTTTTGTTTCCCGC,0,1
GCAGTTACCTAAGAGTTTTTTTTCAATC,2,0
GCAGTTACCTCAGAGCTGTGACTCACCC,1,0
GCAGTTACCTCAGAGGTGGGACGCCCCG,1,0
GCAGTTACCTCAGAGGTGTGACGCACCG,355,357
GCAGTTACCTCAGAGGTGTGACTCACCT,10,13
GCAGTTACCTCAGAGGTGTGACTCCCCG,0,3
GCAGTTACCTCAGAGGTGTTACGCACCT,2,0
GCAGTTACCTCAGAGGTGTTACTCACCG,3,6
GCAGTTACCTCAGAGGTTTGACGCACCT,0,1
GCAGTTACCTCAGAGGTTTGACGCCCCG,1,0
GCAGTTACCTCAGAGGTTTGACTCACCG,7,2
GCAGTTACCTCAGAGGTTTTACGCACCG,2,0
GCAGTTACCTCAGAGGTTTTACTCACCT,15,28
GCAGTTACCTCAGAGGTTTTACTCCCCG,2,0
GCAGTTACCTCAGAGTTGTGACGCACCT,0,1
GCAGTTACCTCAGAGTTTTGACGCACCG,0,1
GCAGTTACCTCTGAGGTTAGACTCACCG,1,0
GCAGTTACCTGTCAGGTTTGTCTCATTC,0,1
GCAGTTAGCTCGTAGCGCTGCGACCTTC,1,0
GCAGTTATCAGACAGCATTGCTCCACTT,1,0
GCAGTTATCTCATAGCGCTGAAACAAAA,1,0
GCAGTTATCTCTCAGTCCTGCTACATCG,1,0
GCAGTTATCTGAAAGGAATGCTCCACTC,0,1
GCAGTTATCTGACAGGATTGCTCCACGG,170,192
GCAGTTATCTGACAGGATTGCTCCACTT,11,16
GCAGTTATCTGACAGGATTGCTCCCCGT,0,2
GCAGTTATCTGACAGGATTTCTCCACGT,1,4
GCAGTTATCTGACAGGATTTCTCCACTG,5,3
GCAGTTCACTTCTAGAGTTGGAGCATGC,37,0
GCAGTTCACTTCTAGAGTTGGATCATTC,1,0
GCAGTTCACTTCTAGAGTTGTAGCATTC,1,0
GCAGTTCACTTCTAGAGTTTGAGCATTC,1,0
GCAGTTCACTTCTAGAGTTTGATCATGC,1,0
GCAGTTCACTTCTAGAGTTTTATCATTC,6,0
GCAGTTCCCTTGTAGTCCAGGTCCAAAA,1,0
GCAGTTCCCTTGTAGTCCTGGTCCAATT,50,0
GCAGTTCCCTTGTAGTCCTGGTCCCCTT,1,0
GCAGTTCCCTTGTAGTCCTTTTCCAATT,2,0
GCAGTTCGCATGGAGACATTCCTCAACA,0,1
GCAGTTCGCTCAGAGTTGTGCTTCAATG,46,42
GCAGTTCGCTCAGAGTTGTGCTTCCCTT,2,0
GCAGTTCGCTCAGAGTTTTGCTTCAATT,1,3
GCAGTTCGCTGGAAGGGATGTTTCATAG,1,0
GCAGTTCGCTGTGAGCAATGACGCATGC,46,0
GCAGTTCGCTGTGAGCAATGACTCATTC,1,0
GCAGTTCGCTGTGAGCAATTACTCATGC,3,0
GCAGTTCGCTTGTAGGCGTGATTCATAT,0,65
GCAGTTCGCTTGTAGGCTTTATTCATAT,0,2
GCAGTTCTCTCGGAGGCCTGTGTCATCG,35,0
GCAGTTCTCTTGGAGGCCGGTGTCCTCG,1,0
GCAGTTGACTATCAGAAATGGCTCACCT,10,33
GCAGTTGACTATCAGAAATTTCTCACCT,0,6
GCAGTTGACTCTTAGACATGCCACATCA,0,1
GCAGTTGGCTTGCAGTTATTTCTCATTT,0,1
GCAGTTGGCTTTGAGGCATGGAACAAGG,84,110
GCAGTTGGCTTTGAGGCATGGAACAATT,0,1
GCAGTTGGCTTTGAGGCATGGAACCCGG,2,4
GCAGTTGGCTTTGAGGCATGTAACAATG,2,1
GCAGTTGGCTTTGAGGCATTGAACAAGT,0,1
GCAGTTGGCTTTGAGGCATTGAACAATG,1,1
GCAGTTGGCTTTGAGGCATTTAACAAGG,1,0
GCAGTTGGCTTTGAGGCATTTAACAATT,9,6
GCAGTTGGCTTTGAGTCATGTAACAATT,1,0
GCAGTTGTCTCCAAGGCTTGCTGCACCG,31,0
GCAGTTGTCTCCAAGGCTTTCTTCACCT,2,0
GCAGTTGTCTGTCAGCCATGCATCATTG,47,21
GCAGTTGTCTGTCAGCCATGCATCCTTT,1,0
GCAGTTGTCTGTCAGCCATTCATCATTT,3,1
GCAGTTTAATGAGAGGTCTGCAGCAGTC,1,0
GCAGTTTACTCCCAGACTTGATGCACCT,0,66
GCAGTTTACTCCCAGACTTTATTCACCT,0,4
GCAGTTTACTGCGAGGTCTGCAGCAGTC,88,72
GCAGTTTACTGCGAGGTCTGCATCATTC,8,0
GCAGTTTACTGCGAGGTCTTCAGCATTC,0,1
GCAGTTTACTGCGAGGTCTTCATCAGTC,2,3
GCAGTTTACTTTCAGAGATGATTCAATT,1,0
GCAGTTTCCTCATAGGGATGCAACACGT,0,119
GCAGTTTCCTCATAGGTATGCAACACTA,0,1
GCAGTTTCCTCATAGGTATTCAACACTT,0,18
GCAGTTTCCTCATAGGTATTCAACCCGT,0,1
GCAGTTTCCTGTCAGGAATGTCTCATGC,0,1
GCAGTTTCCTGTCAGGTTGGTCTCCTGC,1,0
GCAGTTTCCTGTCAGGTTTGTCTCATGC,253,120
GCAGTTTCCTGTCAGGTTTTTCTCATTC,19,2
GCAGTTTCCTGTCAGGTTTTTCTCCTCC,0,1
GCAGTTTCCTGTCAGTTTTGTCTCATTC,1,0
GCAGTTTGCTACTAGTAATGAGCCAAGA,1,0
GCAGTTTGCTCCTAGGCGTGGCACACCA,0,44
GCAGTTTGCTCCTAGGCGTGGCACCCCC,0,1
GCAGTTTGCTCCTAGGCGTTTCACACCA,0,1
GCAGTTTGCTCCTAGGCTTGTCACACCA,0,6
GCAGTTTGCTGGTAGGGCTGCACCATAA,19,82
GCAGTTTGCTGGTAGGGCTGCACCATCC,1,0
GCAGTTTGCTGGTAGGGCTGCACCCTCA,0,1
GCAGTTTGCTGGTAGGTCTTCACCATAA,1,0
GCAGTTTTCTAGTAGTACTGTCACACCT,1,0
GCAGTTTTCTCCTAGGCCTGGTACATGG,1,0
GCAGTTTTCTCTTAGATATGACTCATTA,0,1
GCATAGGTCTACAAGTTGTTATTCATAA,1,0
GCCATATTCTACAAGGCGTTGGTCACTA,1,0
GCCATTATCTCGTAGATATTTTTCACAC,1,0
GCCCATCGCTCGCAGTGATGGAACAAAT,0,1
GCCCTGGTCTCGAAGCGATGCGTCACCT,0,1
GCCGAAAGCTGGGAGTGGTGGATCACTG,1,0
GCCGAAATCTCTCAGGTGTTCTTCAATC,0,1
GCCGAAGGCTATCAGTGATGATGCATTT,1,0
GCCGAATTCTACAAGGCGTGTGTCACTA,1,1
GCCGAGCACTTGTAGGTTTGTATCAATT,0,1
GCCGAGCTCTCGCAGGCGTGTAACATCT,0,1
GCCGAGGTCTATAAGGTCTTTTACATCT,1,0
GCCGAGGTCTGAGAGTTCTTCCTCACTC,0,1
GCCGATTGCTGGGAGCTCTGGTTCAGAT,0,1
GCCGTAAACTTATAGGATTGTTTCATGG,1,0
GCCGTAAACTTATAGGTGTGGTTCAGGG,56,0
GCCGTAAACTTATAGGTGTGGTTCAGTT,5,0
GCCGTAAACTTATAGGTGTGGTTCATTG,2,0
GCCGTAAACTTATAGGTGTGTTTCAGTG,2,0
GCCGTAAACTTATAGGTTTGGTTCAGGT,1,0
GCCGTAAACTTATAGGTTTTTTTCATTT,1,0
GCCGTAAGCTGTTAGAAGTGCCGCACTT,0,82
GCCGTAAGCTGTTAGAAGTTCCTCACTT,0,4
GCCGTAAGCTGTTAGAATTGCCTCACTT,0,9
GCCGTAAGCTGTTAGAATTTCCGCACTT,0,3
GCCGTAATCTGCCAGGAATGCAGCACAC,62,53
GCCGTAATCTGCCAGGAATGCAGCCCCC,2,3
GCCGTAATCTGCCAGGAATGCATCCCAC,1,0
GCCGTAATCTGCCAGGAATTCATCACAC,3,1
GCCGTAATCTGTCAGCTGTTCTTCAATC,0,1
GCCGTAATCTGTCAGGGGTGTTACAAGG,0,47
GCCGTAATCTGTCAGGGGTGTTACAATT,0,1
GCCGTAATCTGTCAGGGGTGTTACCCGG,0,1
GCCGTAATCTGTCAGGGGTTTTACCAGT,0,1
GCCGTAATCTGTCAGGGTTGTTACAATG,0,3
GCCGTAATCTGTCAGGTGCGCGTCAATC,0,1
GCCGTAATCTGTCAGGTGTGCGGCAATC,47,133
GCCGTAATCTGTCAGGTGTGCGGCCCTC,1,4
GCCGTAATCTGTCAGGTGTGCTTCAATC,3,16
GCCGTAATCTGTCAGGTGTGTTACAAGT,0,2
GCCGTAATCTGTCAGGTGTTCGTCAATC,0,2
GCCGTAATCTGTCAGGTTTGCGTCAATC,0,2
GCCGTAATCTGTCAGGTTTGCTGCAATC,1,2
GCCGTAATCTGTCAGGTTTGTTACAAGG,0,8
GCCGTAATCTGTCAGGTTTTCTTCAATC,0,3
GCCGTAATCTGTCAGGTTTTTTACAATT,0,6
GCCGTACACTACAAGGTCTGTCGCACAA,1,0
GCCGTACACTCCAAGGGCTGTCGCACAA,200,28
GCCGTACACTCCAAGGGCTGTCGCCCCA,0,1
GCCGTACACTCCAAGGGCTGTCTCCCCC,1,0
GCCGTACACTCCAAGGGCTTTCTCACAA,1,0
GCCGTACACTCCAAGGTCTGTCGCCCAA,1,0
GCCGTACACTCCAAGGTCTGTCTCACAA,13,9
GCCGTACGCTACCAGAAATGGACCACCC,1,0
GCCGTACGCTACGAGTACTGGTGCAACC,17,42
GCCGTACGCTACGAGTACTGGTGCCCCC,0,1
GCCGTACGCTACGAGTACTGTTTCAACC,2,5
GCCGTACTCTACAAGAAGTGATCCAATA,38,85
GCCGTACTCTACAAGAAGTGATCCCCTA,2,2
GCCGTACTCTACAAGAATTTATCCAATA,0,2
GCCGTACTCTACAAGGCGTTGGTCACTA,0,1
GCCGTAGGCTATGAGTGATGAGGCATTG,109,0
GCCGTAGGCTATGAGTGATGAGGCCTTT,1,0
GCCGTAGGCTATGAGTGATGATTCATTG,9,0
GCCGTAGGCTATGAGTGATTATTCATTT,10,0
GCCGTAGGCTATGAGTTATGATGCATTG,3,0
GCCGTAGGCTATGAGTTATGATTCATTT,2,0
GCCGTAGGCTATGAGTTATTATTCATTG,1,0
GCCGTAGGCTCACAGTCGTGAACCAAAA,4,0
GCCGTAGGCTCACAGTCGTGAACCATAT,69,0
GCCGTAGGCTCACAGTCGTGAACCCAAT,2,0
GCCGTAGGCTCACAGTCGTGAACCCTCT,1,0
GCCGTAGGCTCACAGTCGTGCACCAAAT,1,0
GCCGTAGGCTCACAGTCTTGAACCATAA,1,0
GCCGTAGGCTCACAGTCTTTAACCATAT,3,0
GCCGTAGGCTGTTAGAAGTGCCTCACTT,0,1
GCCGTAGTCTTCAAGCGAGGAGGCCTGT,1,1
GCCGTAGTCTTCAAGCGATGAGGCATGT,202,130
GCCGTAGTCTTCAAGCGATGAGGCCTTT,0,1
GCCGTAGTCTTCAAGCGATGAGTCATTT,4,2
GCCGTAGTCTTCAAGCGATGAGTCCTGT,1,0
GCCGTAGTCTTCAAGCGATGATGCATTT,0,1
GCCGTAGTCTTCAAGCGATGATTCATGT,3,6
GCCGTAGTCTTCAAGCGATTAGTCATGT,1,2
GCCGTAGTCTTCAAGCGATTATTCATTT,2,1
GCCGTAGTCTTCAAGCTATGAGGCATTT,1,0
GCCGTAGTCTTCAAGCTATGAGTCATGT,15,6
GCCGTAGTCTTCAAGCTATGATGCATGT,1,0
GCCGTAGTCTTCAAGCTATGATTCATTT,6,2
GCCGTAGTCTTCAAGCTATTAGCCAAGT,0,1
GCCGTAGTCTTCAAGCTATTAGGCATGT,1,0
GCCGTAGTCTTCAAGCTATTAGTCATTT,1,0
GCCGTAGTCTTCAAGCTATTATTCATGT,1,2
GCCGTAGTCTTGCAGGGATTAATCAGGC,1,0
GCCGTATACTCGTAGATTTGTCTCAAGT,1,0
GCCGTATCCTACTAGTACTGTCTCACAG,1,0
GCCGTATCCTTGTAGAAATGTATCAGTA,0,36
GCCGTATCCTTGTAGAAATGTATCCGTC,0,1
GCCGTATCCTTGTAGAAATTTATCATTA,0,1
GCCGTATGCTAAAAGGAGTGTTACAATA,1,0
GCCGTATGCTAAAAGGTGTGTTACATTA,38,90
GCCGTATGCTAAAAGGTGTGTTACCTTC,1,1
GCCGTATGCTAAAAGGTTTTTTACATTA,0,3
GCCGTATGCTCGTAGGTCTGTCCAAATA,0,1
GCCGTATTCTACAACGCTTGGGTCACTA,1,0
GCCGTATTCTACAAGGCGATGGTCACTA,1,0
GCCGTATTCTACAAGGCGTCCTTCACTA,0,1
GCCGTATTCTACAAGGCGTGGGTCACTA,347,456
GCCGTATTCTACAAGGCGTGGTTCACTC,1,0
GCCGTATTCTACAAGGCGTGTTTCACTA,4,10
GCCGTATTCTACAAGGCGTTGGTCACAA,0,1
GCCGTATTCTACAAGGCGTTGGTCACTC,0,3
GCCGTATTCTACAAGGCGTTGTTCACTA,4,4
GCCGTATTCTACAAGGCGTTTGTCACTA,0,4
GCCGTATTCTACAAGGCTTGGTTCACTA,3,5
GCCGTATTCTACAAGGCTTGTGTCACTA,2,0
GCCGTATTCTACAAGGCTTTGGTCACTA,17,19
GCCGTATTCTACAAGGCTTTTGTCACTC,0,1
GCCGTATTCTACAAGGCTTTTTTCACTA,16,18
GCCGTATTCTATTAGTGTTTTTACATCT,1,0
GCCGTATTCTCCTAGATCTGTCACATTC,0,1
GCCGTATTCTTACAGGGTAGTTGCCTCT,1,0
GCCGTATTCTTACAGGGTGGTTGCCTGT,1,0
GCCGTATTCTTACAGGGTTGTTGCATGT,98,47
GCCGTATTCTTACAGGGTTTTTTCATTT,6,1
GCCGTATTCTTACAGGTTTGTTTCATTT,1,1
GCCGTATTCTTACAGGTTTGTTTCCTGT,1,0
GCCGTATTCTTACAGGTTTTTTTCATGT,3,3
GCCGTATTCTTACAGTTTTTTTTCATTT,1,0
GCCGTCACCTGTGAGCAATGTTTCAGTA,0,52
GCCGTCACCTGTGAGCAATTTTTCCGTA,0,1
GCCGTCACCTGTTAGTTATGGGTCATGT,26,0
GCCGTCACCTGTTAGTTATGGTTCATTT,1,0
GCCGTCACCTGTTAGTTATGTGTCATTT,1,0
GCCGTCACCTGTTAGTTATTGGTCATTT,2,0
GCCGTCACCTGTTAGTTATTTGTCATGT,6,0
GCCGTCACCTGTTAGTTATTTTTCATTT,3,0
GCCGTCACCTTTGAGTTGTGTGGCAAGA,37,0
GCCGTCACCTTTGAGTTGTGTGGCCCGA,2,0
GCCGTCACCTTTGAGTTGTTTTGCAAGA,1,0
GCCGTCACCTTTGAGTTGTTTTTCAATA,2,0
GCCGTCACCTTTGAGTTTTGTGGCAATA,1,0
GCCGTCACCTTTGAGTTTTGTTGCAAGA,5,0
GCCGTCACCTTTGAGTTTTGTTTCAATA,1,0
GCCGTCATCTCGCAGCTTTGTATCAACG,104,149
GCCGTCATCTCGCAGCTTTGTATCCACT,1,0
GCCGTCATCTCGCAGCTTTGTATCCCCG,1,2
GCCGTCATCTCGCAGCTTTTTATCAACT,10,6
GCCGTCATCTTGGAGACCTGTATCAGCG,1,0
GCCGTCATTTCGCAGCTTTTTATCAACG,1,0
GCCGTCCACTGGCAGATCTGTTTCACTC,0,1
GCCGTCCACTGTAAGCCTTGAAGCATTA,1,0
GCCGTCCCCTGTAAGCCTTGAAGCAGTA,32,76
GCCGTCCCCTGTAAGCCTTTAATCATTA,2,14
GCCGTCCCCTGTTAGCCTTGAAGCAGAA,0,1
GCCGTCCGCTGGTAGGGGTGGCCCATTG,35,11
GCCGTCCGCTGGTAGGGGTGTCCCATTT,2,0
GCCGTCCGCTGGTAGGTGTTTCCCATTT,2,0
GCCGTCCGCTGGTAGGTTTGGCCCATTG,2,0
GCCGTCCGCTGGTAGGTTTGTCCCATTT,1,0
GCCGTCGACTGCGAGGGATGTTTCAGCA,33,47
GCCGTCGACTGCGAGGGATGTTTCCGCC,1,1
GCCGTCGACTGCGAGGTATGTTTCATCA,2,2
GCCGTCGCCTGGCAGCACTGTATCATCT,1,0
GCCGTCGCCTGGCAGCTGGGTATCCTCT,1,0
GCCGTCGCCTGGCAGCTGTGTATCATCT,291,155
GCCGTCGCCTGGCAGCTTTGTAACAACA,0,1
GCCGTCGCCTGGCAGCTTTTTATCATCT,13,4
GCCGTCGGCTGAGAGTAATGCGCCAGCT,30,0
GCCGTCGGCTGAGAGTAATGCTCCCGCT,1,0
GCCGTCGGCTGAGAGTAATTCTCCAGCT,1,0
GCCGTCGGCTGCAAGGCATGTATCAAAG,1,0
GCCGTCGGCTTCTAGGGGTGACGCATCG,0,24
GCCGTCGGCTTCTAGGTGTTACGCATCG,0,2
GCCGTCGGCTTCTAGGTTTGACGCATCG,0,1
GCCGTCGTCTTGAAGCCCTGTGTCACGT,38,16
GCCGTCGTCTTGAAGCCCTGTTTCACTT,1,1
GCCGTCGTCTTGAAGCCCTTTTTCACGT,4,2
GCCGTCTACTAAAAGTATTGTAGCATAA,1,0
GCCGTCTGCTGCTAGGGTTGCAACATTA,0,50
GCCGTCTGCTGCTAGGTTTTCAACATTA,0,4
GCCGTCTTCATGTATGCTTTCGCCATTA,0,1
GCCGTCTTCTGGTAGGCTTGCGCCATGA,1,22
GCCGTCTTCTGGTAGGCTTGCGCCCTGC,0,1
GCCGTCTTCTGGTAGGCTTTCGCCATGC,0,1
GCCGTCTTCTGGTAGGCTTTCGCCATTA,1,17
GCCGTCTTCTGGTAGGCTTTCTCCCTGA,0,1
GCCGTGACCTACGAGTAGTTTTCCATTT,0,1
GCCGTGACCTAGGAGTAGTGGTCCAGTG,34,96
GCCGTGACCTAGGAGTAGTGTTCCATTG,0,2
GCCGTGACCTAGGAGTAGTTGTCCATTG,0,1
GCCGTGACCTAGGAGTATTGGTCCACTG,0,1
GCCGTGACCTAGGAGTATTGGTCCATAG,0,1
GCCGTGACCTAGGAGTATTGTTCCAGTG,1,3
GCCGTGACCTAGGAGTATTTTTCCATTT,2,7
GCCGTGAGCTAACAGGGATGAAGCAGGT,0,63
GCCGTGAGCTAACAGGGATGAATCATGT,0,1
GCCGTGAGCTAACAGGTATGAAGCAGTT,0,3
GCCGTGAGCTAACAGGTATTAAGCAGCT,0,1
GCCGTGAGCTAACAGGTATTAATCATTT,0,3
GCCGTGAGCTAGCAGGGATGAAGCCGGT,0,1
GCCGTGAGCTATCAGCTGTTCCACAGTT,0,1
GCCGTGAGCTCTCAGCGGTGCCACAGTG,0,22
GCCGTGAGCTCTCAGCGGTTCCACAGTT,0,3
GCCGTGAGCTCTCAGCGGTTCCACATTG,0,1
GCCGTGAGCTCTCAGCTGTTCCACATTT,0,2
GCCGTGAGCTCTCAGCTTTGCCACAGTG,0,2
GCCGTGAGCTGGGAGAAGTGCCCCACTT,0,1
GCCGTGCACTTCTAGGGGTTTATCAATT,0,1
GCCGTGCACTTGTAGGGGTGGAGCAAGG,0,46
GCCGTGCACTTGTAGGGGTGGAGCCCGG,0,1
GCCGTGCACTTGTAGGGTTTTAGCAATG,0,1
GCCGTGCACTTGTAGGTGTGGATCAAGG,0,1
GCCGTGCACTTGTAGGTGTGTATCAATT,0,1
GCCGTGCACTTGTAGGTTTGGAGCAAGG,0,3
GCCGTGCACTTGTAGGTTTTGAGCAATG,0,1
GCCGTGCACTTGTAGGTTTTTATCAATT,0,1
GCCGTGCTCTCAAAGCTCTGTATCAAAC,0,1
GCCGTGCTCTCTAAGCGCAGTATCAAAC,0,1
GCCGTGCTCTCTAAGCGCTGTAGCAAAC,69,36
GCCGTGCTCTCTAAGCGCTGTAGCACCC,1,0
GCCGTGCTCTCTAAGCGCTGTAGCCCAC,4,0
GCCGTGCTCTCTAAGCTCGGTAGCAAAC,0,1
GCCGTGCTCTCTAAGCTCTGTAGCACAC,0,1
GCCGTGCTCTCTAAGCTCTGTAGCCACC,1,0
GCCGTGCTCTCTAAGCTCTTTATCAAAC,12,3
GCCGTGCTCTGGCAGTCCTGTCCCAGCC,1,0
GCCGTGCTCTGTTAGACTTGCGGCATTA,40,0
GCCGTGCTCTGTTAGACTTGCTGCCTTA,1,0
GCCGTGCTCTGTTAGACTTTCGTCATTA,7,0
GCCGTGGACTAAAAGGGAGGCGGCCACC,0,1
GCCGTGGACTAAAAGGGATGCGGCAACC,0,52
GCCGTGGACTAAAAGGGATGCGTCCACC,0,1
GCCGTGGACTAAAAGGGATTCTGCAACC,0,1
GCCGTGGACTAAAAGGTATGCTGCAACC,0,2
GCCGTGGACTAAAAGGTATTCTTCAACC,0,5
GCCGTGGACTAAAAGGTATTCTTCCCCC,0,1
GCCGTGGACTATAAGCGATGCGTCAACC,0,1
GCCGTGGACTCGAAGCGATGCTTCACCG,1,0
GCCGTGGACTTCAAGGCTTGCCACAAGC,0,4
GCCGTGGACTTCAAGGCTTTCCACAATC,0,3
GCCGTGGACTTGGAGCACTGAAGCATCA,0,1
GCCGTGGACTTGGAGCAGTGAACCATCA,0,1
GCCGTGGACTTGGAGCAGTGAAGCATCT,68,54
GCCGTGGACTTGGAGCAGTGAATCCTCT,0,1
GCCGTGGACTTGGAGCAGTTAATCATCT,4,0
GCCGTGGACTTGGAGCATTGAATCATCT,11,2
GCCGTGGGCTCAAAGTCATGTCACATAT,1,0
GCCGTGGGCTCGAAGTCATGTCACAGAT,87,0
GCCGTGGGCTCGAAGTCATGTCACCGCT,2,0
GCCGTGGGCTCGAAGTCATGTCCCCGAT,1,0
GCCGTGGGCTCGAAGTCATTTCACATAT,12,0
GCCGTGGGCTCGAAGTCATTTCACCGAT,1,0
GCCGTGGTCTATAAGCACTGTTACAGCG,1,0
GCCGTGGTCTATAAGGTCTGTTACAGCG,33,0
GCCGTGGTCTATAAGGTCTGTTACATCT,6,0
GCCGTGGTCTATAAGGTCTTTTACATCG,2,0
GCCGTGGTCTCGAACCGATTCGTCACCG,1,0
GCCGTGGTCTCGAAGCGAGGCGTCCCCG,1,0
GCCGTGGTCTCGAAGCGATGCGTCACCG,234,140
GCCGTGGTCTCGAAGCGATGCGTCCCCT,1,0
GCCGTGGTCTCGAAGCGATGCTTCACCT,2,0
GCCGTGGTCTCGAAGCGATGCTTCCCCG,1,0
GCCGTGGTCTCGAAGCGATTCGTCACCT,2,2
GCCGTGGTCTCGAAGCGATTCGTCCCCG,1,0
GCCGTGGTCTCGAAGCGATTCTTCACCG,5,3
GCCGTGGTCTCGAAGCGCTGCGACACCG,1,0
GCCGTGGTCTCGAAGCTATGCTTCACCG,2,0
GCCGTGGTCTCGAAGCTATTCGTCACCG,3,2
GCCGTGGTCTCGAAGCTATTCTTCACCT,20,12
GCCGTGGTCTCGCAGCTTAGACACAATC,1,0
GCCGTGGTCTGAAAGCGGTGGTGCAACT,71,28
GCCGTGGTCTGAAAGCGGTGGTGCCCCT,1,0
GCCGTGGTCTGAAAGCGGTTTTTCAACT,3,6
GCCGTGGTCTGAAAGCGTTGGTTCAACT,2,0
GCCGTGGTCTGAAAGCGTTGTTGCAACT,1,0
GCCGTGGTCTGAAAGCGTTTGTGCAACT,1,0
GCCGTGGTCTGAAAGCTGTGGTTCAACT,1,1
GCCGTGGTCTGAAAGCTTTGGTGCAACT,2,3
GCCGTGGTCTGAAAGCTTTTTTTCAACT,6,1
GCCGTGGTCTGAGAGTGCTGCCGCACTC,231,123
GCCGTGGTCTGAGAGTGCTGCCTCCCTC,1,2
GCCGTGGTCTGAGAGTGCTTCCGCCCTC,1,1
GCCGTGGTCTGAGAGTGCTTCCTCACTC,24,15
GCCGTGGTCTGAGAGTTCTGCCGCCCTC,0,1
GCCGTGGTCTGAGAGTTCTGCCTCACTC,8,6
GCCGTGGTCTGAGAGTTCTTCCGCACTC,3,3
GCCGTGTACTGCTAGACCTGGGTCACAC,10,33
GCCGTGTACTGCTAGACCTGTGTCCCAC,0,1
GCCGTGTACTGCTAGACCTTGGTCCCCC,0,1
GCCGTGTACTGCTAGACCTTGTTCACAC,0,1
GCCGTGTACTGCTAGACCTTTGTCACAC,1,2
GCCGTGTACTTCCAGCAGTGGCTCATTC,0,26
GCCGTGTACTTCCAGCAGTGTCTCCTTC,0,1
GCCGTGTACTTCCAGCATTGTCTCATTA,0,1
GCCGTGTACTTCCAGCATTTTCTCATTC,0,4
GCCGTGTGCTGGGAGCTCTGGTGCAGAA,1,0
GCCGTGTGCTTGCAGCATTGAATCAACT,0,1
GCCGTGTTCTAAAAGTTATTAAGCAGGT,1,0
GCCGTGTTCTAAAAGTTATTAATCAGTT,1,0
GCCGTGTTCTAACAGCAGTGCTGCACAG,1,0
GCCGTGTTCTAACAGCAGTGCTTCACAT,0,1
GCCGTGTTCTAATAGGAGTGTGTCCAAA,1,0
GCCGTGTTCTAATAGTAATGAATCAGGT,1,0
GCCGTGTTCTAATAGTTATGAAGCAGGT,45,3
GCCGTGTTCTAATAGTTATGAATCAGTT,1,0
GCCGTGTTCTAATAGTTATGAATCATGT,8,1
GCCGTGTTCTAATAGTTATTAAGCATGT,1,0
GCCGTGTTCTAATAGTTATTAATCAGGT,9,1
GCCGTGTTCTAATAGTTATTAATCATTT,24,0
GCCGTGTTCTGCTAGACCTTTTTCCCAC,0,1
GCCGTGTTCTTTGAGTCCTGCAGCACTG,0,1
GCCGTTAACTGTGAGTGATGAAACATCA,0,1
GCCGTTACCTGCAAGACTTGGTCCAAAT,91,170
GCCGTTACCTGCAAGACTTGGTCCCACT,2,0
GCCGTTACCTGCAAGACTTGGTCCCCAT,2,2
GCCGTTACCTGCAAGACTTGTTCCACCT,1,0
GCCGTTACCTGCAAGACTTGTTCCCAAT,0,1
GCCGTTACCTGCAAGACTTTGTCCCCCT,0,1
GCCGTTACCTGCAAGACTTTTTCCAAAT,4,7
GCCGTTAGCTCATAGAAGTGAGTCAGGT,29,0
GCCGTTAGCTCATAGAAGTGAGTCATTT,1,0
GCCGTTAGCTCATAGAAGTTATTCAGGT,1,0
GCCGTTAGCTCATAGAAGTTATTCATTT,3,0
GCCGTTAGCTCATAGAATTGAGTCATGT,1,0
GCCGTTAGCTCATAGAATTGATTCAGGT,2,0
GCCGTTAGCTCATAGAATTTAGTCAGGT,1,0
GCCGTTAGCTCATATAATTTATTCATGT,1,0
GCCGTTAGCTGGGAGTGGAGTATCACGG,0,1
GCCGTTAGCTGGGAGTGGTGGATCACGG,140,240
GCCGTTAGCTGGGAGTGGTGGATCACTT,1,8
GCCGTTAGCTGGGAGTGGTGTATCCCGG,1,0
GCCGTTAGCTGGGAGTGGTTGATCACGT,1,1
GCCGTTAGCTGGGAGTGTTGGATCACTG,7,6
GCCGTTAGCTGGGAGTGTTGGATCCCGG,0,1
GCCGTTAGCTGGGAGTGTTGTATCACGG,1,2
GCCGTTAGCTGGGAGTGTTGTATCACTT,0,1
GCCGTTAGCTGGGAGTGTTTGATCACTT,0,1
GCCGTTAGCTGGGAGTGTTTTATCACTG,2,0
GCCGTTAGCTGGGAGTTGTGGATCACGT,0,1
GCCGTTAGCTGGGAGTTGTGGATCACTG,0,1
GCCGTTAGCTGGGAGTTGTGTATCACGG,0,1
GCCGTTAGCTGGGAGTTGTTGATCACGG,1,0
GCCGTTAGCTGGGAGTTGTTGATCACTT,0,1
GCCGTTAGCTGGGAGTTTTGGATCACGG,1,1
GCCGTTAGCTGGGAGTTTTGGATCACTT,0,1
GCCGTTAGCTGGGAGTTTTGTATCACGT,1,0
GCCGTTAGCTGGGAGTTTTGTATCACTG,4,3
GCCGTTAGCTGGGAGTTTTTTATCACGG,1,1
GCCGTTAGCTGGGAGTTTTTTATCACTT,9,11
GCCGTTAGCTTGGAGTCTTGGATCACTG,1,0
GCCGTTAGCTTTAAGGTCTGTATCAGTT,0,1
GCCGTTAGCTTTAAGGTCTGTTTCAGGG,67,67
GCCGTTAGCTTTAAGGTCTGTTTCATTT,2,6
GCCGTTAGCTTTAAGGTCTGTTTCCTTG,0,1
GCCGTTAGCTTTAAGGTCTTTTTCAGTT,0,1
GCCGTTAGCTTTAAGGTCTTTTTCATTG,14,6
GCCGTTAGCTTTAATGTCTGTTTCATGG,0,1
GCCGTTATCTCGTAGAGATGGGTCACAC,146,95
GCCGTTATCTCGTAGAGATGTGTCACCC,1,0
GCCGTTATCTCGTAGAGATTGGACCCCC,1,0
GCCGTTATCTCGTAGAGATTGTTCCCAC,1,0
GCCGTTATCTCGTAGAGATTTGTCCCAC,0,1
GCCGTTATCTCGTAGAGATTTTTCACAC,20,14
GCCGTTATCTCGTAGAGCTGGGTCCCAC,1,0
GCCGTTATCTCGTAGAGCTTTTTCCCAC,1,0
GCCGTTATCTCGTAGATATGTTTCACAC,4,2
GCCGTTATCTCGTAGATATTGTTCACAC,0,1
GCCGTTATCTCGTAGATATTTGTCACAC,1,0
GCCGTTATCTCGTAGATATTTTACACAC,1,0
GCCGTTATCTCTGAGCCGTGCCGCATTC,0,33
GCCGTTATCTCTGAGCCTTTCCTCATTC,0,6
GCCGTTATCTGTCAGTACTGCTTCATCG,33,0
GCCGTTCACTATCAGCAATGCATCAACC,1,0
GCCGTTCACTTCAAGCGCTGGTACATAT,4,3
GCCGTTCCCTATGAGTCGTGACTCATGG,0,12
GCCGTTCCCTATGAGTCTTGACTCATTG,0,2
GCCGTTCCCTATGAGTCTTTACTCATTT,0,2
GCCGTTCCCTCTCAGTGTTGATACACAA,59,12
GCCGTTCCCTCTCAGTTTTTATACACAA,2,0
GCCGTTCGCTCGCAGTGAAGTAACAAAT,1,0
GCCGTTCGCTCGCAGTGATGGAACAAAT,55,85
GCCGTTCGCTCGCAGTGATGGAACCACT,1,0
GCCGTTCGCTCGCAGTGATGGAACCCAT,4,3
GCCGTTCGCTCGCAGTGATGTAACAAAA,0,1
GCCGTTCGCTCGCAGTGATTGAACCCCT,1,0
GCCGTTCGCTCGCAGTGATTTAACAAAT,1,7
GCCGTTCTCTTGTAGGGATGGTGCACGC,23,0
GCCGTTCTCTTGTAGGGATGTTTCACTC,1,0
GCCGTTCTCTTGTAGGTATTTTTCACGC,3,0
GCCGTTCTCTTTAAGCCTTGCCGCATCG,20,0
GCCGTTCTCTTTAAGCCTTTCCTCATCT,2,0
GCCGTTGCCTTAAAGACGTGCCCCATGT,0,34
GCCGTTGCCTTAAAGACGTTCCCCAAGT,0,1
GCCGTTGCCTTAAAGACGTTCCCCATTT,0,1
GCCGTTGCCTTAAAGACTTGCCCCATTT,0,1
GCCGTTGCCTTAAAGACTTTCCCCATGT,0,1
GCCGTTGGCTACCACGTATTTCTCATTT,1,0
GCCGTTGGCTAGCAGGAATGGCACATTG,1,0
GCCGTTGGCTAGCAGGCCTGTTGCAGGC,14,0
GCCGTTGGCTAGCAGGCCTGTTTCATTC,1,0
GCCGTTGGCTAGCAGGCCTTTTTCATGC,1,0
GCCGTTGGCTGCAAGATCTGTCACATTG,0,43
GCCGTTGGCTGCAAGATCTTTCACATTT,0,3
GCCGTTGGCTTGCAGGTATGGCTCATGG,136,138
GCCGTTGGCTTGCAGGTATGGCTCATTT,2,2
GCCGTTGGCTTGCAGGTATGTCTCATGT,4,6
GCCGTTGGCTTGCAGGTATGTCTCATTG,0,4
GCCGTTGGCTTGCAGGTATTGCTCATGT,0,1
GCCGTTGGCTTGCAGGTATTGCTCATTG,1,0
GCCGTTGGCTTGCAGGTATTTCTCATGG,1,2
GCCGTTGGCTTGCAGGTATTTCTCATTT,17,18
GCCGTTGTCTGCGAGCGTTGCCCCATGA,32,0
GCCGTTGTCTGCGAGCGTTTCCCCATTA,4,0
GCCGTTTACTGTGAGTCTTGTTGCAAAG,24,0
GCCGTTTACTGTGAGTCTTGTTTCACCG,1,0
GCCGTTTACTGTGAGTCTTTTTTCAAAT,15,0
GCCGTTTCCTGCGAGGCTTGCTCCAAAT,0,1
GCCGTTTCCTGCTAGCTCTGCCTCACTT,1,0
GCCGTTTCCTGGAAGAACTGGAACAAGC,83,35
GCCGTTTCCTGGAAGAACTGGAACCCGC,2,3
GCCGTTTCCTGGAAGAACTTTAACAATC,12,7
GCCGTTTCCTGTCAGTGCTGCGACAAGG,0,33
GCCGTTTCCTGTCAGTGCTGCGACAATT,0,1
GCCGTTTCCTGTCAGTGCTGCGACCCTG,0,1
GCCGTTTCCTGTCAGTGCTGCGCCCAGG,0,1
GCCGTTTCCTGTCAGTGCTGCTACAATG,0,1
GCCGTTTCCTGTCAGTTCTGCGACAATG,0,5
GCCGTTTCCTGTCAGTTCTGCGACACGT,0,1
GCCGTTTCCTGTCAGTTCTTCGACAAGG,0,1
GCCGTTTCCTGTCAGTTCTTCGACCCGG,0,1
GCCGTTTCCTGTCAGTTCTTCTACAATT,0,5
GCCGTTTGCTGGGAGCTCTGGTGCAGAT,31,188
GCCGTTTGCTGGGAGCTCTGGTGCCGCT,1,1
GCCGTTTGCTGGGAGCTCTGGTTCATAT,5,23
GCCGTTTGCTGGGAGCTCTGGTTCCGAT,0,1
GCCGTTTGCTGGGAGCTCTGTTGCATAT,0,1
GCCGTTTGCTGGGAGCTCTGTTGCCGAT,0,1
GCCGTTTGCTGGGAGCTCTGTTTCAGAT,0,1
GCCGTTTGCTGGGAGCTCTTGTGCATAT,0,3
GCCGTTTGCTGGGAGCTCTTGTTCAGAT,3,6
GCCGTTTGCTGGGAGCTCTTTTTCATAT,2,12
GCCGTTTGCTGGGATCTCTTGTTCATAT,0,1
GCCGTTTGCTGTAAGAGGTGGAGCATTA,0,39
GCCGTTTGCTGTAAGAGGTTGATCATTA,0,7
GCCGTTTGCTGTAAGATGTGGAGCCTTA,0,1
GCCGTTTGCTGTAAGATGTGGATCATTA,0,1
GCCGTTTGCTGTAAGATGTTGAGCATTA,0,1
GCCGTTTGCTGTAAGATTTTTATCATTA,0,1
GCCGTTTGCTTACAGCACTGGCACAAGT,36,72
GCCGTTTGCTTACAGCACTGTCACACGT,0,1
GCCGTTTGCTTACAGCACTTGCACCAGT,1,0
GCCGTTTGCTTACAGCACTTTCACAATT,14,15
GCCGTTTGCTTACAGCACTTTCACCCTT,0,1
GCCGTTTTCTGGGAGCTCTTGTTCATAT,0,1
GCCGTTTTCTTTCAGCACTTGCACAAGT,1,0
GCGCTGACCTAAAAGGCCTGAAGCACCT,1,0
GCGCTTCACACGCACTAATGCTTCAGCG,1,0
GCGCTTGTCTCAGAGCCCTGACACACTC,1,0
GCGGAACACTTATAGCTGTTCTACAAAT,0,1
GCGGAACGCTACAAGATTTTCTTCATCT,1,0
GCGGAACGCTCCCAGGGGTGTTTCCCCT,0,1
GCGGACGTCTTAAAGGTATTCTTCAAGT,0,1
GCGGAGAGCTCCCAGGTCTGATGCATGA,0,1
GCGGTAAAATCCAAGGCTTTCCCCATTT,0,1
GCGGTAAACACCTAGGCTTTCCCCATTT,1,0
GCGGTAAGCTACGAGCACTGAATCACTC,1,0
GCGGTAAGCTCACAGATGTGGCCCAAAA,53,0
GCGGTAAGCTCACAGATGTTTCCCAAAA,1,0
GCGGTAAGCTCACAGATTTGTCCCAAAA,3,0
GCGGTAAGCTCGGAGCACTGATTCACTC,1,0
GCGGTAAGCTCGGAGGACGGATTCCCGC,0,1
GCGGTAAGCTCGGAGGACTGAATCACTC,1,0
GCGGTAAGCTCGGAGGACTGATTCACGC,452,519
GCGGTAAGCTCGGAGGACTGATTCCCTC,2,2
GCGGTAAGCTCGGAGGACTGTTTCACTC,1,0
GCGGTAAGCTCGGAGGACTTATTCACTC,15,21
GCGGTAAGCTCGGGGGACTGATTCACTC,1,0
GCGGTAAGCTGATAGATATGTGGCATTA,68,0
GCGGTAAGCTGATAGATATGTTTCCTTA,3,0
GCGGTAAGCTGATAGATATTTTTCATTA,6,0
GCGGTAATCTGCCAGCCATGGTTCAAGG,31,77
GCGGTAATCTGCCAGCCATGGTTCCCGG,1,3
GCGGTAATCTGCCAGCCATGTTTCAATT,5,14
GCGGTAATCTGCCAGCCATTGTTCAATG,1,0
GCGGTAATCTGCCAGCCATTTTTCAAGT,0,1
GCGGTAATCTGGTAGGCGTGGCGCAGCT,0,34
GCGGTAATCTGGTAGGCGTTGCGCACCT,0,1
GCGGTAATCTGGTAGGCGTTTCTCATCT,0,2
GCGGTAATCTGGTAGGCTTGGCGCATCT,0,2
GCGGTAATCTTTTAGTAGTGTTGCATCT,1,0
GCGGTAATCTTTTAGTTGTGATGCAGCG,0,1
GCGGTAATCTTTTAGTTGTGTGGCAGCG,38,125
GCGGTAATCTTTTAGTTGTGTGTCAGCT,0,2
GCGGTAATCTTTTAGTTGTGTGTCATCG,1,4
GCGGTAATCTTTTAGTTGTGTTTCAGCG,1,3
GCGGTAATCTTTTAGTTGTGTTTCATCT,0,1
GCGGTAATCTTTTAGTTGTTTGTCATCT,0,1
GCGGTAATCTTTTAGTTGTTTTTCATCG,0,1
GCGGTAATCTTTTAGTTTTGTGTCAGCG,0,4
GCGGTAATCTTTTAGTTTTGTGTCATCT,1,4
GCGGTAATCTTTTAGTTTTTTGGCAGCT,1,0
GCGGTAATCTTTTAGTTTTTTTTCATCT,1,2
GCGGTACACTGGCAGTAATTCTTCCTCT,1,0
GCGGTACACTTTTAGATTTTCTCCATAT,0,1
GCGGTACCCTCCTAGGCCTGGTCCAATG,16,0
GCGGTACGCTCAGAGGGGTGCGGCAGGG,0,12
GCGGTACGCTCAGAGGGTTGCTTCAGGG,0,1
GCGGTACGCTCAGAGGTTTGCGGCATGG,0,1
GCGGTACGCTCAGAGGTTTTCTTCATTT,0,1
GCGGTACGCTGAGAGCAGTGATGCATCT,46,33
GCGGTACGCTGAGAGCATTGATTCATCT,1,0
GCGGTACGCTGAGAGCATTTATGCATCT,1,0
GCGGTACGCTTAAAGCGTTGCCTCAGAA,0,1
GCGGTACTCTATAAGCCCTGTCTCAATC,49,48
GCGGTACTCTATAAGCCCTGTCTCCCTC,1,1
GCGGTACTCTGCGAGGATTTCTTCACTG,1,0
GCGGTACTCTTATAGCGGTGCGACAAAT,37,154
GCGGTACTCTTATAGCGGTGCGACCACT,0,3
GCGGTACTCTTATAGCGGTGCGACCCAT,0,7
GCGGTACTCTTATAGCTGTGCTACAAAT,1,0
GCGGTACTCTTATAGCTTTGCGACAAAT,3,14
GCGGTACTCTTATAGCTTTGCGACCACT,0,1
GCGGTACTCTTATAGCTTTTCTACAAAT,3,5
GCGGTAGACTCATAGCTGTGTTACAAAG,39,25
GCGGTAGACTCATAGCTTTTTTACAAAT,1,4
GCGGTAGACTTTTAGATTTGCGCCATAG,0,50
GCGGTAGACTTTTAGATTTGCTCCATAT,0,1
GCGGTAGCCTACTAGCCATGCCTCAGGG,263,75
GCGGTAGCCTACTAGCCATGCCTCAGTT,2,1
GCGGTAGCCTACTAGCCATGCCTCATGT,3,0
GCGGTAGCCTACTAGCCATGCCTCATTG,4,3
GCGGTAGCCTACTAGCCATGCCTCCTTT,1,0
GCGGTAGCCTACTAGCCATTCCTCAGGT,1,0
GCGGTAGCCTACTAGCCATTCCTCAGTG,0,2
GCGGTAGCCTACTAGCCATTCCTCATGG,4,0
GCGGTAGCCTACTAGCCATTCCTCATTT,14,4
GCGGTAGCGTACTAGCCATGCCTCAGTG,1,0
GCGGTAGGCTCTCAGGAGAGCTGCACCA,0,1
GCGGTAGGCTCTCAGGTGTGCTGCACGA,4,86
GCGGTAGGCTCTCAGGTGTGCTTCACTA,0,1
GCGGTAGGCTCTCAGGTGTTCTGCACTA,0,1
GCGGTAGGCTCTCAGGTGTTCTTCACGA,0,3
GCGGTAGGCTCTCAGGTTTGCTGCACTA,1,3
GCGGTAGGCTCTGAGGAATGGCGCAAGT,32,0
GCGGTAGGCTCTGAGGAATGTCGCAATT,1,0
GCGGTAGGCTCTGAGGAATTGCTCAAGT,1,0
GCGGTAGGCTCTGAGGAATTTCTCAATT,2,0
GCGGTAGGCTGGGAGGTATGTTGCACCC,11,21
GCGGTAGGCTGGGAGGTATTTTTCACCC,0,1
GCGGTAGTCTAAGAGGTCTGTAACATGC,0,1
GCGGTAGTCTGGGAGGGATGACGCACTG,25,126
GCGGTAGTCTGGGAGGGATGACTCACTT,0,1
GCGGTAGTCTGGGAGGGATGACTCCCTG,0,1
GCGGTAGTCTGGGAGGGATTACTCACTG,1,1
GCGGTAGTCTGGGAGGTATGACTCACTG,3,5
GCGGTAGTCTGGGAGGTATTACTCACTT,1,3
GCGGTAGTCTTTGAGTGATGCCGCACTG,0,1
GCGGTAGTCTTTTAGGTATTTTCCATTG,0,1
GCGGTATACTGATAGTTATGTAACATTT,0,1
GCGGTATACTGATAGTTATGTATCAGTT,0,34
GCGGTATACTGATAGTTATTTATCATTT,0,3
GCGGTATACTTGAAGATTTGGGCCAATA,0,85
GCGGTATACTTGAAGATTTGGGCCCCTA,0,2
GCGGTATACTTGAAGATTTGTGCCCCTC,0,1
GCGGTATACTTGAAGATTTGTTCCAATA,0,5
GCGGTATACTTGAAGATTTTTGCCAATA,0,1
GCGGTATCCTACGAGGTGTGTATCATTG,16,0
GCGGTATCCTACGAGGTTTTTATCATTT,1,0
GCGGTATGCTATGAGAATTGATTCATAG,1,0
GCGGTATGCTATGAGATGTGATTCATAG,92,39
GCGGTATGCTATGAGATGTTATTCATAT,3,0
GCGGTATGCTATGAGATTTGAATCATAG,0,1
GCGGTATGCTATGAGATTTGATTCATAT,2,0
GCGGTATGCTATGAGATTTTATTCATAG,2,0
GCGGTATTATAGGAGTCATGCTTCAGTA,1,0
GCGGTATTCTAGGAGTCATGCTGCAGTA,95,28
GCGGTATTCTAGGAGTCATGCTGCCGTC,1,1
GCGGTATTCTAGGAGTCATGCTTCATTA,1,0
GCGGTATTCTAGGAGTCATTCTGCATTA,1,0
GCGGTATTCTAGGAGTCATTCTTCAGTA,4,2
GCGGTATTCTCGGAGATCTGGCTCCTTG,0,1
GCGGTATTCTCGTAGATCTGGCTCATTG,12,138
GCGGTATTCTCGTAGATCTGTCTCATTT,0,10
GCGGTATTCTCGTAGATCTGTCTCCTTG,0,1
GCGGTATTCTCGTAGATCTTTCTCATTG,0,2
GCGGTATTCTGGGAGGCCTGGAGCATGT,14,0
GCGGTATTCTGGGAGGCCTGTATCATGT,2,0
GCGGTATTCTTTTAGTGTTGGTACATCG,152,160
GCGGTATTCTTTTAGTGTTGGTACCTCT,1,1
GCGGTATTCTTTTAGTGTTGTTACATCT,2,5
GCGGTATTCTTTTAGTGTTGTTACCTCG,1,0
GCGGTATTCTTTTAGTGTTTGTACATCT,1,3
GCGGTATTCTTTTAGTGTTTTTACATCG,0,2
GCGGTATTCTTTTAGTTTTGGTACATCT,0,1
GCGGTATTCTTTTAGTTTTGGTACCTCG,1,0
GCGGTATTCTTTTAGTTTTGTTACATCG,2,0
GCGGTATTCTTTTAGTTTTTGTACATCG,1,1
GCGGTATTCTTTTAGTTTTTGTACCTCT,0,1
GCGGTATTCTTTTAGTTTTTTTACATCT,12,15
GCGGTCACCTAGGAGTGGTGTTCCATAA,0,44
GCGGTCACCTAGGAGTTTTGTTCCATAA,0,5
GCGGTCACCTATCAGATATGTTTCACAT,0,1
GCGGTCAGCGTAGAGGTTTGGCGCCCGA,1,0
GCGGTCAGCTGGTAGTAATGGGGCAGTG,103,47
GCGGTCAGCTGGTAGTAATGGGTCATTG,0,2
GCGGTCAGCTGGTAGTAATGTGGCAGTT,0,1
GCGGTCAGCTGGTAGTAATGTGTAAGTG,0,1
GCGGTCAGCTGGTAGTAATGTTTCAGTG,9,5
GCGGTCAGCTGGTAGTAATTTTTCATTT,4,2
GCGGTCAGCTGTGAGGAATGTCTCACTG,1,0
GCGGTCAGCTTAGAGGTGTGGCGCACGA,79,2
GCGGTCAGCTTAGAGGTGTGGCGCCCGC,1,0
GCGGTCAGCTTAGAGGTGTGTCGCACTA,2,0
GCGGTCAGCTTAGAGGTGTGTCGCCCGA,1,0
GCGGTCAGCTTAGAGGTGTGTCTCACGA,2,0
GCGGTCAGCTTAGAGGTGTTTCGCACGA,1,0
GCGGTCAGCTTAGAGGTGTTTCTCACTA,8,2
GCGGTCAGCTTAGAGGTTTGGCTCACGA,1,0
GCGGTCAGCTTAGAGGTTTGTCTCACTA,1,0
GCGGTCCGCTGCGAGTTCTGACCCAAGT,0,1
GCGGTCCTCTGGTAGTGCGGTTTCCTCA,1,0
GCGGTCCTCTGGTAGTGCTGTTTCATCA,60,0
GCGGTCCTCTGGTAGTGCTTTTTCCTCA,1,0
GCGGTCCTCTGGTAGTTCTTTTTCATCA,3,0
GCGGTCCTCTGTAAGGTTTGTAGCATCA,0,52
GCGGTCCTCTGTAAGGTTTTTATCATCA,0,1
GCGGTCGACTTAAAGTTTTGCATCACTT,1,0
GCGGTCGACTTAAAGTTTTTCATCACTG,16,0
GCGGTCGGCTAATAGCCCGGATGCAGAG,0,1
GCGGTCGGCTAATAGCCCTGAGGCAGAG,0,92
GCGGTCGGCTAATAGCCCTGAGTCAGAT,0,2
GCGGTCGGCTAATAGCCCTGAGTCATCG,0,1
GCGGTCGGCTAATAGCCCTGATTCATAG,0,6
GCGGTCGGCTAATAGCCCTTAGTCAGAG,0,2
GCGGTCGGCTAATAGCCCTTAGTCATAT,0,1
GCGGTCGGCTGGTAGTAGTGAATCACAT,0,1
GCGGTCGGCTTCAAGCCCTGTGTCAATG,0,41
GCGGTCGGCTTCAAGCCCTTTGTCAATT,0,1
GCGGTCGTCTATAAGGTCTGGTTCAACA,0,1
GCGGTCGTCTATAAGTTAATTATCAACT,0,1
GCGGTCGTCTATAAGTTCTGGATCAACT,47,36
GCGGTCGTCTATAAGTTCTGGATCCCCT,1,3
GCGGTCGTCTATAAGTTCTGGCTCCACT,0,1
GCGGTCGTCTATAAGTTCTTGATCAACA,0,1
GCGGTCGTCTATAAGTTCTTGATCCACT,0,1
GCGGTCGTCTATAAGTTCTTTATCAACT,6,3
GCGGTCGTCTGGAAGACTGGTTCCCGTA,0,1
GCGGTCGTCTGGAAGACTTGTTCCAGTA,0,127
GCGGTCGTCTGGAAGACTTTTTCCATTA,0,10
GCGGTCGTCTTAAAGGTATGCTTCATGT,256,141
GCGGTCGTCTTAAAGGTATGCTTCATTA,1,0
GCGGTCGTCTTAAAGGTATGCTTCCAGT,1,0
GCGGTCGTCTTAAAGGTATTCTTCATTT,53,13
GCGGTCGTCTTAAAGGTATTCTTCCTGT,0,1
GCGGTCGTCTTTAAGACTTGTTCCATTA,0,1
GCGGTCTACTAGAAGGCGTGCGGCAGGA,35,0
GCGGTCTACTAGAAGGCGTGCGTCAGTA,1,0
GCGGTCTACTAGAAGGCGTTCGTCATGA,1,0
GCGGTCTACTAGAAGGCTTGCGTCATGA,1,0
GCGGTCTACTAGAAGGCTTGCTGCCGTA,1,0
GCGGTCTACTAGAAGGCTTTCTTCATTA,1,0
GCGGTCTACTGGCAGGAGTGCGTCAGCC,39,0
GCGGTCTACTGGCAGGAGTGCTTCATCC,1,0
GCGGTCTCCTAGAAGATATTACACATTC,0,1
GCGGTCTCCTCAGAGAGTTGCGCCAAGC,20,15
GCGGTCTCCTCAGAGAGTTGCGCCCCGC,0,2
GCGGTCTCCTCAGAGAGTTGCTCCAATC,1,0
GCGGTCTCCTCAGAGAGTTTCGCCAATC,6,4
GCGGTCTCCTCAGAGAGTTTCTCCAAGC,2,0
GCGGTCTCCTCAGAGATTTGCGCCAATC,1,0
GCGGTCTCCTCAGAGATTTTCTCCAATC,1,2
GCGGTCTCCTCGGAGAGGTGCAGCAGGT,0,26
GCGGTCTCCTCGGAGAGGTTCATCAGGT,0,1
GCGGTCTCCTCGGAGAGTTGCAGCATGT,0,2
GCGGTCTCCTCGGAGATTTGCAGCAGGT,0,1
GCGGTCTCCTCGGAGATTTGCATCCGGT,0,1
GCGGTCTCCTCGGAGATTTTCATCATTT,0,2
GCGGTCTCCTGTTAGGTGTGTTGCAGCG,81,32
GCGGTCTCCTGTTAGGTGTGTTGCCTCG,1,0
GCGGTCTCCTGTTAGGTGTGTTTCAGCT,1,0
GCGGTCTCCTGTTAGGTGTGTTTCATCG,4,5
GCGGTCTCCTGTTAGGTGTTTTGCATCG,1,0
GCGGTCTCCTGTTAGGTTTGTTTCAGCG,0,1
GCGGTCTCCTGTTAGGTTTGTTTCATCT,3,1
GCGGTCTCCTGTTAGGTTTTTTTCATCG,0,2
GCGGTCTGCTAGCAGTCTTGACCCACGC,0,1
GCGGTCTGCTCATAGCCATGGTGCAGGG,38,21
GCGGTCTGCTCATAGCCATGGTGCAGTT,1,1
GCGGTCTGCTCATAGCCATGTTGCAGTG,2,0
GCGGTCTGCTCATAGCCATGTTGCCGGG,0,1
GCGGTCTGCTCATAGCCATGTTGCCTGT,1,0
GCGGTCTGCTCATAGCCATGTTTCATGT,0,1
GCGGTCTGCTCATAGCCATTGTGCATGG,1,0
GCGGTCTGCTCATAGCCATTGTTCAGTG,1,0
GCGGTCTGCTCATAGCCATTTTTCAGGT,1,0
GCGGTCTGCTCATAGCCATTTTTCATTT,1,1
GCGGTCTGCTCGAAGGTGTGTTCCACGT,1,0
GCGGTCTTCTCCCAGTATTGCTCCAACT,1,0
GCGGTCTTCTCGGAGGCATGCTGCAAGA,36,0
GCGGTCTTCTCGGAGGCATGCTGCCCGA,1,0
GCGGTCTTCTCGGAGGCATGCTTCACGA,2,0
GCGGTCTTCTCGGAGGCATTCTTCAATA,2,0
GCGGTCTTCTGGTAGCATTGGCTCAGTC,28,0
GCGGTCTTCTGGTAGCATTTTCTCATTC,5,0
GCGGTGAACTATCAGCGTGGTGGCCATA,1,0
GCGGTGAACTATCAGCGTTGTGGCAATA,201,115
GCGGTGAACTATCAGCGTTGTGGCCCTA,7,4
GCGGTGAACTATCAGCGTTGTGTCCATA,1,0
GCGGTGAACTATCAGCGTTGTTGCCATA,1,0
GCGGTGAACTATCAGCGTTGTTTCAATA,8,5
GCGGTGAACTATCAGCGTTTTGTCAATA,2,0
GCGGTGAACTATCAGCGTTTTTGCAATA,0,2
GCGGTGAACTATCAGCTATGATTCAATA,1,0
GCGGTGAACTATCAGCTTTGAGTCAAAA,1,0
GCGGTGAACTATCAGCTTTGTGTCAATA,6,2
GCGGTGAACTATCAGCTTTGTTGCAATA,1,1
GCGGTGAACTATCAGCTTTGTTTCCCTA,1,0
GCGGTGAACTATCAGCTTTTTTTCAATA,1,3
GCGGTGAACTGTTACGTTTTTTTCACTT,1,0
GCGGTGACCTGAAAGTCCTGCGCCATCT,0,1
GCGGTGACCTGCTAGACATGGGCCAAGT,69,131
GCGGTGACCTGCTAGACATGGGCCCCGT,2,5
GCGGTGACCTGCTAGACATGTGCCACGT,0,1
GCGGTGACCTGCTAGACATGTTCCAAGT,2,7
GCGGTGACCTGCTAGACATGTTCCCCGT,0,1
GCGGTGACCTGCTAGACATTGGCCAATT,0,2
GCGGTGACCTGCTAGACATTGTCCAAGT,3,0
GCGGTGACCTGCTAGACATTTGCCAAGT,3,1
GCGGTGACCTGCTAGACATTTTCCAATT,10,11
GCGGTGACCTTAAAGGCCTGAAGCACCT,154,255
GCGGTGACCTTAAAGGCCTGAATCCCCT,1,1
GCGGTGACCTTAAAGGCCTGATGCCCCT,1,0
GCGGTGACCTTAAAGGCCTGATTCACCT,1,0
GCGGTGACCTTAAAGGCCTTAATCACCT,7,5
GCGGTGACCTTAAAGTCCTGAATCACCT,0,1
GCGGTGACCTTAGAGGGGTGATGCACCA,120,59
GCGGTGACCTTAGAGGGTTGATTCACCA,2,1
GCGGTGACCTTAGAGGTGTGATTCACCA,1,4
GCGGTGACCTTAGAGGTTTGATGCACCA,8,5
GCGGTGACCTTAGAGGTTTGATTCCCCA,0,1
GCGGTGACCTTAGAGGTTTTATTCACCA,4,1
GCGGTGAGCTATAAGACTTGTGCCATTA,0,1
GCGGTGAGCTGGAAGCGTTGATGCAGGT,0,29
GCGGTGAGCTGGAAGCGTTGATTCATGT,0,1
GCGGTGAGCTGGAAGCTTTTATTCAGGT,0,1
GCGGTGAGCTGGAAGCTTTTATTCATTT,0,1
GCGGTGAGCTTACAGTCCTGTCACAGAA,0,1
GCGGTGATCTCCGAGACATGCAGCACGG,0,37
GCGGTGATCTCCGAGACATGCATCACGT,0,1
GCGGTGATCTCCGAGACATGCATCACTG,0,1
GCGGTGATCTCCGAGACATTCAGCACGT,0,1
GCGGTGATCTCCGAGACATTCAGCACTG,0,1
GCGGTGATCTCCGAGACATTCATCACGG,0,1
GCGGTGATCTCGTAGAATTGCTGCAGAA,40,65
GCGGTGATCTCGTAGAATTGCTGCCGCC,0,1
GCGGTGATCTCGTAGAATTGCTTCCGAA,0,1
GCGGTGATCTCGTAGAATTTCTGCTTAA,0,1
GCGGTGATCTCGTAGAATTTCTTCATAA,4,8
GCGGTGATCTGGAAGTCTTGACACATTG,1,0
GCGGTGATCTGGTAGTCGTGACACACTC,1,0
GCGGTGATCTGGTAGTCGTGTCACAGTG,139,36
GCGGTGATCTGGTAGTCGTGTCACATTT,2,0
GCGGTGATCTGGTAGTCGTGTCACCGTT,1,0
GCGGTGATCTGGTAGTCGTGTCACCTTG,1,0
GCGGTGATCTGGTAGTCGTTTCACAGTT,1,0
GCGGTGATCTGGTAGTCTTGTCACAGTT,1,1
GCGGTGATCTGGTAGTCTTGTCACATTG,1,0
GCGGTGATCTGGTAGTCTTTTCACAGTG,1,0
GCGGTGATCTGGTAGTCTTTTCACATTT,3,0
GCGGTGATCTTGAAGAGATGGCTCATTG,36,0
GCGGTGATCTTGAAGAGATGTCTCCTTG,1,0
GCGGTGATCTTGAAGAGATTTCTCATTT,3,0
GCGGTGATCTTTTAGGTATGAGACACCA,0,72
GCGGTGATCTTTTAGGTATGAGACCCCC,0,1
GCGGTGATCTTTTAGGTATTATACACCA,0,4
GCGGTGCGCTATAAGTAATGCGACATGC,0,31
GCGGTGCGCTATAAGTAATTCTACATTC,0,3
GCGGTGCGCTCCTAGCGCTTTTTCAGTT,0,1
GCGGTGCGCTCGTAGCGCTGGTTCAGTG,0,34
GCGGTGCGCTCGTAGCGCTGGTTCATTT,0,1
GCGGTGCGCTCGTAGCGCTGGTTCCGTT,0,2
GCGGTGCGCTCGTAGCGCTTGTTCAGTT,0,1
GCGGTGCGCTCGTAGCGCTTTTTCATTT,0,3
GCGGTGCGCTCGTAGCTCTGTTTCAGTG,0,1
GCGGTGCGCTCGTAGCTCTTGTTCATTT,0,2
GCGGTGCGCTTCCAGTTGTGCATCAAAA,0,44
GCGGTGCGCTTCCAGTTGTGCATCCCCA,0,3
GCGGTGCGCTTCCAGTTTTTCATCAAAA,0,2
GCGGTGCGCTTGCAGGTATGTCGCAAAC,0,1
GCGGTGCGCTTGCAGGTTTGGCGCAAAC,34,189
GCGGTGCGCTTGCAGGTTTGGCGCCCCC,1,2
GCGGTGCGCTTGCAGGTTTGGCTCCCAC,0,1
GCGGTGCGCTTGCAGGTTTGTCGCCAAC,0,1
GCGGTGCGCTTGCAGGTTTGTCTCAAAC,6,24
GCGGTGCGCTTGCAGGTTTTGCTCAAAC,1,2
GCGGTGCGCTTGCAGGTTTTTCGCAAAC,0,2
GCGGTGCTCTGGCAGGCGGGTAACCGCT,2,0
GCGGTGCTCTGGCAGGCGTGTAACAGCT,312,361
GCGGTGCTCTGGCAGGCGTTTAACATCT,5,1
GCGGTGCTCTGGCAGGCTTGAAACAGCT,0,1
GCGGTGCTCTGGCAGGCTTGTAACATCT,23,30
GCGGTGCTCTGGCAGGCTTGTAACCGCT,3,1
GCGGTGCTCTGGCAGGCTTTTAACAGCT,1,0
GCGGTGCTCTGGCGGGCGTGTAACATCT,0,1
GCGGTGCTCTGGCGGGCGTGTAACCGCT,0,1
GCGGTGCTCTGGGAGCCATGCTGCAAGG,75,70
GCGGTGCTCTGGGAGCCATGCTGCCCGG,0,2
GCGGTGCTCTGGGAGCCATGCTTCAATG,1,0
GCGGTGCTCTGGGAGCCATTCTGCAAGT,3,0
GCGGTGCTCTGGGAGCCATTCTGCAATG,1,0
GCGGTGCTCTGGGAGCCATTCTTCAAGG,7,3
GCGGTGCTCTGGGAGCCATTCTTCAATT,3,4
GCGGTGCTCTGGGAGCCATTCTTCCCGG,1,0
GCGGTGCTCTTGCAGGCGGGGTTCCCGT,1,0
GCGGTGCTCTTGCAGGCGTCGTTCCCGT,1,0
GCGGTGCTCTTGCAGGCGTGGTTCACGT,162,173
GCGGTGCTCTTGCAGGCGTGGTTCACTA,0,1
GCGGTGCTCTTGCAGGCGTGGTTCCCTT,0,1
GCGGTGCTCTTGCAGGCGTTGTTCACTT,6,5
GCGGTGCTCTTGCAGGCTTGCTTCCCCT,1,0
GCGGTGCTCTTGCAGGCTTGTTTCACTT,12,11
GCGGTGCTCTTGCAGGCTTTTTTCACGT,0,1
GCGGTGGACTGTAAGGAGTGCGCCAGTT,56,0
GCGGTGGACTGTAAGGAGTGCTCCATTT,2,0
GCGGTGGACTGTAAGGAGTTCTCCAGTT,1,0
GCGGTGGACTGTAAGGATTGCTCCAGTT,4,0
GCGGTGGACTGTAAGGATTTCTCCATTT,1,0
GCGGTGGCCTCAAAGGGTTGCCGCACGC,0,36
GCGGTGGCCTCAAAGGGTTGCCTCACTC,0,1
GCGGTGGCCTCAAAGGGTTGCCTCCCGC,0,1
GCGGTGGCCTCAAAGGTTTGCCTCACGC,0,2
GCGGTGGCCTCAAAGGTTTTCCGCACGC,0,1
GCGGTGGCCTCAAAGGTTTTCCTCACTC,0,7
GCGGTGGCCTCTTAGTGGTGGTGCAGCC,0,3
GCGGTGGCCTCTTAGTTTTGGTGCAGCC,0,1
GCGGTGGCCTGTGAGCAGTGCTCCATTT,92,85
GCGGTGGCCTGTGAGCATTGCTCCCTTT,0,1
GCGGTGGCCTGTGAGCATTTCTCCATTT,1,1
GCGGTGGGCTAGGAGATCTGATACACAC,0,35
GCGGTGGGCTCAGAGTTGTGTATCATTT,48,32
GCGGTGGGCTCAGAGTTGTGTATCCTTG,1,2
GCGGTGGGCTCAGAGTTGTTTATAATTT,1,0
GCGGTGGGCTCAGAGTTTTGTATCAATT,2,0
GCGGTGGGCTCAGAGTTTTTTATCATTT,1,0
GCGGTGGGCTGTCAGTGCTGGGCCATAT,26,0
GCGGTGGGCTGTCAGTGCTGTTCCATAT,4,0
GCGGTGGGCTGTCAGTTCTGTGCCATAT,2,0
GCGGTGGGCTGTCAGTTCTTTTCCATAT,1,0
GCGGTGGGCTTCTAGCTATGTTACATAA,58,78
GCGGTGGGCTTCTAGCTATGTTACATCC,0,1
GCGGTGGGCTTCTAGCTATGTTACCTAC,0,1
GCGGTGGGCTTGTAGCTATGAAACAAAA,0,1
GCGGTGGTCTACAAGATCTTCCTCACAA,1,0
GCGGTGGTCTTTAAGCACTGACCCACGT,1,0
GCGGTGGTCTTTTAGATGTGATCCACTT,1,0
GCGGTGTACTCGAAGAAATGATCCATCG,1,0
GCGGTGTCCTAACAGGAGGGACGCCTGA,0,1
GCGGTGTCCTAACAGGAGTGACGCATGA,83,105
GCGGTGTCCTAACAGGAGTGACTCAAGA,0,2
GCGGTGTCCTAACAGGAGTGACTCCTGA,1,1
GCGGTGTCCTAACAGGAGTTACTCATTA,3,2
GCGGTGTCCTAACAGGATTGACTCATTA,5,8
GCGGTGTCCTAACAGGATTTACGCATTA,1,0
GCGGTGTCCTAACAGGATTTACTCATGA,0,1
GCGGTGTCCTTCTAGGGCTGGGACATCT,0,24
GCGGTGTCCTTCTAGGGCTGTGACCTCT,0,1
GCGGTGTCCTTCTAGGTCTGGGACCTCT,0,1
GCGGTGTCCTTCTAGGTCTGGTACATCT,0,2
GCGGTGTCCTTCTAGGTCTGTGACATCT,0,5
GCGGTGTCCTTCTAGGTCTTGGACATCT,0,1
GCGGTGTCCTTCTAGGTCTTTTACATCT,0,3
GCGGTGTGCTCCCAGGGCTGATGCATGA,0,153
GCGGTGTGCTCCCAGGGCTGATGCCTGC,0,2
GCGGTGTGCTCCCAGGGCTGATTCATTA,0,2
GCGGTGTGCTCCCAGGGCTGCAGCATTA,0,1
GCGGTGTGCTCCCAGGGCTTATTCCTGA,0,1
GCGGTGTGCTCCCAGGTCTGATGCATTA,0,1
GCGGTGTGCTCCCAGGTCTGATTCATGA,0,13
GCGGTGTGCTCCCAGGTCTTATTCATTA,0,6
GCGGTGTTCTAAAAGGCATGGTACAACC,65,47
GCGGTGTTCTAAAAGGCATGGTACCCCC,4,0
GCGGTGTTCTAATAGTGTTGTTTCACTC,0,11
GCGGTTAACTTGTAGAAATGGGTCAAGG,97,29
GCGGTTAACTTGTAGAAATGGGTCCAGT,0,2
GCGGTTAACTTGTAGAAATGGGTCCCGG,2,0
GCGGTTAACTTGTAGAAATGGTTCCATT,1,0
GCGGTTAACTTGTAGAAATGTGTCAAGT,0,1
GCGGTTAACTTGTAGAAATGTGTCAATG,1,1
GCGGTTAACTTGTAGAAATGTTTCAAGG,2,1
GCGGTTAACTTGTAGAAATGTTTCAATT,8,6
GCGGTTAACTTGTAGAAATTGTTCAAGG,2,0
GCGGTTAACTTGTAGAAATTTGTCAAGG,1,0
GCGGTTAACTTGTAGAAATTTGTCAATT,1,0
GCGGTTAACTTGTAGAAATTTTTCAATG,2,0
GCGGTTACCTATCAGAGTTTTGACATTC,0,1
GCGGTTAGCTACAAGTAATGATTCAAGA,1,0
GCGGTTAGCTACTAGACCTGAATCAGTG,0,1
GCGGTTAGCTATTAGTCATGCCCCAATC,36,0
GCGGTTAGCTATTAGTCATGCCCCCCTC,1,0
GCGGTTATCTAGAAGACCTGAACCCAGC,0,1
GCGGTTATCTATGAGAGGTGCGGCAGGG,0,21
GCGGTTATCTATGAGAGGTGCGTCCGGT,0,1
GCGGTTATCTATGAGAGGTTCTTCAGTG,0,1
GCGGTTATCTATGAGAGTTGCGTCAGGG,0,1
GCGGTTATCTATGAGATTTGCTTCAGTG,0,1
GCGGTTATCTATGAGATTTTCGTCAGGT,0,1
GCGGTTATCTCGAAGACGTGTACCAAGC,0,11
GCGGTTATCTCGAAGACTTGTACCAATC,0,1
GCGGTTCACTCCGAGACTTGTTGCACGA,0,5
GCGGTTCACTCGCAGCATTGGATCAACC,1,0
GCGGTTCACTCGCAGCATTGGTGCAACC,33,0
GCGGTTCACTCGCAGCATTGGTGCCCCC,2,0
GCGGTTCACTGGCAGTAATGCTTCAGCG,311,196
GCGGTTCACTGGCAGTAATGCTTCCGCT,1,2
GCGGTTCACTGGCAGTAATGCTTCCTCG,1,0
GCGGTTCACTGGCAGTAATTCTTCATCT,44,23
GCGGTTCACTGGCAGTAATTCTTCCGCG,1,0
GCGGTTCCCTCTCAGACCGGTGGCCTCG,0,1
GCGGTTCCCTCTCAGACCTGTGGCATCG,0,32
GCGGTTCCCTCTCAGACCTGTGTCATCT,0,4
GCGGTTCCCTCTCAGACCTGTTTCATCG,0,1
GCGGTTCCCTCTCAGACCTTTTTCATCT,0,1
GCGGTTCGCTATCAGGATTGACTCAGTA,0,1
GCGGTTCGCTATCAGGTTTGACGCAGTT,7,73
GCGGTTCGCTATCAGGTTTGACTCATTT,0,3
GCGGTTCGCTATCAGGTTTTACTCAGTT,2,4
GCGGTTCGCTATCATGTTTTACTCATTT,0,1
GCGGTTCGCTCCAAGGGATGTGGCAAGG,0,5
GCGGTTCGCTCCAAGGGATGTGTCAAGT,0,1
GCGGTTCGCTCCAAGGTATGTTTCAAGG,0,1
GCGGTTCGCTCCAAGGTATGTTTCAATT,0,2
GCGGTTCGCTCCCAGGGGTGGTGCAACT,0,69
GCGGTTCGCTCCCAGGGGTGGTGCCCCT,0,1
GCGGTTCGCTCCCAGGGGTGTTTCAACT,0,3
GCGGTTCGCTCCCAGGGTTGTTGCAACT,0,1
GCGGTTCGCTCCCAGGTGTGTTGCAACT,0,1
GCGGTTCGCTCCCAGGTGTTGTTCAACT,0,1
GCGGTTCGCTCCCAGGTTTGGTGCAACT,0,4
GCGGTTCGCTCCCAGGTTTGGTGCCCCT,0,1
GCGGTTCGCTCCCAGGTTTGTTTCAACT,0,2
GCGGTTCGCTGTCAGTGCTGCTGCACGG,28,24
GCGGTTCGCTGTCAGTGCTGCTTCACTT,1,3
GCGGTTCGCTGTCAGTGCTTCTGCACTG,1,1
GCGGTTCGCTGTCAGTGCTTCTTCACGT,1,0
GCGGTTCGCTGTCAGTTCTGCTGCACTG,0,2
GCGGTTCGCTGTCAGTTCTTCTGCACGT,1,0
GCGGTTCGCTTTCAGTATTGATACATAC,1,0
GCGGTTCTCTGCGAGGATAGTTTCACGG,0,1
GCGGTTCTCTGCGAGGATTGGTTCACGG,72,80
GCGGTTCTCTGCGAGGATTGGTTCACTT,5,7
GCGGTTCTCTGCGAGGATTGTTTCACTG,1,1
GCGGTTCTCTGCGAGGATTTGTTCACTG,0,2
GCGGTTCTCTGCGAGGATTTTTTCACTT,3,1
GCGGTTCTCTGCGAGTATTGTTTCCCGG,1,0
GCGGTTCTCTGGCAGAAATGATTCATCC,1,0
GCGGTTGACTACGAGCCGTGCTGCATCG,30,31
GCGGTTGACTACGAGCCGTGCTTCATCT,1,0
GCGGTTGACTACGAGCCGTTCTGCATCT,1,0
GCGGTTGACTACGAGCCTTTCTTCATCT,3,1
GCGGTTGACTACTAGCAATGATACACTA,0,1
GCGGTTGACTGGGAGCTTTGGATCATTC,0,2
GCGGTTGACTGGGAGCTTTTTATCATTC,0,1
GCGGTTGCCTAGTAGACCGGTTACCGGC,0,1
GCGGTTGCCTAGTAGACCTGTTACAGGC,0,32
GCGGTTGCCTAGTAGACCTGTTACATTC,0,4
GCGGTTGCCTTAAAGCGGTGCACCAGAC,0,73
GCGGTTGCCTTAAAGCGGTGCACCCGCC,0,3
GCGGTTGCCTTAAAGCGGTTCACCATAC,0,1
GCGGTTGCCTTAAAGCGTTGCACCATAC,0,1
GCGGTTGCCTTAAAGCTGTGCACCATAC,0,2
GCGGTTGCCTTAAAGCTGTTCACCAGAC,0,1
GCGGTTGCCTTAAAGCTTTGCACCAGAC,0,7
GCGGTTGCCTTAAAGCTTTTCACCATAC,0,3
GCGGTTGGCTAATAGGAGTGGACCACGT,87,76
GCGGTTGGCTAATAGGAGTGTACCACTT,3,9
GCGGTTGGCTAATAGGAGTGTACCCCGT,1,0
GCGGTTGGCTAATAGGAGTTGACCACTT,0,1
GCGGTTGGCTAATAGGAGTTTACCACGT,1,2
GCGGTTGGCTAATAGGATTGTACCACGT,1,0
GCGGTTGGCTAATAGGATTGTACCACTA,1,0
GCGGTTGGCTAATAGGATTTTACCACTT,1,1
GCGGTTGGCTACGAGTTTTGTTGCATGA,22,0
GCGGTTGGCTCATAGCAGTGACGCAAAG,78,259
GCGGTTGGCTCATAGCAGTGACGCCCAT,1,0
GCGGTTGGCTCATAGCAGTGACGCCCCG,1,8
GCGGTTGGCTCATAGCAGTGACTCAAAT,2,17
GCGGTTGGCTCATAGCAGTGACTCACAG,1,1
GCGGTTGGCTCATAGCAGTTACGCAAAT,0,1
GCGGTTGGCTCATAGCAGTTACTCAAAG,1,4
GCGGTTGGCTCATAGCATTGACTCAAAG,1,8
GCGGTTGGCTCATAGCATTTACTCAAAT,2,2
GCGGTTGGCTCCAAGTTTTGAAACAGTC,0,8
GCGGTTGGCTGGAAGACGTGATTCATAT,101,61
GCGGTTGGCTGGAAGACGTGATTCCTCT,0,1
GCGGTTGGCTGGAAGACTTTATTCATAT,0,3
GCGGTTGTCTCAGAGCCCTGACACACGC,35,40
GCGGTTGTCTCAGAGCCCTGACACCCTC,1,0
GCGGTTGTCTCAGAGCCCTGCCACCCGC,1,0
GCGGTTGTCTCAGAGCCCTTACACACTC,0,1
GCGGTTGTCTCGTAGATCTGAGTCACGC,109,0
GCGGTTGTCTCGTAGATCTGAGTCCCTC,1,0
GCGGTTGTCTCGTAGATCTGAGTTACTC,1,0
GCGGTTGTCTCGTAGATCTGATTCACTC,8,0
GCGGTTGTCTCGTAGATCTTAGTCACTC,4,0
GCGGTTGTCTCGTAGATCTTAGTCCCGC,1,0
GCGGTTGTCTCGTAGATCTTATTCACGC,1,0
GCGGTTGTCTGCCAGATATGAATCATTA,0,1
GCGGTTGTCTGGGAGGCGTGAGACATGG,0,55
GCGGTTGTCTGGGAGGCTTGAGACATTG,0,4
GCGGTTGTCTTGCAGTCGTGACACAACT,23,50
GCGGTTGTCTTGCAGTCTTGACACACCT,1,0
GCGGTTGTCTTGCAGTCTTTACACAACT,3,2
GCGGTTGTCTTGTAGACATGATCCACCA,1,0
GCGGTTGTCTTTTAGAGTTGTAACACCT,22,0
GCGGTTGTCTTTTAGATTTTTAACACCT,1,0
GCGGTTGTCTTTTAGCTATGTTCCAACG,1,0
GCGGTTGTCTTTTAGGTATGATCCAAGC,1,0
GCGGTTGTCTTTTAGGTATGTTCCATGG,47,37
GCGGTTGTCTTTTAGGTATGTTCCCTGT,1,0
GCGGTTGTCTTTTAGGTATTTTCCATTT,3,2
GCGGTTTACTACAAGAAATGAACCACAG,1,0
GCGGTTTACTCGAAGATATGTTCCAGCG,46,0
GCGGTTTACTCGAAGATATGTTCCATCT,3,0
GCGGTTTCCTTTCAGAGGATGGACATGC,0,1
GCGGTTTCCTTTCAGAGGTGGGACATGC,31,75
GCGGTTTCCTTTCAGAGGTGGTACATTC,1,0
GCGGTTTCCTTTCAGAGGTGGTACCTGC,0,1
GCGGTTTCCTTTCAGAGGTGTGACATTC,0,2
GCGGTTTCCTTTCAGAGGTTGGACATTC,1,0
GCGGTTTCCTTTCAGAGGTTTTACATTC,1,5
GCGGTTTCCTTTCAGAGTTGGGACATTC,0,1
GCGGTTTCCTTTCAGAGTTGTGACATGC,4,2
GCGGTTTCCTTTCAGAGTTGTTACATTC,1,0
GCGGTTTCCTTTCAGATGTGGGACATTC,0,1
GCGGTTTCCTTTCAGATTTGGGACAACC,0,1
GCGGTTTCCTTTCAGATTTGGGACATGC,0,2
GCGGTTTCCTTTCAGATTTGGTACATTC,1,0
GCGGTTTCCTTTCAGATTTGTGACATTC,1,3
GCGGTTTCCTTTCAGATTTGTTACATGC,0,1
GCGGTTTCCTTTCAGATTTTGTACATGC,1,0
GCGGTTTCCTTTCAGATTTTTTACATTC,4,3
GCGGTTTGCTTTGAGGATTGTTTCAGAC,0,1
GCGGTTTTCTCATAGTCTTGTATCAAAT,0,1
GCGGTTTTCTGTCAGTACTGTTCCAGAA,1,0
GCGGTTTTCTGTGAGCATTGAGACATCC,49,155
GCGGTTTTCTGTGAGCATTTATACATCC,3,4
GCGTTGTGCTCCCAGGGCTGATTCATGA,0,1
GCTCACAACTCTAACCTTTTGTCCATAT,1,0
GCTCAGGACATGAAGGTTTGAGTCAGCA,1,0
GCTCTGTACTTGCAGCTTTTTACCACTT,1,0
GCTCTTCGCTTCCAGCGTTGGTTCAGCC,1,0
GCTGAAAACTGTAAGTTTTTATTCAGTT,1,0
GCTGAAACCTCCTAGGGTTGTTACCTGC,0,1
GCTGAGTACTTGCAGCTGTGTACCACTT,0,1
GCTGAGTCCTTCGAGCGGTGCGGCACTT,1,0
GCTGCCTACTTACAGCAGTTGTTCAAGC,0,1
GCTGTAAACTCGTAGGCCTGCACCACCG,45,9
GCTGTAAACTCGTAGGCCTTCACCACCT,3,0
GCTGTAAACTGTAAGTGTTGAGGCAGTT,97,105
GCTGTAAACTGTAAGTGTTGAGTCATTT,0,2
GCTGTAAACTGTAAGTGTTGAGTCCGTT,1,0
GCTGTAAACTGTAAGTGTTGATGCATTT,1,0
GCTGTAAACTGTAAGTGTTGATTCAGTT,9,8
GCTGTAAACTGTAAGTGTTTAGTCAGTT,1,0
GCTGTAAACTGTAAGTGTTTATTCAGCT,0,1
GCTGTAAACTGTAAGTTTTGAGTCAGTT,0,1
GCTGTAAACTGTAAGTTTTGATTCCGTT,1,0
GCTGTAAACTGTAAGTTTTTATGCAGTT,1,0
GCTGTAAACTGTAAGTTTTTATTCATTT,7,2
GCTGTAACCTCCTAGGGTTGTTACACTC,0,1
GCTGTAACCTCCTAGGGTTGTTACATGC,34,128
GCTGTAACCTCCTAGGTTTGTTACATTC,6,15
GCTGTAAGCTCGGAGGACTGATTCACTC,0,1
GCTGTAAGCTGAGAGCTGTGGGTCAATC,187,75
GCTGTAAGCTGAGAGCTGTGGGTCCCTC,6,1
GCTGTAAGCTGAGAGCTGTGGTTCACTC,0,1
GCTGTAAGCTGAGAGCTGTGTTTCAATC,14,5
GCTGTAAGCTGAGAGCTGTTTGTCAATC,0,1
GCTGTAAGCTGAGAGCTTTGTGTCAATC,2,1
GCTGTAAGCTGAGAGCTTTGTTTCCCTC,0,1
GCTGTAAGCTGAGAGCTTTTTTTCAATC,5,2
GCTGTAAGCTGGTACTCTTGACCCATGT,0,1
GCTGTAAGCTGGTAGTCATCACCCAGGT,1,0
GCTGTAAGCTGGTAGTCTTGACCCAGGT,142,46
GCTGTAAGCTGGTAGTCTTGACCCATTT,16,1
GCTGTAAGCTGGTAGTCTTTACCCAGTT,2,0
GCTGTAAGCTGGTAGTCTTTACCCATGA,1,0
GCTGTAAGCTGGTAGTCTTTACCCCGGT,0,1
GCTGTAATCTAACAGAGGTGGAACACCG,35,0
GCTGTAATCTAACAGATGTGTAACACCG,1,0
GCTGTAATCTAACAGATTTGTAACACCT,3,0
GCTGTAATCTAACAGATTTTTAACCCCT,1,0
GCTGTAATCTAACAGCTCTTATACATTG,1,0
GCTGTAATCTAACAGCTGTGAGACATTG,193,108
GCTGTAATCTAACAGCTGTGAGACCTTT,1,0
GCTGTAATCTAACAGCTGTGATACATTT,4,3
GCTGTAATCTAACAGCTTTGAGACATTT,5,2
GCTGTAATCTAACAGCTTTGATACATTG,4,2
GCTGTAATCTAACAGCTTTTATACATTT,0,1
GCTGTAATCTAACAGCTTTTATACCTTG,1,0
GCTGTAATCTGGGAGGGCTGGCGCAGCG,0,36
GCTGTAATCTGGGAGGGCTGGCTCATCG,0,3
GCTGTAATCTGGGAGGTCTGTCTCAGCG,0,3
GCTGTAATCTGGGAGGTCTTTCTCATCT,0,2
GCTGTACCCTATGAGGGTTGTCTCCTAT,0,1
GCTGTACCCTATGAGGTGAGTCTCATAG,1,0
GCTGTACCCTATGAGGTGTGGCTCATAG,37,81
GCTGTACCCTATGAGGTGTGGCTCCTAT,1,0
GCTGTACCCTATGAGGTGTGTCTCATAT,2,1
GCTGTACCCTATGAGGTGTGTCTCCTCG,0,1
GCTGTACCCTATGAGGTTTGTCTCATAG,1,0
GCTGTACCCTATGAGGTTTTTCTCATAT,3,3
GCTGTACGCTAGAAGATGTGTGTCAATG,0,85
GCTGTACGCTAGAAGATGTGTGTCCATT,0,1
GCTGTACGCTAGAAGATTTGTGTCAATT,0,2
GCTGTACGCTAGAAGATTTGTGTCACTG,0,1
GCTGTACGCTAGAAGATTTGTGTCCCTT,0,1
GCTGTACGCTAGAAGATTTTTTTCAATG,0,2
GCTGTACGCTATCAGTTATGCCACAAAA,83,180
GCTGTACGCTATCAGTTATGCCACCCAA,0,4
GCTGTACGCTATCAGTTATGCCACCCCC,0,3
GCTGTACGCTCAGAGTAGTGAAACAGGG,0,28
GCTGTACGCTCAGAGTAGTGAAACATTT,0,6
GCTGTACGCTCAGAGTAGTGAAACCGGT,0,1
GCTGTACGCTCAGAGTAGTTAAACAGTG,0,1
GCTGTACGCTCAGAGTATTGAAACATTG,0,1
GCTGTACGCTCAGAGTATTTAAACATTT,0,1
GCTGTACGCTGAGAGCGATGATGCAGTC,0,64
GCTGTACGCTGAGAGCGATGATTCATTC,0,1
GCTGTACGCTGAGAGCGATTATGCATTC,0,1
GCTGTACGCTGAGAGCGATTATTCAGTC,0,2
GCTGTACGCTGAGAGCGGTGGCCCATGG,44,47
GCTGTACGCTGAGAGCGGTGTCCCAATT,1,0
GCTGTACGCTGAGAGCGGTGTCCCATGT,0,1
GCTGTACGCTGAGAGCGGTGTCCCCTGG,1,1
GCTGTACGCTGAGAGCGTTGTCCCATGG,3,3
GCTGTACGCTGAGAGCGTTGTCCCATTT,1,2
GCTGTACGCTGAGAGCGTTTTCCCATGT,0,1
GCTGTACGCTGAGAGCTATGATTCAGTC,0,2
GCTGTACGCTGAGAGCTATTATTCATTC,0,6
GCTGTACGCTGAGAGCTGTGGCCCATTG,1,2
GCTGTACGCTGAGAGCTGTGTCCCATGG,1,0
GCTGTACGCTGAGAGCTGTTTCCCATTG,0,1
GCTGTACGCTGAGAGCTTTGTCCCATGT,0,1
GCTGTACGCTGAGAGCTTTGTCCCATTG,0,1
GCTGTACGCTGAGAGCTTTTTCCCATTT,0,1
GCTGTACGCTGCTAGAGCTGACACATCT,1,0
GCTGTACGCTGCTAGCGCTGTGACATGG,57,33
GCTGTACGCTGCTAGCGCTGTGACATTT,1,0
GCTGTACGCTGCTAGCGCTTTGACATTG,0,1
GCTGTACGCTGCTAGCTCTGTGACATGT,2,0
GCTGTACGCTGCTAGCTCTGTGACATTG,3,3
GCTGTACGCTGCTAGCTCTTTTACATTT,4,3
GCTGTACTCTCAGAGCGGTGAGGCAGTC,0,33
GCTGTACTCTCAGAGCGGTGATTCAGTC,0,2
GCTGTACTCTCAGAGCTTTGAGTCAGTC,0,4
GCTGTACTCTCAGAGCTTTTAGTCATTC,0,1
GCTGTACTCTTGAAGGGCGGTCTCCGCC,0,1
GCTGTACTCTTGAAGGGCTGTCTCAGCC,41,79
GCTGTACTCTTGAAGGTCTGTCTCATCC,4,3
GCTGTAGACTGATAGGAGTGATTCACAC,29,0
GCTGTAGACTGATAGGAGTGATTCCCCC,2,0
GCTGTAGACTGATAGGATTTATTCACAC,2,0
GCTGTAGACTGATAGTATTGATTCACAC,1,0
GCTGTAGACTTATAGACGTGTTCCAATA,1,0
GCTGTAGGCTCTTAGTGGTGTATCAGGG,9,0
GCTGTAGGCTCTTAGTGTTGTATCATGG,1,0
GCTGTAGGCTCTTAGTGTTTTATCATTG,1,0
GCTGTAGGCTCTTAGTTTTGTATCATTT,2,0
GCTGTAGTCTGACAGTACTGGTACACAA,0,1
GCTGTAGTCTGTGAGGCGTGGCGCAGTA,27,0
GCTGTAGTCTGTGAGGCTTGTCGCAGTA,1,0
GCTGTAGTCTTCAAGGTTTGTATCAGAA,12,35
GCTGTAGTCTTCAAGGTTTGTATCATAC,0,1
GCTGTATACTTGTAGCCCTGGGCCCCGT,0,1
GCTGTATACTTGTAGTCCTGGGCCACGT,0,69
GCTGTATACTTGTAGTCCTGGTCCACTT,0,1
GCTGTATACTTGTAGTCCTGTTCCACGT,0,13
GCTGTATACTTGTAGTCCTTGTCCACGT,0,1
GCTGTATACTTGTAGTCCTTTGCCACGT,0,1
GCTGTATCCTAACAGCAATGGTTCAAGC,0,1
GCTGTATCCTTGGAGACATGAAGCATAT,1,0
GCTGTATCCTTTTAGAACTGCGACACAC,0,1
GCTGTATGCTATAAGTCATGATCCAGTA,0,1
GCTGTATGCTTTAAGCATTGGTACAAGG,22,100
GCTGTATGCTTTAAGCATTGGTACAATT,0,1
GCTGTATGCTTTAAGCATTGGTACCAGT,1,0
GCTGTATGCTTTAAGCATTGGTACCCGG,0,3
GCTGTATGCTTTAAGCATTGTTACAAGT,0,3
GCTGTATGCTTTAAGCATTTGTACAAGT,0,2
GCTGTATGCTTTAAGCATTTGTACAATG,0,1
GCTGTATGCTTTAAGCATTTTTACAAGG,1,0
GCTGTATGCTTTAAGCATTTTTACAATT,0,10
GCTGTCAAATCTAAGCGTTGGTCCCGAG,0,1
GCTGTCAACTATAAGCTTTGGTCCAGCT,1,0
GCTGTCAACTATCAGCATTGCGTCAGCG,0,1
GCTGTCAACTATCAGCTGTGCGTCAGCG,0,41
GCTGTCAACTATCAGCTGTGCGTCCGCT,0,1
GCTGTCAACTATCAGCTGTGCTTCATCT,0,5
GCTGTCAACTATCAGCTGTTCTTCAGCG,0,1
GCTGTCAACTATCAGCTTTGCTTCAGCT,0,1
GCTGTCAACTCTAAGCGTTGGGCCAGAG,36,36
GCTGTCAACTCTAAGCGTTGGGCCCGCG,0,1
GCTGTCAACTCTAAGCGTTGGTCCAGCG,0,1
GCTGTCAACTCTAAGCGTTGTTCCAGAG,3,0
GCTGTCAACTCTAAGCGTTGTTCCATAT,0,1
GCTGTCAACTCTAAGCGTTTTTCCATAG,0,1
GCTGTCAACTCTAAGCTTTGGGCCAGAT,1,1
GCTGTCAACTCTAAGCTTTGGTCCAGAG,2,1
GCTGTCAACTCTAAGCTTTTTTCCAGAG,1,0
GCTGTCAACTCTAAGCTTTTTTCCATAT,4,0
GCTGTCAACTTGGAGTTTTTAAACATTA,0,1
GCTGTCACCTATTAGCCTTTTGCCAGGC,1,0
GCTGTCAGCTGTCAGTAGTGAGCCATTT,0,43
GCTGTCAGCTGTCAGTAGTGAGCCCCTT,0,1
GCTGTCAGCTGTCAGTAGTGATCCCTTT,0,2
GCTGTCAGCTGTCAGTAGTTATCCATTT,0,1
GCTGTCAGCTGTCAGTATTGATCCATTT,0,1
GCTGTCAGCTTGTAGTATTGTATCACTT,1,0
GCTGTCAGCTTTGAGCCATGTTTCAAAA,1,0
GCTGTCCACTAATAGCCGTTTGCCATGC,0,1
GCTGTCCACTATTAGCCGTCTGCCCGGC,0,1
GCTGTCCACTATTAGCCGTGAGCCATGC,0,1
GCTGTCCACTATTAGCCGTGTGCCAGGC,41,110
GCTGTCCACTATTAGCCGTGTGCCATTC,3,3
GCTGTCCACTATTAGCCGTGTTCCAGTC,2,7
GCTGTCCACTATTAGCCGTGTTCCATGC,0,3
GCTGTCCACTATTAGCCTTGTGCCAGTC,1,1
GCTGTCCACTATTAGCCTTGTTCCAGGC,1,3
GCTGTCCACTATTAGCCTTTTTCCATTC,2,9
GCTGTCCTCTAAAAGCACTGCCTCACGC,13,0
GCTGTCGGCTAGTAGTGGTGCGGCACAG,18,0
GCTGTCGGCTAGTAGTGTTGCTGCACAG,1,0
GCTGTCGGCTAGTAGTTGTTCGTCACAG,1,0
GCTGTCGGCTAGTAGTTTTGCGGCACAG,1,0
GCTGTCGGCTCAGAGCCTAGTCTCATGT,1,0
GCTGTCGGCTCAGAGCCTATCCTCAAGA,0,1
GCTGTCGGCTCAGAGCCTTGGCTCATGT,113,68
GCTGTCGGCTCAGAGCCTTGTCTCATGA,2,0
GCTGTCGGCTCAGAGCCTTGTCTCCTGT,1,1
GCTGTCGGCTCAGAGCCTTTTCTCATTT,12,10
GCTGTCGGCTCGAAGAGCTGTTTCAATC,32,0
GCTGTCGGCTCGAAGAGCTGTTTCCCTC,1,0
GCTGTCGGCTCGAAGATCTTTTTCAATC,2,0
GCTGTCGGCTCTGAGGCTTGGTCCATGG,0,43
GCTGTCGGCTCTGAGGCTTTTTCCATTT,0,3
GCTGTCGGCTTACAGACCTGTTACACGC,1,0
GCTGTCGTCATACAGATATTATTCATTT,0,1
GCTGTCTACTTACAGCAGTGGTTCAAGC,126,125
GCTGTCTACTTACAGCAGTGGTTCCCGC,4,2
GCTGTCTACTTACAGCAGTTTTTCAATC,11,10
GCTGTCTACTTACAGCATTGTTTCAATC,5,2
GCTGTCTACTTACAGCATTGTTTCACGC,0,2
GCTGTCTACTTACAGCATTTTTTCAAGC,0,1
GCTGTCTACTTGAAGGCTTGTGCCAGCT,0,10
GCTGTCTCCTCGGAGATATGCTTCACCC,1,0
GCTGTCTCCTTGGAGTGTTGAAACATGA,3,39
GCTGTCTCCTTGGAGTGTTTAAACATTA,0,2
GCTGTCTCCTTGGAGTTTTGAAACATTA,0,5
GCTGTCTGCTAAGAGCGGAGACTCATAC,1,0
GCTGTCTGCTAAGAGCGGTGACGCATAC,175,118
GCTGTCTGCTAAGAGCGGTGACGCCTCC,1,0
GCTGTCTGCTAAGAGCGGTGACTCCTAC,0,2
GCTGTCTGCTAAGAGCGGTTACTCATAC,5,3
GCTGTCTGCTAAGAGCGTTTACGCATAC,1,1
GCTGTCTGCTAAGAGCTTTGACGCATCC,0,1
GCTGTCTGCTAAGAGCTTTGACTCATAC,24,18
GCTGTCTGCTACCAGAATTGAATCAGGA,0,26
GCTGTCTGCTACCAGAATTTAATCATTA,0,4
GCTGTCTGCTCGAAGATCTGCATCAATC,1,0
GCTGTCTGCTGAGAGGCATGGTGCAACG,22,0
GCTGTCTGCTGAGAGGCATGGTGCCCCG,2,0
GCTGTCTGCTGAGAGGCATGTTTCAACT,4,0
GCTGTCTGCTGAGAGGCATTGTTCAACG,2,0
GCTGTCTGCTGTAAGGGAGGTAGCCGGT,1,0
GCTGTCTGCTGTAAGGGATGTAGCAGGT,108,31
GCTGTCTGCTGTAAGGGATGTAGCATTT,1,3
GCTGTCTGCTGTAAGGGATGTATCATGT,1,1
GCTGTCTGCTGTAAGGTATGTAGCAGTT,2,0
GCTGTCTGCTGTAAGGTATGTAGCATGT,1,0
GCTGTCTGCTGTAAGGTATGTATCAGGT,2,1
GCTGTCTGCTGTAAGGTATGTATCATTT,9,0
GCTGTCTGCTGTAAGGTATTTAGCATTT,0,1
GCTGTCTGCTGTAAGGTATTTATCAGTT,1,0
GCTGTCTGCTGTAAGGTATTTATCATGT,0,1
GCTGTCTTCTGTGAGTCATGCTACACTT,1,0
GCTGTCTTCTGTGAGTGTTGCTACACGT,145,18
GCTGTCTTCTGTGAGTGTTTCTACACTT,5,1
GCTGTCTTCTGTGAGTTTTTCTACACGT,1,1
GCTGTCTTCTTCAAGACGTGAGACAAGC,28,25
GCTGTCTTCTTCAAGACGTGAGACCCGC,0,3
GCTGTCTTCTTCAAGACTTGAGACAATC,3,4
GCTGTCTTCTTCAAGACTTTATACAATC,1,0
GCTGTCTTCTTCAAGACTTTATACCCTC,1,0
GCTGTGAACTGGTAGGAATGCATCATCC,1,0
GCTGTGAACTGGTAGGTATGCATCAGCC,94,275
GCTGTGAACTGGTAGGTATGCATCCTCC,1,1
GCTGTGAACTGGTAGGTATGCCTCATCC,0,1
GCTGTGAACTGGTAGGTATTCATCATCC,8,18
GCTGTGAACTGGTAGGTATTCATCCGCC,1,1
GCTGTGAACTGGTAGTTATGCATCCGCC,0,1
GCTGTGAGCTCGTAGTACTGTTGCACTA,0,1
GCTGTGATCTACAAGATATGATCCATCA,0,41
GCTGTGATCTACAAGATATTAACCATCA,0,1
GCTGTGATCTCTGAGAATTGCGTCAGAG,41,0
GCTGTGATCTCTGAGAATTTCTTCATAT,3,0
GCTGTGCACTAGAAGGGATGAGTCAGAG,25,0
GCTGTGCACTAGAAGGGATGATTCCGAT,1,0
GCTGTGCACTAGAAGGTATTATTCATAT,2,0
GCTGTGCACTCTCAGCACTGGCACACAC,1,0
GCTGTGCACTTAGAGTGATGCTACAGCT,66,134
GCTGTGCACTTAGAGTGATTCTACATCT,0,8
GCTGTGCACTTAGAGTTATGCAACATCA,1,0
GCTGTGCACTTAGAGTTATGCTACATCT,3,0
GCTGTGCCCTAGGAGGAGTGCGCAGCTA,2,1
GCTGTGCCCTAGGAGGAGTGCGCATCTC,1,0
GCTGTGCCCTCGGAGATATTCAACAACC,0,1
GCTGTGCCCTCTCAGATCTGGCACACAA,84,68
GCTGTGCCCTCTCAGATCTGGCACCCAC,1,1
GCTGTGCCCTCTCAGATCTGGCACCCCA,0,1
GCTGTGCCCTCTCAGATCTTTCACACAA,8,8
GCTGTGCCCTTGGAGGGGTGTCACACGC,0,24
GCTGTGCCCTTGGAGGTGTTTCACACGC,0,1
GCTGTGCCCTTGGAGGTTTGTCACACTC,0,7
GCTGTGCGCTATTAGCCTTGATCCATGC,0,1
GCTGTGCGCTCGTAGAATTGCTCCATCC,0,1
GCTGTGCGCTCGTAGAGTTGATCCAACC,0,1
GCTGTGCGCTCGTAGATGTGATCCATCC,43,32
GCTGTGCGCTCGTAGATTTTATCCATCC,0,2
GCTGTGCGCTCTTAGTCTTGTTGCAGCG,58,49
GCTGTGCGCTCTTAGTCTTGTTGCATCT,2,2
GCTGTGCGCTCTTAGTCTTGTTGCCTCG,1,0
GCTGTGCGCTCTTAGTCTTGTTTCAGCT,2,1
GCTGTGCGCTCTTAGTCTTGTTTCATCG,2,1
GCTGTGCGCTCTTAGTCTTTTTTCATCT,6,4
GCTGTGCGCTTTCAGGTATGGACCATAC,0,1
GCTGTGCTCTCACAGGCATGGTACATTG,33,33
GCTGTGCTCTCACAGGCATGTTACCTTG,0,1
GCTGTGCTCTCACAGGCATTTTACATTT,5,0
GCTGTGCTCTGAAAGATCTGATTCAGCC,1,0
GCTGTGGACTTCGAGATCTGAAGCACAG,0,1
GCTGTGGACTTCGAGATCTGTAGCACTG,0,43
GCTGTGGACTTCGAGATCTTTATCACTT,0,3
GCTGTGGCCTCGCAGTAGTGCGCCAGGA,31,43
GCTGTGGCCTCGCAGTAGTGCGCCCGGC,1,0
GCTGTGGCCTCGCAGTAGTTCTCCAGTA,1,0
GCTGTGGCCTCGCAGTAGTTCTCCATGA,5,2
GCTGTGGCCTCGCAGTATTTCTCCATTA,0,2
GCTGTGGCCTGTAAGATTTGTCTCATTG,0,1
GCTGTGGCCTGTTAGATGTGGCGCAGGG,31,42
GCTGTGGCCTGTTAGATGTGTCTCAGTG,3,3
GCTGTGGCCTGTTAGATGTGTCTCATGG,0,1
GCTGTGGCCTGTTAGATGTTGCGCATGG,0,1
GCTGTGGCCTGTTAGATGTTGCTCATTG,1,0
GCTGTGGCCTGTTAGATTTGGCTCATGG,1,0
GCTGTGGCCTGTTAGATTTGTCGCAGTG,1,0
GCTGTGGCCTGTTAGATTTTGCGCATTT,0,1
GCTGTGGCCTGTTAGATTTTTCTCATGG,1,0
GCTGTGGCCTGTTAGATTTTTCTCATTT,2,3
GCTGTGGCCTTGTAGGGCTGCATCATTT,90,70
GCTGTGGCCTTGTAGGTCTGCATCCTTT,0,1
GCTGTGGCCTTGTAGGTCTGCCTCATTA,0,1
GCTGTGGCCTTGTAGGTCTTCATCATTT,3,3
GCTGTGGGCTGCTAGGTTTGATCCAAGT,0,73
GCTGTGGGCTGCTAGGTTTGATCCCCGT,0,1
GCTGTGGGCTGCTAGGTTTTATCCAATT,0,3
GCTGTGGGCTGGCAGATTGGGATCCCGC,0,1
GCTGTGGGCTGGCAGATTTGGATCACGC,79,103
GCTGTGGGCTGGCAGATTTGTATCACTC,9,6
GCTGTGGGCTGGCAGATTTTGATCACTC,2,2
GCTGTGGGCTGGCAGATTTTTATCACGC,1,1
GCTGTGGGCTGGCAGGACACTATCAGCT,0,1
GCTGTGGGCTGGCAGGCCGGGAGCCGCT,0,1
GCTGTGGGCTGGCAGGCCTGCAGCAGCA,0,1
GCTGTGGGCTGGCAGGCCTGGAGCAGCT,81,89
GCTGTGGGCTGGCAGGCCTGGAGCCTCT,1,0
GCTGTGGGCTGGCAGGCCTGGATCATCT,0,3
GCTGTGGGCTGGCAGGCCTGTATCAGCT,0,2
GCTGTGGGCTGGCAGGCCTTGAGCATCT,1,0
GCTGTGGGCTGGCAGGCCTTGATCAGCT,0,1
GCTGTGGGCTGGCAGGCCTTTATCATCT,5,2
GCTGTGGGCTGGCATGCCTTTAGCAGCT,0,1
GCTGTGGGCTGTAAGTTTTGCTGCACGG,80,22
GCTGTGGGCTGTAAGTTTTGCTGCACTT,2,0
GCTGTGGGCTGTAAGTTTTGCTGCCCGT,1,0
GCTGTGGGCTGTAAGTTTTGCTTCACGT,2,0
GCTGTGGGCTGTAAGTTTTTCTTCACTT,10,2
GCTGTGGGCTGTAAGTTTTTCTTCCCGG,1,0
GCTGTGGGCTGTGAGCAATGGATCACGG,1,0
GCTGTGGGCTGTGAGCTTTGGATCACGG,84,57
GCTGTGGGCTGTGAGCTTTGTATCACTT,5,7
GCTGTGGGCTGTGAGCTTTTGATCACTG,2,0
GCTGTGGGCTGTGAGCTTTTTAACCCTG,1,0
GCTGTGGGCTGTGAGCTTTTTATCCCGT,0,1
GCTGTGGGCTTCGAGTCTTGACCCACCA,47,39
GCTGTGGGCTTCGAGTCTTGACCCCCCC,1,0
GCTGTGGGCTTCGAGTCTTTACCCCCCA,0,1
GCTGTGGGCTTTAAGGCTTGCGTCATCT,108,39
GCTGTGGGCTTTAAGGCTTTCTTCATCT,5,3
GCTGTGGGCTTTTAGGCGTGTTCCCCCT,0,1
GCTGTGGTCTAAAAGTTGTGTGCCACGT,37,0
GCTGTGGTCTAAAAGTTGTGTTCCACTT,3,0
GCTGTGGTCTAAAAGTTTTGTTCCACGT,1,0
GCTGTGGTCTCACAGTGATGTCGCAGCG,78,0
GCTGTGGTCTCACAGTGATGTCTCAGCT,2,0
GCTGTGGTCTCACAGTGATGTCTCATCG,10,0
GCTGTGGTCTCACAGTTATGTCGCATCG,1,0
GCTGTGGTCTTTTAGTAGTGCTGCATAC,1,0
GCTGTGTACTAGCAGCTTTGTACCACGT,1,0
GCTGTGTACTAGCAGCTTTTTACCACTT,1,1
GCTGTGTACTCTGAGCACTGCCACACAA,0,1
GCTGTGTACTTGCAGCATTGAACCACGA,1,0
GCTGTGTACTTGCAGCATTGTACCACGT,2,0
GCTGTGTACTTGCAGCTGGGTACCCCGT,1,1
GCTGTGTACTTGCAGCTGTCTACCCCGT,0,1
GCTGTGTACTTGCAGCTGTGTACCACGT,559,590
GCTGTGTACTTGCAGCTGTTTACCACTT,5,4
GCTGTGTACTTGCAGCTTTGTACCACTT,26,22
GCTGTGTACTTGCAGCTTTGTACCCCGT,1,0
GCTGTGTACTTGCAGCTTTTTACCACGT,3,1
GCTGTGTCCTGGGAGCGCTGCGTCACTA,0,1
GCTGTGTCCTTGGAGCGGTGCTCCACAT,0,1
GCTGTGTCCTTGGAGGCTTGCTGCACAT,0,1
GCTGTGTCCTTGGAGGCTTGCTTCACTT,0,1
GCTGTGTCCTTGGAGGGCTGCCTCACAT,0,1
GCTGTGTCCTTGGAGGGGTGCGGCACTT,463,657
GCTGTGTCCTTGGAGGGGTGCGTCCCTT,2,0
GCTGTGTCCTTGGAGGGGTGCTGCCCTT,2,3
GCTGTGTCCTTGGAGGGGTGCTTCACTT,23,37
GCTGTGTCCTTGGAGGGGTTCGTCACTT,2,5
GCTGTGTCCTTGGAGGGGTTCTGCACTT,1,2
GCTGTGTCCTTGGAGGGTTGCGGCCCTT,1,0
GCTGTGTCCTTGGAGGGTTGCGTCACTT,3,3
GCTGTGTCCTTGGAGGGTTGCTGCACTT,2,2
GCTGTGTCCTTGGAGGGTTTCTTCCCTT,1,0
GCTGTGTCCTTGGAGGTGTGCGGCCCTT,1,1
GCTGTGTCCTTGGAGGTGTGCGTCACTT,4,4
GCTGTGTCCTTGGAGGTGTGCTGCACTT,3,13
GCTGTGTCCTTGGAGGTGTTCGGCACTT,1,1
GCTGTGTCCTTGGAGGTTTGCGGCACTT,17,25
GCTGTGTCCTTGGAGGTTTTCGTCACTA,0,1
GCTGTGTCCTTGGAGGTTTTCTTCACTT,30,34
GCTGTGTGCTATAAGGGGTGTTTCATGG,0,77
GCTGTGTGCTATAAGGTGTGTTTCATGT,0,1
GCTGTGTGCTATAAGGTTTGTTTCATGG,0,6
GCTGTGTGCTATAAGGTTTGTTTCATTT,0,4
GCTGTGTGCTCGTAGAATTGAGGCAGTT,69,0
GCTGTGTGCTCGTAGAATTGAGTCATTT,2,0
GCTGTGTGCTCGTAGAATTGATTCAGTT,4,0
GCTGTGTGCTCGTAGAATTTATTCATTT,2,0
GCTGTGTGCTGTCAGAGGTTCACCCCAC,1,0
GCTGTGTGCTGTCAGCGCTCCACCCCTC,1,0
GCTGTGTGCTGTCAGCGGTGCACCACTC,48,0
GCTGTGTGCTGTCAGCGTTTCACCACTC,1,0
GCTGTGTGCTGTCAGCTGTGCACCCCTC,1,0
GCTGTGTGCTGTCAGCTGTTCACCACTC,2,0
GCTGTGTGCTGTCAGCTTTGCACCACTC,7,0
GCTGTGTGCTTGGAGGGGTGCAGCACTC,0,36
GCTGTGTGCTTGGAGGGGTTCATCACTC,0,1
GCTGTGTGCTTGGAGGTTTGCAGCACTC,0,1
GCTGTGTGCTTGGAGGTTTGCATCCCTC,0,1
GCTGTGTGCTTGGAGGTTTTCATCACTC,0,1
GCTGTTAACTGACAGGTGTGAGCCATCG,0,35
GCTGTTAACTGACAGGTGTGATCCATCT,0,4
GCTGTTAACTGACAGGTGTTATCCATCG,0,1
GCTGTTAACTGACAGGTTTGAGCCATCT,0,1
GCTGTTAACTTTCAGCGCTGCTTCACCC,0,1
GCTGTTAACTTTCAGCGGTGCTGCAGCC,110,57
GCTGTTAACTTTCAGCGGTGCTTCATCC,6,2
GCTGTTAACTTTCAGCGGTTCTGCATCC,1,0
GCTGTTAACTTTCAGCTTTGCTGCATCC,4,8
GCTGTTAACTTTCAGCTTTGCTTCAGCC,1,2
GCTGTTAACTTTCAGCTTTTCTTCATCC,2,5
GCTGTTACCTCAGAGTGGTGCAGCATCA,0,36
GCTGTTACCTCAGAGTGTTGCATCATCA,0,2
GCTGTTACCTCAGAGTTGTGCATCATCA,0,1
GCTGTTACCTCAGAGTTTTTCATCATCA,0,1
GCTGTTACCTCGTAGTGCTGTTCCAATG,88,85
GCTGTTACCTCGTAGTGCTGTTCCCCTG,2,1
GCTGTTACCTCGTAGTGCTTTTCCAATT,1,1
GCTGTTACCTCGTAGTTCTGTTCCAATT,0,3
GCTGTTAGCTAGCAGCGCTGTGACAATT,94,145
GCTGTTAGCTAGCAGCGCTGTGACCCTT,2,4
GCTGTTAGCTAGCAGCGCTTTTACAATT,0,1
GCTGTTAGCTAGCAGCTCTGTGACAATA,0,1
GCTGTTAGCTAGCAGCTCTGTGACACTT,0,1
GCTGTTAGCTAGCAGCTCTGTGACCATT,1,0
GCTGTTAGCTAGCAGCTCTGTTACAATT,7,8
GCTGTTAGCTAGCAGCTCTTTGACAATT,1,2
GCTGTTAGCTGTAAGAGGTGTCACATCC,0,43
GCTGTTAGCTGTAAGAGTTGTCACCTCC,0,2
GCTGTTAGCTGTAAGATTTTTCACATCC,0,3
GCTGTTAGCTTACAGTAGTGCATCACCC,0,83
GCTGTTAGCTTACAGTATTTCATCACCC,0,1
GCTGTTAGCTTTCAGGATTGAATCATCC,1,0
GCTGTTAGCTTTCAGGTTTGTATCAGAC,37,34
GCTGTTAGCTTTTAGGTATGTCCCAGGT,24,0
GCTGTTAGCTTTTAGTTATGTCCCATTT,1,0
GCTGTTCACTCGCAGTAATGCTTCATCG,0,1
GCTGTTCGCTCGAAGCTCTGGGCCATTT,0,26
GCTGTTCGCTCGAAGCTCTGTTCCATTT,0,4
GCTGTTCGCTGCCAGGCGTGATTCAGCA,25,24
GCTGTTCGCTGCCAGGCGTGATTCATCC,1,0
GCTGTTCGCTGCCAGGCTTGATTCATCA,2,3
GCTGTTCGCTGTGAGTTTTGAGGCAGGG,0,30
GCTGTTCGCTGTGAGTTTTTAGGCAGTG,0,1
GCTGTTCGCTGTGAGTTTTTATTCATTT,0,2
GCTGTTCGCTTCAAGGGGTGGCCCATAG,34,87
GCTGTTCGCTTCAAGGGGTGTCCCATAT,0,2
GCTGTTCGCTTCAAGGGGTTGCCCATAT,0,1
GCTGTTCGCTTCAAGGGTTGGCCCATAT,1,1
GCTGTTCGCTTCAAGGTGTGGCCCCTCG,0,1
GCTGTTCGCTTCAAGGTTTGTCCCATAG,8,9
GCTGTTCGCTTCAAGGTTTTGCCCATAG,1,0
GCTGTTCGCTTCAAGGTTTTTCCCATAT,2,3
GCTGTTCGCTTGGAGACATGCCGCAACA,38,36
GCTGTTCGCTTGGAGACATGCCGCCCCA,1,1
GCTGTTCGCTTGGAGACATGCCTCACCA,0,1
GCTGTTCGCTTGGAGACATTCCTCAACA,2,1
GCTGTTGACAGCGAGAACTTTTACACCT,1,0
GCTGTTGACTTCAAGATCTGCTTCAGAA,29,86
GCTGTTGACTTCAAGATCTTCTTCATAA,1,1
GCTGTTGCCTAGGAGAGCTGCGACAGAC,26,0
GCTGTTGCCTAGGAGAGCTTCGACATAC,1,0
GCTGTTGCCTAGGAGATCTGCGACATAC,1,0
GCTGTTGCCTTGCAGGGCGGTGGCCGAG,1,0
GCTGTTGCCTTGCAGGGCTGTGGCAGAG,62,37
GCTGTTGCCTTGCAGGGCTGTTTCAGAG,2,0
GCTGTTGCCTTGCAGGTCTGTGGCATAG,1,1
GCTGTTGCCTTGCAGGTCTGTGTCAGAG,8,4
GCTGTTGCCTTGCAGGTCTGTTTCAGAT,1,0
GCTGTTGCCTTGCAGGTCTGTTTCATAG,1,1
GCTGTTGCCTTGCAGGTCTTTTTCATAT,1,0
GCTGTTGGCTTTTAGGCGTGCGACAGTC,0,31
GCTGTTGGCTTTTAGGCTTGCGACATTC,0,1
GCTGTTGGCTTTTAGGCTTTCTACAGTC,0,2
GCTGTTGGTTGAGAGGCTTGTTGCAAAA,30,0
GCTGTTGGTTGAGAGGCTTGTTGCCCCA,2,0
GCTGTTGGTTGAGAGGCTTGTTTCCAAA,1,0
GCTGTTGGTTGAGAGGCTTTTTTCAAAA,1,0
GCTGTTGTCTTCTAGCATTGGGTCACGT,0,37
GCTGTTGTCTTCTAGCATTGTTTCACGT,0,3
GCTGTTGTCTTCTAGCATTTTTTCACTT,0,1
GCTGTTGTCTTGAAGATATGTTTCATCA,0,1
GCTGTTGTCTTGGAGAATTGTTACAGTA,0,1
GCTGTTGTCTTGGAGAATTGTTTCATGA,1,0
GCTGTTGTCTTGTAGAAATGTTACAGCA,1,0
GCTGTTGTCTTGTAGAATTGTTACAGGA,81,135
GCTGTTGTCTTGTAGAATTGTTACATTA,7,9
GCTGTTGTCTTGTAGAATTGTTACCGGC,1,0
GCTGTTGTCTTGTAGAATTTTTACAGTA,1,1
GCTGTTGTCTTGTAGCAATGTTACACGA,0,1
GCTGTTGTCTTTGAGAAATGCTTCAATG,109,289
GCTGTTGTCTTTGAGAAATGCTTCCCTG,2,10
GCTGTTGTCTTTGAGAAATTCTTCAATT,2,16
GCTGTTGTCTTTGAGAACTGCTACAAAG,1,0
GCTGTTGTCTTTTAGAAATGCTTCAATT,1,0
GCTGTTTACCTTCAGAGTTGTGTCATTT,0,1
GCTGTTTACTCGCAGTTCTAGTCCACTC,1,0
GCTGTTTACTCGCAGTTGTAGGCCACGA,25,74
GCTGTTTACTCGCAGTTGTAGGCCCCGC,0,1
GCTGTTTACTCGCAGTTGTAGTCCACTA,1,1
GCTGTTTACTCGCAGTTGTAGTCCCCGA,0,1
GCTGTTTACTCGCAGTTGTATTCCACGA,2,3
GCTGTTTACTCGCAGTTTTAGGCCACTA,1,1
GCTGTTTACTCGCAGTTTTAGTCCACGA,0,1
GCTGTTTACTCGCAGTTTTATGCCACGA,1,0
GCTGTTTACTTACAGATTTTTTTCCTTT,1,0
GCTGTTTACTTTAAGATTTGAGTCAAAT,0,1
GCTGTTTACTTTCAGAGTTGTGGCATTT,189,201
GCTGTTTACTTTCAGAGTTGTTTCATTT,12,15
GCTGTTTACTTTCAGAGTTTTGTCATTT,1,3
GCTGTTTACTTTCAGATTTGTGTCATTT,2,4
GCTGTTTACTTTCAGATTTGTTGCATTT,1,0
GCTGTTTACTTTCAGATTTTTTTCATTT,1,2
GCTGTTTCCTAACAGGGCTGGTCCAGAA,0,15
GCTGTTTCCTAACAGGGCTTTTCCATAA,0,1
GCTGTTTCCTAACAGGTCTGTTCCATAA,0,2
GCTGTTTCCTAACAGGTCTTTTCCAGAA,0,1
GCTGTTTCCTATCAGACATGAAACAAAC,0,1
GCTGTTTCCTTGGAGTCATGATGCATAT,0,1
GCTGTTTGCTAACAGTGCTGAGTCATTT,5,0
GCTGTTTGCTGCGAGTGGTGCAACATCG,49,0
GCTGTTTGCTGCGAGTGTTGCAACATCT,1,0
GCTGTTTGCTGCGAGTTGTGCAACATCT,1,0
GCTGTTTGCTGGGAGGTATGTTACACAC,0,1
GCTGTTTGCTGTGAGCACTGTTCCACCG,1,0
GCTGTTTGCTGTGAGGTATGTTACACCG,162,79
GCTGTTTGCTGTGAGGTATGTTACCCCT,1,0
GCTGTTTGCTGTGAGGTATTTTACACCT,0,3
GCTGTTTGCTGTGAGTTATGTTACACCT,0,1
GCTGTTTTCTGAGAGTGCTGGTCCAGGG,0,25
GCTGTTTTCTGAGAGTGCTGTTCCATGG,0,2
GCTGTTTTCTGAGAGTTCTGTTCCATTG,0,1
GGACTCGGCTTAAAGTCTTTCAACATAT,1,0
GGAGAAGACTTCAAGGCATGATACAATC,1,0
GGAGACTGCTCGTAGGTCTTGGCCAGGT,1,0
GGAGACTGCTTCCAGGGGTGTTTCATTT,1,0
GGAGAGCGCTAGAAGGCATGCTTCATCT,1,0
GGAGAGGGCTGTCAGGCCTGCCTCAAAT,1,0
GGAGATCGCTTATAGGCTTGATTCACTT,1,0
GGAGATGGCTGTCAGTATTGTTTCATTC,1,0
GGAGTAAACATGAAGCGATGTGCCAGCG,1,0
GGAGTAAACTGGCAGTTTTGAAACAGTT,1,0
GGAGTAAACTTGAAGCGATGACCCAGCT,1,0
GGAGTAAACTTGCAGGGATGGACCATAG,0,32
GGAGTAAACTTGCAGGGATGTACCATAT,0,3
GGAGTAAACTTGCAGGTAAGTACCATAT,0,1
GGAGTAAACTTGCAGGTATTTACCATAT,0,1
GGAGTAACCTTGTAGCTATGTGGCACTG,160,135
GGAGTAACCTTGTAGCTATGTGTCACTT,2,1
GGAGTAACCTTGTAGCTATGTGTCCCTG,2,0
GGAGTAACCTTGTAGCTATGTTGCACTT,1,1
GGAGTAACCTTGTAGCTATGTTGCCCTG,0,1
GGAGTAACCTTGTAGCTATGTTTCACAT,0,1
GGAGTAACCTTGTAGCTATGTTTCACTG,8,9
GGAGTAACCTTGTAGCTATTTGTCACTG,2,0
GGAGTAACCTTGTAGCTATTTTTCACTT,3,2
GGAGTAACCTTTTAGCCATGCGTCACTT,1,0
GGAGTAAGCTTATAGCGATGCTCCATGT,0,37
GGAGTAAGCTTATAGCTATGCTCCATTT,0,1
GGAGTAAGCTTGTAGGCTTGCACCAGGT,13,155
GGAGTAAGCTTGTAGGCTTTCACCATTT,1,17
GGAGTAAGCTTGTAGTCTTTCACCATGT,0,1
GGAGTAAGCTTTCAGCTTTGATGCATGC,1,0
GGAGTAAGCTTTCAGGTTTGAGGCATGC,104,31
GGAGTAAGCTTTCAGGTTTGAGTCATTC,2,0
GGAGTAAGCTTTCAGGTTTGAGTCCTGC,1,0
GGAGTAAGCTTTCAGGTTTGATGCATTC,3,0
GGAGTAAGCTTTCAGGTTTGATTCATGC,4,1
GGAGTAAGCTTTCAGGTTTTAGGCATTC,2,0
GGAGTAAGCTTTCAGGTTTTAGTCATGC,1,0
GGAGTAAGCTTTCAGGTTTTATTCATTC,8,2
GGAGTAATCTGGAAGGCTAGTCTCAAAT,1,0
GGAGTAATCTGGAAGGGTTGTCGCAAAG,54,16
GGAGTAATCTGGAAGGGTTGTCGCCCAG,0,3
GGAGTAATCTGGAAGGGTTGTCTCAAAT,1,3
GGAGTAATCTGGAAGGTTTGTCTCAAAG,3,2
GGAGTAATCTTAAAGGACTGACACAAAG,1,0
GGAGTAATCTTATAGGACTGTCACAATG,252,66
GGAGTAATCTTATAGGACTGTCACACTT,1,0
GGAGTAATCTTATAGGACTGTCACCCTG,6,1
GGAGTAATCTTATAGGACTTTCACAATT,7,0
GGAGTACACTGGAAGTCATGAGTCAACC,0,29
GGAGTACACTGGAAGTCATGATTCACCC,0,1
GGAGTACACTGGAAGTCATTATTCAACC,0,2
GGAGTACACTTATAGTTTTGCATCAACT,0,1
GGAGTACCCTTCCAGGCTTGGTTCACTA,0,22
GGAGTACCCTTCCAGGCTTTTTTCACTA,0,5
GGAGTACGCTAATAGGCTTTATTCACTG,0,1
GGAGTACGCTGATAGGCTTGCATCACTT,1,0
GGAGTACGCTGCCAGAATTGATCCATCA,0,1
GGAGTACGCTGCCAGTTATGCAACAGAG,0,122
GGAGTACGCTGCCAGTTATGCAACCGCG,0,2
GGAGTACGCTGCCAGTTATTCAACATAT,0,16
GGAGTACGCTTATAGGCTTGATTCACTG,1,0
GGAGTACTATATAAGTATTTATTCACTA,1,0
GGAGTACTCAGCCAGTTATTCAACATAT,0,1
GGAGTACTCTGCGAGGAGTTTTCCACCT,1,0
GGAGTAGACTAACAGCACTGCAGCACGG,79,13
GGAGTAGACTAACAGCACTGCATCACGT,2,0
GGAGTAGACTAACAGCACTGCATCACTG,3,0
GGAGTAGACTAACAGCACTTCAGCACTG,1,0
GGAGTAGACTAACAGCACTTCATCACTT,10,2
GGAGTAGACTTCAAGGCATGATACAAGC,72,11
GGAGTAGACTTCAAGGCATGATACCATC,1,0
GGAGTAGACTTCAAGGCATGATACCCGC,4,2
GGAGTAGCCTCCGAGGTCTGCCTCAACT,34,78
GGAGTAGCCTCCGAGGTCTGCCTCCCCT,0,2
GGAGTAGCCTGCCAGATATGAATCACAC,0,1
GGAGTAGGCTACCAGCGCTGCTTCAATC,0,35
GGAGTAGGCTACCAGCGCTGCTTCCCTC,0,2
GGAGTAGGCTCAGAGAATTGTGTCATCA,0,53
GGAGTAGGCTCAGAGAATTGTTTCCTCA,0,2
GGAGTAGGCTCAGAGAATTTTTTCATCA,0,1
GGAGTAGGCTGCCAGAATTGATCCAGCA,114,24
GGAGTAGGCTGCCAGAATTTATCCATCA,7,0
GGAGTAGGCTTTGAGGGGTGGATCATAA,0,34
GGAGTAGGCTTTGAGGGGTTTATCATAA,0,1
GGAGTAGGCTTTGAGGGTTGTATCATAA,0,1
GGAGTAGGCTTTGAGGTTTGGATCATAA,0,3
GGAGTAGTCTAGGAGCGATGAAACACCC,1,0
GGAGTAGTCTAGGAGCGATGTAACAGCA,82,118
GGAGTAGTCTAGGAGCGATGTAACCGCC,0,2
GGAGTAGTCTAGGAGCGATTTAACATCA,1,2
GGAGTAGTCTAGGAGCTATGTAACATCA,5,4
GGAGTAGTCTAGGAGCTATTTAACAGCA,0,1
GGAGTAGTCTGATAGGGGTGCGACACTG,5,0
GGAGTAGTCTGATAGGTTTGCGACACTG,1,0
GGAGTAGTCTGATAGGTTTGCTACCCTG,1,0
GGAGTAGTCTGGCAGCACTGTCTCAAGA,0,1
GGAGTAGTCTGGCAGGTCTGTCTCATGA,0,41
GGAGTAGTCTGTCAGTATTTTTTCATTC,0,1
GGAGTATACTGGCAGTTGTGAAACAGTT,36,0
GGAGTATACTTGAAGCCATGTCCCAGCG,1,0
GGAGTATACTTGAAGCGATCTTCCCTCT,0,1
GGAGTATACTTGAAGCGATGTGCCAGCG,212,162
GGAGTATACTTGAAGCGATGTGCCATCT,0,3
GGAGTATACTTGAAGCGATGTTCCAGCT,3,2
GGAGTATACTTGAAGCGATGTTCCATCG,4,1
GGAGTATACTTGAAGCGATTTGCCATCG,1,1
GGAGTATACTTGAAGCGATTTTCCATCT,1,2
GGAGTATACTTGAAGCTATGTGCCAGCT,2,1
GGAGTATACTTGAAGCTATGTGCCATCG,1,5
GGAGTATACTTGAAGCTATGTTCCAGCG,2,2
GGAGTATACTTGAAGCTATGTTCCATCT,6,13
GGAGTATACTTGAAGCTATTTGCCAGCG,1,0
GGAGTATACTTGAAGCTATTTTCCAGCT,0,1
GGAGTATACTTGAAGCTATTTTCCATCG,1,2
GGAGTATACTTGTAGAATTGACGCACAA,0,1
GGAGTATCCTGTTAGCGTTGGGTCATGG,22,0
GGAGTATCCTGTTAGCTTTGGGTCATTG,2,0
GGAGTATCCTGTTAGCTTTGGTTCATTT,1,0
GGAGTATCCTGTTAGCTTTGTGTCATGG,1,0
GGAGTATCCTGTTAGCTTTTGGTCATGG,1,0
GGAGTATCCTGTTAGCTTTTTTTCATTT,3,0
GGAGTATGCTGCGAGATTTGTCGCACGG,83,89
GGAGTATGCTGCGAGATTTGTCGCACTT,1,2
GGAGTATGCTGCGAGATTTGTCTCACGT,2,1
GGAGTATGCTGCGAGATTTGTCTCACTG,6,7
GGAGTATGCTGCGAGATTTTTCGCACGT,0,1
GGAGTATGCTGCGAGATTTTTCTCACGG,1,0
GGAGTATGCTGCGAGATTTTTCTCACTT,5,3
GGAGTATGCTGCGAGATTTTTCTCCCGT,0,2
GGAGTATGCTGTTAGGAATGGGCCAGGT,68,30
GGAGTATGCTGTTAGGAATGGTCCAGGA,1,0
GGAGTATGCTGTTAGGAATGTGCCATTT,1,0
GGAGTATGCTGTTAGGAATGTTCCAGGT,2,3
GGAGTATGCTGTTAGGAATTGTCCATGT,1,0
GGAGTATGCTGTTAGGAATTTGCCAGGT,1,1
GGAGTATGCTGTTAGGAATTTTCCATTT,4,1
GGAGTATGCTTGGAGTGCTGTTACAGCG,0,24
GGAGTATGCTTGGAGTGCTGTTACCGCT,0,1
GGAGTATGCTTGGAGTGCTTTTACATCT,0,2
GGAGTATGCTTTAAGCACTGTCACAATG,0,1
GGAGTATGGTGTTAGGAATGGGCCCGGT,1,0
GGAGTCAACTGGGAGTTGTGTGTCAATT,22,0
GGAGTCAACTGGGAGTTTTGTTTCAATT,5,0
GGAGTCAACTGGGAGTTTTTTGTCAATT,1,0
GGAGTCAACTGTGAGATTTGTTTCAAAT,1,0
GGAGTCATCTACTAGGCTTTCCTCACTT,1,0
GGAGTCATCTAGTAGGCTTGCCTCACTT,76,49
GGAGTCATCTGATAGTTATGACCCATGC,0,26
GGAGTCATCTGATAGTTATTACCCATTC,0,2
GGAGTCATCTGGCAGACTTGCTGCACTT,136,139
GGAGTCATCTGGCAGACTTGCTTCACTA,2,0
GGAGTCATCTGGCAGACTTTCTTCACTT,16,11
GGAGTCATCTTGTAGTACTGTGACAGTG,6,0
GGAGTCCACTAATAGATGTGCATCAATT,0,1
GGAGTCCACTTATAGTTGTGCAGCAAGT,0,65
GGAGTCCACTTATAGTTGTGCATCAATT,0,3
GGAGTCCACTTATAGTTGTGCATCACGT,0,1
GGAGTCCACTTATAGTTGTTCAGCAATT,0,1
GGAGTCCACTTATAGTTGTTCATCAAGT,0,1
GGAGTCCACTTATAGTTTTGCATCAAGT,0,1
GGAGTCCACTTATAGTTTTTCAGCAAGT,0,2
GGAGTCCCCTACGAGTTGGGGGCCCCGT,1,0
GGAGTCCCCTAGGAGTATTGGGCCACGT,0,1
GGAGTCCCCTAGGAGTTGTGGGCCACGT,119,110
GGAGTCCCCTAGGAGTTGTGGTCCACTT,0,3
GGAGTCCCCTAGGAGTTGTGTGCCACTT,0,2
GGAGTCCCCTAGGAGTTGTGTTCCACGT,6,8
GGAGTCCCCTAGGAGTTGTTGTCCACGT,1,0
GGAGTCCCCTAGGAGTTGTTTGCCACGT,1,0
GGAGTCCCCTAGGAGTTTTGGGCCCCGT,1,0
GGAGTCCCCTAGGAGTTTTGGTCCACGT,2,0
GGAGTCCCCTAGGAGTTTTGTGCCACGT,1,1
GGAGTCCCCTAGGAGTTTTTGGCCACGT,1,0
GGAGTCCCCTAGGAGTTTTTTTCCACTT,11,6
GGAGTCCCCTGTGAGTGTTGTCACATTC,0,66
GGAGTCCCCTGTGAGTTTTTTCACATTC,0,2
GGAGTCCGCTAACAGGCTTGCTTCACCC,0,1
GGAGTCCGCTAGGAGCAATGGTGCATTA,30,0
GGAGTCCGCTAGGAGCAATTGTTCATTA,2,0
GGAGTCCTCTAGTAGCCGTCTGACCGCT,0,1
GGAGTCCTCTAGTAGCCGTGGGACAGCT,0,63
GGAGTCCTCTAGTAGCCGTGGTACATCT,0,2
GGAGTCCTCTAGTAGCCGTGTGACATCT,0,2
GGAGTCCTCTAGTAGCCGTGTTACAGCT,0,2
GGAGTCCTCTAGTAGCCGTTGGACATCT,0,1
GGAGTCCTCTAGTAGCCTTTTTACAGCT,0,2
GGAGTCCTCTCTAAGCTGTGTAACAGCT,0,35
GGAGTCCTCTCTAAGCTTTTTAACATCT,0,5
GGAGTCCTCTGCTAGCGTTGACACATTC,0,41
GGAGTCCTCTGCTAGCTTTTACACATTC,0,4
GGAGTCGACTACAAGTACTGCCTCAAAC,1,0
GGAGTCGACTACTAGTACTGCATCAACC,1,0
GGAGTCGACTACTAGTACTGCCTCAAGC,72,114
GGAGTCGACTACTAGTACTGCCTCCCGC,6,7
GGAGTCGACTACTAGTACTTCCTCAATC,8,14
GGAGTCGACTACTAGTACTTCCTCACGC,0,1
GGAGTCGACTCAGAGATGTGTATCATAT,1,0
GGAGTCGACTCAGAGTTGTGTTTCATTT,81,36
GGAGTCGACTCAGAGTTGTGTTTCCATT,1,0
GGAGTCGACTCAGAGTTTTGTTTCCTTT,1,2
GGAGTCGACTCAGAGTTTTTTTTCAATT,1,0
GGAGTCGCCTCACAGATATTTTTCAACT,0,1
GGAGTCGCCTTCAACACATTTTTCACAT,0,2
GGAGTCGCCTTCAAGACATGTTGCACAG,0,26
GGAGTCGCCTTCAAGACATGTTGCCCAT,0,2
GGAGTCGCCTTCAAGACATGTTGCCCCG,0,1
GGAGTCGCCTTCAAGACATTTTTCACCG,0,1
GGAGTCGGCTAACAGGCTTGCTTCATCT,0,1
GGAGTCGGCTAACAGTCTTGCTACAACT,1,0
GGAGTCGGCTCACACATTTTGTTCATCT,0,1
GGAGTCGGCTCACAGATTTGGTGCATCT,0,52
GGAGTCGGCTCACAGATTTGGTTCCTCT,0,1
GGAGTCGGCTCACAGATTTTTTTCATCT,0,8
GGAGTCGGCTCAGAGATGTGCGGCAATT,28,0
GGAGTCGGCTCAGAGATTTGCGTCAATT,1,0
GGAGTCGGCTCAGAGATTTTCTTCAATT,6,0
GGAGTCGTCTGAGAGTCATGTTTCACAA,1,0
GGAGTCGTCTGAGAGTCTTGTGTCACAT,15,0
GGAGTCGTCTGAGAGTCTTGTGTCCCCT,2,0
GGAGTCGTCTGAGAGTCTTTTTTCACAT,10,0
GGAGTCTCCTAGGAGTACTGGAACACCT,0,45
GGAGTCTCCTAGGAGTACTGTAACCCCT,0,1
GGAGTCTCCTAGGAGTACTTTAACACCT,0,3
GGAGTCTCCTCCCAGGTCTGTTTCAACA,0,1
GGAGTCTCCTGGCAGGACTGGCTCATTC,1,0
GGAGTCTGCTCACAGATCTTTTACAATA,1,0
GGAGTCTGCTCGTAGGTCTGGGCCAGGT,60,61
GGAGTCTGCTCGTAGGTCTGGTCCCGGT,1,0
GGAGTCTGCTCGTAGGTCTGTGCCATGT,3,6
GGAGTCTGCTCGTAGGTCTGTTCCAGGT,1,2
GGAGTCTGCTCGTAGGTCTTGGCCATGT,1,0
GGAGTCTGCTCGTAGGTCTTTTCCATTT,7,4
GGAGTCTGCTCGTAGGTCTTTTCCCGGT,0,1
GGAGTCTGCTGGCAGGACTGCCTCATAC,2,0
GGAGTCTGCTGGCAGGACTGGCGCATTC,614,567
GGAGTCTGCTGGCAGGACTGGCTCCTTC,1,0
GGAGTCTGCTGGCAGGACTGTCGCATAC,1,0
GGAGTCTGCTGGCAGGACTGTCGCCTTC,3,3
GGAGTCTGCTGGCAGGACTGTCTCATTC,72,59
GGAGTCTGCTGGCAGGACTTGCTCATTC,8,8
GGAGTCTGCTGGCAGGACTTTCGCATTC,4,8
GGAGTCTGCTGGCAGGCCTGCCGCAAAC,1,0
GGAGTCTGCTGGCAGGCCTGGCGCCTTC,1,0
GGAGTCTGCTGGCAGTACTGTCTCATAC,1,0
GGAGTCTGCTTCCAGGGGTGTGGCATGT,28,22
GGAGTCTGCTTCCAGGGGTGTGTCATTT,0,1
GGAGTCTGCTTCCAGGGTTGTTGCATGT,1,0
GGAGTCTGCTTCCAGGTGTGTGTCATGT,0,1
GGAGTCTGCTTCCAGGTTTGTGGCATGT,5,2
GGAGTCTGCTTCCAGGTTTGTTGCATTT,0,4
GGAGTCTGCTTCCAGGTTTTTTTCATGT,1,0
GGAGTCTTCTGGCAGACTTTCTCCACTT,1,0
GGAGTCTTCTTCCAGTTGTGTGGCATGT,1,0
GGAGTGAACTAATAGGCATGCTACAGCC,1,0
GGAGTGAACTCTCAGTTGTCTTTCCTGG,0,1
GGAGTGAACTCTCAGTTGTGTTTCATGG,0,23
GGAGTGAACTCTCAGTTTTGTTTCATGT,0,1
GGAGTGAACTTGAAGTATTGGTGCATAT,27,0
GGAGTGAACTTGAAGTATTGGTTCCTAT,1,0
GGAGTGAACTTGAAGTATTTTTTCATAT,1,0
GGAGTGAACTTTCAGGGATTTTACACAT,0,1
GGAGTGACCTACTAGCTTTGCCTCACAT,0,33
GGAGTGACCTGGGAGTCGTGTAACATCG,0,31
GGAGTGACCTGGGAGTCGTGTAACCTCT,0,1
GGAGTGACCTGGGAGTCTTGTAACATCT,0,1
GGAGTGACCTTTTAGTTGTGTGCCAGCA,0,2
GGAGTGAGCTCCTAGTGTTGTGCCAGAT,0,31
GGAGTGAGCTCCTAGTGTTTTTCCAGAT,0,1
GGAGTGAGCTCCTAGTTTTGTTCCATAT,0,1
GGAGTGAGCTCCTAGTTTTGTTCCCGCT,0,1
GGAGTGAGCTGTTAGTATTGGTTCATAC,1,0
GGAGTGAGCTGTTAGTTTTGGTTCAGAC,102,52
GGAGTGAGCTGTTAGTTTTGGTTCATCC,1,0
GGAGTGAGCTGTTAGTTTTGGTTCCGCC,6,3
GGAGTGAGCTGTTAGTTTTGTTTCAGCC,1,1
GGAGTGAGCTGTTAGTTTTGTTTCCGAC,1,0
GGAGTGAGCTGTTAGTTTTTTTTCATAC,15,4
GGAGTGAGCTTGTAGGCTTGCACCATTT,1,0
GGAGTGATCTCTCAGACCTGTCACAAGC,1,0
GGAGTGATCTGGGAGCCATGAGACATCA,0,68
GGAGTGATCTGGGAGCCATGAGACCTCC,0,1
GGAGTGATCTGGGAGCCATTATACATCA,0,1
GGAGTGCACTGACAGTGGTGGTGCATGA,1,0
GGAGTGCACTGTCAGTGGTGGTGCAGGA,62,0
GGAGTGCACTGTCAGTGGTGGTTCATTA,1,0
GGAGTGCACTGTCAGTGGTGTTGCATGA,1,0
GGAGTGCACTGTCAGTGGTTTTTCATTA,2,0
GGAGTGCACTGTCAGTGTTGGTGCATGA,2,0
GGAGTGCACTGTCAGTGTTGTTTCAGGA,3,0
GGAGTGCACTGTCAGTGTTGTTTCATTA,4,0
GGAGTGCACTGTCAGTGTTTGTTCATGA,1,0
GGAGTGCACTGTCAGTTTTGTTGCATGA,1,0
GGAGTGCACTGTCAGTTTTTTTTCATTA,2,0
GGAGTGCACTTCGAGCGGTGGGCCAACG,0,30
GGAGTGCACTTCGAGCGGTGTTCCAACG,0,3
GGAGTGCACTTCGAGCGGTTTTCCAACT,0,1
GGAGTGCACTTCGAGCGTTGGTCCAACG,0,2
GGAGTGCACTTCGAGCTGTTTGCCAACG,0,1
GGAGTGCACTTCGAGCTTTGTGCCAACT,0,1
GGAGTGCACTTCGAGCTTTGTTCCAACG,0,1
GGAGTGCCCTCAGAGTGGTGGTGCAAGG,0,64
GGAGTGCCCTCAGAGTGGTGGTGCAATT,0,1
GGAGTGCCCTCAGAGTGGTGGTGCCCGG,0,3
GGAGTGCCCTCAGAGTGGTGGTTCAAGT,0,3
GGAGTGCCCTCAGAGTGGTGTTTCAAGG,0,1
GGAGTGCCCTCAGAGTGGTGTTTCACGT,0,1
GGAGTGCCCTCAGAGTGGTTGTGCAAGT,0,1
GGAGTGCCCTCAGAGTGGTTTTTCAATT,0,1
GGAGTGCCCTCAGAGTGTTGGTTCAAGG,0,1
GGAGTGCCCTCAGAGTGTTTGTTCAATG,0,1
GGAGTGCCCTCAGAGTTGTGTTGCAAGG,0,1
GGAGTGCCCTCAGAGTTGTGTTTCAATT,0,1
GGAGTGCCCTCAGAGTTTTTGTTCAATT,0,3
GGAGTGCCCTCCAAGGATTGATTCAGCG,1,0
GGAGTGCCCTTTCAGCAATGAGTCACAG,0,5
GGAGTGCGCTCACAGAAATGTTCCACTC,0,1
GGAGTGCGCTCACAGAATTGTGCCACTC,0,87
GGAGTGCGCTCACAGAATTGTTCCACCC,0,1
GGAGTGCGCTCACAGAATTTTGCCCCTC,0,1
GGAGTGCGCTCACAGAATTTTTCCACTC,0,3
GGAGTGCGCTGGGAGCCCTGGTTCATAC,44,113
GGAGTGCGCTGGGAGCCCTGGTTCCTCC,0,2
GGAGTGCGCTGGGAGCCCTGTTTCCTAC,0,1
GGAGTGCGCTGGGAGCCCTTTTTCATAC,0,3
GGAGTGCGCTTGAAGCCCTGCCTCATAT,1,0
GGAGTGCGCTTGAAGGCATGCGGCATAT,40,0
GGAGTGCGCTTGAAGGCATGCGGCCTCT,1,0
GGAGTGCGCTTGAAGGCATTCTTCATAT,1,0
GGAGTGCGCTTTGAGTTCTTATTCATAT,1,0
GGAGTGCTCTTCGAGTTCGGGGTCCTTG,1,0
GGAGTGCTCTTCGAGTTCTGGGTCATGG,182,123
GGAGTGCTCTTCGAGTTCTGGTTCATTT,1,0
GGAGTGCTCTTCGAGTTCTGTGTCATGT,3,5
GGAGTGCTCTTCGAGTTCTGTGTCATTG,13,8
GGAGTGCTCTTCGAGTTCTGTGTCCAGT,1,0
GGAGTGCTCTTCGAGTTCTGTGTCCTGG,1,0
GGAGTGCTCTTCGAGTTCTGTTTCATGG,1,2
GGAGTGCTCTTCGAGTTCTTGGTCATGT,0,1
GGAGTGCTCTTCGAGTTCTTGGTCATTG,2,3
GGAGTGCTCTTCGAGTTCTTGGTCCTGG,0,1
GGAGTGCTCTTCGAGTTCTTTGTCATGG,0,1
GGAGTGCTCTTCGAGTTCTTTTTCATTT,16,9
GGAGTGCTCTTCTAGTACTGCCACAACT,1,0
GGAGTGCTCTTCTAGTTCTGTCTCAATT,0,1
GGAGTGGACTGGTAGCAATGTTGCACCA,44,0
GGAGTGGACTGGTAGCAATTTTTCACCA,1,0
GGAGTGGACTGGTAGGTTTGCCGCAGTT,105,0
GGAGTGGACTGGTAGGTTTGCCTCAGAT,1,0
GGAGTGGACTGGTAGGTTTGCCTCCGTT,1,0
GGAGTGGACTGGTAGGTTTTCCTCATTT,16,0
GGAGTGGCCTAGGAGCATTGTGCCATGG,62,0
GGAGTGGCCTAGGAGCATTGTGCCATTT,2,0
GGAGTGGCCTAGGAGCATTGTTCCATGT,1,0
GGAGTGGCCTAGGAGCATTTTTCCATTG,1,0
GGAGTGGCCTCCTAGTGCTGGGTCAGAT,32,0
GGAGTGGCCTCCTAGTGCTGTTTCAGAT,1,0
GGAGTGGCCTCCTAGTGCTTTGTCAGAT,1,0
GGAGTGGCCTCCTAGTGCTTTTTCATAT,1,0
GGAGTGGCCTCCTAGTTCTGGTTCAGAT,2,0
GGAGTGGGCTCGTAGGGTTGAGCCACGT,35,0
GGAGTGGGCTCGTAGGTTTGAGCCACGA,1,0
GGAGTGGGCTCGTAGGTTTTATCCACTT,3,0
GGAGTGGGCTGATAGCGGTGACCCATTT,48,36
GGAGTGGGCTGATAGCGTAGACCCATTT,0,1
GGAGTGGGCTGATAGCTGTGACCCATAT,1,0
GGAGTGGGCTGATAGCTTTTACCCATTT,6,1
GGAGTGGGCTGTCAGCCCTGCCTCAAAT,1,1
GGAGTGGGCTGTCAGGCCATCCTCAAAG,1,0
GGAGTGGGCTGTCAGGCCTGCCTCAAAG,200,87
GGAGTGGGCTGTCAGGCCTGCCTCACAT,0,1
GGAGTGGGCTGTCAGGCCTGCCTCACCG,1,0
GGAGTGGGCTGTCAGGCCTGCCTCCACG,1,0
GGAGTGGGCTGTCAGGCCTGCCTCCCAG,5,4
GGAGTGGGCTGTCAGGCCTTCCTCAAAT,8,5
GGAGTGGGCTTCCAGCTATGTCTCAACT,0,1
GGAGTGGGCTTGCAGTGTTGGCGCACGG,29,19
GGAGTGGGCTTGCAGTGTTGGCTCACGT,0,1
GGAGTGGGCTTGCAGTGTTGTCGCACTG,2,1
GGAGTGGGCTTGCAGTGTTGTCTCACGG,1,0
GGAGTGGGCTTGCAGTGTTGTCTCACTT,1,0
GGAGTGGGCTTGCAGTGTTTGCTCACTT,0,2
GGAGTGGGCTTGCAGTGTTTTCGCACTT,0,3
GGAGTGGGCTTGCAGTTTTTTCTCCCGT,1,0
GGAGTGGGCTTTCAGAGCTGTAGCACGA,0,67
GGAGTGGGCTTTCAGAGCTGTATCACTA,0,7
GGAGTGGGCTTTCAGAGCTGTATCCCGA,0,2
GGAGTGGGCTTTCAGTATTGTTTCACTC,0,1
GGAGTGGGCTTTGAGTGCTGAGTCAGAG,178,112
GGAGTGGGCTTTGAGTGCTGAGTCATAT,2,4
GGAGTGGGCTTTGAGTGCTGAGTCCGAT,1,0
GGAGTGGGCTTTGAGTGCTGAGTCCGCG,3,1
GGAGTGGGCTTTGAGTGCTGATTCAGAT,2,0
GGAGTGGGCTTTGAGTGCTGATTCATAG,2,2
GGAGTGGGCTTTGAGTGCTTAGTCAGAT,1,0
GGAGTGGGCTTTGAGTGCTTATTCAGAG,1,0
GGAGTGGGCTTTGAGTGCTTATTCATAT,1,1
GGAGTGGGCTTTGAGTTCTGAGTCAGAT,3,0
GGAGTGGGCTTTGAGTTCTGAGTCATAG,0,1
GGAGTGGGCTTTGAGTTCTGATTCAGAG,0,1
GGAGTGGGCTTTGAGTTCTGATTCATAT,2,1
GGAGTGGGCTTTGAGTTCTGATTCCGAT,1,0
GGAGTGGGCTTTGAGTTCTTAGTCAGAG,1,2
GGAGTGGGCTTTGAGTTCTTAGTCATAT,0,1
GGAGTGGTCTCTTAGGCATGTCGCATTC,0,1
GGAGTGGTCTTGCAGTTTTGGCCCACGT,0,1
GGAGTGGTCTTTGAGCAGGGTTCCCAGA,1,0
GGAGTGGTCTTTGAGCAGTGTTCCAAGA,80,0
GGAGTGGTCTTTGAGCAGTGTTCCCCGA,2,0
GGAGTGGTCTTTGAGCAGTTTTCCAATA,1,0
GGAGTGGTCTTTGAGCATTGTTCCAATA,3,0
GGAGTGGTCTTTGAGCATTTTTCCAAGA,1,0
GGAGTGTAATAAAAGTGATGATACATCT,1,0
GGAGTGTACTAAAAGGCATGATACACCG,0,1
GGAGTGTACTAAAAGGGAGGATACCGCG,2,0
GGAGTGTACTAAAAGGGATGATACAGCG,162,202
GGAGTGTACTAAAAGGGATGATACCGCT,1,1
GGAGTGTACTAAAAGGGATGATCCACCG,1,0
GGAGTGTACTAAAAGGGATGCAACATCG,1,0
GGAGTGTACTAAAAGGGATTATACATCT,1,7
GGAGTGTACTAAAAGGTATGATACATCT,17,26
GGAGTGTACTAAAAGGTATGATACCGCG,0,1
GGAGTGTACTAAAAGGTATTATACAGCG,3,0
GGAGTGTACTAAAAGTTATGATACAGCT,1,0
GGAGTGTACTGCGAGGGATGTCACAGGT,75,0
GGAGTGTACTGCGAGGGATTTCACATTT,3,0
GGAGTGTACTGCGAGGTATGTCACAGTT,1,0
GGAGTGTACTGCGAGGTATGTCACATGT,3,0
GGAGTGTACTGCGAGGTATGTCACCGGT,1,0
GGAGTGTACTGGTAGTGATGGCTCAAAC,0,1
GGAGTGTACTGGTAGTGATGGCTCATTC,0,34
GGAGTGTACTGGTAGTGATTTCTCATTC,0,2
GGAGTGTCCTCCCAGGACTGGTGCAACA,0,1
GGAGTGTCCTCCCAGGTCTGGGGCAACA,83,144
GGAGTGTCCTCCCAGGTCTGGGGCCCCA,2,6
GGAGTGTCCTCCCAGGTCTGGGTCACCA,0,1
GGAGTGTCCTCCCAGGTCTGGTGCCACA,0,1
GGAGTGTCCTCCCAGGTCTGGTTCAACA,3,2
GGAGTGTCCTCCCAGGTCTGTGTCAACA,2,6
GGAGTGTCCTCCCAGGTCTGTTGCAACA,4,3
GGAGTGTCCTCCCAGGTCTGTTTCCCCA,2,2
GGAGTGTCCTCCCAGGTCTTGGTCAACA,1,0
GGAGTGTCCTCCCAGGTCTTGTGCAACA,0,1
GGAGTGTCCTCCCAGGTCTTTGGCAACA,0,2
GGAGTGTCCTCCCAGGTCTTTTTCAACA,8,16
GGAGTGTCCTCGTAGGGTTGTAGCACTA,66,33
GGAGTGTCCTCGTAGGGTTTTATCACTA,2,0
GGAGTGTCCTCGTAGGTTTGTATCACTA,7,1
GGAGTGTCCTCGTAGTGTTGATTCAGGA,33,0
GGAGTGTCCTCGTAGTGTTGATTCATTA,3,0
GGAGTGTCCTCGTAGTTTTTATTCATTA,1,0
GGAGTGTCCTTTTAGCAGTGCTACACCA,0,1
GGAGTGTCCTTTTAGCAGTGCTTCACAA,0,65
GGAGTGTCCTTTTAGCAGTTCTTCACCC,0,3
GGAGTGTCCTTTTAGCATTTCTTCACAA,0,3
GGAGTGTGCTATCAGCTCTGTGACAAGA,0,1
GGAGTGTGCTCTAAGAGCTGTGACAAGA,0,1
GGAGTGTGCTCTAAGATCTGCGACAATA,1,0
GGAGTGTGCTCTCAGAACTGGTACAAGA,0,1
GGAGTGTGCTCTCAGATCAGGTACAAGA,1,0
GGAGTGTGCTCTCAGATCGGGGACCAGA,2,0
GGAGTGTGCTCTCAGATCTCTGACCCGA,0,1
GGAGTGTGCTCTCAGATCTGCGACAACA,0,1
GGAGTGTGCTCTCAGATCTGGGACAAGA,925,427
GGAGTGTGCTCTCAGATCTGGGACCAGC,4,1
GGAGTGTGCTCTCAGATCTGGGACCCGA,24,11
GGAGTGTGCTCTCAGATCTGGTACAAGC,2,0
GGAGTGTGCTCTCAGATCTGGTACAATA,14,2
GGAGTGTGCTCTCAGATCTGGTACCAGA,0,1
GGAGTGTGCTCTCAGATCTGTGACAATA,34,13
GGAGTGTGCTCTCAGATCTGTGACACGA,4,0
GGAGTGTGCTCTCAGATCTGTGACCAGA,0,1
GGAGTGTGCTCTCAGATCTGTTACAAGA,15,4
GGAGTGTGCTCTCAGATCTGTTACCATA,2,0
GGAGTGTGCTCTCAGATCTGTTACCCGA,4,1
GGAGTGTGCTCTCAGATCTTGGACAATA,6,0
GGAGTGTGCTCTCAGATCTTGTACAAGA,4,4
GGAGTGTGCTCTCAGATCTTTGACAAGA,7,6
GGAGTGTGCTCTCAGATCTTTTACAATA,86,28
GGAGTGTGCTCTCAGATCTTTTACACGA,1,1
GGAGTGTGCTGCGAGATTTGACTCACCC,0,1
GGAGTGTGCTGGGAGCTTTGCACCATAG,1,0
GGAGTGTGCTGTCAGTATTGCGGCACTC,67,44
GGAGTGTGCTGTCAGTATTTCTTCACTC,18,14
GGAGTGTGCTGTTAGCAGTGAGACAAGG,65,55
GGAGTGTGCTGTTAGCAGTGAGACAATT,3,5
GGAGTGTGCTGTTAGCAGTGATACACGG,0,1
GGAGTGTGCTGTTAGCAGTTAGACAATG,1,2
GGAGTGTGCTGTTAGCATTGAGACAATG,1,0
GGAGTGTGCTGTTAGCATTTATACAATT,3,1
GGAGTGTGCTGTTAGCATTTATACCCTT,0,1
GGAGTGTGCTGTTAGGTATGACTCAAGG,35,61
GGAGTGTGCTGTTAGGTATTACTCAATT,6,5
GGAGTGTGCTTAGAGACATGGCGCACCT,40,0
GGAGTGTGCTTAGAGACATTTCTCACCT,7,0
GGAGTGTTCTCCTAGTGGTGCAGCACTG,41,18
GGAGTGTTCTCCTAGTGTTGCATCACTT,1,0
GGAGTGTTCTCCTAGTGTTTCATCACTG,1,0
GGAGTGTTCTCCTAGTTGTTCATCACTT,2,0
GGAGTGTTCTCCTAGTTTTGCATCACTG,1,2
GGAGTGTTCTGTCAGTATTGCTGCACAC,1,0
GGAGTGTTCTTTGAGTACTGGTACACTG,26,0
GGAGTGTTCTTTGAGTACTGTTACACTT,2,0
GGAGTTAACTTCGAGCTCTGGACCAGTT,108,27
GGAGTTAACTTCGAGCTCTGTACCATTT,7,2
GGAGTTAACTTCGAGCTCTTGACCCGTT,0,1
GGAGTTAACTTCGAGCTCTTTACCAGTT,0,1
GGAGTTACCTGAAAGTATTGACACATCC,0,1
GGAGTTACCTGGCAGCCTGGATTCCGTG,1,0
GGAGTTACCTGGCAGCCTTGAATCCGTG,0,1
GGAGTTACCTGGCAGCCTTGATTCAGTG,37,41
GGAGTTACCTGGCAGCCTTTATTCATTT,1,8
GGAGTTAGCTACAAGCTTTGAGTCATCA,1,0
GGAGTTAGCTATGAGGGGTGCTACACAA,1,0
GGAGTTAGCTCCGAGCGCTGCTTCAGTC,0,1
GGAGTTAGCTCCGAGGGCTGCGGCAGTC,54,95
GGAGTTAGCTCCGAGGGCTGCTTCATTC,5,2
GGAGTTAGCTCCGAGGGCTTCGTCAGTC,0,1
GGAGTTAGCTCCGAGGGCTTCTGCAGTC,1,0
GGAGTTAGCTCCGAGGTCTGCGTCAGTC,1,7
GGAGTTAGCTCCGAGGTCTGCTGCAGTC,0,1
GGAGTTAGCTCCGAGGTCTTCTTCATTC,2,3
GGAGTTAGCTCCGAGTCCTGCTTCATTC,0,1
GGAGTTAGCTGGCAGCGATGGGGCAATT,32,27
GGAGTTAGCTGGCAGCGATGGGGCCCTT,0,1
GGAGTTAGCTGGCAGCGATGGTTCAATT,4,2
GGAGTTAGCTGGCAGCGATGTGTCAATT,4,0
GGAGTTAGCTGGCAGCGATGTTGCAATT,2,2
GGAGTTAGCTGGCAGCGATTGTGCAATT,0,1
GGAGTTAGCTGGCAGCTATGGGTCAATT,0,1
GGAGTTAGCTGGCAGCTATGTGGCAATT,1,0
GGAGTTAGCTGGCAGCTATGTTTCAATT,2,2
GGAGTTAGCTGGCAGCTATTGGGCAATT,1,0
GGAGTTAGCTGGCAGCTATTGTTCAATT,1,0
GGAGTTAGCTGGCAGCTATTTGTCAATT,1,0
GGAGTTAGCTTGCAGTCATGGTACATGT,0,30
GGAGTTAGCTTGCAGTCATGTTACATTT,0,1
GGAGTTAGCTTGCAGTCATTTTACATGT,0,2
GGAGTTCACTGCTAGGTCTGCCTCAATT,0,1
GGAGTTCACTGCTAGGTCTTCCACAAGT,1,0
GGAGTTCCCTAAGAGGAGTGTTTCAGCT,42,0
GGAGTTCCCTAAGAGGATTGTTTCATCT,1,0
GGAGTTCCCTGTCAGCAATGATCCAGTG,1,0
GGAGTTCCCTGTCAGCAATGATCCCTGT,1,0
GGAGTTCGCTGTTAGGCTTGATTCACAC,0,1
GGAGTTCGCTTATAGGCTAGATGCACTT,1,0
GGAGTTCGCTTATAGGCTAGATTCACTG,0,1
GGAGTTCGCTTATAGGCTTGAAGCACTT,1,2
GGAGTTCGCTTATAGGCTTGATCCACTT,0,1
GGAGTTCGCTTATAGGCTTGATGCACAT,4,0
GGAGTTCGCTTATAGGCTTGATGCACTG,876,460
GGAGTTCGCTTATAGGCTTGATGCCCTT,1,0
GGAGTTCGCTTATAGGCTTGATTCCCTG,3,3
GGAGTTCGCTTATAGGCTTTATGCTCTG,1,0
GGAGTTCGCTTATAGGCTTTATTCACTT,83,45
GGAGTTCGCTTATAGTCTTGATTCACTT,2,1
GGAGTTCGCTTATAGTCTTTATGCACTA,1,0
GGAGTTCGCTTCCAGCTTTGGTTCAGCC,0,1
GGAGTTCGCTTCCAGCTTTTTTTCAGCC,1,0
GGAGTTCGCTTCTAGGATTGACCCATGG,42,6
GGAGTTCGCTTCTAGGATTGACCCCTTT,1,0
GGAGTTCGCTTCTAGGATTTACCCATGT,1,0
GGAGTTCGCTTCTAGGATTTACCCATTG,3,1
GGAGTTGACTATGAGTCGTGAGCCAACA,0,34
GGAGTTGACTATGAGTCGTTATCCAACA,0,1
GGAGTTGACTATGAGTCTTGATCCAACA,0,1
GGAGTTGACTATGAGTCTTTATCCCACA,0,1
GGAGTTGACTCGAAGTGATTTTTCACTT,1,0
GGAGTTGACTGGCAGACATGACTCACGA,1,0
GGAGTTGACTGGGAGACATGAAACAATT,1,0
GGAGTTGACTGGGAGACATGAATCAAGT,242,241
GGAGTTGACTGGGAGACATGAATCAATA,1,2
GGAGTTGACTGGGAGACATGAATCCCGT,8,3
GGAGTTGACTGGGAGACATTAATCAATT,8,12
GGAGTTGACTGGGAGACATTAATCCAGT,0,1
GGAGTTGCCTAGAAGTCCTGATTCACTT,1,0
GGAGTTGCCTAGAAGTCGTTTTTCACTT,0,1
GGAGTTGCCTAGAAGTGGTGTGTCACTT,38,228
GGAGTTGCCTAGAAGTGTTGTTTCACTT,0,4
GGAGTTGCCTAGAAGTGTTTTGTCACTT,0,2
GGAGTTGCCTAGAAGTTTTGTGTCACTT,2,12
GGAGTTGCCTAGAAGTTTTGTTTCCCTT,0,2
GGAGTTGCCTAGAAGTTTTTTGTCTCTT,0,1
GGAGTTGCCTAGAAGTTTTTTTTCACTT,1,7
GGAGTTGCCTCGAAGGGTTGTATCATTA,0,1
GGAGTTGCCTGATAGGGTTGGCGCAATT,25,27
GGAGTTGCCTGATAGGGTTGGCGCCCTT,1,0
GGAGTTGCCTGATAGGGTTGTCGCCATT,1,0
GGAGTTGCCTGATAGGGTTTTCTCAATT,1,0
GGAGTTGCCTGATAGGTTTGTCTCAATT,2,3
GGAGTTGCCTTGCAGCCATGTTACACGT,0,1
GGAGTTGGCTCTAAGGGTTGGACCAGCC,26,0
GGAGTTGGCTCTAAGGTTTGGACCATCC,1,0
GGAGTTGGCTCTAAGGTTTTTACCATCC,2,0
GGAGTTGGCTGTAAGTATTGTTACATGC,0,1
GGAGTTGGCTGTCAGAATTGCAACAATA,1,0
GGAGTTGGCTGTCAGTATTGGTTCATGC,245,128
GGAGTTGGCTGTCAGTATTGGTTCCTTC,1,0
GGAGTTGGCTGTCAGTATTGTTTCAATC,2,0
GGAGTTGGCTGTCAGTATTGTTTCCTGC,0,1
GGAGTTGGCTGTCAGTATTTTTTCATTC,31,19
GGAGTTGGCTTACAGGTATGGTTCAATC,60,68
GGAGTTGGCTTACAGGTATGGTTCCCTC,1,1
GGAGTTGGCTTACAGGTATTTTTCAATC,0,1
GGAGTTGTCTGCTAGCTCTGGGGCAATT,0,1
GGAGTTGTCTTATAGTTGTGCCTCAAAA,1,0
GGAGTTGTCTTTGAGTTCTGCGCCAAAC,0,1
GGAGTTTACTAAGAGGGGTGCGGCATGT,0,34
GGAGTTTACTAAGAGGGTTGCTTCATGT,0,4
GGAGTTTACTAAGAGGTGTGCGTCATGT,0,3
GGAGTTTACTAAGAGGTTTGCGGCATGT,0,1
GGAGTTTACTAAGAGGTTTTCTTCATTT,0,1
GGAGTTTGCTCATAGAGCTTCCTCATAA,1,0
GGAGTTTGCTCTGAGATTTGGCTCATAT,0,1
GGAGTTTGCTTAAAGACCTGCTCCAATA,1,0
GGAGTTTGCTTCTAGGGATGTTTCAGGG,17,0
GGAGTTTGCTTCTAGGTATGTTTCCGGG,1,0
GGAGTTTGCTTTAAGAATTGCTCCAGGT,1,0
GGAGTTTGCTTTAAGAATTGGGCCAGGG,57,0
GGAGTTTGCTTTAAGAATTGGTCCATTG,1,0
GGAGTTTGCTTTAAGAATTGTGCCAGGT,2,0
GGAGTTTGCTTTAAGAATTGTTCCAGTG,2,0
GGAGTTTGCTTTAAGAATTGTTCCCGGG,1,0
GGAGTTTGCTTTAAGAATTTTGCCAGTG,1,0
GGAGTTTGCTTTAAGAATTTTTCCAGGT,1,0
GGAGTTTGCTTTAAGAATTTTTCCATTT,9,0
GGAGTTTTCTTCGAGTATTGGTACAGTT,25,0
GGAGTTTTCTTCGAGTATTTTTACATTT,1,0
GGAGTTTTCTTCTAGTCTTGTATCATAT,0,1
GGAGTTTTCTTGGAGTGGTGGCCCATTT,24,0
GGAGTTTTCTTGGAGTGTTGTCCCATTT,1,0
GGAGTTTTCTTGGAGTTGTGTCCCATTT,2,0
GGAGTTTTCTTGGAGTTTTGGCCCATTT,1,0
GGAGTTTTCTTGGAGTTTTTTCCCATTT,1,0
GGCATAGTCTTCGAGAATTGGTGCAAAT,41,0
GGCATAGTCTTCGAGAATTGGTGCCCAT,1,0
GGCATAGTCTTCGAGAATTGTTTCAAAT,2,0
GGCATAGTCTTCGAGAATTGTTTCCCAT,1,0
GGCATAGTCTTCGAGAATTTGTTCAAAT,4,0
GGCGAACCCTTGCAGTGTTGTGTCATCT,1,0
GGCGACCCCACATAGATGTTTTCCATTT,1,0
GGCGACCCCTGACAGGTATGATTCATCT,1,0
GGCGACGGCTAACAGGCTTGCTTCATCT,1,0
GGCGAGCACTGTGAGAATTGATCCATAC,1,0
GGCGAGGTCTTCAAGATCTTCCTCAAAA,0,1
GGCGATTGCTGGGAGGTTTTACACATTA,0,1
GGCGCGCCCTCTTAGATGTGTGCCATGT,0,1
GGCGTAAACTAACAGATGTGGACCATGT,6,31
GGCGTAAACTAACAGATGTGTACCATTT,1,3
GGCGTAAACTAACAGATGTGTACCCTGT,0,1
GGCGTAAACTAACAGATTTTTACCATTT,0,2
GGCGTAAACTGGTAGGCCTGGCACAAGC,0,1
GGCGTAAACTGGTAGGCCTGGCACATGG,136,259
GGCGTAAACTGGTAGGCCTGGCACATTT,0,2
GGCGTAAACTGGTAGGCCTGTCACATGT,2,9
GGCGTAAACTGGTAGGCCTGTCACATTG,6,16
GGCGTAAACTGGTAGGCCTTGCACATGT,0,2
GGCGTAAACTGGTAGGCCTTGCACATTG,3,1
GGCGTAAACTGGTAGGCCTTTCACATGG,0,1
GGCGTAAACTGGTAGGCCTTTCACATTT,2,7
GGCGTAAACTTGTAGTACTGGCACATTC,1,0
GGCGTAACCAGGTAGTTCTTCTTCATTC,0,1
GGCGTAAGCTCACAGTACTGCGCCATCC,5,0
GGCGTAAGCTGACAGAGTTGTATCATTT,0,1
GGCGTAATCTCCGAGATTTGTCTCCCAT,0,1
GGCGTAATCTCCGAGCTATGACCCACAT,1,0
GGCGTAATCTCCGAGCTTTGTCACACAT,96,149
GGCGTAATCTCCGAGCTTTGTCACCCCT,1,3
GGCGTAATCTCTCAGCCCTGTGACAGCT,0,58
GGCGTAATCTCTCAGCCCTGTTACATCT,0,6
GGCGTAATCTCTCAGCCCTTTGACATCT,0,3
GGCGTACACTAGGAGGGCTGCAACAAGG,1,0
GGCGTACACTAGGAGGGCTGGTACAAGG,164,57
GGCGTACACTAGGAGGGCTGGTACAATT,4,2
GGCGTACACTAGGAGGGCTGGTACCCGG,4,0
GGCGTACACTAGGAGGGCTGTTACAAGT,2,0
GGCGTACACTAGGAGGGCTGTTACAATG,0,1
GGCGTACACTAGGAGGTCTGGTACAAGT,5,1
GGCGTACACTAGGAGGTCTGGTACAATG,9,0
GGCGTACACTAGGAGGTCTGGTACACGG,1,0
GGCGTACACTAGGAGGTCTGTTACAAGG,1,0
GGCGTACACTAGGAGGTCTTTTACAATT,9,3
GGCGTACACTAGGAGGTCTTTTACCCGT,1,0
GGCGTACACTGTAAGACATGTTACAGTC,47,43
GGCGTACACTGTAAGACATTTTACATTC,1,1
GGCGTACCCTGTTAGATGTGCCGCATGC,57,42
GGCGTACCCTGTTAGATGTGCCGCCCGC,1,0
GGCGTACCCTGTTAGATGTGCCTCATTC,2,1
GGCGTACCCTGTTAGATTTGCCGCCTTC,0,1
GGCGTACCCTGTTAGATTTTCCTCATTC,5,4
GGCGTACCCTTCCAGTTATGAGACAGCA,1,0
GGCGTACCCTTGCAGTGATGAGTCATCA,1,0
GGCGTACCCTTGCAGTGTTGTGTCAGCT,135,39
GGCGTACCCTTGCAGTGTTGTGTCCTCT,1,0
GGCGTACCCTTGCAGTGTTGTTTCATCT,6,2
GGCGTACCCTTGCAGTGTTGTTTCCGCT,0,1
GGCGTACCCTTGCAGTGTTTTGTCATCT,4,0
GGCGTACCCTTGCAGTGTTTTTTCAGCT,2,0
GGCGTACCCTTGCAGTTTTGTGTCATCT,2,0
GGCGTACCCTTGCAGTTTTGTTTCAGCT,1,0
GGCGTACCCTTGCAGTTTTTTTTCATCT,2,0
GGCGTACGCTACGAGATTTGGCTCAGCC,0,1
GGCGTACGCTGGTAGAGGTGAATCAAGG,53,11
GGCGTACGCTGGTAGAGGTGAATCCCGG,2,0
GGCGTACGCTGGTAGATTTGAATCAATG,2,0
GGCGTACTCTACTAGATGTGTTTCCCCA,1,0
GGCGTACTCTAGGAGGACTGATCCACTT,0,39
GGCGTACTCTATAAGTAGGGAGTCACTA,1,0
GGCGTACTCTATAAGTAGTGAGGCACTA,64,105
GGCGTACTCTATAAGTAGTGAGGCCCTC,1,0
GGCGTACTCTATAAGTAGTGAGTCCCTA,0,1
GGCGTACTCTATAAGTAGTGATGCCCTA,1,0
GGCGTACTCTATAAGTAGTGATTCACTA,4,10
GGCGTACTCTATAAGTAGTTAGTCACTA,0,1
GGCGTACTCTATAAGTATTGAGTCACTA,1,2
GGCGTACTCTATAAGTATTGATGCACTA,0,3
GGCGTACTCTATAAGTATTTATTCACTA,2,0
GGCGTAGACTAACAGTTTTGTTCCAACT,1,0
GGCGTAGACTACCAGTGTTGTTCCAACT,152,0
GGCGTAGACTACCAGTGTTGTTCCCCCT,2,0
GGCGTAGACTACCAGTTTTTTTCCAACT,5,0
GGCGTAGCCTGTTAGGTCTGGAGCACCG,28,0
GGCGTAGCCTGTTAGGTCTGGATCACCT,1,0
GGCGTAGCCTGTTAGGTCTGTAGCACCT,1,0
GGCGTAGCCTGTTAGGTCTTTATCACCG,2,0
GGCGTAGCCTTTCAGGCCTGTGACAGGA,0,72
GGCGTAGCCTTTCAGGCCTGTGACATTA,0,1
GGCGTAGCCTTTCAGGCCTGTTACAGTA,0,2
GGCGTAGCCTTTCAGGCCTGTTACATGA,0,1
GGCGTAGCCTTTCAGGCCTTTTACATTA,0,5
GGCGTAGGCTGTTAGCCCTGGGGCATCT,26,0
GGCGTAGGCTGTTAGCCCTGTGTCATCT,2,0
GGCGTAGGCTGTTAGCCCTTTTTCATCT,4,0
GGCGTAGTCTATGAGTTCTGGGTCATCT,0,28
GGCGTAGTCTATGAGTTCTGGTTCCTCT,0,1
GGCGTAGTCTATGAGTTCTGTGTCCTCT,0,1
GGCGTAGTCTATGAGTTCTGTTTCATCT,0,5
GGCGTAGTCTATGAGTTCTTTGTCATCT,0,1
GGCGTAGTCTATTAGGGATGTGGCAGCA,1,0
GGCGTATACTGATAGTATTGATCCACAT,0,1
GGCGTATCCTGGAAGGGTTGGAACAAAA,46,0
GGCGTATCCTGGAAGGGTTTTAACAAAA,3,0
GGCGTATGCTGAAAGCTGTGATTCAGTG,0,59
GGCGTATGCTGAAAGCTTTGATTCATTG,0,4
GGCGTATGCTGAAAGCTTTTATTCATTT,0,2
GGCGTATGCTGACAGTAATGGCGCAAAG,26,21
GGCGTATGCTGACAGTAATGGCGCCCAG,1,2
GGCGTATGCTGACAGTAATGGCTCAAAT,1,0
GGCGTATGCTGACAGTAATGTCTCAAAG,2,3
GGCGTATGCTGACAGTAATGTCTCCCAG,1,0
GGCGTATGCTGACAGTAATTTCGCAAAG,1,0
GGCGTATGCTGACAGTAATTTCTCAAAT,3,0
GGCGTATTCTAAGAGGGCTGAACCATGC,31,0
GGCGTATTCTAAGAGGTCTGAACCATTC,3,0
GGCGTATTCTCACAGCCCTGTTACATCA,0,1
GGCGTATTCTTTGAAAATTGTTACACTG,0,1
GGCGTATTCTTTGAGAAGTGGGACACGG,80,155
GGCGTATTCTTTGAGAAGTGGGACACTT,1,0
GGCGTATTCTTTGAGAAGTGGGACCCTG,0,1
GGCGTATTCTTTGAGAAGTGGTACCCGG,0,1
GGCGTATTCTTTGAGAAGTGGTTCACTG,1,0
GGCGTATTCTTTGAGAAGTGTGACACTG,10,12
GGCGTATTCTTTGAGAAGTGTGACCCGT,0,1
GGCGTATTCTTTGAGAAGTGTTACACTT,1,3
GGCGTATTCTTTGAGAAGTTGTACACGG,0,1
GGCGTATTCTTTGAGAAGTTGTACACTT,0,1
GGCGTATTCTTTGAGAAGTTTGACACTT,0,3
GGCGTATTCTTTGAGAAGTTTTACACGT,1,1
GGCGTATTCTTTGAGAAGTTTTACACTG,1,2
GGCGTATTCTTTGAGAATTGTTACACGG,0,4
GGCGTATTCTTTGAGAATTGTTACCCTG,0,1
GGCGTATTCTTTGAGAATTTTTACACTT,2,10
GGCGTCAACTGCGAGGCGTGGTCCACTT,0,26
GGCGTCAACTGCGAGGCTTGTTCCACTT,0,1
GGCGTCAACTGTCATATCTTTTTCACTC,1,0
GGCGTCACCTAACAGTAGTGTTCCATGA,0,35
GGCGTCACCTAACAGTATTGTTCCATTA,0,2
GGCGTCACCTATAAGGTTTGGAGCATAG,58,0
GGCGTCACCTATAAGGTTTGTAGCATAT,2,0
GGCGTCACCTATAAGGTTTGTATCATAG,2,0
GGCGTCACCTGGCAGTCTTGCTACAAAG,1,0
GGCGTCAGCTAACAGGCTTGCTTCCTCG,0,1
GGCGTCAGCTAAGAGGGGTGCTCCAGCG,0,14
GGCGTCAGCTAAGAGGGGTGCTCCCTCG,0,1
GGCGTCAGCTAAGAGGGGTTCTCCATCG,0,1
GGCGTCAGCTAAGAGGTGTGCTCCCGCT,0,1
GGCGTCAGCTAAGAGGTTTGCTCCATCG,0,1
GGCGTCAGCTAAGAGGTTTTCTCCATCT,0,1
GGCGTCAGCTATTAGGTCTGGCGCATGT,14,0
GGCGTCAGCTATTAGGTCTGTCTCATGT,2,0
GGCGTCAGCTATTAGGTCTTTCGCCTGT,1,0
GGCGTCAGCTATTAGGTCTTTCTCATTT,5,0
GGCGTCAGCTCGTAGTCATGAGTCAACC,0,63
GGCGTCAGCTCGTAGTCATGAGTCCCCC,0,1
GGCGTCAGCTCGTAGTCATTATTCAACC,0,10
GGCGTCAGCTGCGAGGCGTGTTCCACTA,0,1
GGCGTCAGCTTTAAGTGGTGGGTCAGCT,44,21
GGCGTCAGCTTTAAGTGGTGGTTCCGCT,2,0
GGCGTCAGCTTTAAGTGGTGTGTCATCT,2,0
GGCGTCAGCTTTAAGTGGTTGGTCATCT,7,2
GGCGTCAGCTTTAAGTGGTTGTTCAGCT,0,1
GGCGTCAGCTTTAAGTGGTTTTTCATCT,3,0
GGCGTCAGCTTTAAGTGTTGGGTCATCT,0,1
GGCGTCAGCTTTAAGTTGTGGGTCATCT,2,2
GGCGTCAGCTTTAAGTTGTGGGTCCGCT,1,0
GGCGTCAGCTTTAAGTTGTTGGTCAGCT,0,1
GGCGTCAGCTTTAAGTTTTGGGTCAGCT,2,3
GGCGTCAGCTTTAAGTTTTGGTTCATCT,1,0
GGCGTCAGCTTTAAGTTTTGTGTCATCT,0,1
GGCGTCAGCTTTAAGTTTTTGGTCATCT,1,1
GGCGTCAGCTTTAAGTTTTTTGTCATCA,1,0
GGCGTCAGCTTTAAGTTTTTTTTCATCT,4,4
GGCGTCATCTATTAGGCATGCTGCATCA,1,0
GGCGTCATCTATTAGGGTTGGGGCAGCA,78,57
GGCGTCATCTATTAGGGTTGGGTCATCA,0,1
GGCGTCATCTATTAGGGTTGGTGCCGCA,2,0
GGCGTCATCTATTAGGGTTGGTTCAGCA,1,0
GGCGTCATCTATTAGGGTTGTGGCATCA,2,7
GGCGTCATCTATTAGGGTTGTTTCATCA,0,1
GGCGTCATCTATTAGGGTTTGGGCATCA,2,0
GGCGTCATCTATTAGGGTTTGTTCATCA,1,0
GGCGTCATCTATTAGGGTTTTGGCAGCA,4,2
GGCGTCATCTATTAGGGTTTTGTCCGCC,1,0
GGCGTCATCTATTAGGGTTTTTGCATCA,2,0
GGCGTCATCTATTAGGGTTTTTTCCTCA,1,0
GGCGTCATCTATTAGGTTTGTGTCAGCA,3,4
GGCGTCATCTATTAGGTTTGTTGCATCA,1,1
GGCGTCATCTATTAGGTTTTGGGCAGCA,0,1
GGCGTCATCTATTAGGTTTTGGTCATCA,1,0
GGCGTCATCTATTAGGTTTTGTTCAGCA,4,0
GGCGTCATCTATTAGGTTTTTGGCATCA,1,0
GGCGTCATCTATTAGGTTTTTGTCCGCA,1,0
GGCGTCATCTATTAGGTTTTTTGCAGCA,0,1
GGCGTCATCTATTAGGTTTTTTTCATCA,13,6
GGCGTCCCCTGACACGGATTATTCCTCT,1,0
GGCGTCCCCTGACAGCTATGACACATCT,1,0
GGCGTCCCCTGACAGGGAGGAGTCCTCG,1,0
GGCGTCCCCTGACAGGGATGAGTCATCG,254,188
GGCGTCCCCTGACAGGGATGATTCATCT,5,3
GGCGTCCCCTGACAGGGATGATTCCTCG,1,0
GGCGTCCCCTGACAGGGATTAGTCATCT,1,2
GGCGTCCCCTGACAGGGATTAGTCCTCG,0,1
GGCGTCCCCTGACAGGGATTATTCATCG,5,2
GGCGTCCCCTGACAGGTATGAGTCATCT,2,4
GGCGTCCCCTGACAGGTATGATTCATCG,2,1
GGCGTCCCCTGACAGGTATTAGTCATCG,2,1
GGCGTCCCCTGACAGGTATTATTCATCT,14,12
GGCGTCCCCTTAAAGAGCTGGTTCATCT,1,0
GGCGTCCTCATGAAGGTTTGTCCCACAT,1,0
GGCGTCCTCTATAAGCGTTGAGTCACAA,0,31
GGCGTCCTCTATAAGCGTTGAGTCCCCA,0,1
GGCGTCCTCTATAAGCTTTTATTCACAA,0,4
GGCGTCCTCTGGTAGGCTTGTTCCAATT,0,1
GGCGTCCTCTTGTAGGGGTGGCCCACAT,98,50
GGCGTCCTCTTGTAGGGGTGGCCCCCCT,1,1
GGCGTCCTCTTGTAGGGGTGTCCCCCAT,1,2
GGCGTCCTCTTGTAGGGGTTTCCCACAT,1,1
GGCGTCCTCTTGTAGGGTTGTCCCACAT,2,2
GGCGTCCTCTTGTAGGTGTGGCCCCCAT,1,0
GGCGTCCTCTTGTAGGTGTGTCCCACAT,2,1
GGCGTCCTCTTGTAGGTTTGGCCCACAT,2,2
GGCGTCCTCTTGTAGGTTTTTCCCACAT,10,4
GGCGTCGACTGTGAGTGTTGCTGCAGCG,57,46
GGCGTCGACTGTGAGTGTTGCTTCATCG,1,1
GGCGTCGACTGTGAGTGTTTCTGCATCG,2,1
GGCGTCGACTGTGAGTGTTTCTTCAGCG,4,2
GGCGTCGACTGTGAGTGTTTCTTCATCT,7,6
GGCGTCGACTGTGAGTGTTTCTTCCGCT,0,1
GGCGTCGACTGTGAGTTTTTCTGCAGCG,1,0
GGCGTCGACTGTGAGTTTTTCTTCATCG,1,0
GGCGTCGCCTATAAGGGATGGTTCATCG,40,0
GGCGTCGCCTATAAGGGATTTTTCATCT,2,0
GGCGTCGCCTATAAGGTATTGTTCATCG,2,0
GGCGTCGGCTAACAGGCTAGCAACAACT,0,1
GGCGTCGGCTAACAGGCTTGCCTCCTCG,1,0
GGCGTCGGCTAACAGGCTTGCTACATCT,1,2
GGCGTCGGCTAACAGGCTTGCTTCATCG,1253,1270
GGCGTCGGCTAACAGGCTTGCTTCCTCT,3,6
GGCGTCGGCTAACAGGCTTTCTTCATCT,64,61
GGCGTCGGCTAACAGGCTTTCTTCCTCG,1,0
GGCGTCGGCTAACAGTCTTGCTTCATCT,2,1
GGCGTCGGCTACCAGAGTTGACGCAGAA,0,67
GGCGTCGGCTACCAGAGTTGACGCAGCC,0,2
GGCGTCGGCTACCAGAGTTGACTCAGCA,0,1
GGCGTCGGCTACCAGAGTTTACTCATAA,0,14
GGCGTCGGCTACCAGATTTGACTCATAA,0,1
GGCGTCGGCTACCAGATTTTACTCAGAA,0,2
GGCGTCGGCTATCAGGATTGCTTCATCT,1,0
GGCGTCGGCTATCAGGCTTTCTTCATCG,0,1
GGCGTCGGCTCAGAGAGCTTCTTCACCC,1,0
GGCGTCGGCTCGGAGAGCTGCTTCACCC,31,0
GGCGTCGGCTCGGAGATCTTCTTCACCC,3,0
GGCGTCGGCTGCCAGCAATGCTTCACAT,0,1
GGCGTCGTCTGGGAGCTGTGAAACAATG,186,357
GGCGTCGTCTGGGAGCTGTGAAACACTT,2,0
GGCGTCGTCTGGGAGCTGTGAAACCCTG,6,6
GGCGTCGTCTGGGAGCTGTTAAACCCTT,1,0
GGCGTCGTCTGGGAGCTTTGAAACAAAC,0,1
GGCGTCGTCTGGGAGCTTTGAAACCATG,3,0
GGCGTCGTCTGGGAGCTTTTAAACAATT,23,39
GGCGTCGTCTGTAAGGGGTGCACCATTA,58,0
GGCGTCGTCTGTAAGGGGTGCACCCTTC,1,0
GGCGTCGTCTGTAAGGGTTTCACCATTA,1,0
GGCGTCGTCTGTAAGGTGTTCACCATTA,7,0
GGCGTCGTCTGTAAGGTTTGCACCATTA,1,0
GGCGTCGTCTGTAAGTTTTTCACCATTA,1,0
GGCGTCTACTAATAGCGGTGTGCCACTT,61,0
GGCGTCTACTAATAGCGGTGTTCCCCTT,1,0
GGCGTCTACTAATAGCGGTTTTCCACTT,3,0
GGCGTCTACTAATAGCGTTGTTCCACTT,4,0
GGCGTCTACTAATAGCTGGTTTCCACTT,1,0
GGCGTCTACTAATAGCTGTGTTCCACTT,14,0
GGCGTCTACTAATAGCTTTGTGCCACTT,4,0
GGCGTCTACTAATAGCTTTTTTCCACTT,7,0
GGCGTCTACTCTCAGATGTGGAGCAAGA,0,7
GGCGTCTACTCTCAGATGTGGAGCCCGC,0,1
GGCGTCTACTCTCAGATGTGTATCAAGA,0,1
GGCGTCTACTCTCAGATGTTGAGCCCGA,0,1
GGCGTCTACTCTCAGATGTTGATCAATA,0,2
GGCGTCTACTCTCAGATTTGGATCAAGA,0,4
GGCGTCTACTCTCAGATTTGTAGCAATA,0,1
GGCGTCTACTCTCAGATTTTGAGCAATA,0,1
GGCGTCTACTCTCAGATTTTTATCAATA,0,7
GGCGTCTACTTGAAGTCATGTACCATGC,1,0
GGCGTCTACTTGAAGTCGTGTACCATTC,66,0
GGCGTCTACTTGAAGTCGTGTACCCATC,2,0
GGCGTCTACTTGAAGTCGTGTACCCTGC,2,0
GGCGTCTACTTGAAGTCTTGTACCAATC,1,0
GGCGTCTACTTGAAGTCTTGTACCATCC,1,0
GGCGTCTACTTGAAGTCTTGTACCCTTC,1,0
GGCGTCTACTTGAAGTCTTTTACCATTC,7,0
GGCGTCTCCACTCACCGGTTTAACATCT,0,1
GGCGTCTCCTCTCAGCGGTGTAACATCT,0,45
GGCGTCTCCTCTCAGCGGTTTAACAACA,0,1
GGCGTCTCCTCTCAGCGTTGTAACATCA,0,1
GGCGTCTCCTCTCAGCTGTGTAACCTCT,0,1
GGCGTCTCCTCTCAGCTGTTTAACATCT,0,2
GGCGTCTGCTAGCAGGTATGATACATGC,0,1
GGCGTCTGCTAGCAGGTTCGAGACATTC,0,1
GGCGTCTGCTAGCAGGTTTGAGACATGC,0,39
GGCGTCTGCTAGCAGGTTTGATACATTC,0,5
GGCGTCTGCTAGCAGGTTTGATACCTGC,0,1
GGCGTCTGCTCGGAGCATTGCGTCATTC,0,13
GGCGTCTTCTATTAGCGTTGGTTCAGCA,1,0
GGCGTCTTCTGGTAGGGTATAGTCAACG,0,1
GGCGTCTTCTGGTAGGGTTGAGTCAACG,24,20
GGCGTCTTCTGGTAGGGTTGAGTCCCCG,0,1
GGCGTCTTCTGGTAGGGTTTAGTCCACG,0,1
GGCGTCTTCTGGTAGGGTTTATTCAACG,8,8
GGCGTCTTCTGGTAGGTTTGATTCAACG,0,1
GGCGTCTTCTGGTAGGTTTTAGTCAACG,1,0
GGCGTCTTCTGGTAGGTTTTATTCAACT,4,1
GGCGTGAACTAAAAGTCATGAAGCATAT,43,104
GGCGTGAACTAAAAGTCATGAAGCCTCT,1,0
GGCGTGAACTAAAAGTCATGAATCCTAT,1,1
GGCGTGAACTAAAAGTCATTAATCATAT,4,12
GGCGTGAACTATAAGAGTTGCTCCATTT,0,1
GGCGTGAACTCTAAGAGTTGCTCCAGTT,55,140
GGCGTGAACTCTAAGAGTTTCTCCATTT,2,7
GGCGTGAACTCTAAGAGTTTCTCCCGTT,1,0
GGCGTGAACTCTAAGATTTGCTCCAGAA,0,1
GGCGTGAACTCTAAGATTTGCTCCATTT,0,4
GGCGTGAACTCTAAGATTTTCTCCAGTT,0,2
GGCGTGAACTTTGAGGGATGTTACACAG,0,75
GGCGTGAACTTTGAGGGATGTTACCCCG,0,1
GGCGTGAACTTTGAGGTATGTTACCCAT,0,1
GGCGTGAACTTTGAGGTATTTTACACAT,0,8
GGCGTGAACTTTGAGTGATGTATCACAG,0,1
GGCGTGACCTAAGAGGCTTGGCTCACTA,1,0
GGCGTGACCTCAAAGCTATTCTACACAC,2,0
GGCGTGACCTCTTAGATTTGATCCATGT,1,0
GGCGTGAGCTGCAAGTTTTTTTTCAATC,1,0
GGCGTGAGCTGCCAGTTTTGTTGCAAGC,16,38
GGCGTGAGCTGCCAGTTTTGTTGCCCGC,2,0
GGCGTGAGCTGCCAGTTTTGTTTCAATC,7,1
GGCGTGAGCTGCGAGTCTTGGGTCAGTG,0,44
GGCGTGAGCTGCGAGTCTTGTGTCATTT,0,1
GGCGTGAGCTGCGAGTCTTGTGTCCGTT,0,1
GGCGTGAGCTGCGAGTCTTGTTTCAGTG,0,3
GGCGTGAGCTGCGAGTCTTTGGTCAGAG,0,1
GGCGTGAGCTGCGAGTCTTTTGTCATTG,0,1
GGCGTGAGCTGCGAGTCTTTTTTCATTT,0,3
GGCGTGAGCTTCAAGCCCTGTTACAATA,1,0
GGCGTGATCTCCGAGACTTGGGCCACAT,0,10
GGCGTGATCTCCGAGACTTGGGCCCCCT,0,1
GGCGTGATCTCCGAGACTTTGTCCACAT,0,1
GGCGTGATCTCCGAGACTTTTGCCACAT,0,1
GGCGTGATCTCGCAGAGGTGGGTCAAGA,0,55
GGCGTGATCTCGCAGAGGTGGGTCCCGA,0,2
GGCGTGATCTCGCAGAGGTGGTTCCAGA,0,1
GGCGTGATCTCGCAGAGGTGTTTCAAGA,0,1
GGCGTGATCTCGCAGAGTTGTGTCAAGA,0,3
GGCGTGATCTCGCAGAGTTTTTTCAATA,0,2
GGCGTGATCTCGCAGATGTGTGTCAAGA,0,1
GGCGTGATCTCTAAGATTTGCTCCAGTT,0,1
GGCGTGATCTGTAAGGAGTGGTACATAA,48,25
GGCGTGATCTGTAAGGAGTTGTACCTCA,0,1
GGCGTGATCTGTAAGGATTTTTACATAA,8,5
GGCGTGATCTTTGAGAACTGTATCAATC,0,1
GGCGTGCACTAACAGCGGAGATTCAGTC,1,0
GGCGTGCACTAACAGCGGTGATTCAGGC,66,0
GGCGTGCACTAACAGCGGTGATTCATTC,2,0
GGCGTGCACTAACAGCGTAGATTCAGGC,1,0
GGCGTGCACTAACAGCGTTGATTCAGTC,2,0
GGCGTGCACTAACAGCTGTGATTCAGTC,2,0
GGCGTGCACTAACAGCTTTGATTCAGGC,7,0
GGCGTGCACTAACAGCTTTGATTCATTC,4,0
GGCGTGCACTCATAGTAATGAATCATAC,1,0
GGCGTGCACTCCAACATGTTTAACATTC,0,1
GGCGTGCACTCCAAGATGTGGAACAGTC,0,13
GGCGTGCACTCCAAGATTTTTAACATTC,0,1
GGCGTGCCCTCTGAGATCTGATTCAAAT,1,0
GGCGTGCCCTCTTAGAATTGTGCCATTT,1,0
GGCGTGCCCTCTTAGATGTGTGCCAGGT,245,202
GGCGTGCCCTCTTAGATGTGTGCCATTT,0,2
GGCGTGCCCTCTTAGATGTGTTCCAGTT,3,7
GGCGTGCCCTCTTAGATGTGTTCCATGT,3,3
GGCGTGCCCTCTTAGATGTTTGCCAGTT,0,1
GGCGTGCCCTCTTAGATGTTTGCCATGT,0,1
GGCGTGCCCTCTTAGATGTTTTCCAGGT,1,0
GGCGTGCCCTCTTAGATGTTTTCCATTT,12,11
GGCGTGCCCTCTTAGATGTTTTCCCTGT,0,1
GGCGTGCCCTCTTAGATTTGTGCCATGT,3,2
GGCGTGCCCTCTTAGATTTGTTCCAGGT,3,1
GGCGTGCCCTCTTAGATTTGTTCCATTT,6,5
GGCGTGCCCTCTTAGATTTTTGCCAGGT,1,0
GGCGTGCCCTCTTAGATTTTTTCCAGTT,0,1
GGCGTGCCCTCTTAGATTTTTTCCATGT,2,4
GGCGTGCCCTCTTAGATTTTTTCCCGGT,1,0
GGCGTGCGCTGCCAGACCTGTGCCAAGC,0,42
GGCGTGCGCTGCCAGACCTGTTCCAATC,0,4
GGCGTGCGCTGCCAGACCTTTGCCAATC,0,1
GGCGTGCGCTGCGAGTCTTGGGTCATTG,0,1
GGCGTGCTCCTTGAGAACTGTATCCAGC,1,0
GGCGTGCTCTAGGAGCTATGACCCACGT,46,40
GGCGTGCTCTAGGAGCTATGACCCACTA,0,1
GGCGTGCTCTAGGAGCTATTACCCACTT,3,1
GGCGTGCTCTCCGAGGCGTGCGTCACTC,52,0
GGCGTGCTCTCCGAGGCTTTCGTCACTC,2,0
GGCGTGCTCTTTGAGAACTGAATCCCTC,0,1
GGCGTGCTCTTTGAGAACTGTATCAAGC,240,276
GGCGTGCTCTTTGAGAACTGTATCCCGC,10,10
GGCGTGCTCTTTGAGAACTTTATCAATC,8,8
GGCGTGGACTATCAGTTTTTTTCCACCC,0,1
GGCGTGGACTCCTACGCATTTCTCAATA,1,0
GGCGTGGACTCCTAGGCATGGCGCAAGA,79,33
GGCGTGGACTCCTAGGCATGGCGCAATC,0,1
GGCGTGGACTCCTAGGCATGGCGCCCGA,1,0
GGCGTGGACTCCTAGGCATGTCGCACGA,2,0
GGCGTGGACTCCTAGGCATGTCTCAATA,0,1
GGCGTGGACTCCTAGGCATTGCTCAATA,2,0
GGCGTGGACTCCTAGGCATTTCTCAAGA,12,9
GGCGTGGCCTATTAGTATTGTGGCAACT,70,130
GGCGTGGCCTATTAGTATTGTGGCCCCT,2,2
GGCGTGGCCTATTAGTATTGTTTCAACT,8,9
GGCGTGGCCTATTAGTATTTTGTCAACT,0,1
GGCGTGGCCTATTAGTATTTTTGCAACT,0,1
GGCGTGGCCTATTAGTATTTTTTCACCT,0,1
GGCGTGGCCTATTAGTATTTTTTCCACT,0,1
GGCGTGGGCTAAGAGTACTGAACCAAAT,0,1
GGCGTGGGCTAGCAGATCTGCAGCATTA,0,1
GGCGTGGGCTCAAAGCGGTGTTACACGG,0,62
GGCGTGGGCTCAAAGCGGTGTTACACTT,0,2
GGCGTGGGCTCAAAGCGTTGTTACACTG,0,2
GGCGTGGGCTCAAAGCTTTGTTACACGG,0,2
GGCGTGGGCTCAAAGCTTTGTTACACTT,0,10
GGCGTGGGCTCAAAGCTTTTTTACACTG,0,1
GGCGTGGGCTCATAGCCCTGACTCATCT,1,0
GGCGTGGGCTCTTAGCAGTGATTCATTT,1,0
GGCGTGGGCTCTTAGCCCAGATTCAAGG,1,0
GGCGTGGGCTCTTAGCCGTGAGTCATGG,113,52
GGCGTGGGCTCTTAGCCGTGAGTCATTT,2,2
GGCGTGGGCTCTTAGCCGTGATTCATTG,7,4
GGCGTGGGCTCTTAGCCGTGATTCCTGG,1,1
GGCGTGGGCTCTTAGCCGTGATTCCTTT,0,1
GGCGTGGGCTCTTAGCCGTTAGTCATTG,12,1
GGCGTGGGCTCTTAGCCGTTATTCATGT,2,0
GGCGTGGGCTCTTAGCCTTGAGTCATGT,1,0
GGCGTGGGCTCTTAGCCTTGAGTCATTG,10,4
GGCGTGGGCTCTTAGCCTTTAGTCATGG,1,1
GGCGTGGGCTCTTAGCCTTTATTCAATG,1,0
GGCGTGGGCTCTTAGCCTTTATTCATTT,14,8
GGCGTGGGCTGATAGTTCTGGGGCATCG,0,28
GGCGTGGGCTGATAGTTCTGGTGCATCT,0,1
GGCGTGGGCTGATAGTTCTGTTGCCTCG,0,1
GGCGTGGGCTGATAGTTCTTTTTCATCT,0,2
GGCGTGGGCTGGTAGGCCTGTACCACCG,0,43
GGCGTGGGCTGGTAGGCCTTTACCACCT,0,2
GGCGTGGGCTGTCAGCCCAGCATCACAT,0,1
GGCGTGGGCTGTCAGCCCATCATCACAA,2,2
GGCGTGGGCTGTCAGCCCTGCATCACAA,1,7
GGCGTGGGCTGTCAGCCCTTCAACACAA,1,0
GGCGTGGGCTGTCAGCCCTTCATCACAT,18,19
GGCGTGGGCTGTCAGCCCTTCATCCCCT,1,2
GGCGTGGGCTGTCAGCTCTGCATCCCCT,1,0
GGCGTGGGCTGTGAGCCCAGCATCACAA,1,0
GGCGTGGGCTGTGAGCCCTGCAACACCT,1,0
GGCGTGGGCTTAGAGCCGTGCACCATAA,0,1
GGCGTGGGCTTCCAGCGATGTCGCAACT,37,56
GGCGTGGGCTTCCAGCGATGTCTCCCCT,1,1
GGCGTGGGCTTCCAGCTATTTCTCAACT,2,5
GGCGTGGGCTTCGAGCCGTGAAGCATAA,0,49
GGCGTGGGCTTCGAGCCGTGAAGCCACA,0,1
GGCGTGGGCTTCGAGCCGTGAAGCCTAC,0,1
GGCGTGGGCTTCGAGCCGTGAATCATAC,0,1
GGCGTGGGCTTCGAGCCGTGAATCCTAA,0,1
GGCGTGGGCTTCGAGCCGTTAATCATAA,0,1
GGCGTGGGCTTCGAGCCTTGAATCATAA,0,3
GGCGTGGGCTTTGAGTGCTGGCCCATTG,47,44
GGCGTGGGCTTTGAGTGCTGGCCCCTTT,0,1
GGCGTGGGCTTTGAGTGCTGTCCCATTT,1,1
GGCGTGGGCTTTGAGTGCTTGCCCATTT,2,1
GGCGTGGGCTTTGAGTTCTGGCCCATTT,0,2
GGCGTGGGCTTTGAGTTCTGTCCCATTG,0,4
GGCGTGGGCTTTGAGTTCTTTCCCATTT,4,11
GGCGTGGGCTTTTAGTTGTGAATCAGGG,0,44
GGCGTGGGCTTTTAGTTGTGAATCATGT,0,1
GGCGTGGGCTTTTAGTTGTTAATCAGTG,0,1
GGCGTGGGCTTTTAGTTGTTAATCATGG,0,1
GGCGTGGGCTTTTAGTTTTGAATCAGTG,0,2
GGCGTGGGCTTTTAGTTTTGAATCATGG,0,1
GGCGTGGGCTTTTAGTTTTTAATCAGGG,0,1
GGCGTGGGCTTTTAGTTTTTAATCATTG,0,8
GGCGTGGTCTCAGAGGGTTGGCACATGT,0,32
GGCGTGGTCTCAGAGGGTTGTCACCTGT,0,1
GGCGTGGTCTCAGAGGTTTGTCACATTT,0,6
GGCGTGGTCTCTTAGGATTGTCGCATTC,0,43
GGCGTGGTCTCTTAGGATTTTCTCATTC,0,8
GGCGTGGTCTTCAAGATCTTCCTCACAA,1,0
GGCGTGTACTGGCAGAACTGTCCCAGCG,121,0
GGCGTGTACTGGCAGAACTGTCCCATCT,1,0
GGCGTGTACTGGCAGAACTTTCCCATCG,17,0
GGCGTGTCCTAGCAGTATTGCTACACTG,1,0
GGCGTGTCCTAGTAGGCTTGGCTCACTT,40,96
GGCGTGTCCTAGTAGGCTTGTCTCACTA,1,0
GGCGTGTCCTAGTAGGCTTTGCTCCCTT,1,1
GGCGTGTCCTAGTAGGCTTTTCTCACTT,3,10
GGCGTGTCCTCTTAGAGGTGGCCCAGGC,25,21
GGCGTGTCCTCTTAGAGGTGTCCCCGTC,1,0
GGCGTGTCCTCTTAGAGGTTGCCCAGTC,1,1
GGCGTGTCCTCTTAGAGGTTGCCCATGC,2,1
GGCGTGTCCTCTTAGAGTGGGCCCCGGC,0,1
GGCGTGTCCTCTTAGAGTTGGCCCAGTC,0,1
GGCGTGTCCTCTTAGAGTTGTCCCATTC,1,0
GGCGTGTCCTCTTAGATGTGGCCCAGTC,1,1
GGCGTGTCCTCTTAGATGTGGCCCATGC,2,0
GGCGTGTCCTCTTAGATGTGGCCCCGGC,0,1
GGCGTGTCCTCTTAGATGTGTCCCAGGC,0,1
GGCGTGTCCTCTTAGATGTTGCCCAGGC,1,1
GGCGTGTCCTCTTAGATTTGTCCCATGC,1,0
GGCGTGTCCTCTTAGATTTTGCCCATGC,1,1
GGCGTGTCCTCTTAGATTTTTCCCATTC,0,1
GGCGTGTCCTGGGAGGTTTTGAACATTG,0,1
GGCGTGTCCTTCGAGGAGTGCGGCAGGA,0,39
GGCGTGTCCTTCGAGGAGTGCGTCATGA,0,1
GGCGTGTCCTTCGAGGAGTGCTTCATTA,0,1
GGCGTGTCCTTCGAGGAGTTCGTCATTA,0,1
GGCGTGTCCTTCGAGGAGTTCTTCATGA,0,1
GGCGTGTCCTTCGAGGATTGCGGCCGGC,0,1
GGCGTGTCCTTCGAGGATTGCTTCATGA,0,1
GGCGTGTCCTTCGAGGATTTCTTCAGGA,0,1
GGCGTGTCCTTCGAGTATTTCTTCATTA,0,1
GGCGTGTGCTAAAAGGGTTGCCACATCG,0,34
GGCGTGTGCTAAAAGGGTTGCCACCTCT,0,1
GGCGTGTGCTAAAAGGGTTTCCACATCT,0,2
GGCGTGTGCTAAAAGGGTTTCCACCTCG,0,1
GGCGTGTGCTAAAAGGTTTTCCACATCG,0,4
GGCGTGTGCTACAAGCCGTGGGACATTA,94,95
GGCGTGTGCTACAAGCCGTGGTACCTTA,2,0
GGCGTGTGCTACAAGCCGTGTTACATTA,0,1
GGCGTGTGCTACAAGCCGTTTGACATTA,1,2
GGCGTGTGCTACAAGCCTTGGTACATTA,1,1
GGCGTGTGCTACAAGCCTTGTGACATTA,8,6
GGCGTGTGCTACAAGCCTTTGGACATTA,2,0
GGCGTGTGCTACAAGCCTTTTTACATTA,7,3
GGCGTGTGCTAGGAGTGTTCTATCAGTC,0,1
GGCGTGTGCTAGGAGTGTTGAAGCAGAC,1,0
GGCGTGTGCTAGGAGTGTTGTAGCAGTC,169,159
GGCGTGTGCTAGGAGTGTTGTATCCGTC,0,1
GGCGTGTGCTAGGAGTGTTTTATCATTC,13,10
GGCGTGTGCTAGGAGTTTTGTAGCATTC,1,1
GGCGTGTGCTAGGAGTTTTGTAGCCGTC,0,1
GGCGTGTGCTAGGAGTTTTGTATCAGTC,6,4
GGCGTGTGCTAGTAGTTTTTTATCATTC,0,1
GGCGTGTGCTCGAAGGCCTGTGTCATGT,0,16
GGCGTGTGCTCGAAGGCCTTTTTCATTT,0,2
GGCGTGTGCTTATAGACGTGGCGCAAGG,0,4
GGCGTGTGCTTATAGACGTGTCGCCCGT,0,1
GGCGTGTGCTTATAGACGTTGCGCAATG,0,2
GGCGTGTGCTTATAGACGTTTCTCAATG,0,1
GGCGTGTGCTTATAGACTTTTCTCAAGT,0,2
GGCGTGTTCTCATAGAAATGCAGCATGG,12,36
GGCGTGTTCTCATAGAAATGCATCATTT,0,1
GGCGTGTTCTCATAGAAATGCATCCTGG,1,0
GGCGTGTTCTCATAGAAATTCAGCATTT,1,0
GGCGTGTTCTCATAGAAATTCATCATTG,2,10
GGCGTGTTCTCATAGAACTGCCTCATGG,0,1
GGCGTGTTCTCATATAAATTCATCATTT,0,1
GGCGTGTTCTGGCAGATGTGTGGCATCA,132,52
GGCGTGTTCTGGCAGATGTGTGGCCTCC,1,1
GGCGTGTTCTGGCAGATGTTTGTCCTCA,1,0
GGCGTGTTCTGGCAGATGTTTTTCATCA,22,5
GGCGTGTTCTGGCAGATTCGTGGCATCA,1,0
GGCGTGTTCTGGCAGATTTGTGGCATCC,0,1
GGCGTGTTCTGGCAGATTTGTGTCATCA,12,1
GGCGTGTTCTGGCAGATTTGTTGCATCA,4,3
GGCGTGTTCTGGCAGATTTTTGGCATCA,1,0
GGCGTGTTCTGGCAGATTTTTTGCCTCC,0,1
GGCGTGTTCTTACAGTCGTGGTGCAGGG,0,22
GGCGTGTTCTTACAGTCGTGGTGCAGTT,0,1
GGCGTGTTCTTACAGTCGTGGTTCAGTG,0,1
GGCGTGTTCTTACAGTCGTGGTTCATGG,0,3
GGCGTGTTCTTACAGTCGTTGTTCATTG,0,1
GGCGTGTTCTTACAGTCTTGGTGCAGTG,0,1
GGCGTGTTCTTACAGTCTTGGTGCATGG,0,1
GGCGTGTTCTTACAGTCTTGGTTCAGTT,0,1
GGCGTGTTCTTACAGTCTTGGTTCATTG,0,1
GGCGTGTTCTTACAGTCTTTTTTCAGTG,0,3
GGCGTGTTCTTACAGTTGTGGTGCGGGG,0,1
GGCGTGTTCTTGCAGATTTTTTTCATCA,1,0
GGCGTTACCTCCTAGACCTGGTACACTC,93,74
GGCGTTACCTCCTAGACCTGTTACCCTC,1,0
GGCGTTACCTCCTAGACCTTTTACACTC,5,4
GGCGTTACCTGAAAGTAGTGACACAGCC,0,56
GGCGTTACCTGAAAGTATTTACACATCC,0,4
GGCGTTACCTTTGAGAACTGCAGCAAGG,0,1
GGCGTTACCTTTGAGAAGTGGTACCTGG,1,0
GGCGTTACCTTTGAGAAGTGGTGCATGG,31,37
GGCGTTACCTTTGAGAAGTGTTGCATTG,0,2
GGCGTTACCTTTGAGAAGTTGTTCATGT,1,1
GGCGTTACCTTTGAGAAGTTGTTCATTG,1,1
GGCGTTACCTTTGAGAAGTTTTTCATTT,3,4
GGCGTTACCTTTGAGAATTGGTGCATGT,1,0
GGCGTTACCTTTGAGAATTGTTTCATGG,1,0
GGCGTTACCTTTGAGAATTTGTTCATTT,0,1
GGCGTTACCTTTGAGAATTTTTTCATTG,1,1
GGCGTTAGCTAATAGATCTGCGCCATGC,21,26
GGCGTTAGCTAATAGATCTGCTCCATTC,1,0
GGCGTTAGCTAATAGATCTTCGCCAAGC,0,1
GGCGTTAGCTAATAGATCTTCGCCATTC,1,2
GGCGTTAGCTGGGAGCATTGTGCCACTT,24,0
GGCGTTAGCTGGGAGCATTTTTCCACTT,2,0
GGCGTTAGCTGGTAGCACTGCCTCAATC,1,0
GGCGTTAGCTGGTAGTGCTGCGTCAGGC,70,26
GGCGTTAGCTGGTAGTGCTGCGTCATTC,4,0
GGCGTTAGCTGGTAGTGCTGCGTCCGTC,1,0
GGCGTTAGCTGGTAGTGCTGCTTCAGTC,1,0
GGCGTTAGCTGGTAGTGCTTCGTCAGTC,2,3
GGCGTTAGCTGGTAGTGCTTCTTCATTC,4,0
GGCGTTAGCTGGTAGTTCTGTGTCATTC,1,0
GGCGTTATCTAACAGGCATGTTTCATGA,1,0
GGCGTTATCTACCAGGCCTGGTGCATGG,41,0
GGCGTTATCTACCAGGCCTGGTTCATGT,1,0
GGCGTTATCTACCAGGCCTGTTTCATGG,1,0
GGCGTTATCTACCAGGCCTTGTGCATTG,1,0
GGCGTTATCTACCAGGCCTTGTTCATGG,3,0
GGCGTTATCTACCAGGCCTTGTTCATTT,1,0
GGCGTTATCTACCAGGCCTTTTTCATGT,2,0
GGCGTTCACTGGAAGGGCTGGCTCATCT,1,0
GGCGTTCACTGTAAGACATGATACATAC,0,1
GGCGTTCACTGTGAGTTATGGGGCATCC,49,54
GGCGTTCACTGTGAGTTATGGGTCCTCC,1,0
GGCGTTCACTGTGAGTTATGGTTCATCC,1,1
GGCGTTCACTGTGAGTTATGTGTCATCC,0,1
GGCGTTCACTGTGAGTTATGTTGCATCC,3,2
GGCGTTCACTGTGAGTTATTGGTCATCC,1,0
GGCGTTCACTGTGAGTTATTTTTCATCC,10,7
GGCGTTCACTTAAAGTATTGGAGCACAG,278,384
GGCGTTCACTTAAAGTATTGGAGCCCCG,2,3
GGCGTTCACTTAAAGTATTGGATCACAT,4,4
GGCGTTCACTTAAAGTATTGGATCCCAG,2,0
GGCGTTCACTTAAAGTATTGTAGCACAT,3,3
GGCGTTCACTTAAAGTATTGTAGCACCG,0,1
GGCGTTCACTTAAAGTATTGTATCACAG,31,39
GGCGTTCACTTAAAGTATTTGAGCACAT,0,1
GGCGTTCACTTAAAGTATTTGATCACAG,5,5
GGCGTTCACTTAAAGTATTTTAGCACAG,1,5
GGCGTTCACTTAAAGTATTTTAGCCCCG,0,1
GGCGTTCACTTAAAGTATTTTATCACAT,15,25
GGCGTTCACTTAAAGTATTTTATCACCG,0,1
GGCGTTCACTTAAAGTATTTTATCCCAG,0,2
GGCGTTCCCTAGGAGCTTTGGGGCATCC,0,56
GGCGTTCCCTAGGAGCTTTGGTTCATCC,0,1
GGCGTTCCCTAGGAGCTTTTTTTCATCC,0,4
GGCGTTCCCTGGGAGGTGTGGAGCACTA,0,8
GGCGTTCCCTGGGAGGTTTTTATCACTA,0,1
GGCGTTCCCTGTAAGGAATGCGTCAGAT,33,0
GGCGTTCCCTGTAAGGAATGCGTCCGCT,1,0
GGCGTTCCCTGTAAGGAATGCTTCATAT,2,0
GGCGTTCGCTGGAAGGGATGTGTCATAG,77,138
GGCGTTCGCTGGAAGGGATGTGTCCTAT,1,1
GGCGTTCGCTGGAAGGGATTTTTCATAG,0,1
GGCGTTCGCTGGAAGGTATGTGTCATAT,1,4
GGCGTTCGCTGGAAGGTATGTTTCATAG,0,2
GGCGTTCGCTGGAAGGTATTTGTCATAG,0,1
GGCGTTCGCTGGAAGGTATTTTTCATAT,0,3
GGCGTTCTCTAAAAGTCTTGGGTCAAAG,26,0
GGCGTTCTCTAAAAGTCTTGGGTCCCAG,2,0
GGCGTTCTCTAAAAGTCTTGGTTCCAAG,1,0
GGCGTTCTCTAAAAGTCTTTGTTCAAAG,1,0
GGCGTTCTCTAAAAGTCTTTTTTCAAAT,6,0
GGCGTTCTCTACTAGATGTGTTTCACCA,48,0
GGCGTTCTCTACTAGATTTTTTTCACCA,2,0
GGCGTTGACTAGGAGTTCTGTCTCACTC,134,41
GGCGTTGACTCAGAGACCTGACTCAGTA,58,32
GGCGTTGACTCAGAGACCTTACTCATTA,0,1
GGCGTTGACTCAGAGCCCTGCCACATTA,0,1
GGCGTTGACTGCCAGATATGACTCAAAG,0,26
GGCGTTGACTGCCAGATATGACTCCCAG,0,3
GGCGTTGACTGCCAGATATTACTCAAAT,0,1
GGCGTTGACTGGGAGGGTTGCAGCACTA,106,201
GGCGTTGACTGGGAGGGTTGCAGCCCTC,1,2
GGCGTTGACTGGGAGGGTTGCATCCCTA,0,1
GGCGTTGACTGGGAGGTTTGCAGCACAA,2,1
GGCGTTGACTGGGAGGTTTGCAGCCCTA,1,0
GGCGTTGACTGGGAGGTTTTCATCACTA,11,27
GGCGTTGACTGTGAGGTTTGCATCACTA,0,1
GGCGTTGCCATTTAGGGCTGTTTCATTT,0,1
GGCGTTGCCTGGGAGGCATGCAGCACAA,0,1
GGCGTTGCCTGTGAGAACTGCATCACAT,1,0
GGCGTTGCCTTTTAGGGCTGTGGCATGT,0,16
GGCGTTGCCTTTTAGGGCTGTGTCATTT,0,1
GGCGTTGCCTTTTAGGGCTGTTGCATTT,0,1
GGCGTTGCCTTTTAGGGCTTTTTCATTT,0,1
GGCGTTGGCTAAAAGGCCTGAGGCAGAT,0,74
GGCGTTGGCTAAAAGGCCTGAGTCATAT,0,1
GGCGTTGGCTAAAAGGCCTGAGTCCGAT,0,1
GGCGTTGGCTAAAAGGCCTGATTCAGAT,0,2
GGCGTTGGCTAAAAGGCCTTAGGCATAT,0,1
GGCGTTGGCTAAAAGGCCTTATGCAGAT,0,1
GGCGTTGGCTAAAAGGCCTTATTCATAT,0,2
GGCGTTGGCTCTAAGGTTTGTGTCAGAT,41,0
GGCGTTGGCTCTAAGGTTTGTGTCCGCT,1,0
GGCGTTGGCTCTAAGGTTTGTTTCATAT,2,0
GGCGTTGGCTCTAAGGTTTTTGTCATAT,1,0
GGCGTTGTCTAAAAGTAATGCTTCATCT,1,0
GGCGTTGTCTCGAAGGTAGGGTGCAAAA,0,1
GGCGTTGTCTTATAGGTGTGCCGCATAA,38,39
GGCGTTGTCTTATAGGTGTGCCGCCTCA,2,0
GGCGTTGTCTTATAGGTGTGCCTCCTAA,0,1
GGCGTTGTCTTATAGGTGTTCCTCATAA,1,4
GGCGTTGTCTTATAGGTTTGCCTCATAA,0,1
GGCGTTGTCTTATAGGTTTTCCGCATAA,0,1
GGCGTTGTCTTGAAGGAATGGATCAAAA,0,1
GGCGTTGTCTTGAAGGTATGGTGCAAAA,0,36
GGCGTTGTCTTGAAGGTATGTTTCAAAA,0,5
GGCGTTGTCTTGAAGGTATTGTTCAAAA,0,1
GGCGTTGTCTTGAAGGTATTTTTCACAA,0,1
GGCGTTTACTGATAGCGCTGCAACAATA,27,0
GGCGTTTACTGATAGCTCTTCAACAATA,4,0
GGCGTTTACTGATAGCTTTGCAACAATA,1,0
GGCGTTTACTGGCAGAGATGGCCCAGCG,0,5
GGCGTTTGCTAATAGATCTGCCGCATAA,1,0
GGCGTTTGCTAATATAGCTTCCTCATAA,0,1
GGCGTTTGCTAGTAGGTTTGGAGCATAT,26,24
GGCGTTTGCTAGTAGGTTTTTATCATAT,5,3
GGCGTTTGCTAGTATGTTTGGATCATAT,1,0
GGCGTTTGCTCATAGAGCTGCCGCATAA,291,199
GGCGTTTGCTCATAGAGCTGCCGCCTAC,1,0
GGCGTTTGCTCATAGAGCTGCCGCCTCA,2,1
GGCGTTTGCTCATAGAGCTGCCTCCTAA,0,1
GGCGTTTGCTCATAGAGCTTCCGCATCC,3,0
GGCGTTTGCTCATAGATCTGCCGCCTAA,0,1
GGCGTTTGCTCATAGATCTTCCGCCTCC,1,0
GGCGTTTGCTCATAGATCTTCCTCATAA,29,41
GGCGTTTGCTCATAGCGCTGCCGCACAA,1,0
GGCGTTTGCTGGGAGGGCTGACACAATA,0,1
GGCGTTTGCTGGGAGGGGTGACACATTA,24,77
GGCGTTTGCTGGGAGGGGTGACACCTTC,0,3
GGCGTTTGCTGGGAGGTTTGACACATTA,1,4
GGCGTTTGCTTACAGAGTTGGACCACAC,118,122
GGCGTTTGCTTACAGAGTTGTACCCCAC,1,0
GGCGTTTGCTTACAGAGTTTGACCCCAC,1,0
GGCGTTTGCTTACAGAGTTTTACCACAC,16,13
GGCGTTTGCTTACAGATTTGTACCACAC,4,3
GGCGTTTGCTTACAGATTTTGACCACAC,0,1
GGCGTTTGCTTGTAGCGATGGCTCAGGT,0,34
GGCGTTTGCTTGTAGCGATGTCTCATGT,0,3
GGCGTTTGCTTGTAGCGATTGCTCATGT,0,4
GGCGTTTGCTTGTAGCGATTTCTCAGGT,0,1
GGCGTTTGCTTGTAGCTATTTCTCATTT,0,3
GGCGTTTGCTTGTATCGATTTCTCATTT,0,1
GGCGTTTGCTTTAAGGCCTGTAACACCT,0,19
GGCGTTTGCTTTAAGGCCTTTAACACCA,0,1
GGCTTACACTGTAAGACATGTTACCGTC,0,1
GGGCTCCCCTATTAGATTTGTGACATTC,0,1
GGGCTGCCCTCTGAGTGCTTATTCAATT,1,0
GGGGACAACTTGGAGGGCTGGGTCATTC,0,1
GGGGACGGCTCTCAGGTGTTTTTCATCT,0,1
GGGGAGATCTTGGAGACTTGCAGCACTT,0,1
GGGGAGGCCTAAGAGCTGTGTGCCAACG,0,1
GGGGAGGGCTGCGAGGTTTGTTTCATTC,1,0
GGGGATGACTTCCAGTGATGCTTCCACC,1,0
GGGGATGCCTCCAACAATTGAATCAAAT,1,0
GGGGTAAACTCCTAGGCTTGCCCCAGGG,130,101
GGGGTAAACTCCTAGGCTTGCCCCAGTT,2,0
GGGGTAAACTCCTAGGCTTGCCCCATGT,2,0
GGGGTAAACTCCTAGGCTTGCCCCATTG,3,0
GGGGTAAACTCCTAGGCTTTCCCCAGGT,0,1
GGGGTAAACTCCTAGGCTTTCCCCAGTG,1,2
GGGGTAAACTCCTAGGCTTTCCCCATGG,1,1
GGGGTAAACTCCTAGGCTTTCCCCATTT,7,17
GGGGTAAACTGCAAGGTATGTGCCACGG,5,5
GGGGTAAACTGCAAGGTATGTTCCACTT,0,1
GGGGTAAACTTCAAGAAATGAGTCAAAT,275,304
GGGGTAAACTTCAAGAAATGAGTCACCT,1,1
GGGGTAAACTTCAAGAAATGAGTCCACT,0,3
GGGGTAAACTTCAAGAAATGAGTCCCAT,4,7
GGGGTAAACTTCAAGAAATGATTCAACT,1,0
GGGGTAAACTTCAAGAAATGATTCCCCT,0,2
GGGGTAAACTTCAAGAAATGCGTCAACT,0,1
GGGGTAAACTTCAAGAAATTATTCAAAT,12,8
GGGGTAAACTTCAAGAAATTATTCCCAT,1,0
GGGGTAAGCTAACAGAGGTGTATCATGT,0,1
GGGGTAAGCTATGAGCTCTTTCCCCACG,0,1
GGGGTAAGCTCTGAGCTGTGATCCAGGG,42,0
GGGGTAAGCTCTGAGCTGTGATCCATGT,1,0
GGGGTAAGCTCTGAGCTTTGATCCATTG,1,0
GGGGTAAGCTCTGAGCTTTTATCCATTT,4,0
GGGGTAAGCTGACAGAGGTGTAGCATGT,281,449
GGGGTAAGCTGACAGAGGTGTATCATTT,3,7
GGGGTAAGCTGACAGAGGTTTAGCATTT,1,2
GGGGTAAGCTGACAGAGGTTTATCATGT,3,7
GGGGTAAGCTGACAGAGGTTTTGCATGT,1,0
GGGGTAAGCTGACAGAGTTGAAGCATGT,1,0
GGGGTAAGCTGACAGAGTTGTAGCATTT,0,3
GGGGTAAGCTGACAGAGTTGTATCATGT,2,4
GGGGTAAGCTGACAGAGTTTTAGCATGT,14,38
GGGGTAAGCTGACAGAGTTTTATCATTT,8,13
GGGGTAAGCTGACAGATTTGTATCATTT,0,1
GGGGTAATCTAAAAGCGTTGATGCACGG,0,31
GGGGTAATCTAAAAGCGTTGATTCCCGG,0,1
GGGGTAATCTAAAAGCGTTTATTCACGT,0,1
GGGGTAATCTAAAAGCTTTGATTCACTG,0,1
GGGGTAATCTAAAAGCTTTTATTCACTT,0,3
GGGGTAATCTTGTAGATTTGGTGCACTC,10,0
GGGGTACACTCGAAGCTATGGCTCAGGA,62,10
GGGGTACACTCGAAGCTATGTCTCAGTA,1,1
GGGGTACACTCGAAGCTATGTCTCATGA,2,0
GGGGTACACTCGAAGCTATTGCTCATGA,1,0
GGGGTACACTCGAAGCTATTTCTCAGGA,2,0
GGGGTACACTCGAAGCTATTTCTCATTA,1,0
GGGGTACACTGGCAGATCTTTTTCACTC,0,1
GGGGTACCCTCCGAGGCGTGTAGCATTT,1,0
GGGGTACCCTGCTAGACCTGCGGCAAAG,72,31
GGGGTACCCTGCTAGACCTGCTTCAAAG,3,1
GGGGTACCCTGCTAGACCTGCTTCCCAG,1,0
GGGGTACCCTGCTAGACCTTCGTCAACG,0,1
GGGGTACCCTGCTAGACCTTCTGCAAAG,0,1
GGGGTACCCTGCTAGACCTTCTTCAAAT,5,3
GGGGTACGCTGTCAGTTGGGTGTCCGCC,1,0
GGGGTACGCTGTCAGTTGTGGGTCAGCC,46,75
GGGGTACGCTGTCAGTTGTGTGTCATCC,1,1
GGGGTACGCTGTCAGTTGTGTTTCAGCC,0,1
GGGGTACGCTGTCAGTTTTGGTTCAGCC,1,2
GGGGTACGCTGTCAGTTTTGTGTCAGCC,2,2
GGGGTACGCTGTCAGTTTTTTTTCATCC,4,5
GGGGTACTCTCGGAGTTATGGCTCAAAC,1,0
GGGGTACTCTCGGAGTTTTGGCTCATTC,251,37
GGGGTACTCTCGGAGTTTTGTCTCAATC,1,0
GGGGTACTCTCGGAGTTTTTTCTCATTC,25,4
GGGGTACTCTGTTAGCCTTGAGGCAATC,71,70
GGGGTACTCTGTTAGCCTTGAGGCCCTC,2,2
GGGGTACTCTGTTAGCCTTTAGTCCATC,0,1
GGGGTACTCTGTTAGCCTTTATTCAATC,7,6
GGGGTAGACTGTAAGGTCTGGCTCAGCT,0,28
GGGGTAGACTGTAAGGTCTTTCTCATCT,0,5
GGGGTAGCCTTCTAGGGGTGGTGCATGC,36,0
GGGGTAGCCTTCTAGGGTTGTTTCATTC,1,0
GGGGTAGCCTTCTAGGTGTGTTGCATTC,1,0
GGGGTAGCCTTCTAGGTTTGGTGCATGC,2,0
GGGGTAGCCTTCTAGGTTTGTTTCCTGC,1,0
GGGGTAGCCTTCTAGGTTTTGTTCATTC,2,0
GGGGTAGGCTACTAGAAGTGCATCATCT,0,1
GGGGTAGGCTACTAGAAGTGCTTCAGCT,187,68
GGGGTAGGCTACTAGAAGTGCTTCCTCT,1,0
GGGGTAGGCTACTAGAATTTCTTCATCT,8,4
GGGGTAGGCTAGCAGCATTGGGACACGT,23,0
GGGGTAGGCTAGCAGCATTGGTACACTT,1,0
GGGGTAGGCTAGCAGCATTGTTACACGT,3,0
GGGGTAGGCTGTAAGACTTGAGTCATAG,0,1
GGGGTAGTCTACTAGAATTGCTTCAGCT,0,1
GGGGTAGTCTCGTAGGAGTGATCCACAT,0,1
GGGGTAGTCTCGTAGGTGAGATCCACAT,0,1
GGGGTAGTCTCGTAGGTGTGATCCACAG,203,384
GGGGTAGTCTCGTAGGTGTGATCCCCAT,0,1
GGGGTAGTCTCGTAGGTGTGATCCCCCG,2,4
GGGGTAGTCTCGTAGGTGTTATCCACAT,2,2
GGGGTAGTCTCGTAGGTTTGATCCACAT,5,13
GGGGTAGTCTCGTAGGTTTTATCCACAG,2,1
GGGGTAGTCTCGTAGGTTTTATCCCCAT,0,1
GGGGTAGTCTCGTAGTTTTGATCCACAG,0,1
GGGGTATACTCGCAGTTGTGTGGCAGAT,74,0
GGGGTATACTCGCAGTTGTGTTGCATAT,1,0
GGGGTATACTCGCAGTTGTGTTGCCGAT,1,0
GGGGTATACTCGCAGTTGTGTTTCAGAT,2,0
GGGGTATACTCGCAGTTGTTTTTCATAT,2,0
GGGGTATACTCGCAGTTTTGTGTCATAT,3,0
GGGGTATACTCGCAGTTTTTTGTCAGAT,1,0
GGGGTATACTGGTAGTGCTGAAACAACT,0,1
GGGGTATACTGGTAGTGCTGATACATCT,41,131
GGGGTATACTGGTAGTTCAGAAACATCT,0,1
GGGGTATACTGGTAGTTCTGATACCTCT,0,1
GGGGTATACTGGTAGTTCTTATACATCT,1,3
GGGGTATGCTAGAAGACATGCCCCAGTG,119,29
GGGGTATGCTAGAAGACATTCCCCAGTT,4,2
GGGGTATGCTAGAAGACATTCCCCATTG,10,2
GGGGTATGCTAGAAGACATTCCCCCTTT,1,0
GGGGTATGCTAGCAGAAATGTCACAACA,0,1
GGGGTATGCTCAAAGCTCTGACCCACCT,1,0
GGGGTATGCTCAGAGGGATGTGTCACGT,0,44
GGGGTATGCTCAGAGGGATGTTTCACTT,0,1
GGGGTATGCTCAGAGGTATGTGTCACTT,0,2
GGGGTATGCTGCTAGGTTTGGTGCACAA,49,0
GGGGTATGCTGCTAGGTTTGTTTCACAA,1,0
GGGGTATGCTGCTAGGTTTTTTGCACAA,3,0
GGGGTATGCTGTCAGTTTATTTACAACA,0,1
GGGGTATGCTGTCAGTTTTGTTACAACA,23,88
GGGGTATGCTGTCAGTTTTTTTACACCC,1,2
GGGGTATGCTGTCAGTTTTTTTACGACA,0,1
GGGGTATTCAGATAGATGTGTGTCACTG,1,0
GGGGTATTCTGATAGAGGTGGGTCACTG,52,0
GGGGTATTCTGATAGAGGTTTTTCACTT,1,0
GGGGTATTCTGATAGAGTTGTTTCACTG,5,0
GGGGTATTCTGATAGATGTGTTTCACTG,1,0
GGGGTATTCTGATAGATGTTTGTCCCTT,1,0
GGGGTATTCTGATAGATTAGTGTCACTG,1,0
GGGGTATTCTGATAGATTTGGTTCACTG,1,0
GGGGTATTCTGATAGATTTTTGTCACTT,1,0
GGGGTATTCTGGCAGTGGTGAAGCATAA,47,2
GGGGTATTCTGGCAGTGGTGCATCATAA,1,0
GGGGTATTCTGGCAGTGTTGAAGCCTAC,1,0
GGGGTATTCTGGCAGTGTTGAATCATCA,1,0
GGGGTATTCTGGCAGTTTTGAATCATAA,5,0
GGGGTATTCTGGGAGCTGTGCGCCAAGT,48,98
GGGGTATTCTGGGAGCTGTGCGCCCCGT,2,3
GGGGTATTCTGGGAGCTGTGCTCCAATT,1,6
GGGGTATTCTGGGAGCTGTTCTCCAAGT,1,1
GGGGTATTCTGGGAGCTTTGCGCCACGT,0,1
GGGGTATTCTGGGAGCTTTGCTCCAAGT,3,4
GGGGTATTCTGGGAGCTTTTCTCCAATT,1,2
GGGGTATTCTTCTAGCACTGCTCCACTA,1,0
GGGGTCAACTGGTAGAAGGCTCCCACAT,1,0
GGGGTCAACTGGTAGAAGTGTCCCAAAT,80,14
GGGGTCAACTGGTAGAAGTGTCCCACCT,1,0
GGGGTCAACTGGTAGAAGTGTCCCCACT,2,1
GGGGTCAACTGGTAGAATTGTCCCAAAA,1,0
GGGGTCAACTGGTAGAATTGTCCCCCCT,1,0
GGGGTCAACTGGTAGAATTTTCCCAAAT,2,0
GGGGTCAACTTGGAGGGCTGGGGCAGTC,15,72
GGGGTCAACTTGGAGGGCTGGTTCAGTC,3,4
GGGGTCAACTTGGAGGGCTGTTGCAGTC,1,3
GGGGTCAACTTGGAGGGCTGTTTCCGTC,0,1
GGGGTCAACTTGGAGGGCTTTGTCATTC,1,0
GGGGTCAACTTGGAGGTCTGGGTCAGTC,0,2
GGGGTCAACTTGGAGGTCTGGTGCAGTC,0,1
GGGGTCAACTTGGAGGTCTGTGGCAGTC,0,1
GGGGTCAACTTGGAGGTCTGTTGCATTC,1,0
GGGGTCAACTTGGAGGTCTTTGTCAGTC,0,1
GGGGTCAACTTGGAGGTCTTTTTCATTC,1,3
GGGGTCAACTTGGAGTTCTTGGGCAGTC,1,0
GGGGTCACCTCAAAGCTATTCTACACAC,0,1
GGGGTCACCTGTAAGGCCTGGGGCATTT,36,94
GGGGTCACCTGTAAGGCCTGGGGCCTAT,0,1
GGGGTCACCTGTAAGGCCTGGTTCATTT,1,2
GGGGTCACCTGTAAGGCCTGTTGCATTT,0,1
GGGGTCACCTGTAAGGCCTTTTTCATTT,6,14
GGGGTCACCTTGTAGGATTGGAACAGTG,106,28
GGGGTCACCTTGTAGGATTGGAACATTT,1,0
GGGGTCACCTTGTAGGATTGTAACAGTT,1,0
GGGGTCACCTTGTAGGATTGTAACATTG,2,0
GGGGTCACCTTGTAGGATTTGAACAGTT,1,0
GGGGTCACCTTGTAGGATTTGAACATTG,1,0
GGGGTCACCTTGTAGGATTTTAACATTT,4,3
GGGGTCACTTTGTAGGATTGTAACAGTG,0,1
GGGGTCAGCTGTGAGGAATGTCGCACTG,15,0
GGGGTCAGCTGTGAGGAATTTCTCACTT,1,0
GGGGTCATCTGGCAGGAGTGGGGCAAGG,0,21
GGGGTCATCTGGCAGGAGTGGTGCAATG,0,1
GGGGTCATCTGGCAGGAGTGTGTCAAGG,0,2
GGGGTCATCTGGCAGGAGTGTTGCAAGG,0,1
GGGGTCATCTGGCAGGAGTGTTTCAATT,0,2
GGGGTCCACAGGCAGATCTTTTTCCCGC,0,1
GGGGTCCACTACTAGTGGTGGCGCAACG,26,0
GGGGTCCACTACTAGTGGTGGCTCCCCG,1,0
GGGGTCCACTACTAGTGGTGTCGCAACT,1,0
GGGGTCCACTACTAGTGGTTTCTCAACT,1,0
GGGGTCCACTACTAGTGTTGGCTCAACG,1,0
GGGGTCCACTACTAGTGTTGTCGCAACG,1,0
GGGGTCCACTACTAGTGTTGTCTCAACT,2,0
GGGGTCCACTACTAGTTGTTGCTCAACG,1,0
GGGGTCCACTACTAGTTTTGTCGCAACT,1,0
GGGGTCCACTGGCAGAACTGTTCCACCC,0,1
GGGGTCCACTGGCAGATCTGAAGCACGC,1,0
GGGGTCCACTGGCAGATCTGAATCCCGC,0,1
GGGGTCCACTGGCAGATCTGATGCACTC,0,1
GGGGTCCACTGGCAGATCTGTTGCACGC,465,589
GGGGTCCACTGGCAGATCTGTTTCACTC,48,72
GGGGTCCACTGGCAGATCTGTTTCCCGC,1,4
GGGGTCCACTGGCAGATCTTTAGCACGC,0,1
GGGGTCCACTGGCAGATCTTTTGCACTC,1,3
GGGGTCCACTGGCAGATCTTTTGCCCGC,0,1
GGGGTCCACTGGCAGATCTTTTTCACGC,3,5
GGGGTCCACTGGCAGATCTTTTTCCCTC,1,0
GGGGTCCACTTCTAGGTCTGGCACATGT,60,29
GGGGTCCACTTCTAGGTCTGTCACATTT,7,3
GGGGTCCACTTCTAGGTCTGTCACCTGT,0,1
GGGGTCCACTTCTAGGTCTTTCACATGT,2,1
GGGGTCCCCTATTAGATTTGTGACATGC,0,19
GGGGTCCCCTATTAGATTTGTTACATTC,0,5
GGGGTCCCCTATTAGATTTTTTACATGC,0,1
GGGGTCCCCTCACAGATATGAACCCACC,0,1
GGGGTCCCCTGGGAGCGTTGTTGCACTG,100,74
GGGGTCCCCTGGGAGCGTTGTTTCACTT,1,2
GGGGTCCCCTGGGAGCGTTGTTTCCCTG,1,1
GGGGTCCCCTGGGAGCGTTTTTGCACTT,0,1
GGGGTCCCCTGGGAGCGTTTTTTCACTG,0,1
GGGGTCCCCTGGGAGCTTTGATCCACTG,0,1
GGGGTCCCCTGGGAGCTTTGTTGCACTT,1,0
GGGGTCCCCTGGGAGCTTTGTTTCACTG,12,4
GGGGTCCCCTGGGAGCTTTGTTTCCCTT,0,1
GGGGTCCCCTGGGAGCTTTTTTGCACTG,1,1
GGGGTCCCCTGGGAGCTTTTTTTCACTT,5,2
GGGGTCCTCTCCTAGCTTTGCTTCAAGC,1,0
GGGGTCCTCTCCTAGGGGTCCTGCAATC,1,0
GGGGTCCTCTCCTAGGGGTGCTGCAAGC,62,0
GGGGTCCTCTCCTAGGGGTGCTTCAATC,2,0
GGGGTCCTCTCCTAGGGTTGCTGCCCGC,3,0
GGGGTCCTCTCCTAGGTTTGCTGCAAGC,1,0
GGGGTCCTCTCCTAGGTTTGCTGCCATC,1,0
GGGGTCCTCTCCTAGGTTTGCTTCAATC,9,0
GGGGTCCTCTCCTAGGTTTTCTTCAAGC,1,0
GGGGTCCTCTTCTAGGACTGTCACATTA,0,1
GGGGTCCTCTTCTAGTTCTGTCACAATA,1,0
GGGGTCCTCTTGAAGGGATGGTACAAGG,0,34
GGGGTCCTCTTGAAGGGATGGTACCCGG,0,1
GGGGTCCTCTTGAAGGGATGTTACAAGT,0,2
GGGGTCCTCTTGAAGGGATGTTACAATG,0,4
GGGGTCCTCTTGAAGGTATTTTACAATT,0,1
GGGGTCGACTCGAAGGACTGTGTCAGGG,1,0
GGGGTCGACTCGAAGGTCAGTTGCAGTT,0,1
GGGGTCGACTCGAAGGTCTGTGGCAGGG,96,35
GGGGTCGACTCGAAGGTCTGTGGCAGTT,1,1
GGGGTCGACTCGAAGGTCTGTGTCAGTG,1,2
GGGGTCGACTCGAAGGTCTGTGTCATGG,5,2
GGGGTCGACTCGAAGGTCTGTTGCAGTG,1,0
GGGGTCGACTCGAAGGTCTGTTGCATGG,3,1
GGGGTCGACTCGAAGGTCTGTTTCAGGT,1,0
GGGGTCGACTCGAAGGTCTGTTTCATTT,10,5
GGGGTCGACTCGAAGGTCTTTGTCATTT,1,1
GGGGTCGACTCGAAGGTCTTTGTCCTGG,0,1
GGGGTCGACTCGAAGGTCTTTTTCAGTT,2,0
GGGGTCGACTGAAAGAGGTGCGTCAGCT,0,3
GGGGTCGACTGCGAGATTTGGCTCACGT,71,26
GGGGTCGACTGCGAGATTTGTCTCCCGT,0,1
GGGGTCGACTGCGAGATTTTTCTCACTT,8,3
GGGGTCGACTGCGAGGTGTGGAACATAG,0,24
GGGGTCGACTGCGAGGTGTGTAACATAT,0,1
GGGGTCGACTGCGAGGTTTTGAACATAT,0,3
GGGGTCGACTGGTAGACGTGGTCCAAAG,0,39
GGGGTCGACTGGTAGACGTGGTCCCCAG,0,1
GGGGTCGACTGGTAGACTTGGTCCAAAT,0,2
GGGGTCGACTGGTAGGCTTGACCCAATA,0,1
GGGGTCGACTTCTAGCGTTGATACACGC,67,70
GGGGTCGACTTCTAGCTTTTATACACTC,5,9
GGGGTCGCCTATTAGGTATGGCACATGC,3,0
GGGGTCGCCTATTAGGTATGTCACATTC,2,0
GGGGTCGCCTGATAGTTTTTACGCACCT,0,1
GGGGTCGCCTGGTAGTTTTGACGCACCT,0,36
GGGGTCGCCTGGTAGTTTTTACTCACCT,0,1
GGGGTCGGCTAGCAGACATGACCCATTC,0,1
GGGGTCGGCTAGCAGTCTTTTACCATTC,0,1
GGGGTCGGCTCCGAGCCTTGAGTCAGTC,1,0
GGGGTCGGCTCTCAGGTGTGGGGCATCG,0,70
GGGGTCGGCTCTCAGGTGTGGGGCCTAG,0,1
GGGGTCGGCTCTCAGGTGTGGGTCATCT,0,1
GGGGTCGGCTCTCAGGTGTGGTGCCTCT,0,1
GGGGTCGGCTCTCAGGTGTGGTTCATCG,0,2
GGGGTCGGCTCTCAGGTGTGTGGCATCT,0,1
GGGGTCGGCTCTCAGGTGTGTGGCCTCG,0,1
GGGGTCGGCTCTCAGGTGTGTGTCATCG,0,1
GGGGTCGGCTCTCAGGTGTGTTGCATCG,0,2
GGGGTCGGCTCTCAGGTGTGTTTCATCT,0,8
GGGGTCGGCTCTCAGGTTTGGTGCATCT,0,1
GGGGTCGGCTCTCAGGTTTTTGTCATCT,0,1
GGGGTCGGCTCTCAGGTTTTTTTCATCG,0,1
GGGGTCGGCTTACAGCGATGGAGCACCT,12,0
GGGGTCGGCTTACAGCTATTGATCACCT,1,0
GGGGTCGGCTTGCAGTCTGGTACCCGGC,0,1
GGGGTCGGCTTGCAGTCTTGTACCAGGC,34,54
GGGGTCGGCTTGCAGTCTTGTACCATTC,1,4
GGGGTCGGCTTGCAGTCTTTTACCAGTC,0,1
GGGGTCGTCTAGCAGATATGATTCCTGA,1,0
GGGGTCGTCTAGCAGATTAGATGCAAGT,1,0
GGGGTCGTCTAGCAGATTTGATGCATGT,67,0
GGGGTCGTCTAGCAGATTTTATTCATTT,6,0
GGGGTCGTCTGTAAGTCGTGTCGCACGA,0,19
GGGGTCGTCTGTAAGTCGTGTCTCACTA,0,1
GGGGTCGTCTGTAAGTCTTGTCGCACTA,0,1
GGGGTCGTCTGTAAGTCTTGTCTCACGA,0,2
GGGGTCGTCTGTAAGTCTTTTCTCACTA,0,2
GGGGTCGTCTTCAAGATCTTCCTCAAAA,1,0
GGGGTCTACTGGTAGAGATGCACCAAGT,0,1
GGGGTCTACTGGTAGTCGTGATGCATTA,48,123
GGGGTCTACTGGTAGTCTTTATTCATTA,4,8
GGGGTCTACTGGTAGTGTTGCACCAAGT,0,65
GGGGTCTACTGGTAGTGTTTCACCAATT,0,6
GGGGTCTACTGGTAGTTTTGCACCAATT,0,1
GGGGTCTCCATGTAGTGTTGCTGCATGT,0,1
GGGGTCTCCTATAAGAGATGACTCAGTG,0,1
GGGGTCTCCTATAAGAGTTGTCTCAGAT,0,1
GGGGTCTCCTATAAGAGTTGTCTCAGTG,39,185
GGGGTCTCCTATAAGAGTTGTCTCCGTT,0,1
GGGGTCTCCTATAAGAGTTTTCTCATTT,4,20
GGGGTCTCCTATAAGAGTTTTCTCCTTG,0,1
GGGGTCTCCTATAAGATTTGTCTCATTT,1,3
GGGGTCTCCTATAAGATTTTTCTCAGAT,1,0
GGGGTCTCCTATAAGATTTTTCTCAGTG,0,1
GGGGTCTCCTCAAAGAAAATTGTCAATA,0,1
GGGGTCTCCTCAAAGAAAGGGGGCCCGA,1,0
GGGGTCTCCTCAAAGAAATAGGTCACGA,0,1
GGGGTCTCCTCAAAGAAATCTTGCCCGA,0,1
GGGGTCTCCTCAAAGAAATGGGCCAAGC,0,1
GGGGTCTCCTCAAAGAAATGGGGCAAGA,146,286
GGGGTCTCCTCAAAGAAATGGGGCCCGC,4,5
GGGGTCTCCTCAAAGAAATGGGTCAATA,1,3
GGGGTCTCCTCAAAGAAATGGTGCAATA,1,1
GGGGTCTCCTCAAAGAAATGGTGCCAGA,0,2
GGGGTCTCCTCAAAGAAATGGTTCAAGA,3,6
GGGGTCTCCTCAAAGAAATGTGGCAATA,0,2
GGGGTCTCCTCAAAGAAATGTGGCCCGA,1,2
GGGGTCTCCTCAAAGAAATGTGTCAAGA,10,23
GGGGTCTCCTCAAAGAAATGTTGCAAGA,3,13
GGGGTCTCCTCAAAGAAATTGGGCAATA,1,0
GGGGTCTCCTCAAAGAAATTGGTCAAGA,2,3
GGGGTCTCCTCAAAGAAATTGTGCAAGA,2,3
GGGGTCTCCTCAAAGAAATTTGGCAAGA,0,6
GGGGTCTCCTCAAAGAAATTTGGCCCGC,0,1
GGGGTCTCCTCAAAGAAATTTGTCCCGA,0,2
GGGGTCTCCTCAAAGAAATTTTTCAATA,21,30
GGGGTCTCCTTAGAGTAATGGTACAGTC,0,1
GGGGTCTCCTTGGAGTAATGGGACAGTC,21,58
GGGGTCTCCTTGGAGTAATGGTACCGTC,0,1
GGGGTCTCCTTGGAGTAATGTGACCGTC,0,2
GGGGTCTCCTTGGAGTAATGTTACAGTC,1,1
GGGGTCTCCTTGGAGTAATTGTACAGTC,0,1
GGGGTCTCCTTGGAGTAATTTGACAGTC,2,0
GGGGTCTCCTTGGAGTAATTTTACATTC,5,8
GGGGTCTCCTTGGAGTAATTTTACCGTC,1,0
GGGGTCTGCTCGAAGGTGTGTGCCACGG,19,0
GGGGTCTGCTCGAAGGTGTGTTCCACTG,2,0
GGGGTCTGCTCGAAGGTTTTTTCCACTT,1,0
GGGGTCTGCTCGATGGTTTGTGCCACTG,1,0
GGGGTCTGCTTCTAGCCTTGTTTCACCG,38,0
GGGGTCTGCTTTTAGTCCTGCCTCAATG,1,0
GGGGTCTTCTATGAGATCTGATGCATGT,0,69
GGGGTCTTCTATGAGATCTGATTCATTT,0,3
GGGGTCTTCTATGAGATCTTATGCATTT,0,1
GGGGTCTTCTATGAGATCTTATTCATGT,0,1
GGGGTGAACTGTTAGGTGTGTGGCACTG,42,0
GGGGTGAACTGTTAGGTGTGTTTCACTG,1,0
GGGGTGAACTGTTAGGTTTGTGTCACTG,1,0
GGGGTGAACTGTTAGGTTTTTGGCACTG,1,0
GGGGTGAACTGTTAGGTTTTTTTCACTT,1,0
GGGGTGACCTCAAAGCTAACCTACACAC,1,0
GGGGTGACCTCAAAGCTAGGCTACCCAC,0,1
GGGGTGACCTCAAAGCTATGCACCACAC,0,1
GGGGTGACCTCAAAGCTATGCTACACAC,399,565
GGGGTGACCTCAAAGCTATGCTACCCCC,9,13
GGGGTGACCTCAAAGCTATTCTACACCC,0,1
GGGGTGACCTCAAAGCTATTCTACATAC,0,1
GGGGTGACCTCAAAGCTATTCTACCCAC,1,1
GGGGTGACCTCAGAGCTATGCTTCACCC,0,1
GGGGTGACCTCTGAGAAATGCTACACAC,1,0
GGGGTGACCTTGGAGCGATGAATCATTT,1,0
GGGGTGAGCTCGGAGTGTTGTTCCATTC,59,79
GGGGTGAGCTCGGAGTGTTTTTCCCTTC,0,1
GGGGTGAGCTCGGAGTTTTTTTCCATTC,1,2
GGGGTGAGCTGATAGAAGTTACCCACGC,0,1
GGGGTGATCATCGAGACTTGCAGCACTT,1,0
GGGGTGATCTACGAGGCTTGACTCATGA,0,38
GGGGTGATCTCGGAGTTTTGCGTCACTT,33,0
GGGGTGATCTCGGAGTTTTTCTTCACTT,3,0
GGGGTGATCTGTGAGCGGTGAGTCAGAG,41,82
GGGGTGATCTGTGAGCGGTGAGTCATCG,0,1
GGGGTGATCTGTGAGCGGTGATTCATAT,2,2
GGGGTGATCTGTGAGCGTTGAGTCAGAT,1,0
GGGGTGATCTGTGAGCTGTGAGTCAGAT,0,2
GGGGTGATCTGTGAGCTGTGATTCAGAG,0,1
GGGGTGATCTGTGAGCTTTGAGTCAGAG,1,7
GGGGTGATCTGTGAGCTTTGAGTCCGCG,0,1
GGGGTGATCTGTGAGCTTTGATTCAGAT,0,1
GGGGTGATCTTGGAGACTTGCAGCACGT,120,32
GGGGTGATCTTGGAGACTTTCATCACTT,8,6
GGGGTGATCTTGGAGACTTTCATCCCGT,1,0
GGGGTGCACTCATAGGCATGAGGCACTC,3,0
GGGGTGCACTGAAAGTCCTGAGACAGAG,0,36
GGGGTGCACTGAAAGTCCTGATACATAT,0,2
GGGGTGCACTGCTAGCGGTGGGACATGA,0,22
GGGGTGCACTGCTAGCGGTGTTACATGA,0,2
GGGGTGCACTGCTAGCGTTGTGACATGA,0,1
GGGGTGCACTGCTAGCTGTGGGACATTA,0,2
GGGGTGCACTGCTAGCTTTGGGACATGA,0,1
GGGGTGCACTGCTAGCTTTTGTACATGA,0,1
GGGGTGCACTGCTAGCTTTTTGACATTA,0,2
GGGGTGCACTGCTAGGTCTGCCGCAAGG,1,0
GGGGTGCACTGTGAGAATTGTGCCAGGC,37,23
GGGGTGCACTGTGAGAATTGTGCCATTC,2,0
GGGGTGCACTGTGAGAATTGTTCCAGTC,0,1
GGGGTGCACTGTGAGAATTGTTCCATGC,0,1
GGGGTGCACTGTGAGAATTTTTCCATTC,4,3
GGGGTGCCCTAAAAGGTGTGGTTCAGAA,36,0
GGGGTGCCCTAAAAGGTGTGGTTCCGCC,1,0
GGGGTGCCCTAAAAGGTGTTTTTCATAA,4,0
GGGGTGCCCTAAAAGGTTTTTTTCAGAA,1,0
GGGGTGCCCTCTCAGATCTGATCCAATC,0,1
GGGGTGCCCTCTCAGTCCTGATTCAATG,1,0
GGGGTGCCCTCTGAGTGCTGAGGCAATG,166,211
GGGGTGCCCTCTGAGTGCTGAGGCCCTG,2,2
GGGGTGCCCTCTGAGTGCTGAGTCAAAG,0,1
GGGGTGCCCTCTGAGTGCTGAGTCAATT,8,2
GGGGTGCCCTCTGAGTGCTGATTCAATG,8,9
GGGGTGCCCTCTGAGTGCTTAGTCAATG,1,1
GGGGTGCCCTCTGAGTGCTTATGCAATG,3,0
GGGGTGCCCTCTGAGTTCTGAGTCAATG,2,4
GGGGTGCCCTCTGAGTTCTGATGCCCTG,0,1
GGGGTGCCCTCTGAGTTCTTATTCAATT,9,8
GGGGTGCCCTGCGAGCCATGCTTCATTC,1,0
GGGGTGCCCTGCGAGCGTTGGGGCATAC,17,61
GGGGTGCCCTGCGAGCGTTGGGGCCTCC,1,0
GGGGTGCCCTGCGAGCGTTGGTTCATAC,1,7
GGGGTGCCCTGCGAGCGTTGTGTCATAC,0,4
GGGGTGCCCTGCGAGCGTTGTTGCATAC,1,1
GGGGTGCCCTGCGAGCGTTTTGGCATAC,0,1
GGGGTGCCCTGCGAGCGTTTTTTCATAC,0,1
GGGGTGCCCTGCGAGCTTTGGGTCATAC,0,1
GGGGTGCCCTGCGAGCTTTGGTGCATAC,1,1
GGGGTGCCCTGCGAGCTTTGTGGCATAC,1,2
GGGGTGCCCTGCGAGCTTTGTTTCATAC,0,4
GGGGTGCCCTGCGAGCTTTTTGTCATAC,1,0
GGGGTGCCCTGGGAGGACTGGCACAGTG,0,17
GGGGTGCCCTGGGAGGACTGTCACATTG,0,1
GGGGTGCCCTGTCAGATCTGTTGCACTC,0,1
GGGGTGCGCTGATAGAAGTGACCCACGC,63,183
GGGGTGCGCTGATAGAATTGACCCCCGC,0,1
GGGGTGCGCTGATAGAATTTACCCACTC,2,12
GGGGTGCGCTGCGAGTTTTGGATCACCT,39,0
GGGGTGCGCTGCGAGTTTTTTATCACCT,1,0
GGGGTGCGCTTCAAGATCTGCCTCAAAA,1,0
GGGGTGCGCTTCGAGATCTGTTGCATCT,0,70
GGGGTGCTCTCGTAGCATTGTACCATTT,0,1
GGGGTGCTCTGGCAGCTCTGATGCACGC,0,1
GGGGTGCTCTGGCAGGCGTGGCGCAAGT,0,6
GGGGTGCTCTTCCAGAGCTGAGCCACCC,32,40
GGGGTGCTCTTCCAGAGCTTATCCACCC,2,0
GGGGTGCTCTTCCAGATCTGATCCACCC,4,1
GGGGTGCTCTTCCAGATCTTAGCCACCC,1,1
GGGGTGCTCTTCGAGTTCTGTGTCATGG,1,0
GGGGTGGACTAACAGTAGTGACTCATAC,1,0
GGGGTGGACTAACAGTAGTGTCGCATAC,38,31
GGGGTGGACTAACAGTAGTGTCGCCTCC,1,0
GGGGTGGACTAACAGTAGTTTCTCATAC,1,1
GGGGTGGACTAACAGTATTGTCGCATCC,0,1
GGGGTGGACTAACAGTATTGTCTCATAC,4,0
GGGGTGGACTAGGAGCCTGGCCTCCCTG,0,1
GGGGTGGACTAGGAGCCTTGCCTCACTG,86,32
GGGGTGGACTAGGAGCCTTTCCTCACTT,6,1
GGGGTGGACTAGTAGCCTTGCCTCACTT,1,0
GGGGTGGACTGTAAGTACTGGTGCATAC,0,26
GGGGTGGACTGTAAGTACTGTTTCATAC,0,3
GGGGTGGACTGTAAGTACTTTTGCATAC,0,1
GGGGTGGACTTCGAGAGGTGCAACATTT,1,0
GGGGTGGACTTCGAGTGGACGTTCCTGT,0,1
GGGGTGGACTTCGAGTGGTGGTTCATGT,149,102
GGGGTGGACTTCGAGTGGTGTTTCATTT,9,4
GGGGTGGACTTCGAGTGGTTGTTCATTT,0,2
GGGGTGGACTTCGAGTGTTGTTTCATGT,3,1
GGGGTGGACTTCGAGTTGTGGTTCATTT,0,2
GGGGTGGACTTCGAGTTGTGTTTCATTA,0,1
GGGGTGGACTTCGAGTTGTGTTTCCTGT,1,0
GGGGTGGACTTCGAGTTGTTGTTCATGT,0,1
GGGGTGGACTTCGAGTTTTGGTTCATGT,3,4
GGGGTGGACTTCGAGTTTTTTTTCATTT,14,3
GGGGTGGACTTGGAGCAGTGAGGCAGGT,40,32
GGGGTGGACTTGGAGCAGTGAGTCAGTT,0,1
GGGGTGGACTTGGAGCAGTGATGCATTT,1,0
GGGGTGGACTTGGAGCAGTGATTCAGGT,2,0
GGGGTGGACTTGGAGCAGTTAGGCATGT,0,1
GGGGTGGACTTGGAGCATTGAGGCAGTT,0,1
GGGGTGGACTTGGAGCATTGAGGCCGGT,0,2
GGGGTGGACTTGGAGCATTGATGCAGGT,1,0
GGGGTGGACTTGGAGCATTTAGGCAGGT,0,1
GGGGTGGACTTGGAGCATTTAGTCATGT,1,0
GGGGTGGACTTGGAGCATTTATTCATTT,3,0
GGGGTGGACTTTCAGTTTTGTTCCACCC,37,38
GGGGTGGACTTTCAGTTTTTTTCCCCCC,1,0
GGGGTGGCCTAAGAGCGGTGTGCCAACG,251,170
GGGGTGGCCTAAGAGCGGTGTGCCCCCG,16,5
GGGGTGGCCTAAGAGCGGTGTTCCAACT,4,5
GGGGTGGCCTAAGAGCGTTGTGCCAACT,1,2
GGGGTGGCCTAAGAGCGTTTTTCCAACG,1,0
GGGGTGGCCTAAGAGCTGTGTGCCAACT,2,1
GGGGTGGCCTAAGAGCTGTGTGCCACCG,1,0
GGGGTGGCCTAAGAGCTGTGTGCCCACG,0,1
GGGGTGGCCTAAGAGCTGTGTTCCAACG,2,0
GGGGTGGCCTAAGAGCTTTGTGCCAACG,18,5
GGGGTGGCCTAAGAGCTTTGTTCCAACT,14,4
GGGGTGGCCTAGTAGGGATGGACCATCG,37,33
GGGGTGGCCTAGTAGGGATGTACCATCT,1,1
GGGGTGGCCTAGTAGGGATTGACCATCT,1,0
GGGGTGGCCTAGTAGGTATGGACCATCT,1,0
GGGGTGGCCTAGTAGGTATGTACCATCG,1,1
GGGGTGGCCTAGTAGGTATGTACCCTCT,1,0
GGGGTGGCCTAGTAGGTATTGACCATCG,0,1
GGGGTGGCCTAGTAGGTATTTACCATCT,1,6
GGGGTGGCCTCGGAGCCTTGCCTCACAG,1,0
GGGGTGGCCTGCAAGAGTTGACGCACTG,0,38
GGGGTGGCCTGCAAGAGTTGACTCACTT,0,4
GGGGTGGCCTGCAAGATTTTACTCACTT,0,2
GGGGTGGGCTGCAAGTTGTGTTTCACCG,0,27
GGGGTGGGCTGCAAGTTTAGTATCCCCG,0,1
GGGGTGGGCTGCGAGGGTTGTGGCAGTC,31,30
GGGGTGGGCTGCGAGGGTTGTTTCATTC,0,3
GGGGTGGGCTGCGAGGGTTTTTGCAGTC,0,1
GGGGTGGGCTGCGAGGTTTGTGTCAGTC,3,3
GGGGTGGGCTTACAGGAATGTCCCAGGA,13,0
GGGGTGGGCTTAGAGCAGTGCGGCATGG,0,29
GGGGTGGGCTTAGAGCAGTGCGTCCTGG,0,1
GGGGTGGGCTTAGAGCAGTGCTGCATGT,0,1
GGGGTGGGCTTAGAGCAGTTCTTCATTT,0,3
GGGGTGGGCTTAGAGCATTTCTGCATGG,0,1
GGGGTGGGCTTGCAGGCGTGAGGCAGCG,0,31
GGGGTGGGCTTGCAGGCTTGAGTCAGCG,0,1
GGGGTGGGCTTGCAGGCTTGATGCCGCG,0,1
GGGGTGGGCTTGCAGGCTTTAGTCAGCT,0,2
GGGGTGGGCTTGCAGGCTTTATTCATCT,0,4
GGGGTGGGCTTTTAGTTGTGTGTCAGCA,85,73
GGGGTGGGCTTTTAGTTGTGTGTCATCC,1,0
GGGGTGGGCTTTTAGTTGTGTTTCATCA,1,1
GGGGTGGGCTTTTAGTTGTTTGTCATCA,2,2
GGGGTGGGCTTTTAGTTTTGTGTCATCA,3,3
GGGGTGGGCTTTTAGTTTTGTTTCAGCA,0,1
GGGGTGGTCTAACAGAACTGCTCCAACC,0,1
GGGGTGGTCTACAAGCTCTGCCACAATT,0,1
GGGGTGGTCTCGTAGCATTGTACCATGT,39,31
GGGGTGGTCTCGTAGCATTTTACCATTT,2,2
GGGGTGGTCTCTTAGCGCTGTGGCATAT,0,38
GGGGTGGTCTCTTAGCTCTGTTTCATAT,0,1
GGGGTGGTCTTAGAGTTTTGTCACAGTC,32,0
GGGGTGGTCTTAGAGTTTTTTCACATTC,1,0
GGGGTGGTCTTCAAAATCTTCCTCAAAA,0,1
GGGGTGGTCTTCAAGATCCTCCTCAAAA,0,1
GGGGTGGTCTTCAAGATCGGCCTCCAAA,1,1
GGGGTGGTCTTCAAGATCTGCCTCAAAA,745,881
GGGGTGGTCTTCAAGATCTGCCTCAACC,0,2
GGGGTGGTCTTCAAGATCTGCCTCACAC,0,1
GGGGTGGTCTTCAAGATCTGCCTCACCA,1,1
GGGGTGGTCTTCAAGATCTGCCTCCACA,3,0
GGGGTGGTCTTCAAGATCTGCCTCCCAA,10,18
GGGGTGGTCTTCAAGATCTGCCTCCCCC,4,7
GGGGTGGTCTTCAAGATCTTCCTCAACA,1,0
GGGGTGGTCTTCAAGATCTTCCTCCAAA,0,1
GGGGTGGTCTTCGAGATCTTCCACAAAA,1,0
GGGGTGTACTACGAGTAATGCTGCACTC,1,0
GGGGTGTACTACGAGTATTGCTGCACGC,217,0
GGGGTGTACTACGAGTATTTCTTCACTC,33,0
GGGGTGTACTACGAGTATTTCTTCCCGC,1,0
GGGGTGTACTGCCAGACTTGACACACTC,0,1
GGGGTGTACTGGCAGGTGTGAAGCATTA,120,36
GGGGTGTACTGGCAGGTGTTAATCATTA,1,0
GGGGTGTACTGGCAGGTTTGAATCATTA,5,2
GGGGTGTACTTAAAGAGATGATACAACG,1,0
GGGGTGTCCAACAACTGTTGCTGCATGT,1,0
GGGGTGTCCTCATAGAACTGCTTCATTA,1,0
GGGGTGTCCTCATAGTAGTGCTTCAGGA,115,26
GGGGTGTCCTCATAGTAGTGCTTCATTA,13,1
GGGGTGTCCTCATAGTAGTGCTTCCTGA,1,0
GGGGTGTCCTCATAGTAGTTCTTCAGTA,4,1
GGGGTGTCCTCATAGTATTGCTTCAGTA,0,1
GGGGTGTCCTCATAGTATTGCTTCATGA,1,0
GGGGTGTCCTCATAGTATTGCTTCCGGA,0,1
GGGGTGTCCTCATAGTATTTCTTCAGGA,1,0
GGGGTGTCCTCATAGTATTTCTTCATTA,1,1
GGGGTGTCCTCTAAGGGGTGTGTCATCC,10,26
GGGGTGTCCTCTAAGGGTTTTGTCATCC,0,1
GGGGTGTCCTCTAAGGTGTGTGTCCTCC,1,0
GGGGTGTCCTCTAAGGTTTGTGTCATCC,0,10
GGGGTGTCCTGTAAGAGGTGTGTCAGTC,4,0
GGGGTGTCCTTGTAGTGTTGCTGCATGT,61,162
GGGGTGTCCTTGTAGTGTTGCTTCATTT,2,3
GGGGTGTCCTTGTAGTGTTTCTGCATTT,1,1
GGGGTGTCCTTGTAGTGTTTCTTCATGT,6,9
GGGGTGTCCTTGTAGTTTTTCTTCATTT,2,9
GGGGTGTCCTTGTAGTTTTTCTTCCTGT,0,2
GGGGTGTGCTAACAGGCCTGGCTCAACC,0,37
GGGGTGTGCTAACAGGCCTGGCTCCCCC,0,2
GGGGTGTGCTAACAGGCCTTTCTCAACC,0,1
GGGGTGTGCTAAGAGCGTTGGGACAAAC,0,65
GGGGTGTGCTAAGAGCGTTGGGACCCAC,0,3
GGGGTGTGCTAAGAGCGTTGTTACAAAC,0,3
GGGGTGTGCTAAGAGCGTTTGTACAAAC,0,1
GGGGTGTGCTAAGAGCGTTTTGACAAAC,0,1
GGGGTGTGCTAAGAGCTTTGTGACAAAC,0,1
GGGGTGTGCTAAGAGCTTTTTTACAAAC,0,1
GGGGTGTGCTAAGAGGATTGGCCCATTT,12,0
GGGGTGTGCTCAGAGACGTGACTCACTA,0,1
GGGGTGTGCTGTGAGGCATGGTCCAACG,31,24
GGGGTGTGCTGTGAGGCATGGTCCCCCG,1,2
GGGGTGTGCTGTGAGGCATTGTCCACCG,0,1
GGGGTGTGCTGTGAGGCATTTTCCAACT,2,2
GGGGTGTTCCATCAGCTTTGCTGCAGGT,1,0
GGGGTGTTCTAGCAGTGTTGCGCCACCT,0,52
GGGGTGTTCTAGCAGTGTTGCTCCCCCT,0,1
GGGGTGTTCTAGCAGTGTTTCTCCACCT,0,4
GGGGTGTTCTAGCAGTTTTGCTCCACCT,0,1
GGGGTGTTCTATCAGCTGTGCTGCAGGT,174,301
GGGGTGTTCTATCAGCTGTGCTGCATTT,1,5
GGGGTGTTCTATCAGCTGTGCTTCAGTT,3,1
GGGGTGTTCTATCAGCTGTGCTTCATGT,1,3
GGGGTGTTCTATCAGCTGTGCTTCCGGT,0,3
GGGGTGTTCTATCAGCTGTTCTGCAGTT,0,2
GGGGTGTTCTATCAGCTGTTCTTCAGGT,0,1
GGGGTGTTCTATCAGCTGTTCTTCATTT,11,25
GGGGTGTTCTATCAGCTTAGCTTCATGT,0,1
GGGGTGTTCTATCAGCTTTGCTGCAGTT,0,1
GGGGTGTTCTATCAGCTTTGCTGCATGT,0,4
GGGGTGTTCTATCAGCTTTGCTGCCGGT,0,1
GGGGTGTTCTATCAGCTTTGCTTCAGGT,2,2
GGGGTGTTCTATCAGCTTTGCTTCATGA,0,1
GGGGTGTTCTATCAGCTTTGCTTCATTT,3,7
GGGGTGTTCTATCAGCTTTTCTGCATTT,0,1
GGGGTGTTCTATCAGCTTTTCTTCATGT,1,1
GGGGTGTTCTCCGAGATCTGCCCCACCA,0,1
GGGGTGTTCTCGGAGTTCTGGCCCAACT,35,113
GGGGTGTTCTCGGAGTTCTGGCCCCCCT,1,6
GGGGTGTTCTCGGAGTTCTTTCCCAACT,0,4
GGGGTGTTCTGGGAGGGTTGGGGCATCT,51,37
GGGGTGTTCTGGGAGGGTTGGTTCATCT,3,0
GGGGTGTTCTGGGAGGGTTGTGTCATCT,2,0
GGGGTGTTCTGGGAGGGTTTGGTCATCT,0,1
GGGGTGTTCTGGGAGGTTTGTTGCATCT,3,2
GGGGTGTTCTGGGAGGTTTTTTTCATCT,4,9
GGGGTTAACTAAAAGAAGTGACTCAACG,98,105
GGGGTTAACTAAAAGAAGTGACTCCCCG,8,2
GGGGTTAACTAAAAGAATTTACTCAACT,4,7
GGGGTTAACTAACAGGAGTGAACCAACT,80,0
GGGGTTAACTAACAGGAGTGAACCCCCT,5,0
GGGGTTAACTAACAGGATTTAACCAACT,3,0
GGGGTTAACTCTAAGGTATGCAACATTG,15,0
GGGGTTACCTAAGAGGTCTGTAACAATT,0,1
GGGGTTACCTCAGAGGTCTGTCACAATT,0,69
GGGGTTACCTGTTAGCGCTGATTCACCT,79,40
GGGGTTACCTGTTAGCTCTGATTCCCCT,1,0
GGGGTTACCTGTTAGCTCTTATTCACCT,3,0
GGGGTTAGCTATGAGCGCTGGCCCAACG,44,63
GGGGTTAGCTATGAGCGCTGGCCCCACT,1,0
GGGGTTAGCTATGAGCGCTGGCCCCCCG,1,1
GGGGTTAGCTATGAGCGCTGTCCCAACT,5,5
GGGGTTAGCTATGAGCTCTGGCCCAACT,0,1
GGGGTTAGCTATGAGCTCTGTACCAACC,1,0
GGGGTTAGCTATGAGCTCTGTCCCAACG,1,0
GGGGTTAGCTATGAGCTCTTTCCCAACT,3,0
GGGGTTAGCTGAGAGTATTGGCGCATTT,0,36
GGGGTTAGCTGAGAGTATTGTCTCATTT,0,4
GGGGTTAGCTGCGAGATCTGCTCCATCC,0,1
GGGGTTAGCTGGAAGGGGGTTGTCAGTT,0,1
GGGGTTAGCTGGAAGGGGTGTGTCAGGT,0,31
GGGGTTAGCTGGAAGGGGTGTTTCATTT,0,1
GGGGTTAGCTGGAAGGGTTGTGTCATTT,0,1
GGGGTTAGCTGGAAGGGTTGTTTCATGT,0,1
GGGGTTAGCTGGAAGGTTTGTGTCAGGT,0,3
GGGGTTAGCTGGAAGGTTTGTTTCATTT,0,2
GGGGTTATCTCGGAGGTTTGCCCCAAGC,42,0
GGGGTTATCTCGGAGGTTTGCCCCCCGC,3,0
GGGGTTATCTCGGAGGTTTTCCCCAATC,1,0
GGGGTTCACTTCTAGGTCTGCCTCAAGG,1,0
GGGGTTCCCTGGTAGGGTTGTGGCATGG,0,59
GGGGTTCCCTGGTAGGGTTGTTTCATGT,0,1
GGGGTTCCCTGGTAGGGTTGTTTCATTG,0,1
GGGGTTCCCTGGTAGGTTTGTGGCATGT,0,5
GGGGTTCCCTGGTAGGTTTGTGTAATTT,0,1
GGGGTTCCCTGGTAGTGTTGTGGCATGT,0,11
GGGGTTCCCTGGTAGTGTTGTGGCCTGG,0,1
GGGGTTCCCTGGTAGTGTTGTGTCATTT,0,1
GGGGTTCCCTGGTAGTGTTTTTTCATGT,0,1
GGGGTTCCCTGGTAGTTTTCTTGCATGG,0,1
GGGGTTCCCTGGTAGTTTTGTGGCATTT,0,1
GGGGTTCCCTGGTAGTTTTGTTGCCTGG,0,1
GGGGTTCCCTGGTAGTTTTGTTTCATTT,0,3
GGGGTTCCCTGGTAGTTTTTTGTCATTT,0,2
GGGGTTCCCTGGTAGTTTTTTTTCATTG,0,1
GGGGTTCCCTTCGAGCGTTGTGCCACCA,0,30
GGGGTTCCCTTCGAGCGTTGTGCCCCCC,0,1
GGGGTTCCCTTCGAGCGTTTTTCCACCA,0,1
GGGGTTCCCTTCGAGCTTTGTTCCACCA,0,2
GGGGTTCGCTGGAAGCAATGGGTCACAC,1,0
GGGGTTCGCTTCTAGACATGCTTCATCT,0,31
GGGGTTCGCTTTTAGCTGTGTACCACCT,0,1
GGGGTTCTCTTTTAGCCGTGAATCAGGC,0,32
GGGGTTCTCTTTTAGCCGTGAATCATTC,0,5
GGGGTTCTCTTTTAGCCTTTAATCATTC,0,2
GGGGTTGACTCCAAGATGTGAATCAAAT,1,0
GGGGTTGACTCGTAGTTCTGGGCCATAG,118,72
GGGGTTGACTCGTAGTTCTGTGCCATAT,2,2
GGGGTTGACTCGTAGTTCTGTGCCCTAG,1,1
GGGGTTGACTCGTAGTTCTGTTCCATAG,15,3
GGGGTTGACTCGTAGTTCTTGTCCATAG,0,1
GGGGTTGACTCGTAGTTCTTTTCCAAAG,1,0
GGGGTTGACTCGTAGTTCTTTTCCATAT,3,1
GGGGTTGACTCGTAGTTCTTTTCCATCG,0,1
GGGGTTGACTCGTTGTTCTGGTCCATAG,1,0
GGGGTTGACTGTCAGGCTTGCCCCAAAG,1,0
GGGGTTGACTTAAAGTAGTGCGGCAACT,64,63
GGGGTTGACTTAAAGTAGTGCGGCCCCT,2,2
GGGGTTGACTTAAAGTAGTGCTTCAACT,5,5
GGGGTTGACTTAAAGTAGTTCGTCAACT,1,1
GGGGTTGACTTAAAGTAGTTCTGCAACT,1,2
GGGGTTGACTTAAAGTATTTCTTCAACT,1,3
GGGGTTGACTTCCAGTGATGCTTCAACC,34,271
GGGGTTGACTTCCAGTGATGCTTCCCCC,2,5
GGGGTTGACTTCCAGTTATTCTTCAACC,0,7
GGGGTTGCCTAGAAGGAGTGTGTCACTC,45,0
GGGGTTGCCTAGAAGGATTTTGTCACTC,1,0
GGGGTTGCCTCATAGGTGTGGTTCAAAC,61,59
GGGGTTGCCTCATAGGTGTGGTTCCCAC,1,2
GGGGTTGCCTCATAGGTTAGTTTCAAAC,0,1
GGGGTTGCCTCATAGGTTTTTTTCAAAC,5,5
GGGGTTGCCTCATAGGTTTTTTTCACCC,0,1
GGGGTTGCCTCCAAGAAGAGAAGCACAT,0,1
GGGGTTGCCTCCAAGAAGTGAAGCAAAT,60,165
GGGGTTGCCTCCAAGAAGTGAAGCCCAT,4,5
GGGGTTGCCTCCAAGAAGTGAATCACAT,2,0
GGGGTTGCCTCCAAGAAGTTAATCAAAT,3,2
GGGGTTGCCTCCAAGAATTGAAGCACAT,0,1
GGGGTTGCCTCCAAGAATTGAATCAAAT,1,5
GGGGTTGCCTCCAAGAATTTAAGCAAAT,0,1
GGGGTTGCCTCGGAGGACTGTTACACGG,124,192
GGGGTTGCCTCGGAGGACTGTTACACTT,11,14
GGGGTTGCCTCGGAGGACTTTTACACTG,0,2
GGGGTTGCCTCTGAGTAATGTTTCACTC,0,1
GGGGTTGTCTCGTAGGTTTGATCCACAG,0,1
GGGGTTGTCTGCCAGAGATCATTCATGA,0,1
GGGGTTGTCTGCCAGAGATGATTCAGGA,37,169
GGGGTTGTCTGCCAGAGATGATTCCGGC,0,3
GGGGTTGTCTGCCAGAGATTATTCATTA,2,9
GGGGTTGTCTGCCAGATATGATTCCTGA,0,1
GGGGTTGTCTGCCAGATATTATTCAGTA,0,2
GGGGTTGTCTTTTAGTGCTGACCCAATC,30,0
GGGGTTTACTTAAAGAGGTGTGACATGG,60,44
GGGGTTTACTTAAAGAGGTGTGACATTT,1,2
GGGGTTTACTTAAAGAGGTTTTACCTGT,1,0
GGGGTTTACTTAAAGAGTTGTGACATGT,1,1
GGGGTTTACTTAAAGAGTTGTGACATTG,1,1
GGGGTTTACTTAAAGAGTTGTGACCTGG,1,0
GGGGTTTACTTAAAGATGTGTTACATGG,1,0
GGGGTTTACTTAAAGATTTGTGACATGG,2,5
GGGGTTTACTTAAAGATTTGTTACATGT,0,1
GGGGTTTACTTAAAGATTTTTTACATTT,1,1
GGGGTTTACTTTCAGTGATGGGTCAGCC,0,40
GGGGTTTACTTTCAGTGATGGTTCATCC,0,1
GGGGTTTACTTTCAGTGATTTTTCATCC,0,4
GGGGTTTACTTTCAGTTATGTGTCCTCC,0,1
GGGGTTTGCTTGTAGGGGTGTAGCATCT,0,28
GGGGTTTGCTTGTAGGTTTGTATCATCT,0,3
GGGGTTTTCTCAAAGGCGTGCTTCAGCG,0,70
GGGGTTTTCTCAAAGGCGTGCTTCATCT,0,2
GGGGTTTTCTCAAAGGCGTTCTTCAGCT,0,1
GGGGTTTTCTCAAAGGCTTGCTTCATCG,0,3
GGGGTTTTCTCAAAGGCTTTCTTCATCT,0,1
GGGGTTTTCTCGGAGCATTGATCCACAT,1,0
GGGTTCTCTGCCAGCACTGTAGCATCAA,0,1
GGTCTGTGCTTTGAGCCTTTTTTCAGGC,1,0
GGTGATACCTGCTAGATATTTTTCATCT,1,0
GGTGATGCCTGACAGTTCTTCTCCATCT,0,1
GGTGCGTCCTGGGAGGTTTTTAACATTT,1,0
GGTGTAACCTTTTAGCCAGGCGTCCCGT,1,0
GGTGTAACCTTTTAGCCATGCGTCACGT,70,0
GGTGTAACCTTTTAGCCATTCTTCACTT,8,0
GGTGTAAGCTCACAGCCTTGACCCATGT,66,58
GGTGTAAGCTCACAGCCTTTACCCATTT,2,1
GGTGTAAGCTGCGAGTTCTGTCGCATGT,105,46
GGTGTAAGCTGCGAGTTCTGTCTCCTGT,2,1
GGTGTAAGCTGCGAGTTCTTTCTCATTT,7,3
GGTGTAATCTGGAAGTTTTGGAACAGCC,0,12
GGTGTAATCTGGAAGTTTTTGAACATCC,0,1
GGTGTAATCTGGAAGTTTTTTAACAGCC,0,1
GGTGTACACTATCAGGTTTGAATCAGTC,1,0
GGTGTACACTTGAAGATATGTGACACAA,1,0
GGTGTACCCTATCAGGGGTGAATCAGGC,47,0
GGTGTACCCTATCAGGGGTGAATCATTC,2,0
GGTGTACCCTATCAGGGTTGAATCATGC,1,0
GGTGTACCCTATCAGGTGTGAATCAGTC,6,0
GGTGTACCCTATCAGGTTTGAATCAGGC,2,0
GGTGTACCCTATCAGGTTTGAATCATTC,3,0
GGTGTACCCTCCCAGGCTTGTATCATTT,1,0
GGTGTACCCTCCGAGGCGGGTAGCCTTG,0,1
GGTGTACCCTCCGAGGCGTGTAGCATTG,108,60
GGTGTACCCTCCGAGGCGTGTAGCCTTT,0,1
GGTGTACCCTCCGAGGCGTGTATCAATG,1,0
GGTGTACCCTCCGAGGCGTGTATCATTT,32,18
GGTGTACCCTCCGAGGCGTGTATCCTTG,1,0
GGTGTACCCTCCGAGGCTTGTAGCATTT,4,1
GGTGTACCCTCCGAGGCTTGTAGCCTTG,1,0
GGTGTACCCTCCGAGGCTTGTATCATTG,7,1
GGTGTACCCTCCGAGGCTTGTATCCTTT,1,1
GGTGTACCCTCCGAGGCTTTTATCATTT,6,2
GGTGTACCCTCCGAGTCGTGTAGCATTT,1,0
GGTGTACCCTCCGATGCTTGTAGCATTG,1,0
GGTGTACCCTGCGAGGCCTGTTGCATGC,33,0
GGTGTACCCTGCGAGGCCTGTTTCATTC,3,0
GGTGTACCCTTTTAGGGTTGCATCAACG,36,59
GGTGTACCCTTTTAGGGTTGCATCCCCG,0,1
GGTGTACCCTTTTAGGGTTTCATCAACT,4,3
GGTGTACCCTTTTAGGTTTGCATCAACT,0,2
GGTGTACCCTTTTAGGTTTTCATCAACG,0,2
GGTGTACTCTATTAGTCTTGAAACAACT,1,0
GGTGTACTCTCTAATCCTTGATTCAATC,1,0
GGTGTACTCTGGGAGGAGGGTTCCCCCG,1,0
GGTGTACTCTGGGAGGAGTGTTCCACCG,86,28
GGTGTACTCTGGGAGGATTTTTCCACCT,3,0
GGTGTACTCTTGGAGCTATGTACCATCC,0,1
GGTGTAGACTACTAGAGTTGTTCCACAG,1,0
GGTGTAGACTTCAAGGTTTGCCGCATCC,167,150
GGTGTAGACTTCAAGGTTTGCCTCCTCC,1,0
GGTGTAGACTTCAAGGTTTTCCTCATCC,6,15
GGTGTAGGCTAGCAGTTAAGAAGCAACG,0,1
GGTGTAGGCTCAGAGAAGTGTATCAGGA,32,12
GGTGTAGGCTCAGAGAAGTGTATCATTA,6,2
GGTGTAGGCTCAGAGAAGTTTATCATGA,1,0
GGTGTAGGCTCAGAGAATTGTATCAGTA,2,0
GGTGTAGGCTCAGAGAATTGTATCATGA,1,1
GGTGTAGGCTCAGAGAATTGTATCCGGA,1,0
GGTGTAGGCTCAGAGAATTTTATCCTTA,1,0
GGTGTAGGCTCCTAGGTGTGCCTCAAGT,166,174
GGTGTAGGCTCCTAGGTGTGCCTCCCGT,3,1
GGTGTAGGCTCCTAGGTGTGCCTTAATT,1,0
GGTGTAGGCTCCTAGGTGTTCCTCAATT,8,4
GGTGTAGGCTCCTAGGTTTGCCTCAATT,1,4
GGTGTAGGCTCCTAGGTTTTCCTCAAGT,0,2
GGTGTAGGCTCTGAGTAATGGTCCACTT,74,39
GGTGTAGGCTCTGAGTAATTTTCCACTT,1,3
GGTGTAGGCTCTGAGTAGTGGTCCCCTT,0,1
GGTGTAGGCTCTTAGGTGTGCCTCAAGA,1,0
GGTGTAGGCTGAAAGTCCTGCCACATAA,0,4
GGTGTAGTCTACTAGAGGTGTTCCACAG,77,0
GGTGTAGTCTACTAGAGGTTTTCCACAT,1,0
GGTGTAGTCTACTAGAGTTGTTCCACAT,1,0
GGTGTAGTCTACTAGATGTGTTCCACAT,1,0
GGTGTAGTCTACTAGATTTGTTCCACAG,6,0
GGTGTAGTCTACTAGATTTGTTCCCCCG,1,0
GGTGTAGTCTGCAAGTTTTGATACAAAT,0,1
GGTGTATACTAAGAGTTATGCTGCAAAA,1,0
GGTGTATACTTGAAGAATTGACGCACAA,63,102
GGTGTATACTTGAAGAATTGACGCACCC,1,0
GGTGTATACTTGAAGAATTGACGCCCCA,1,0
GGTGTATACTTGAAGAATTTACTCACAA,6,7
GGTGTATCCTAGGAGTCATTATTCATAG,0,1
GGTGTATCCTGCCAGGCGTGAGTCAGCC,0,36
GGTGTATCCTGCCAGGCGTTAGTCATCC,0,1
GGTGTATCCTGCCAGGCTTGAGTCATCC,0,4
GGTGTATCCTGCCAGGCTTTATTCATCC,0,1
GGTGTATCCTTGGAGTCATGATGCAGAG,59,174
GGTGTATCCTTGGAGTCATGATGCATCG,0,1
GGTGTATCCTTGGAGTCATGATGCCGCG,0,2
GGTGTATCCTTGGAGTCATGATTCAGAT,0,1
GGTGTATCCTTGGAGTCATGATTCATAG,0,2
GGTGTATCCTTGGAGTCATGATTCCGAG,0,1
GGTGTATCCTTGGAGTCATTATGCAGAT,0,1
GGTGTATCCTTGGAGTCATTATGCATAG,2,1
GGTGTATCCTTGGAGTCATTATTCAGAG,7,15
GGTGTATCCTTGGAGTCATTATTCATAT,4,10
GGTGTATCCTTTAAGAGATGACACAGGC,19,0
GGTGTATCCTTTAAGAGATTACACAGTC,2,0
GGTGTATGCTCAGAGCGATGGTTCACCA,23,16
GGTGTATGCTCAGAGCTATGGTTCCCCA,0,1
GGTGTATGCTCAGAGCTATTTTTCACCA,1,3
GGTGTATGCTTCAAGGTGTGATCCAAGG,10,0
GGTGTATGCTTCAAGGTGTGATCCAATT,1,0
GGTGTATTCTCATAGCTATGTCGCAGCT,0,15
GGTGTATTCTCATAGCTATGTCTCATCT,0,4
GGTGTATTCTGATAGAAGTGCTTCACAC,1,0
GGTGTCAACTACCAGCAATGTTACAGGT,75,135
GGTGTCAACTACCAGCAATGTTACATTT,4,12
GGTGTCAACTACCAGCAATTTTACAGTT,0,1
GGTGTCAACTACCAGCAATTTTACCGGT,1,0
GGTGTCAACTGATAGTAATGTGTCAGTT,0,40
GGTGTCAACTGATAGTAATTTTTCAGTT,0,1
GGTGTCAACTGCCAGGTCTGGCGCAGGG,0,39
GGTGTCAACTGCCAGGTCTGGCTCATGG,0,1
GGTGTCAACTGCCAGGTCTGTCTCAGTT,0,2
GGTGTCAACTGCCAGGTCTTTCTCATTG,0,1
GGTGTCAGCTAGCAGGGCTGAGGCAGGC,1,3
GGTGTCAGCTTCTAGAGTTGTATCACTT,39,34
GGTGTCAGCTTCTAGATTTGTATCCCTT,1,0
GGTGTCCACTTGCAGAACTGTTTCACGC,1,0
GGTGTCCCCTACGAGAACTGCACCAGGT,0,33
GGTGTCCCCTACGAGAACTGCACCAGTA,0,1
GGTGTCCCCTACGAGAACTTCACCATTT,0,3
GGTGTCCCCTCCGAGGCGTGTTTCACTG,2,6
GGTGTCCGCTGTCAGACTTGTAGCAGGG,0,13
GGTGTCCGCTGTCAGACTTTTAGCAGGT,0,1
GGTGTCCGCTTAAAGATGTGGTACACGG,0,24
GGTGTCCGCTTAAAGATGTGGTACACTT,0,3
GGTGTCCGCTTAAAGGTGTGTTACACGG,0,1
GGTGTCCGCTTGGAGCGCTGCGGCACTC,32,14
GGTGTCCGCTTGGAGCGCTGCTTCACTC,2,1
GGTGTCCGCTTGGAGCGCTTCGTCACTC,1,0
GGTGTCCGCTTGGAGCGCTTCTGCACTC,1,0
GGTGTCCGCTTGGAGCTCTGCGGCCCTC,1,0
GGTGTCCGCTTGGAGCTCTTCTTCACTC,1,2
GGTGTCGACTCGGAGAGATGACTCCTAT,0,1
GGTGTCGACTCGGAGAGTTGACTCATAG,0,31
GGTGTCGACTCGGAGAGTTGACTCCTCG,0,2
GGTGTCGACTCTGAGCTATGCCACATCA,1,0
GGTGTCGACTCTGAGCTTTGCCACATCT,32,0
GGTGTCGACTCTGAGCTTTTCCACAACT,1,0
GGTGTCGACTCTGATCTTTTCCACATCT,1,0
GGTGTCGCCTACTAGGGCTGAGACAGGC,7,0
GGTGTCGCCTACTAGGGCTGATACATGC,1,0
GGTGTCGCCTACTAGGTCTGAGACAGTC,1,0
GGTGTCGCCTACTAGGTCTGATACATTC,1,0
GGTGTCGCCTCTGAGCACTGGCGCAAAG,17,92
GGTGTCGCCTCTGAGCACTGGCGCCAAT,0,1
GGTGTCGCCTCTGAGCACTGGCGCCCAG,1,1
GGTGTCGCCTCTGAGCACTGTCGCAAAT,0,1
GGTGTCGCCTCTGAGCACTGTCTCAAAG,3,9
GGTGTCGCCTCTGAGCACTGTCTCCCCG,0,1
GGTGTCGCCTCTGAGCACTTTCGCAAAG,0,1
GGTGTCGCCTCTGAGCACTTTCTCAAAT,4,1
GGTGTCGCCTGACAGAATTGGATCACGA,32,0
GGTGTCGCCTGACAGAATTGGATCCCTA,1,0
GGTGTCGCCTGACAGAATTGTATCACGC,1,0
GGTGTCGCCTGACAGAATTTTATCACTA,6,0
GGTGTCGCCTGTCAGTCTTTGATCAAAT,0,1
GGTGTCGGATAGCAGATGTGTTTCAACC,0,1
GGTGTCGGCTAGCAGTTGTGGGGCAACC,0,50
GGTGTCGGCTAGCAGTTGTGGGGCCCCC,0,1
GGTGTCGGCTAGCAGTTGTGTGTCAACC,0,5
GGTGTCGGCTAGCAGTTTTGGGTCCCCC,0,1
GGTGTCGGCTAGCAGTTTTTTTTCAACC,0,6
GGTGTCGGCTTAAAGTATTGAAACATAG,0,1
GGTGTCGGCTTAAAGTCGAGCAACATAT,1,1
GGTGTCGGCTTAAAGTCGTGCAACATAG,332,612
GGTGTCGGCTTAAAGTCGTGCAACCTAT,1,5
GGTGTCGGCTTAAAGTCGTGCAACCTCG,3,6
GGTGTCGGCTTAAAGTCGTTCAACATCG,0,1
GGTGTCGGCTTAAAGTCTTGCAACAAAG,0,1
GGTGTCGGCTTAAAGTCTTGCAACATCG,1,1
GGTGTCGGCTTAAAGTCTTGCAACCTAG,0,2
GGTGTCGGCTTAAAGTCTTTCAACATAT,23,59
GGTGTCGGCTTAAAGTCTTTCAACCTCG,0,1
GGTGTCGGCTTATAGTCGTGCAACATAT,0,1
GGTGTCGGCTTGAAGGTTTTCTTCAGTT,1,0
GGTGTCGGCTTTGAGACTTGCAACAAAG,1,0
GGTGTCGTCTAAGAGATATTATTCATTT,0,1
GGTGTCGTCTAGAAGGAGTGGCCCACCG,0,30
GGTGTCGTCTAGAAGGATTGGCCCACCT,0,1
GGTGTCGTCTAGGAGATGTGGTACATAC,39,0
GGTGTCGTCTAGGAGATGTGGTACCTCC,2,0
GGTGTCGTCTAGGAGATGTTTTACATAC,1,0
GGTGTCGTCTAGGAGATTTGTTACATAC,1,0
GGTGTCGTCTAGGAGATTTTGTACATAC,4,0
GGTGTCGTCTATGAGAAATGATTCATTA,1,0
GGTGTCGTCTGCAAGAACTGTTACAGGT,35,0
GGTGTCGTCTGCAAGAACTGTTACATTT,4,0
GGTGTCGTCTTTGAGATATGAAGCATAT,0,1
GGTGTCGTCTTTGAGATATGATGCATTT,98,76
GGTGTCGTCTTTGAGATATGATTCCTTT,0,1
GGTGTCGTCTTTGAGATATTATGCCTTT,0,1
GGTGTCGTCTTTGAGATATTATTCATTT,23,16
GGTGTCTACTGCGAGTATTGGAGCAGTA,0,24
GGTGTCTACTGCGAGTATTGTATCAGTA,0,2
GGTGTCTACTGCGAGTATTTTATCATTA,0,1
GGTGTCTGCTCTAAGTGTTGTAGCAAGT,0,19
GGTGTCTGCTCTAAGTTTTGTATCAAGT,0,1
GGTGTCTGCTCTAAGTTTTTTATCAATT,0,3
GGTGTCTGCTGGCAGCCTTGCCTCATAA,0,1
GGTGTCTGCTGGCAGCGATGCCGCATAA,0,1
GGTGTCTGCTGGCAGCGATGCCTCATTA,0,1
GGTGTCTGCTGGCAGCGTTGCCGCATTA,300,179
GGTGTCTGCTGGCAGCGTTGCCTCCTTA,2,0
GGTGTCTGCTGGCAGCGTTTCCGCCTTA,1,1
GGTGTCTGCTGGCAGCGTTTCCTCATTA,27,16
GGTGTCTGCTGGCAGCTATGCCGCATTA,1,0
GGTGTCTGCTGGCAGCTATGCCTCAATA,1,0
GGTGTCTGCTGGCAGCTTTGCCTCATTA,4,1
GGTGTCTGCTGGCAGCTTTTCCTCCTTC,0,1
GGTGTCTGCTGGTAGCAATGACCCAAGG,1,0
GGTGTCTGCTGGTAGCATTGTGCCAAGG,32,67
GGTGTCTGCTGGTAGCATTGTGCCACGT,0,1
GGTGTCTGCTGGTAGCATTGTGCCCCGG,1,0
GGTGTCTGCTGGTAGCATTGTTCCAATT,3,5
GGTGTCTGCTGGTAGCATTGTTCCCAGT,0,1
GGTGTCTGCTGGTAGCATTTTGCCAATT,0,2
GGTGTCTGCTGGTAGCATTTTTCCCCGT,0,1
GGTGTCTGCTTGTAGGCATGGAGCAATG,0,99
GGTGTCTGCTTGTAGGCATGGAGCCCTG,0,2
GGTGTCTGCTTGTAGGCATGGATCAAAG,0,1
GGTGTCTGCTTGTAGGCATGGATCCCTT,0,1
GGTGTCTGCTTGTAGGCATGTAGCACTG,0,1
GGTGTCTGCTTGTAGGCATGTATCAATG,0,2
GGTGTCTGCTTGTAGGCATTGAGCAATT,0,1
GGTGTCTGCTTGTAGGCATTTAGCAATG,0,2
GGTGTCTGCTTGTAGGCATTTATCAATT,0,6
GGTGTGAACTGGTAGCTTTGGCCCAAAA,28,0
GGTGTGAACTGGTAGCTTTGGCCCCCAA,2,0
GGTGTGACCTGTTAGGAGTGCTGCAGCC,94,133
GGTGTGACCTGTTAGGAGTGCTTCATCC,8,9
GGTGTGACCTGTTAGGAGTGCTTCCGCC,0,1
GGTGTGACCTGTTAGGAGTTCTGCCGCC,0,1
GGTGTGACCTGTTAGGAGTTCTTCAGCC,1,2
GGTGTGACCTGTTAGGATTGCTGCATCC,0,2
GGTGTGACCTGTTAGGATTGCTGCCGCC,0,1
GGTGTGACCTGTTAGGATTGCTTCAGCC,0,3
GGTGTGACCTGTTAGGATTTCTGCAGCC,1,0
GGTGTGACCTGTTAGGATTTCTGCCTCC,1,0
GGTGTGACCTGTTAGGATTTCTTCATCC,4,3
GGTGTGAGCCTTGAGTATTGAATCAATT,0,1
GGTGTGAGCTCCGAGTGATGTGCCAGAT,0,1
GGTGTGAGCTGAAAGGTATGAGCCAGTG,31,40
GGTGTGAGCTGAAAGGTATTATCCAGTT,0,1
GGTGTGAGCTGTGAGTATTGAAGCAATT,112,222
GGTGTGAGCTGTGAGTATTGAAGCCCTT,4,5
GGTGTGAGCTGTGAGTATTGAATCAAAT,0,1
GGTGTGAGCTGTGAGTATTGAATCCATT,0,1
GGTGTGAGCTGTGAGTATTTAATCAATT,2,6
GGTGTGATCTAAGAGTGCTGCGACACCT,0,29
GGTGTGATCTAAGAGTGCTTCTACACCT,0,3
GGTGTGATCTAAGAGTTCTGCTACACCT,0,2
GGTGTGATCTATTAGCACAGACTCCCAA,0,1
GGTGTGATCTATTAGCACTGACTCACAA,0,42
GGTGTGATCTATTAGCACTGACTCCCCA,0,1
GGTGTGATCTCGGAGTTCTGGCCCATAA,12,119
GGTGTGATCTCGGAGTTCTGGCCCCTCA,0,1
GGTGTGATCTCGGAGTTCTGTCCCCTCC,0,1
GGTGTGATCTCGGAGTTCTTTCCCATAA,0,4
GGTGTGATCTGCCAGGTTTGAAACACAG,57,21
GGTGTGATCTGCCAGGTTTGAAACCCAT,1,0
GGTGTGATCTGCCAGGTTTGAAACCCCG,1,0
GGTGTGATCTGCCAGGTTTTAAACACAT,1,1
GGTGTGATCTGGCAGACGTGTCTCATGC,81,0
GGTGTGATCTGGCAGACGTTTCTCATTC,1,0
GGTGTGATCTGGCAGACTTGTCTCATTC,6,0
GGTGTGATCTGGCAGACTTGTCTCCTGC,1,0
GGTGTGCCCTCCAAGGAGAGAGTCAGCG,1,0
GGTGTGCCCTCCAAGGAGTGAGGCAGCG,98,71
GGTGTGCCCTCCAAGGAGTGAGGCATCT,1,0
GGTGTGCCCTCCAAGGAGTGAGTCAGCT,1,2
GGTGTGCCCTCCAAGGAGTGATTCAGCG,6,2
GGTGTGCCCTCCAAGGAGTTAGTCAGCG,1,1
GGTGTGCCCTCCAAGGAGTTATGCATCG,0,1
GGTGTGCCCTCCAAGGAGTTATTCATCT,5,4
GGTGTGCCCTCCAAGGATTGAGTCATCG,9,2
GGTGTGCCCTCCAAGGATTGATTCATCT,1,1
GGTGTGCCCTCCAAGGATTTAGTCATCT,1,0
GGTGTGCGCTATCAGGTGACCTGCACGA,0,1
GGTGTGCGCTATCAGGTGAGCTGCCCGA,0,1
GGTGTGCGCTATCAGGTGTGCTGCACGA,39,105
GGTGTGCGCTATCAGGTGTGCTTCACTA,1,6
GGTGTGCGCTATCAGGTGTTCTGCACTA,0,1
GGTGTGCGCTATCAGGTTTGCTTCACGA,0,1
GGTGTGCGCTATCAGGTTTTCTTCACTA,0,3
GGTGTGCGCTCGTAGTCGTGGTCCAAGC,0,25
GGTGTGCGCTCGTAGTCGTTTTCCAAGC,0,1
GGTGTGCGCTCGTAGTCTTGTTCCCATC,0,1
GGTGTGCGCTCGTAGTCTTTTTCCAATC,0,1
GGTGTGCGCTGAGAGGAAGGGTTCCAGG,0,1
GGTGTGCGCTGAGAGGAATGGTTCAAGG,70,203
GGTGTGCGCTGAGAGGAATGGTTCAATT,2,1
GGTGTGCGCTGAGAGGAATGGTTCCCGG,2,12
GGTGTGCGCTGAGAGGAATGTTTCAAGT,2,2
GGTGTGCGCTGAGAGGAATGTTTCAATG,0,2
GGTGTGCGCTGAGAGGAATGTTTCCCGT,1,0
GGTGTGCGCTGAGAGGAATTGTTCAAGT,1,2
GGTGTGCGCTGAGAGGAATTGTTCAATG,0,1
GGTGTGCGCTGAGAGGAATTTTTCAATT,5,11
GGTGTGCGCTGAGAGGAATTTTTCCAGT,0,1
GGTGTGCGCTGATAGTCCTGTCGCATTA,34,0
GGTGTGCGCTGATAGTCCTGTCGCCTTC,1,0
GGTGTGCGCTTGCAGTCATGCGCCACCG,0,23
GGTGTGCGCTTGCAGTCATGCGCCCCCT,0,1
GGTGTGCGCTTGCAGTCATGCTCCACCT,0,1
GGTGTGCGCTTGCAGTCATTCTCCACCG,0,4
GGTGTGCTCTCTTAGAGATGTCCCACCA,1,0
GGTGTGCTCTCTTAGATATGGCCCATCT,1,0
GGTGTGCTCTCTTAGTGATGGCCCAGCT,26,0
GGTGTGCTCTCTTAGTGATGTCCCATCT,1,0
GGTGTGCTCTTAAAGAATTTCTTCCTCT,0,1
GGTGTGCTCTTTGAGAACTGTATCAATC,1,0
GGTGTGGACTAATAGGGCGGATCCCGGC,0,1
GGTGTGGACTAATAGGGCTGATCCAGGC,101,92
GGTGTGGACTAATAGGGCTGATCCATTC,0,2
GGTGTGGACTAATAGGGCTTATCCAGTC,1,1
GGTGTGGACTAATAGGTCTGATCCAGTC,9,6
GGTGTGGACTAATAGGTCTGATCCATGC,2,0
GGTGTGGACTAATAGGTCTTATCCATTC,0,2
GGTGTGGACTAGCAGAGGTGCGTCATAT,0,18
GGTGTGGACTAGCAGTGTTGCGTCACCT,46,31
GGTGTGGACTAGCAGTGTTTCTTCACCT,2,4
GGTGTGGACTATCAGTTATGCGACACCT,1,0
GGTGTGGACTTGTAGGGTTGAGTCACCT,0,60
GGTGTGGACTTGTAGGTTTTAGTCACCT,0,1
GGTGTGGCCTGTGAGATGTGGCTCATTT,109,21
GGTGTGGCCTGTGAGATGTGTCTCCTTT,1,1
GGTGTGGCCTGTGAGATTTTTCTCATTT,6,4
GGTGTGGGCTATCAGTATTGAGTCACTA,1,0
GGTGTGGGCTATTAGGTCTGATTCAGCT,0,1
GGTGTGGGCTGTCAGTATTGATTCAAAA,1,0
GGTGTGGGCTTGGAGTGATGCCACCCTT,0,1
GGTGTGGTCAGTCAGATTTTTTACAACA,0,1
GGTGTGGTCTACTAGGGTTGTGGCAAGA,29,0
GGTGTGGTCTACTAGGGTTGTGGCCCGA,1,0
GGTGTGGTCTACTAGGGTTGTTTCAAGA,3,0
GGTGTGGTCTACTAGGTTTGTTTCCCGA,1,0
GGTGTGGTCTATCAGTACTGGCCCAAGT,0,35
GGTGTGGTCTATCAGTACTGGCCCCCGT,0,1
GGTGTGGTCTATCAGTACTGTCCCAATT,0,3
GGTGTGGTCTATCAGTCCTGTCCCACTT,0,1
GGTGTGGTCTCAAAGGCTTGGGCCATGG,21,0
GGTGTGGTCTCAAAGGCTTGGGCCATTT,1,0
GGTGTGGTCTCAAAGGCTTGTGCCATGT,1,0
GGTGTGGTCTCAAAGGCTTGTGCCATTG,1,0
GGTGTGGTCTCAAAGGCTTGTTCCATGG,1,0
GGTGTGGTCTCAAAGGCTTGTTCCATTT,4,0
GGTGTGGTCTCACAGGCTTGGTCCATGT,1,0
GGTGTGGTCTCACAGGGTTGGCCCAATG,0,18
GGTGTGGTCTCACAGGGTTGGCCCCCTG,0,1
GGTGTGGTCTCACAGGTTTTTCCCAATT,0,1
GGTGTGGTCTCTCAGAGTTGAGACATCG,0,12
GGTGTGGTCTCTCAGAGTTGATACATCT,0,5
GGTGTGGTCTGCAAGACCTGGCGCATAT,0,29
GGTGTGGTCTGCAAGACCTGTCTCATAT,0,4
GGTGTGGTCTGGTAGATTTGGCTCACTA,47,0
GGTGTGGTCTGGTAGATTTTTCTCACTA,2,0
GGTGTGGTCTGTCAGAGTTGTGACAACA,0,40
GGTGTGGTCTGTCAGAGTTGTGACCCCA,0,1
GGTGTGGTCTGTCAGAGTTTTTACAACA,0,2
GGTGTGGTCTGTCAGATTTTTGACAACA,0,1
GGTGTGGTCTTAAAGAATTGCGGCATCG,77,65
GGTGTGGTCTTAAAGAATTGCTGCATCT,3,0
GGTGTGGTCTTAAAGAATTGCTTCATCG,8,5
GGTGTGGTCTTAAAGAATTTCGTCATCG,2,0
GGTGTGGTCTTAAAGAATTTCTGCATCG,1,0
GGTGTGGTCTTAAAGAATTTCTTCATCT,3,5
GGTGTGGTCTTGAAGGTTTGTCACAAAA,0,1
GGTGTGGTCTTTGAGGTGTGAGACAGAC,32,0
GGTGTGGTCTTTGAGGTGTGATACATAC,1,0
GGTGTGGTCTTTGAGGTGTGATACCGAC,2,0
GGTGTGTACTAGCAGTAATGTGTCAGTC,0,33
GGTGTGTACTAGCAGTAATGTTACATTC,0,1
GGTGTGTACTATGAGCACTGACCCACTC,0,1
GGTGTGTACTCACAGGAATGGAGCATAC,0,28
GGTGTGTACTCACAGGAATTGATCATAC,0,2
GGTGTGTACTCTAAGCGATGTTCCAGCG,0,44
GGTGTGTACTCTAAGCTATTTTCCATCT,0,3
GGTGTGTACTCTGAGCAGTGACACACTA,27,66
GGTGTGTACTCTGAGCATTGACACCCTC,0,1
GGTGTGTACTGAAAGAACTGAGTCACTT,46,31
GGTGTGTACTGAAAGAACTTATTCACTT,1,0
GGTGTGTACTGCAAGAAGTGGATCATTT,146,82
GGTGTGTACTGCAAGAAGTTTATCATTT,5,2
GGTGTGTACTGCAAGAATTGTATCATTT,2,2
GGTGTGTACTGCAAGAATTTGATCATTT,0,1
GGTGTGTCCTCCGAGGTCTGTGTCAAGG,0,128
GGTGTGTCCTCCGAGGTCTGTGTCAATT,0,6
GGTGTGTCCTCCGAGGTCTGTGTCCCGG,0,2
GGTGTGTCCTCCGAGGTCTGTTTCAAGT,0,1
GGTGTGTCCTCCGAGGTCTGTTTCAATG,0,2
GGTGTGTCCTCCGAGGTCTGTTTCCAGG,0,1
GGTGTGTCCTCCGAGGTCTTTGTCAATG,0,1
GGTGTGTCCTCCGAGGTCTTTTTCAATT,0,4
GGTGTGTCCTCCGAGGTCTTTTTCCCGG,0,1
GGTGTGTCCTGATAGTGATGCAACAACC,34,0
GGTGTGTCCTGGGAGAACTGCGTCATAA,0,1
GGTGTGTCCTGGGAGGTTAGTAACATTG,1,0
GGTGTGTCCTGGGAGGTTTGGAACATTG,272,133
GGTGTGTCCTGGGAGGTTTGGAACCTTT,0,1
GGTGTGTCCTGGGAGGTTTGTAACATTT,16,6
GGTGTGTCCTGGGAGGTTTGTAACCTTG,2,0
GGTGTGTCCTGGGAGGTTTTGAACATTT,3,0
GGTGTGTCCTGGGAGGTTTTTAACATTG,6,1
GGTGTGTCCTTTTAGTTGTGCATCATGT,0,19
GGTGTGTGCTCTCAGAGCTGCGACAGCA,93,29
GGTGTGTGCTCTCAGAGCTGCGACCGCC,1,0
GGTGTGTGCTCTCAGAGCTGCTACATCA,3,3
GGTGTGTGCTCTCAGATCTGCTACAGCA,2,0
GGTGTGTGCTCTCAGATCTGGGACAATA,0,1
GGTGTGTGCTGGTAGGTCTGCCGCAAGC,28,0
GGTGTGTGCTGGTAGGTCTTCCTCAATC,4,0
GGTGTGTGCTTAGAGATCTGTCTCCCTA,0,1
GGTGTGTGCTTTGAGCCTTGGTGCAGGC,62,0
GGTGTGTGCTTTGAGCCTTGGTTCAGTC,2,0
GGTGTGTGCTTTGAGCCTTGGTTCATGC,1,0
GGTGTGTGCTTTGAGCCTTGTTGCAGTC,1,0
GGTGTGTGCTTTGAGCCTTTTTTCATTC,7,0
GGTGTGTTCTCGAAGCTATGATCCACGC,0,8
GGTGTGTTCTCGAAGCTATTATCCACTC,0,1
GGTGTGTTCTCGCAGTTGTGCTGCATCC,0,28
GGTGTGTTCTCGCAGTTTTGCTTCATCC,0,2
GGTGTGTTCTCGCAGTTTTTCTGCATCC,0,1
GGTGTGTTCTCTGAGCAGTGACACCCTA,0,1
GGTGTTACCTGCTAGAGAGGTGGCCTCG,1,0
GGTGTTACCTGCTAGAGAGGTGTCATCG,1,0
GGTGTTACCTGCTAGAGATGTGGCATCG,80,129
GGTGTTACCTGCTAGAGATGTGGCCTCT,1,0
GGTGTTACCTGCTAGAGATGTGTCATCT,5,9
GGTGTTACCTGCTAGAGATGTTGCATCT,0,1
GGTGTTACCTGCTAGAGATGTTTCATCG,1,0
GGTGTTACCTGCTAGAGATTTGGCATCT,0,1
GGTGTTACCTGCTAGAGATTTTTCATCT,2,2
GGTGTTACCTGCTAGATATGTGTCATCG,0,1
GGTGTTACCTGCTAGATATGTTTCATCT,2,0
GGTGTTAGCTATGAGGGGTGCGACACAA,50,32
GGTGTTAGCTATGAGGGGTGCTACACCA,1,0
GGTGTTAGCTATGAGGGGTGCTACCCAA,1,1
GGTGTTAGCTATGAGGTGTGCGACACAC,0,1
GGTGTTAGCTATGAGGTGTGCTACACAA,1,0
GGTGTTAGCTATGAGGTTTGCGACACAA,7,2
GGTGTTAGCTATGAGGTTTTCTACACAA,2,1
GGTGTTAGCTCGCAGGAGGGCCACATTA,78,0
GGTGTTAGCTCGCAGGAGTGCCACCTTA,1,0
GGTGTTAGCTCGCAGGATTTCCACATTA,11,0
GGTGTTAGCTCGCAGTATTGCCACATTA,1,0
GGTGTTAGCTTCGAGCCCTGAACCCCAC,0,1
GGTGTTAGCTTGTAGCAGTGGTACATTG,1,0
GGTGTTATCTCTCAGGCATGTCACAGTT,20,1
GGTGTTATCTGCCAGTGCTGACACATCA,30,0
GGTGTTATCTGCCAGTGCTGACACCTCC,1,0
GGTGTTATCTGCCAGTGCTGCCACATCC,1,0
GGTGTTATCTGGCAGCTCTGTCTCACTA,1,0
GGTGTTCACTATTAGTCGTGCACCATTG,0,48
GGTGTTCACTATTAGTCTTTCACCATTT,0,3
GGTGTTCACTGCTAGGTCAGCCGCAATG,0,1
GGTGTTCACTGCTAGGTCTGCCGCAAGG,622,600
GGTGTTCACTGCTAGGTCTGCCGCAATT,5,2
GGTGTTCACTGCTAGGTCTGCCGCCCGG,14,19
GGTGTTCACTGCTAGGTCTGCCTCAAGT,12,5
GGTGTTCACTGCTAGGTCTGCCTCAATG,12,12
GGTGTTCACTGCTAGGTCTGCCTCACGG,1,1
GGTGTTCACTGCTAGGTCTGCCTCCAGG,3,0
GGTGTTCACTGCTAGGTCTGCCTCCCCG,1,0
GGTGTTCACTGCTAGGTCTTCCGCAAGT,1,1
GGTGTTCACTGCTAGGTCTTCCGCAATG,1,5
GGTGTTCACTGCTAGGTCTTCCGCCAGG,1,0
GGTGTTCACTGCTAGGTCTTCCTCAAGG,10,4
GGTGTTCACTGCTAGGTCTTCCTCAATT,37,46
GGTGTTCACTGCTAGGTCTTCCTCCCGT,2,1
GGTGTTCACTTCCAGAGATGATTCACCC,0,1
GGTGTTCCCTACGAGGGGTGCAACATCT,36,21
GGTGTTCCCTACGAGGTGTGCAACCTCT,0,1
GGTGTTCCCTACGAGGTTTGCAACATCT,2,8
GGTGTTCCCTCGAAGGCATGAAACAGAA,0,1
GGTGTTCGCTGGCAGTGGTGTGGCACAC,110,199
GGTGTTCGCTGGCAGTGGTGTGGCCCCC,2,0
GGTGTTCGCTGGCAGTGGTGTGTCACCC,1,0
GGTGTTCGCTGGCAGTGGTGTGTCCCAC,0,2
GGTGTTCGCTGGCAGTGGTGTTTCACAC,3,6
GGTGTTCGCTGGCAGTGGTTTTGCACAC,0,1
GGTGTTCGCTGGCAGTGTTGATTCACAC,0,1
GGTGTTCGCTGGCAGTGTTGTGGCCCAC,1,0
GGTGTTCGCTGGCAGTGTTGTGTCACAC,5,11
GGTGTTCGCTGGCAGTGTTGTTGCACAC,0,4
GGTGTTCGCTGGCAGTGTTGTTGCCCCC,1,0
GGTGTTCGCTGGCAGTTGTGATGCACAC,0,1
GGTGTTCGCTGGCAGTTGTGTGTCACAC,1,3
GGTGTTCGCTGGCAGTTTTGTGGCACAC,0,2
GGTGTTCGCTGGCAGTTTTGTTTCCCAC,0,1
GGTGTTCGCTGGCAGTTTTTTTTCACAC,5,5
GGTGTTCGCTGGCGGTGGTGTGGCCCAC,0,1
GGTGTTCGCTTAAAGTGGTGATTCACAG,1,0
GGTGTTCGCTTCCAGCGTTGGTTCAGCC,279,93
GGTGTTCGCTTCCAGCGTTGTTTCCGCC,3,0
GGTGTTCGCTTCCAGCGTTTTTTCATCC,29,14
GGTGTTCGCTTCCAGCTTTGGTTCCGCC,0,1
GGTGTTCGCTTCCAGCTTTGTTTCATCC,4,1
GGTGTTCGCTTCCAGCTTTTGTTCATCC,1,0
GGTGTTCGCTTCCAGCTTTTTTTCCTCC,2,0
GGTGTTCGCTTCGAGATCTGAGCCATCC,57,160
GGTGTTCGCTTCGAGATCTGATCCAACC,0,1
GGTGTTCGCTTCGAGATCTGATCCCTCC,2,2
GGTGTTCGCTTCGAGATCTTATCCATCC,1,11
GGTGTTCGCTTCGAGCTATGATTCATGT,0,1
GGTGTTCGCTTCGAGCTCTGTTTCAGCG,1,0
GGTGTTCGCTTCGAGCTTTGTTTCAGGG,70,215
GGTGTTCGCTTCGAGCTTTGTTTCAGTT,0,4
GGTGTTCGCTTCGAGCTTTGTTTCATGT,2,0
GGTGTTCGCTTCGAGCTTTGTTTCATTG,5,13
GGTGTTCGCTTCGAGCTTTGTTTCCGGT,0,2
GGTGTTCGCTTCGAGCTTTGTTTCCTGG,0,1
GGTGTTCGCTTCGAGCTTTTTTTCAGTG,0,1
GGTGTTCGCTTCGAGCTTTTTTTCATGG,0,1
GGTGTTCGCTTCGAGCTTTTTTTCATTT,2,5
GGTGTTCGCTTCGAGCTTTTTTTCCGTT,0,1
GGTGTTCGCTTTTAGGTCTGGCCCAGTA,25,0
GGTGTTCGCTTTTAGGTCTGTCCCATTA,4,0
GGTGTTCTCGCGTAGGCTTTAAACAACG,0,1
GGTGTTCTCTAAAAGTATTGTGGCACTT,63,0
GGTGTTCTCTAAAAGTATTGTTTCACTT,4,0
GGTGTTCTCTAAAAGTATTTTGTCACTT,1,0
GGTGTTCTCTAGTAGGCTTGAAACAACT,0,1
GGTGTTCTCTCGTAGGCTAGAAACAACT,0,1
GGTGTTCTCTCGTAGGCTTGAAACAACG,327,219
GGTGTTCTCTCGTAGGCTTGAAACCACT,1,1
GGTGTTCTCTCGTAGGCTTGAAACCCCG,9,6
GGTGTTCTCTCGTAGGCTTTAAACAACT,13,7
GGTGTTCTCTCGTAGGCTTTAAACACCG,0,1
GGTGTTCTCTCGTAGTCTTGAAACAACT,0,1
GGTGTTCTCTCGTAGTCTTGTGTCAGTA,8,0
GGTGTTCTCTGCAAGGACTGCCTCAACG,1,0
GGTGTTCTCTGCTAGCTCTGCCGCAACT,0,1
GGTGTTCTCTGTGAGCTTGGGGACCCCT,1,0
GGTGTTCTCTGTGAGCTTTATGACACCT,1,0
GGTGTTCTCTGTGAGCTTTGGGACACCT,60,130
GGTGTTCTCTGTGAGCTTTGTGACCCCT,2,1
GGTGTTCTCTGTGAGCTTTTTTACACCT,10,12
GGTGTTCTCTTGGAGGTGTGCACCACCA,15,0
GGTGTTCTCTTGGAGGTGTTCACCCCCC,1,0
GGTGTTCTCTTGGAGGTTTTCACCACCA,2,0
GGTGTTGACTACAAGTGTTGTGGCACCG,53,0
GGTGTTGACTACAAGTGTTGTGTCACCT,2,0
GGTGTTGACTACAAGTGTTGTTTCACCG,3,0
GGTGTTGACTACAAGTGTTTTTTCACCT,3,0
GGTGTTGACTCGAAGTGATGTTTCACGG,30,0
GGTGTTGACTCGAAGTGATGTTTCACTT,3,0
GGTGTTGACTCGTAGTTCTGTTCCATAT,1,0
GGTGTTGACTGCAAGATATGTTGCAACA,0,1
GGTGTTGACTGCGAGAACTGGGACACCT,66,0
GGTGTTGACTGCGAGAACTGTTACACCT,10,0
GGTGTTGACTGCGAGTGTTGGTGCAGTT,21,0
GGTGTTGACTGCGAGTGTTGTTGCATTT,1,0
GGTGTTGACTGCGAGTTTTGGATCAGTA,1,0
GGTGTTGACTGCGAGTTTTGGTTCATTT,1,0
GGTGTTGACTGCGAGTTTTTTTTCATTT,2,0
GGTGTTGACTTGGAGGCTTGATGCATGA,0,50
GGTGTTGACTTGGAGGCTTGATTCATTA,0,1
GGTGTTGCCTCGAAGCGTTGATACATAA,1,0
GGTGTTGCCTCGAAGGGTTGTATCAGTA,94,102
GGTGTTGCCTCGAAGGGTTGTATCCGTC,0,2
GGTGTTGCCTCGAAGGGTTTTATCATTA,1,1
GGTGTTGCCTCGAAGGTTTGTATCATTA,8,9
GGTGTTGCCTCGAAGGTTTGTATCCGTA,0,1
GGTGTTGCCTGACAGTGCTGCGCCAGCG,0,55
GGTGTTGCCTGACAGTGCTGCTCCAGCT,0,2
GGTGTTGCCTGACAGTGCTGCTCCATCG,0,2
GGTGTTGCCTGACAGTTCTGCGCCAGCT,0,1
GGTGTTGCCTGACAGTTCTGCGCCATCG,0,1
GGTGTTGCCTGACAGTTCTGCTCCAGCG,0,1
GGTGTTGCCTGACAGTTCTGCTCCATCT,0,5
GGTGTTGCCTTATAGGCTTGTATCAGCA,1,0
GGTGTTGCCTTATAGGGTTGTTTCAGCA,43,79
GGTGTTGCCTTATAGGGTTTTTTCATCA,1,1
GGTGTTGCCTTATAGGTTTGATACAGCA,1,0
GGTGTTGCCTTATAGGTTTGTTTCATCA,3,2
GGTGTTGCCTTATAGGTTTTTTTCCTCC,1,0
GGTGTTGGCTAGCAGTTATGAAGCAACG,34,7
GGTGTTGGCTAGCAGTTATGAATCAACT,1,1
GGTGTTGGCTAGCAGTTATTAAGCACCG,1,0
GGTGTTGGCTAGCAGTTATTAATCAACG,1,0
GGTGTTGGCTCGTAGTAGTGACTCCCGC,1,0
GGTGTTGGCTCGTAGTAGTGTCTCACGC,55,1
GGTGTTGGCTCGTAGTAGTTTCTCACTC,2,0
GGTGTTGGCTGTCAGCGATGCCGCAGTG,0,9
GGTGTTGGCTGTCAGCGATGCCTCATTG,0,1
GGTGTTGGCTGTCAGCTATGCCGCATTT,0,1
GGTGTTGGCTGTCAGCTATGCCTCAGAT,0,1
GGTGTTGGCTGTCAGCTATTCCTCAGTG,0,1
GGTGTTGTCTAAAAGGTATGAGTCAGCA,1,0
GGTGTTGTCTAAGAGCGCGGTGTCCTTG,1,0
GGTGTTGTCTAAGAGCGCTGTGTCATTG,169,64
GGTGTTGTCTAAGAGCGCTGTTTCATTT,0,1
GGTGTTGTCTAAGAGCTCTGTGTCATTT,4,2
GGTGTTGTCTAAGAGCTCTTTTTCATTT,2,2
GGTGTTGTCTACCAGGGATGAGTCAGCA,40,38
GGTGTTGTCTACCAGGGATGAGTCCGCC,0,1
GGTGTTGTCTACCAGGGATTAGTCATCA,1,4
GGTGTTGTCTACCAGGTAGGAGTCAGCA,0,1
GGTGTTGTCTACCAGGTATGAGTCCGCA,0,1
GGTGTTGTCTACCAGGTATGATTCATCA,1,3
GGTGTTTACTATGAGTGTTGCTGCAAAA,172,40
GGTGTTTACTATGAGTGTTGCTGCCAAC,1,0
GGTGTTTACTATGAGTGTTGCTGCCACA,2,0
GGTGTTTACTATGAGTGTTGCTGCCCAA,2,2
GGTGTTTACTATGAGTGTTTCTTCAAAA,11,4
GGTGTTTACTATGAGTTTAGCTTCAAAA,1,0
GGTGTTTACTATGAGTTTTTCTGCAAAA,2,0
GGTGTTTACTGAAAGAACTTAGTCACTT,0,1
GGTGTTTCCTACGAGCCATGTACCAGTA,0,1
GGTGTTTGATTCGAGCCATGTACCATTA,1,0
GGTGTTTGCTCTTAGTGCTGAGTCAAAT,36,116
GGTGTTTGCTCTTAGTGCTGAGTCACCT,0,2
GGTGTTTGCTCTTAGTGCTGAGTCCCAT,0,1
GGTGTTTGCTCTTAGTGCTTATTCAAAT,0,1
GGTGTTTGCTCTTAGTTCTGATTCAAAT,2,4
GGTGTTTGCTTCGAGCCATGTACCAGTA,223,408
GGTGTTTGCTTCGAGCCATGTACCCGTC,1,3
GGTGTTTGCTTCGAGCCATTTACCATTA,8,4
GGTGTTTTCTAGTAGTAGAGCCTCATTG,1,0
GGTGTTTTCTAGTAGTTGTGCCTCATTG,58,60
GGTGTTTTCTAGTAGTTGTTCCTCATTT,0,1
GGTGTTTTCTAGTAGTTTTGCCTCATTT,3,1
GGTGTTTTCTAGTAGTTTTTCCTCATTG,1,1
GGTGTTTTCTGGGAGTTTTGTCGCAGCC,58,7
GGTGTTTTCTGGGAGTTTTGTCGCATCA,1,0
GGTGTTTTCTGGGAGTTTTGTCGCCTCC,1,0
GGTGTTTTCTGGGAGTTTTTTCTCATCC,6,0
GGTGTTTTCTGTGAGCATTGAATCATAG,0,1
GGTGTTTTCTTGGAGCCATGTAGCACGA,0,1
GGTGTTTTCTTTGAGGAATGGAGCACTT,0,61
GGTGTTTTCTTTGAGGAATGTAGCCCTA,0,1
GGTGTTTTCTTTGAGGAATGTATCACTT,0,5
GGTGTTTTCTTTGAGGAATTTAGCACTT,0,1
GTAATCGACTTCAAGGGTTTGAACACGA,0,1
GTAATGAGCTCTCAGCGCTGAATCATCA,0,1
GTAGACAGCTCAGAGATCTTCTTCATTA,1,0
GTAGAGTGCTATCAGAGATTGACCACCG,1,0
GTAGATTACTGGCAGTTTTTTCTCATTC,0,1
GTAGTAAGCTCCGAGGTGTGCAGCAGTG,0,52
GTAGTAAGCTCCGAGGTGTGCATCAGTT,0,1
GTAGTAAGCTCCGAGGTGTTCATCAGTG,0,2
GTAGTAAGCTCCGAGGTGTTCATCATTT,0,1
GTAGTAAGCTCCGAGGTTTGCATCAGTG,0,1
GTAGTAAGCTCCGAGGTTTGCATCATTT,0,1
GTAGTAAGCTCGTAGGAATGTTCCAATC,39,23
GTAGTAAGCTCGTAGGAATGTTCCCAAC,0,1
GTAGTAAGCTCGTAGGAATGTTCCCCTC,2,1
GTAGTAAGCTTGGAGTATTGGGCCAGAT,57,0
GTAGTAAGCTTGGAGTATTGTGCCATAT,1,0
GTAGTAAGCTTGGAGTATTGTTCCAGAT,6,0
GTAGTAAGCTTGGAGTATTTGGCCCGAT,1,0
GTAGTAAGCTTGGAGTATTTTGCCAGAT,1,0
GTAGTAAGCTTGGAGTATTTTTCCCGAT,2,0
GTAGTACACTACCAGCCCTGTCACACCT,0,2
GTAGTACACTGGAAGTGCTGTTACACAA,0,35
GTAGTACACTGGCAGGCGTGGTTCAGGT,67,61
GTAGTACACTGGCAGGCGTGGTTCCTTT,1,0
GTAGTACACTGGCAGGCGTGTTTCATTT,0,1
GTAGTACACTGGCAGGCGTTGTTCATGT,1,0
GTAGTACACTGGCAGGCGTTTTTCCTGT,1,0
GTAGTACACTGGCAGGCTTGGTTCATGT,0,2
GTAGTACACTGGCAGGCTTGTTTCAGTT,6,4
GTAGTACACTGGCAGGCTTTGTTCAGTT,0,1
GTAGTACACTGGCAGGCTTTTTTCATTT,1,1
GTAGTACACTGGCATGCGTGTTTCAGTT,1,0
GTAGTACACTGGGAGAGTTGGGCCATGT,0,53
GTAGTACACTGGGAGAGTTGTTCCCTGT,0,1
GTAGTACACTGGGAGAGTTTTTCCATGT,0,4
GTAGTACACTGGGAGATTTTTTCCATTT,0,2
GTAGTACACTTCAAGTGTTGAGTCATGC,43,0
GTAGTACACTTCAAGTGTTGATTCATTC,4,0
GTAGTACCCTACCAGCCATGGCACAACT,1,0
GTAGTACCCTACCAGCCCGGGCCCACCT,1,0
GTAGTACCCTACCAGCCCTGCCACACCA,0,1
GTAGTACCCTACCAGCCCTGGCACACCT,516,444
GTAGTACCCTACCAGCCCTGGCCCCCCT,1,0
GTAGTACCCTACCAGCCCTGTCACCCCT,10,4
GTAGTACCCTACCAGCCCTTTCACACCT,33,26
GTAGTACCCTTCCAGCACTGTCCCAACT,0,1
GTAGTACGCTGTTAGAGCTGTAACAACG,53,58
GTAGTACGCTGTTAGAGCTGTAACCCCG,2,1
GTAGTACGCTGTTAGAGCTTTAACAACT,1,0
GTAGTACGCTGTTAGATCTGTAACAACT,4,5
GTAGTACGCTGTTAGCTCTGTAACACCG,0,1
GTAGTACGCTTGTAGCAATGTTACATAA,0,46
GTAGTACGCTTTAAGGCATGCTACAAGA,0,44
GTAGTACGCTTTAAGGCATGCTACCCGA,0,2
GTAGTACGCTTTAAGGCATTCTACAATA,0,1
GTAGTACGCTTTAAGTCATTCTACAAGA,0,1
GTAGTACTCTTTCAGGTGTGTTTCACCC,18,0
GTAGTAGCCTTAGAGTGATGAGCCATAC,1,0
GTAGTAGGCTATCAGCTGTTCTTCAACT,1,0
GTAGTAGGCTATTAGGACTGTGTCAGCT,21,8
GTAGTAGGCTATTAGGACTTTGTCATCT,0,2
GTAGTAGGCTTGCAGTCTTGTAGCACCG,51,0
GTAGTAGGCTTGCAGTCTTGTATCACCT,4,0
GTAGTAGTCATTCAGCTCTTGTTCATCT,0,1
GTAGTAGTCTCGGAGGTTTGTTTCAATA,0,1
GTAGTAGTCTGGAAGGGCTGCGACATCC,11,0
GTAGTAGTCTGGAAGGTCTGCTACATCC,2,0
GTAGTAGTCTTTCAGCTCGGGTTCCTCT,1,0
GTAGTAGTCTTTCAGCTCTGGTTCATCT,42,30
GTAGTAGTCTTTCAGCTCTTTTTCATCT,1,0
GTAGTATACTGCTAGGGATGACTCAAAA,58,79
GTAGTATACTGCTAGGGATGACTCCCAA,3,3
GTAGTATACTGCTAGGTATTACTCAAAA,1,3
GTAGTATACTGCTAGTTTTGTTTCATCT,0,1
GTAGTATACTTCTAGCATTGATGCAACT,66,164
GTAGTATACTTCTAGCATTGATGCCCCT,2,2
GTAGTATACTTCTAGCATTTATTCAACT,1,3
GTAGTATACTTCTAGCATTTATTCCCCT,1,0
GTAGTATACTTCTAGGTATGACTCAAAA,1,0
GTAGTATTCTTTAAGAAAATCACCAGCT,0,1
GTAGTATTCTTTAAGAAATGCACCAGCT,555,485
GTAGTATTCTTTAAGAAATGCACCCTCT,1,1
GTAGTATTCTTTAAGAAATGCAGCATCT,1,0
GTAGTATTCTTTAAGAAATTCACCATCT,32,30
GTAGTATTCTTTAAGAAATTCACCCGCT,0,1
GTAGTATTCTTTAAGTAATGCACCCGCT,1,0
GTAGTCAACTAGCAGTGTTGTGGCACCG,0,17
GTAGTCAACTAGCAGTGTTGTTTCACCT,0,2
GTAGTCAACTAGCAGTTTTTTTTCACCG,0,1
GTAGTCAACTTCCAGACATGCATCATTA,39,59
GTAGTCAGCTGAGAGAGCTGCGGCAGTA,21,0
GTAGTCAGCTGAGAGAGCTGCGGCCTTA,1,0
GTAGTCAGCTGAGAGAGCTGCTTCCGTA,1,0
GTAGTCAGCTGAGAGAGCTTCTTCATTA,2,0
GTAGTCAGCTGAGAGATATGCCTCAAAA,1,0
GTAGTCAGCTGAGAGATCTGCTGCAGTA,1,0
GTAGTCAGCTGAGAGATCTTCTTCCGTA,1,0
GTAGTCAGCTGATAGTGATGCCGCAAAA,1,0
GTAGTCAGCTGATAGTGATGCCGCACTA,1,0
GTAGTCAGCTGATAGTGTTGCCGCAATT,197,142
GTAGTCAGCTGATAGTGTTGCCGCCCTT,4,2
GTAGTCAGCTGATAGTGTTGCCTCACTT,1,0
GTAGTCAGCTGATAGTGTTGCCTCCATT,1,0
GTAGTCAGCTGATAGTGTTTCCTCAATT,9,15
GTAGTCAGCTGATAGTTTTGCCTCAATT,5,0
GTAGTCAGCTGATAGTTTTTCCGCAATT,1,1
GTAGTCAGCTGTCAGCTTAGATCCAGTC,1,0
GTAGTCAGCTGTCAGCTTTGATCCAGTG,119,72
GTAGTCAGCTGTCAGCTTTGATCCATTT,4,1
GTAGTCAGCTGTCAGCTTTGATCCCGTT,1,0
GTAGTCAGCTGTCAGCTTTTAACCAGAG,1,0
GTAGTCAGCTGTCAGCTTTTATCCAGTT,10,1
GTAGTCAGCTGTCAGCTTTTATCCCGTG,0,1
GTAGTCAGCTGTCAGCTTTTGTCCATTT,1,0
GTAGTCCCCTCGTAGTCATGCAGCAAAA,0,1
GTAGTCCCCTCGTAGTGTTGGTGCAAAA,0,74
GTAGTCCCCTCGTAGTGTTGGTGCCCCA,0,1
GTAGTCCCCTCGTAGTGTTGTTTCAAAA,0,6
GTAGTCCCCTCGTAGTGTTGTTTCCCAA,0,1
GTAGTCCCCTCGTAGTTTTGGTTCAAAA,0,2
GTAGTCCCCTCGTAGTTTTTTTTCAAAA,0,3
GTAGTCCCCTCGTGGTGTTTTTTCAAAA,0,1
GTAGTCCCCTTCTAGGAGTGTCTCACAT,32,0
GTAGTCCCCTTCTAGGATTTTCTCACAT,1,0
GTAGTCCGCTGAGAGTCTTGCCCCAATT,0,1
GTAGTCCGCTTTCAGTTGTGTGGCACCC,16,0
GTAGTCCGCTTTCAGTTGTTTTTCACCC,1,0
GTAGTCCGCTTTCAGTTTTGTTTCACCC,2,0
GTAGTCGACTCAGAGTAATGAAGCAGGG,21,0
GTAGTCGACTCAGAGTAATGAATCATGG,1,0
GTAGTCGACTCAGAGTAATTAAGCATGT,1,0
GTAGTCGACTCAGAGTAATTAATCAGGG,1,0
GTAGTCGACTCAGAGTAATTAATCATTT,3,0
GTAGTCGACTGCGAGCGATGCACCAGGC,58,0
GTAGTCGACTGCGAGCGATTCACCAGTC,5,0
GTAGTCGACTGCGAGCGATTCACCATGC,1,0
GTAGTCGACTGCGAGCTATGCACCAGTC,1,0
GTAGTCGACTGCGAGCTATTCACCAGGC,2,0
GTAGTCGACTGCGAGCTATTCACCATTC,1,0
GTAGTCGACTGGTAGGCTTGTTGCACAC,0,38
GTAGTCGACTTCAAGGGTTGGAACACGA,0,26
GTAGTCGACTTCAAGGGTTGGAACCCGC,0,1
GTAGTCGACTTCAAGGGTTGTAACACTA,0,4
GTAGTCGCCTCAGAGTAATGAAGCAGGC,1,0
GTAGTCGCCTGGGAGGAATGCTACAAAC,0,1
GTAGTCGCCTGGGAGGTATGGTACAAAC,0,83
GTAGTCGCCTGGGAGGTATGGTACCCCC,0,2
GTAGTCGCCTTCAAGGGTTGTAACCCGA,0,1
GTAGTCGGCAAGCACAATTTGTTCACAT,1,0
GTAGTCGGCTAGCAGAATTGGGGCACAT,49,29
GTAGTCGGCTAGCAGAATTGGTTCACAT,2,0
GTAGTCGGCTAGCAGAATTGTGGCCCAT,1,0
GTAGTCGGCTAGCAGAATTGTGTCACAT,1,1
GTAGTCGGCTAGCAGAATTGTTTCCCAT,0,1
GTAGTCGGCTAGCAGAATTTGTGCACAT,1,0
GTAGTCGGCTAGCAGAATTTTTTCACAT,9,5
GTAGTCGGCTGAGAGTAGTGATGCATAA,45,5
GTAGTCGGCTGAGAGTAGTGATGCCTCA,1,0
GTAGTCGGCTGAGAGTATTGATTCATAA,2,0
GTAGTCGTCTGGAAGCGATGGGACAGAT,62,47
GTAGTCGTCTGGAAGCGATGGGACCGCT,1,0
GTAGTCGTCTGGAAGCGATGTGACAGAA,1,0
GTAGTCGTCTGGAAGCGATGTGACATAT,3,1
GTAGTCGTCTGGAAGCGATGTGACCGAT,1,0
GTAGTCGTCTGGAAGCGATGTTACAGAT,1,1
GTAGTCGTCTGGAAGCTATGGTACATAT,1,2
GTAGTCGTCTGGAAGCTATGTGACAGAT,0,2
GTAGTCGTCTGGAAGCTATTGGACAGAT,0,1
GTAGTCGTCTGGAAGCTATTTTACATAT,3,6
GTAGTCGTCTTCTAGGAGTGGAGCATAA,28,0
GTAGTCGTCTTCTAGGATTGTATCCTAA,1,0
GTAGTCGTCTTCTAGGATTTTATCATAA,4,0
GTAGTCTCCTGAAAGTGATGCACCATGT,44,38
GTAGTCTCCTGAAAGTGATTCACCATTT,6,7
GTAGTCTCCTGAAAGTGATTCTCCATGT,1,0
GTAGTCTCCTGAAAGTTATGCACCATTT,1,0
GTAGTCTCCTGACAGACATGATTCATCT,1,0
GTAGTCTGCTGCTAGCAATGACACACAC,1,0
GTAGTCTGCTGCTAGCTATGTCACACAC,77,32
GTAGTCTGCTGCTAGCTATGTCACCCCC,1,0
GTAGTCTTCTGGCAGTTCTTTATCATTA,0,1
GTAGTGAACTGAGAGACTTGGCACAGTT,63,0
GTAGTGAACTGAGAGACTTGTCACCGTT,1,0
GTAGTGAACTGAGAGACTTTTCACAGTT,2,0
GTAGTGAACTGGGAGGCATGGAGCAGTA,34,0
GTAGTGAACTGGGAGGCATGTAGCCGTA,1,0
GTAGTGAACTGGGAGGCATGTATCAGTA,1,0
GTAGTGAACTGGGAGGCATTTATCATTA,2,0
GTAGTGACCTGCGAGAGCTGACTCATGA,0,1
GTAGTGACCTGCGAGTGCTGTCGCATGT,183,88
GTAGTGACCTGCGAGTGCTGTCTCATTT,3,2
GTAGTGACCTGCGAGTGCTTTCTCATGT,1,1
GTAGTGACCTGCGAGTTCTGTCGCATTT,0,1
GTAGTGACCTGCGAGTTCTGTCTCATGT,2,1
GTAGTGACCTGCGAGTTCTTTCTCATTT,10,4
GTAGTGAGCTACTAGCAGTGTCTCATGA,1,0
GTAGTGAGCTATCAGAGATGTCCCACCC,0,1
GTAGTGAGCTCGCAGCTCTGAACCAACA,0,1
GTAGTGAGCTCTCAGCGCAGAATCATCA,0,1
GTAGTGAGCTCTCAGCGCTGAAGCATCA,160,254
GTAGTGAGCTCTCAGCGCTGAAGCCTCC,1,1
GTAGTGAGCTCTCAGCGCTGAATCCTCA,2,2
GTAGTGAGCTCTCAGCGCTTAATCATCA,5,15
GTAGTGAGCTCTCAGCTCTGAAGCAACA,0,2
GTAGTGAGCTCTCAGCTCTGAATCATCA,14,35
GTAGTGAGCTCTCAGCTCTTAATCCTCA,1,1
GTAGTGAGCTGAGAGGATTGGAACACGC,0,1
GTAGTGAGCTGCGAGGACTGCAACACTC,1,0
GTAGTGAGCTGCGAGGAGTGGAACACGC,216,72
GTAGTGAGCTGCGAGGAGTGTCACACGC,1,0
GTAGTGAGCTGCGAGGAGTTGAACACTC,4,1
GTAGTGAGCTGCGAGGAGTTTAACACGC,1,2
GTAGTGAGCTGCGAGGATTGTAACACTC,14,5
GTAGTGAGCTGCGAGTATTTTAACACGC,1,0
GTAGTGATCTACTAGCGATGAGTCACCT,0,1
GTAGTGCCCTTGGAGATTTGCAACAATT,36,53
GTAGTGCCCTTGGAGATTTGCAACCCTT,1,0
GTAGTGCGCTAGGAGGGCTGCACCACTT,33,0
GTAGTGCGCTAGGAGGTCTTCACCACTT,1,0
GTAGTGCGCTATGAGCGATGGGTCAGTA,47,0
GTAGTGCGCTATGAGCGATGTTTCAGTA,2,0
GTAGTGCGCTATGAGCTATGTGTCAGTA,2,0
GTAGTGCGCTATGAGCTATTTTTCATTA,1,0
GTAGTGCGCTATGAGCTATTTTTCCGTA,1,0
GTAGTGCGCTGTGAGACCTGTCTCATTT,1,0
GTAGTGCTCTGGTAGACGTGATACATCA,1,0
GTAGTGCTCTTATAGTTCTGTTTCATGT,1,0
GTAGTGCTCTTGGAGGGTTGTGACACCG,32,0
GTAGTGCTCTTGGAGGGTTGTTACACCT,1,0
GTAGTGCTCTTGGAGGGTTTTTACACCG,1,0
GTAGTGCTCTTGGAGGTTTTTTACACCT,3,0
GTAGTGGCCTTCGAGGACTGTGGCACGC,69,138
GTAGTGGCCTTCGAGGACTGTGTCCCGC,1,1
GTAGTGGCCTTCGAGGACTGTTTCACTC,5,12
GTAGTGGCCTTCGAGGACTTTGTCACTC,0,2
GTAGTGGCCTTCGAGGACTTTTGCACTC,2,1
GTAGTGGGCTCGAAGTCTTGTACCAACT,0,1
GTAGTGGGCTGTCAGAGCTGCCCCCCCG,0,1
GTAGTGGGCTGTTAGTAGTGACGCACTT,44,0
GTAGTGGGCTGTTAGTAGTTACTCACTT,7,0
GTAGTGGGCTGTTAGTATTGACTCACTT,2,0
GTAGTGGTCTGCGAGAACTGTAACATCA,1,0
GTAGTGGTCTGCTAGGCGTGTTACAGCT,91,0
GTAGTGGTCTGCTAGGCTTGTTACATCT,6,0
GTAGTGGTCTGCTAGGCTTTTTACAGCT,1,0
GTAGTGGTCTGCTAGTCGTGTTACCTCT,1,0
GTAGTGGTCTTCAAGGGTTGGCTCCTTT,1,0
GTAGTGGTCTTCAAGGTTTGGCTCATGG,54,13
GTAGTGGTCTTCAAGGTTTGGCTCATTT,2,0
GTAGTGGTCTTCAAGGTTTGTCTCATGT,2,0
GTAGTGGTCTTCAAGGTTTGTCTCATTG,8,1
GTAGTGGTCTTCAAGGTTTGTCTCCTGG,1,0
GTAGTGGTCTTCAAGGTTTTTCTCATTT,6,1
GTAGTGGTCTTCAAGTTTTGCCTCAAGG,0,1
GTAGTGTACTGCAAGGGATGAAGCATAT,29,0
GTAGTGTACTGCAAGGGATTAATCATAT,1,0
GTAGTGTACTGCAAGGTATGAATCATAT,2,0
GTAGTGTCCTTATAGCGATGGGACATTT,0,36
GTAGTGTCCTTATAGCGATTGTACATTT,0,2
GTAGTGTCCTTATAGCGATTTGACATTT,0,1
GTAGTGTCCTTATAGCTATTGGACATTT,0,1
GTAGTGTCCTTATAGCTATTTTACATTT,0,6
GTAGTGTCCTTCGAGACTTGATCCACAA,1,0
GTAGTGTCCTTCGAGAGGTGTGCCACAA,63,15
GTAGTGTCCTTCGAGAGGTGTTCCCCAA,1,0
GTAGTGTCCTTCGAGAGTTGTTCCACAA,1,0
GTAGTGTCCTTCGAGATTTGTGCCACAA,4,0
GTAGTGTCCTTCGAGATTTTTTCCACAA,1,0
GTAGTGTGCTAAAAGTTCTGTTACAGTG,0,14
GTAGTGTGCTAAAAGTTCTTTTACATTT,0,1
GTAGTGTGCTACCAGGCATGTAGCATGG,23,0
GTAGTGTGCTACCAGGCATGTAGCCTGT,1,0
GTAGTGTGCTACCAGGCATGTATCATGT,2,0
GTAGTGTGCTACCAGGCATTTATCATTT,2,0
GTAGTGTGCTACCAGTCATGAATCAAGC,1,0
GTAGTGTGCTATAAGATATGTACCACCT,0,1
GTAGTGTGCTATCAGAGAAGGACCCCCG,0,1
GTAGTGTGCTATCAGAGATCGACCCCCG,1,0
GTAGTGTGCTATCAGAGATGGACCACCG,968,1159
GTAGTGTGCTATCAGAGATGGACCCCCT,1,1
GTAGTGTGCTATCAGAGATGTACCACAG,1,0
GTAGTGTGCTATCAGAGATGTACCACCT,22,25
GTAGTGTGCTATCAGAGATGTACCCCCG,5,3
GTAGTGTGCTATCAGAGATTGACCACCT,10,6
GTAGTGTGCTATCAGAGATTGACCCCCC,0,1
GTAGTGTGCTATCAGAGATTTACCACCG,20,34
GTAGTGTGCTATCAGAGATTTACCCCCT,1,1
GTAGTGTGCTATCAGATAAGGACCACCG,1,0
GTAGTGTGCTATCAGATATGCACCACCC,0,1
GTAGTGTGCTATCAGATATGGACCACCT,3,2
GTAGTGTGCTATCAGATATGTACCACCG,5,10
GTAGTGTGCTATCAGATATGTACCCCCT,1,1
GTAGTGTGCTATCAGATATTGACCACCG,6,6
GTAGTGTGCTATCAGATATTTACCACCT,53,76
GTAGTGTGCTATCAGATATTTACCCCCG,0,1
GTAGTGTGCTATCAGATCTGGCCCACCG,1,0
GTAGTGTGCTATCAGATCTGTCCCACCT,1,0
GTAGTGTGCTCAAAGTATTGTTTCATCT,0,98
GTAGTGTGCTCAAAGTATTTTTTCCTCT,0,2
GTAGTGTGCTCAAAGTGATGCATCAAAT,31,0
GTAGTGTGCTCAAAGTTATTCATCAAAT,1,0
GTAGTGTGCTCCGAGCGATGCACCAACT,1,0
GTAGTGTGCTTTCAGAGATGGACCACCT,1,0
GTAGTGTGCTTTCAGATATGTACCACCC,1,0
GTAGTTAACTAAGAGGAATGCGACACGC,92,155
GTAGTTAACTAAGAGGAATGCGACCCTC,1,2
GTAGTTAACTAAGAGGAATTCTACACTC,9,16
GTAGTTAACTGGCAGTTTTTTCTCATTC,0,1
GTAGTTACCTAAGAGATCTGGTGCATGA,124,193
GTAGTTACCTAAGAGATCTGGTGCCTGC,1,0
GTAGTTACCTAAGAGATCTGGTTCATTA,1,2
GTAGTTACCTAAGAGATCTGTTGCATTA,2,0
GTAGTTACCTAAGAGATCTGTTTCATGA,3,3
GTAGTTACCTAAGAGATCTTGTGCATTA,0,1
GTAGTTACCTAAGAGATCTTGTTCATGA,1,1
GTAGTTACCTAAGAGATCTTTTGCATGA,0,1
GTAGTTACCTAAGAGATCTTTTTCATTA,8,11
GTAGTTACCTAAGAGATCTTTTTCCTGA,1,1
GTAGTTACCTAAGAGCTCTGTAGCAATA,0,1
GTAGTTACCTGCGAGTGCTGTCTCATGT,1,0
GTAGTTACCTGTAAGACATGACTCAGGG,36,86
GTAGTTACCTGTAAGACATGACTCAGTT,2,2
GTAGTTACCTGTAAGACATGACTCATGT,1,0
GTAGTTACCTGTAAGACATGACTCATTG,0,3
GTAGTTACCTGTAAGACATTACTCAGGT,1,0
GTAGTTACCTGTAAGACATTACTCAGTG,2,1
GTAGTTACCTGTAAGACATTACTCATTT,4,13
GTAGTTACCTGTAAGACATTACTCCGGG,0,1
GTAGTTAGCTACTAGAAATGTTGCATCG,26,0
GTAGTTAGCTACTAGAAATGTTTCATCT,2,0
GTAGTTAGCTACTAGAAATTTTGCATCT,1,0
GTAGTTAGCTTATAGGCATGGTTCAACA,0,35
GTAGTTAGCTTATAGGCATGGTTCCCCA,0,2
GTAGTTAGCTTATAGGCATTTTTCAACA,0,2
GTAGTTATCTATGAGCCCTGAAACATCA,0,1
GTAGTTATCTATGAGGCGTGAAACAGGC,35,28
GTAGTTATCTATGAGGCTTGAAACATTC,6,2
GTAGTTATCTATGAGGCTTTAAACAGTC,0,1
GTAGTTATCTATGAGTAATGCTACCCTC,0,1
GTAGTTATCTATGAGTACTGAAACAGTC,1,0
GTAGTTATCTATGAGTCTTTAAACATTC,1,0
GTAGTTCACTCGGAGGGCTGTTTCAAGC,34,39
GTAGTTCACTCGGAGGGCTGTTTCCCGC,1,2
GTAGTTCACTCGGAGGTCTGTTTCCAGC,0,1
GTAGTTCACTCGGAGGTCTTTTTCAATC,1,3
GTAGTTCACTCTAAGCGGTGAGACATCT,23,111
GTAGTTCACTCTAAGCGGTTATACATCT,0,1
GTAGTTCACTCTAAGCGTTGATACCTCT,0,1
GTAGTTCACTCTAAGCTGTGATACATCT,0,1
GTAGTTCACTCTAAGCTGTTAGACATCT,0,1
GTAGTTCACTCTAAGCTTTGAGACATCT,3,14
GTAGTTCACTCTAAGCTTTTATACATCT,0,6
GTAGTTCACTTTAAGATATGTTACATTA,1,0
GTAGTTCACTTTCAGTGTTGGTTCAGGA,32,23
GTAGTTCACTTTCAGTGTTGTTTCATGA,2,1
GTAGTTCACTTTCAGTGTTTGTTCATTA,0,1
GTAGTTCACTTTCAGTGTTTTTTCAGGA,1,0
GTAGTTCACTTTCAGTTTTGTTTCATTA,1,2
GTAGTTCACTTTCAGTTTTTGTTCATGA,1,0
GTAGTTCCCTCGGAGATCTGTGCCACAG,29,26
GTAGTTCCCTCGGAGATCTGTGCCCCCG,1,0
GTAGTTCCCTCGGAGATCTTTTCCACAT,4,1
GTAGTTCGCTATTAGACTTGATGCACTG,1,0
GTAGTTCGCTATTAGTGATGGGCCAGCT,37,0
GTAGTTCGCTATTAGTGATGTTCCATCT,4,0
GTAGTTCGCTATTAGTTATTTTCCATCT,4,0
GTAGTTCGCTGCCAGGGGTGGGGCATAA,0,15
GTAGTTCGCTGCCAGGTGTGGGTCATAA,0,2
GTAGTTCGCTGCCAGGTTTGGGGCATAA,0,2
GTAGTTCGCTGGGAGAGCTGAGGCATGT,0,34
GTAGTTCGCTGGGAGAGCTGATTCATTT,0,4
GTAGTTCGCTGGGAGAGCTTATTCATGT,0,1
GTAGTTCGCTGGGAGATCTGATTCATGT,0,1
GTAGTTCTCTCTAAGCGGTGATACATCT,0,1
GTAGTTCTCTGGTAGGTTTGCGCCAGTC,2,0
GTAGTTGACTGAAAGTCGTGTGCCAAGC,55,66
GTAGTTGACTGAAAGTCGTGTGCCCCGC,2,0
GTAGTTGACTGAAAGTCGTGTTCCAATC,4,5
GTAGTTGACTGAAAGTCGTTTTCCAAGC,1,0
GTAGTTGACTGAAAGTCTTGTGCCAATC,4,1
GTAGTTGACTGAAAGTCTTGTTCCAAGC,1,0
GTAGTTGACTGAAAGTCTTTTTCCAATC,0,1
GTAGTTGACTGAAAGTCTTTTTCCCAGC,0,1
GTAGTTGCCTAAAAGCTATGAAGCAAGC,0,33
GTAGTTGCCTAAAAGCTATTAATCAATC,0,2
GTAGTTGCCTCTGAGGTTTGCTTCAGTT,0,1
GTAGTTGCCTGCGAGGTTTGGCTCAATG,0,70
GTAGTTGCCTGCGAGGTTTGGCTCCCTG,0,3
GTAGTTGCCTGCGAGGTTTGTCTCACTG,0,1
GTAGTTGCCTGCGAGGTTTTTCTCAATG,0,4
GTAGTTGCCTGCGAGTAGTGTAGCATTT,47,0
GTAGTTGCCTGCGAGTATTGTATCATTT,1,0
GTAGTTGGCTATGAGCGGTGCGTCAACG,31,0
GTAGTTGGCTATGAGCGGTGCGTCCCCG,1,0
GTAGTTGGCTATGAGCGTTGCGTCAACT,1,0
GTAGTTGGCTATGAGCTCTGCTTCAACT,1,0
GTAGTTGGCTATGAGCTGTGCGTCAACT,2,0
GTAGTTGGCTATGAGCTGTTCTTCAACT,2,0
GTAGTTGGCTGCAAACTATGTGTCAGTG,1,0
GTAGTTGGCTGCAAGCTATGTGGCAGTG,48,76
GTAGTTGGCTGCAAGCTATGTGTCATTG,1,0
GTAGTTGGCTGCAAGCTATGTGTCCGTG,1,0
GTAGTTGGCTGCAAGCTATGTTTCAGTG,5,3
GTAGTTGGCTGCAAGCTATTTTGCATTG,1,0
GTAGTTGGCTGCAAGCTATTTTTCATTT,1,1
GTAGTTGGCTTAGAGTGATGTGCCAGTC,103,0
GTAGTTGGCTTAGAGTGATGTTCCATTC,4,0
GTAGTTGGCTTAGAGTGATTTTCCAGTC,2,0
GTAGTTGGCTTAGAGTTATTTTCCATTC,1,0
GTAGTTGTCTAGCAGGCGTGGGTCAGCC,91,103
GTAGTTGTCTAGCAGGCGTGGTTCATCC,2,0
GTAGTTGTCTAGCAGGCGTGTGTCCGCC,0,1
GTAGTTGTCTAGCAGGCGTGTTTCAGCC,1,4
GTAGTTGTCTAGCAGGCGTTTGTCATCC,2,2
GTAGTTGTCTAGCAGGCTTGGGTCATCC,3,4
GTAGTTGTCTAGCAGGCTTGTGTCAGCC,4,0
GTAGTTGTCTAGCAGGCTTTGTTCCGCC,1,1
GTAGTTGTCTAGCAGGCTTTTTTCATCC,7,3
GTAGTTGTCTCGGAGGATTGATTCAAAA,0,1
GTAGTTGTCTCGGAGGTGTGTTTCAATA,57,81
GTAGTTGTCTCGGAGGTGTGTTTCCCTA,3,2
GTAGTTGTCTCGGAGGTTTGTATCAATA,1,0
GTAGTTGTCTCGGAGGTTTTTTTCAATA,2,0
GTAGTTTACTGGAAGTTTTTTCTCATTC,0,1
GTAGTTTACTGGCAGTTTTAGCTCCTGC,1,0
GTAGTTTACTGGCAGTTTTGGCTCATGC,86,96
GTAGTTTACTGGCAGTTTTGTCTCATTC,13,21
GTAGTTTACTGGCAGTTTTGTCTCCTGC,1,0
GTAGTTTACTGGCAGTTTTTGCTCATTC,1,1
GTAGTTTACTGGCAGTTTTTTCTCATGC,2,3
GTAGTTTGCTCGGAGTTGTGCTACACAC,19,24
GTAGTTTGCTCGGAGTTGTGCTACCCCC,1,1
GTAGTTTGCTCGGAGTTTTTCTACACAC,0,1
GTAGTTTTCTGCTAGTCTTCGCTCAGTG,1,0
GTAGTTTTCTGCTAGTGTTGGCGCAGTG,188,109
GTAGTTTTCTGCTAGTGTTGGCGCATTT,1,1
GTAGTTTTCTGCTAGTGTTGGCTCAGTT,1,0
GTAGTTTTCTGCTAGTGTTGGCTCATTG,1,0
GTAGTTTTCTGCTAGTGTTGGTTCAGCG,44,37
GTAGTTTTCTGCTAGTGTTGGTTCATCT,3,3
GTAGTTTTCTGCTAGTGTTGTCGCATTG,2,2
GTAGTTTTCTGCTAGTGTTGTCGCCGTG,3,0
GTAGTTTTCTGCTAGTGTTGTCTCAGTG,6,11
GTAGTTTTCTGCTAGTGTTGTTTCATCG,6,4
GTAGTTTTCTGCTAGTGTTTGCTCAGTG,2,4
GTAGTTTTCTGCTAGTGTTTGTTCATCG,0,1
GTAGTTTTCTGCTAGTGTTTTCGCAGTG,3,0
GTAGTTTTCTGCTAGTGTTTTCTCATTG,0,1
GTAGTTTTCTGCTAGTTTTGGCTCAGTG,2,3
GTAGTTTTCTGCTAGTTTTGGCTCATTT,1,0
GTAGTTTTCTGCTAGTTTTGGCTCCGTT,1,0
GTAGTTTTCTGCTAGTTTTTTTTCAGCG,0,1
GTAGTTTTCTGCTAGTTTTTTTTCATCT,5,3
GTAGTTTTCTTCTAGCACTGCTTCACTA,0,1
GTCGACCTCTACAAGCCTTTCTCCAGAT,1,0
GTCGACGGCTCGTAGTTTTTATCCATCT,0,1
GTCGATGACTCCGAGATTTTTCTCATTT,0,1
GTCGCCGGCTCGTAGGGTTTATCCAGCG,0,1
GTCGCGTCCTGTTTGGGATGAATCAGGA,1,0
GTCGTAAACTCGGAGAAATTATGCAAAA,1,0
GTCGTAACCTAGAAGACTTGCTACATAG,1,0
GTCGTAAGCTCCTAGCCGAGTAGCCTCT,1,1
GTCGTAAGCTCCTAGCCGTGTAGCATCT,60,43
GTCGTAAGCTCCTAGCCTTGTAGCCTCT,1,0
GTCGTAAGCTCCTAGCCTTGTATCATCT,5,3
GTCGTAAGCTCCTAGCCTTTTAGCATCT,0,1
GTCGTAAGCTGAAAGACGTGCAACACAA,0,37
GTCGTAAGCTGGTAGAGGTGTCGCAGTT,43,0
GTCGTAAGCTGGTAGAGGTGTCTCATTT,1,0
GTCGTAAGCTGGTAGAGGTTTCTCAGTT,1,0
GTCGTAAGCTGGTAGATGTGTCTCAGTT,3,0
GTCGTAAGCTGGTAGATTTTTCTCATTT,4,0
GTCGTAAGCTGTAAGCACTTGCGCAACA,1,0
GTCGTAAGCTGTAAGCGCTGGCGCAACA,25,0
GTCGTAAGCTGTAAGCGCTGGCGCCCCA,1,0
GTCGTAAGCTGTAAGCGCTGTCTCAACA,2,0
GTCGTAAGCTGTAAGCTCTGGCTCAACA,1,0
GTCGTAAGCTGTAAGCTCTTTCTCAACA,2,0
GTCGTAATCTCAGAGGCGTGTATCACCT,153,159
GTCGTAATCTCAGAGGCGTGTATCCCCA,5,0
GTCGTAATCTCAGAGGCTTGTATCACCA,0,3
GTCGTAATCTCAGAGGCTTTTATCACCT,3,3
GTCGTAATCTGCAAGGCGTGTGGCATCT,43,0
GTCGTAATCTGCAAGGCGTGTTTCATCT,1,0
GTCGTAATCTGCAAGGCTTGTGTCATCT,2,0
GTCGTAATCTGCAAGGCTTGTTTCCTCT,1,0
GTCGTAATCTGCAAGGCTTTTTTCATCT,1,0
GTCGTAATCTTCAAGTTGTGCTGCAGGC,158,101
GTCGTAATCTTCAAGTTGTGCTGCATTC,7,4
GTCGTAATCTTCAAGTTGTGCTTCAGTC,6,3
GTCGTAATCTTCAAGTTGTGCTTCATGC,4,1
GTCGTAATCTTCAAGTTGTGCTTCCGGC,2,0
GTCGTAATCTTCAAGTTGTTCTGCATGC,1,0
GTCGTAATCTTCAAGTTGTTCTTCAGGC,1,2
GTCGTAATCTTCAAGTTGTTCTTCATTC,11,4
GTCGTAATCTTCAAGTTTTGCTGCATGC,0,1
GTCGTAATCTTCAAGTTTTGCTTCAGGC,0,1
GTCGTAATCTTCAAGTTTTGCTTCATTC,2,0
GTCGTAATCTTCAAGTTTTTCTGCAGTC,4,3
GTCGTACACTCGGAGACATGACCCACTC,1,0
GTCGTACACTCGGAGACCTGATGCACTC,0,1
GTCGTACACTCGGAGACTTGAGGCACTC,76,136
GTCGTACACTCGGAGACTTGAGTCCCTC,1,0
GTCGTACACTCGGAGACTTGATTCACTC,9,12
GTCGTACACTCGGAGACTTTAGGCACCC,1,0
GTCGTACACTCGGAGACTTTAGTCACTC,2,2
GTCGTACACTTCGAGTCATGGGACAAGT,0,37
GTCGTACACTTCGAGTCATGTGACACGT,0,1
GTCGTACACTTCGAGTCATGTTACAAGT,0,1
GTCGTACACTTCGAGTCATGTTACCCGT,0,1
GTCGTACACTTCGAGTCATTGGACAATT,0,1
GTCGTACACTTCGAGTCATTTGACAAGT,0,1
GTCGTACACTTCGAGTCATTTTACAATT,0,4
GTCGTACCCTGTTAGGCTTGACTCAACC,0,35
GTCGTACCCTGTTAGGCTTGACTCCCCC,0,1
GTCGTACGCTAGCAGGGTTGCATCAGCC,0,1
GTCGTACGCTATCAGACCTGCTGCACTT,0,1
GTCGTACGCTCGGAGACTTGAGTCACAC,0,1
GTCGTACGCTGTGAGCCATGAACCATCA,82,188
GTCGTACGCTGTGAGCCATGAACCCTCC,1,0
GTCGTACGCTGTGAGCCATGACCCCTCA,0,1
GTCGTACGCTGTGAGCCATTAACCATCC,1,0
GTCGTACTCTACTACGATTTCTCCACTT,0,1
GTCGTACTCTACTAGGATTGCGCCACTG,45,27
GTCGTACTCTACTAGGATTGCTCCACTT,1,2
GTCGTACTCTACTAGGATTTCTCCACTG,4,2
GTCGTAGACTGAAAGGGTTGTCGCATTA,0,19
GTCGTAGACTGAAAGGGTTTTCTCATTA,0,4
GTCGTAGACTGAAAGGTTTGTCTCATTA,0,1
GTCGTAGCCTATAAGAACTGGAGCATCA,0,20
GTCGTAGCCTATAAGAACTGTATCATCA,0,2
GTCGTAGCCTTCTAGGTATGTAGCAGTG,59,0
GTCGTAGCCTTCTAGGTATGTATCAGTT,2,0
GTCGTAGCCTTCTAGGTATGTATCATTG,7,0
GTCGTAGCCTTCTAGGTATTTATCATTT,1,0
GTCGTAGGCTCGGAGGTCTGGTCCAAGT,30,0
GTCGTAGGCTCGGAGGTCTTTTCCAATT,1,0
GTCGTAGTCTGGGAGTAGTGGCGCAATG,21,0
GTCGTAGTCTGGGAGTAGTGTCTCAATT,6,0
GTCGTAGTCTGGGAGTAGTTTCTCAATG,2,0
GTCGTAGTCTGGGAGTATTGGCTCAATG,2,0
GTCGTAGTCTGGGAGTATTTTCTCAATT,2,0
GTCGTATACTCGGAGCTCTGGGGCATTA,1,0
GTCGTATCCTTAGAGTCCTGCGCCATCC,1,0
GTCGTATCCTTGTAGTTGTGCAGCACTA,0,32
GTCGTATCCTTGTAGTTTTTCATCACTA,0,9
GTCGTATGCTGCTAGCAATGCTTCATTC,0,1
GTCGTATGCTGGGAGCCCGGGGGCCTAC,1,0
GTCGTATGCTGGGAGCCCTGGGGCATAC,124,108
GTCGTATGCTGGGAGCCCTGGGGCCTCC,3,1
GTCGTATGCTGGGAGCCCTGGTTCATAC,2,1
GTCGTATGCTGGGAGCCCTGTGTCATAC,2,3
GTCGTATGCTGGGAGCCCTGTTGCATAC,3,1
GTCGTATGCTGGGAGCCCTTGGTCATAC,1,1
GTCGTATGCTGGGAGCCCTTGTGCATAC,1,0
GTCGTATGCTGGGAGCCCTTTGGCATAC,3,0
GTCGTATGCTGGGAGCCCTTTTTCATAC,17,12
GTCGTATGCTTAAAGACTTGCTCCAAAG,0,1
GTCGTATGCTTCGAGATATGAAACATGC,0,22
GTCGTATGCTTCGAGATATTAAACATTC,0,2
GTCGTATTCTGGGAGCCCTGGGGCCTAC,0,1
GTCGTCAACTTTTAGACGTGGCGCACAA,0,1
GTCGTCAACTTTTATACTTTGCGCCCCA,0,1
GTCGTCACCTAATAGTACATTTTCCTCC,0,1
GTCGTCACCTAATAGTACTGAGTCATCC,0,1
GTCGTCACCTAATAGTACTGTGTCAGCC,0,71
GTCGTCACCTAATAGTACTGTTTCATCC,0,15
GTCGTCACCTAATAGTACTGTTTCCGCC,0,1
GTCGTCACCTGTAAGAGTTGACTCAGGC,0,19
GTCGTCACCTGTAAGAGTTTACTCAGTC,0,1
GTCGTCACCTGTAAGAGTTTACTCATGC,0,3
GTCGTCACCTGTAAGAGTTTACTCCGGC,0,1
GTCGTCACCTGTAAGATTTGACTCATGC,0,1
GTCGTCACCTGTAAGATTTTACTCAGGC,0,7
GTCGTCACCTGTAAGATTTTACTCATTC,0,2
GTCGTCAGCTATGAGTACATGTACACCA,0,1
GTCGTCAGCTATGAGTACGGGTACCACT,0,1
GTCGTCAGCTATGAGTACTGGTACAACT,70,70
GTCGTCAGCTATGAGTACTGGTACCCCT,1,4
GTCGTCAGCTATGAGTACTTTTACAACT,8,5
GTCGTCAGCTATGAGTGCTTTTACAACA,0,1
GTCGTCAGCTCGTAGGTGGGTTGCAAGA,1,0
GTCGTCAGCTCGTAGGTGTGTTTCAAGA,26,0
GTCGTCAGCTCGTAGGTGTGTTTCCCGC,1,0
GTCGTCAGCTCGTAGGTGTTTTGCAAGA,1,0
GTCGTCAGCTCGTAGGTTTGTTGCAAGA,1,0
GTCGTCAGCTCGTAGGTTTTTTTCAATA,17,0
GTCGTCAGCTGGGAGCGTTGGGCCACTA,23,47
GTCGTCAGCTGGGAGCGTTGTTCCACTA,1,1
GTCGTCAGCTGGGAGCGTTTGGCCACAA,0,2
GTCGTCAGCTGGGAGCGTTTGTCCACTA,0,2
GTCGTCAGCTGGGAGCGTTTTGCCACTA,3,4
GTCGTCAGCTGGGAGCTTTTGGCCACTA,0,1
GTCGTCAGCTGGGAGCTTTTTTCCACTA,0,2
GTCGTCAGCTTTGAGAACTGGTACAACT,0,1
GTCGTCCACTGGGAGTCGTGAGGCACGT,26,24
GTCGTCCACTGGGAGTCGTGATGCCCTT,0,1
GTCGTCCACTGGGAGTCGTGATTCACGT,4,5
GTCGTCCACTGGGAGTCGTTATGCACGT,0,1
GTCGTCCACTGGGAGTCTTGAGTCACGT,1,0
GTCGTCCACTGGGAGTCTTGATGCACGT,2,1
GTCGTCCACTGGGAGTCTTGATTCACTT,0,1
GTCGTCCACTGGGAGTCTTTAGGCACGT,0,1
GTCGTCCACTGGGAGTCTTTATTCACGT,1,0
GTCGTCCCCATACAGATCTGCTTCACCT,1,0
GTCGTCCCCTTACAGAGCATCATCACCT,1,0
GTCGTCCCCTTACAGAGCTGCTTCACCT,212,46
GTCGTCCCCTTACAGAGCTGCTTCCCCA,1,0
GTCGTCCCCTTACAGAGCTTCTTCCCCT,2,0
GTCGTCCCCTTACAGATCTGCTTCACCA,1,0
GTCGTCCCCTTACAGATCTGCTTCCCCT,1,0
GTCGTCCCCTTACAGATCTTCTTCACCT,23,5
GTCGTCCTCTCTGAGTATTTCCGCACGG,5,0
GTCGTCCTCTGAGAGTGCTGGACCATCG,0,26
GTCGTCCTCTGAGAGTGCTTTACCATCG,0,1
GTCGTCCTCTGAGAGTTCTGGACCCTCG,0,1
GTCGTCCTCTGAGAGTTCTTGACCATCG,0,2
GTCGTCCTCTGAGAGTTCTTTACCATCT,0,1
GTCGTCGACTTACAGCGCAGGTACCTAT,1,0
GTCGTCGACTTACAGCGCTGCTACATAA,1,0
GTCGTCGACTTACAGCGCTGGTACATAT,90,76
GTCGTCGACTTACAGCGCTGGTACCAAT,0,1
GTCGTCGACTTACAGCGCTGGTACCTCT,3,1
GTCGTCGACTTACAGCGCTTGTACAAAT,0,1
GTCGTCGACTTACAGCGCTTTTACATAT,6,5
GTCGTCGACTTACAGCTCTGGTACCTAT,1,1
GTCGTCGACTTACAGCTCTGTTACATAT,1,1
GTCGTCGACTTACAGCTCTTGTACATAT,21,14
GTCGTCGACTTACCGCTCTTGTACCTAT,1,0
GTCGTCGCCACCTAGGTTTTATCCATCG,0,1
GTCGTCGCCTAAAAGGCCATTCGCAATT,1,0
GTCGTCGCCTAAAAGGCCTGGCGCAATG,19,0
GTCGTCGCCTAAAAGGCCTGTCGCAATT,1,0
GTCGTCGCCTAAAAGGCCTTGCGCAATT,4,0
GTCGTCGCCTAAAAGGCCTTTCTCAATT,3,0
GTCGTCGCCTCGTAGCTTTTATCCATCG,0,1
GTCGTCGCCTTCGAGTCATGGTTCACTT,66,0
GTCGTCGCCTTCGAGTCATTTTTCACTT,7,0
GTCGTCGCTTTCGAGTCATTGTTCACTT,1,0
GTCGTCGGCGCGGAGGGTTGATCCATCT,1,0
GTCGTCGGCGCGTAGGGTTTATCCAGCG,1,0
GTCGTCGGCTAGCAGTTATTTGTCAATG,0,1
GTCGTCGGCTAGTAGGGTTGAACCAGCG,1,0
GTCGTCGGCTCGGAGCTTTGAACCACCG,1,0
GTCGTCGGCTCGTAGGGTTGATCCAGAC,0,1
GTCGTCGGCTCGTAGGGTTGATCCAGCG,356,278
GTCGTCGGCTCGTAGGGTTGATCCATCT,3,2
GTCGTCGGCTCGTAGGGTTGATCCCGCT,0,1
GTCGTCGGCTCGTAGGGTTGATCCCTCG,9,6
GTCGTCGGCTCGTAGGGTTGCTCCCGCG,2,0
GTCGTCGGCTCGTAGGGTTTAACCATCT,1,0
GTCGTCGGCTCGTAGGGTTTATACCTCC,1,0
GTCGTCGGCTCGTAGGGTTTATCCATCG,148,115
GTCGTCGGCTCGTAGGGTTTATCCCGCG,6,4
GTCGTCGGCTCGTAGGGTTTATCCCTCT,1,0
GTCGTCGGCTCGTAGGGTTTCTCCAGCG,1,0
GTCGTCGGCTCGTAGGTTTGAACCAGTT,1,0
GTCGTCGGCTCGTAGGTTTGATCCATCG,0,3
GTCGTCGGCTCGTAGGTTTTATCCAGCG,5,8
GTCGTCGGCTCGTAGGTTTTATCCATCT,12,14
GTCGTCGGCTCGTAGGTTTTATCCCTCG,1,0
GTCGTCGGCTCGTAGTTTTGCTACACCC,1,0
GTCGTCGGCTCGTATGGTTGATCCATCG,0,1
GTCGTCGGCTCGTATGGTTTATCCAGCG,1,0
GTCGTCGGCTCGTATGTTTTATCCATCG,1,0
GTCGTCGGCTGAAAGGCGTGGTGCATCC,0,21
GTCGTCGGCTGAAAGGCGTGGTTCCTCC,0,1
GTCGTCGGCTGAAAGGCGTTGTTCATCC,0,3
GTCGTCGGCTGAAAGGCTTTTTTCATCC,0,6
GTCGTCGGCTGAAAGTCTTTGTGCATCC,0,1
GTCGTCGGCTGCGAGGGCTCTCGCACAA,1,0
GTCGTCGGCTGCGAGGGCTGGCGCACAA,62,0
GTCGTCGGCTGCGAGGGCTTGCTCACAA,2,0
GTCGTCGGCTGCGAGGGCTTTCGCCCAA,1,0
GTCGTCGGCTGCGAGGTCTGGCTCACAA,2,0
GTCGTCGGCTGCGAGGTCTGTCGCACAA,1,0
GTCGTCGGCTGCGAGGTCTTTCTCACAA,8,0
GTCGTCGGCTGGAACGCGTTAACCAACT,1,0
GTCGTCGGCTGGAAGGCGTGATCCAACT,80,6
GTCGTCGGCTGGAAGGCGTGATCCCACC,1,0
GTCGTCGGCTGGAAGGCGTGATCCCCCT,1,0
GTCGTCGGCTGGAAGGCGTTATCCCACT,2,0
GTCGTCGGCTGGAAGGCTTGATCCCACT,3,0
GTCGTCGGCTGGAAGGCTTTATCCAACT,2,2
GTCGTCGGCTGGAAGTCGTGATCCAACA,1,0
GTCGTCGGCTGGAAGTCGTTATCCAACT,1,0
GTCGTCGGCTGGAAGTCTTGATCCAACT,10,1
GTCGTCGGCTGGTAGGAATGCAACATCC,0,1
GTCGTCGGCTGGTAGGAATGCTGCAGCC,36,25
GTCGTCGGCTGGTAGGAATTCTTCATCC,33,33
GTCGTCGGCTGGTAGGAATTCTTCCGCC,2,3
GTCGTCGTCTTTGAGCGGTGTATCAGCG,0,22
GTCGTCGTCTTTGAGCGGTGTATCCTCG,0,1
GTCGTCGTCTTTGAGCGGTTTATCATCG,0,4
GTCGTCGTCTTTGAGCGTTGTATCATCG,0,3
GTCGTCGTCTTTGAGCTGTGTATCATCG,0,1
GTCGTCGTCTTTGAGCTTTGTATCCTCT,0,1
GTCGTCGTCTTTGAGCTTTTTATCATCT,0,1
GTCGTCTCCTAATAGTACTGTGTCATCC,0,1
GTCGTCTGCTGGGAGACTTGGCGCCTTC,2,2
GTCGTCTGCTGGGAGACTTGGCTCAATC,1,0
GTCGTCTGCTGGGAGACTTGTCGCATTC,2,0
GTCGTCTGCTGGGAGACTTTGCGCATTC,45,15
GTCGTCTGCTGGGAGACTTTTCTCATTC,7,2
GTCGTCTGCTGGGAGATTTTTCGCATTC,1,0
GTCGTCTGCTGGTAGCATTGAAACAATC,0,1
GTCGTGAACTAAGAGGAATGGCACATTC,16,4
GTCGTGAACTAAGAGGAATTGCACAATC,1,0
GTCGTGAACTAAGAGGAATTTCACATTC,4,3
GTCGTGAACTAAGAGGAATTTCACCTGC,1,0
GTCGTGACCAGTTTTGTATTAATTATTA,1,0
GTCGTGAGCATAAAGGAATTTTTCATTT,1,0
GTCGTGAGCGTCAAGTATTTGGTCAGCT,0,1
GTCGTGAGCTAGCAGGGTTGCTTCATCC,1,0
GTCGTGAGCTCTAAGTAGTGATGCAACC,2,0
GTCGTGAGCTCTAAGTAGTTATTCAACC,1,0
GTCGTGAGCTCTAAGTATTGAGGCAACC,1,0
GTCGTGAGCTCTAAGTATTGAGGCCCCC,1,0
GTCGTGAGCTCTAAGTATTGAGTCCACC,1,0
GTCGTGAGCTCTAAGTATTGATTCAACC,1,0
GTCGTGAGCTCTAAGTATTTAGGCCACC,1,0
GTCGTGAGCTCTAAGTATTTATGCAACC,17,0
GTCGTGAGCTCTAAGTATTTATGCCCCC,1,0
GTCGTGAGCTGAAAGATATGTCACAGCC,0,1
GTCGTGAGCTGGCAGGAGTGGCGCATAT,0,49
GTCGTGAGCTGGCAGGAGTTGCTCATAT,0,3
GTCGTGAGCTGGCAGGAGTTTCTCATTT,0,1
GTCGTGAGCTGGCAGGATTGTCGCATAT,0,3
GTCGTGAGCTGGCAGGATTGTCTCAAAA,0,1
GTCGTGAGCTGGCAGGATTTGCGCATAT,0,15
GTCGTGAGCTGGCAGGATTTTCGCCTCT,0,1
GTCGTGAGCTGGCAGGATTTTCTCATAT,0,8
GTCGTGAGCTGTTAGGCCTGCCCCAGCC,0,1
GTCGTGAGCTTAAAGGAAATTTTCATTG,1,0
GTCGTGAGCTTAAAGTATTTTTTCATCA,1,0
GTCGTGAGCTTACAGGAAATTTTCATTT,1,0
GTCGTGAGCTTACAGGAATGTGTCATTG,11,0
GTCGTGAGCTTACAGGAATGTTTCATTT,3,0
GTCGTGAGCTTACAGGAATGTTTCCTGG,4,0
GTCGTGAGCTTACAGGAATTTGTCATTT,2,0
GTCGTGAGCTTACAGGAATTTTTCATTG,41,0
GTCGTGAGCTTCAAGTAGTGTGTCAGCT,0,1
GTCGTGAGCTTCAAGTAGTTTGTCATCT,0,2
GTCGTGAGCTTCAAGTATTGGGTCAGCT,6,10
GTCGTGAGCTTCAAGTATTGGGTCCTCT,1,0
GTCGTGAGCTTCAAGTATTTGGTCATCT,12,28
GTCGTGAGCTTCAAGTATTTGGTCCTCA,1,1
GTCGTGAGCTTCAAGTATTTTGTCAGCT,0,1
GTCGTGAGCTTCAAGTATTTTGTCCTCT,0,1
GTCGTGAGCTTCAAGTATTTTTTCATCT,3,2
GTCGTGAGCTTCAATTATTTGTTCATCT,0,1
GTCGTGAGCTTGAAGGACTTTCTCATAT,0,1
GTCGTGAGCTTTCAGGAATTTTTCATTT,1,0
GTCGTGAGCTTTGAGGGTTGATTCAACG,0,2
GTCGTGAGCTTTGAGGGTTTAGTCAACG,0,9
GTCGTGAGCTTTGAGGGTTTATTCCACT,0,1
GTCGTGATCTCCTAGCAGTGGCGCACTT,0,19
GTCGTGATCTCCTAGCAGTTGCGCACAT,0,1
GTCGTGATCTCCTAGCAGTTTCTCCCTT,0,1
GTCGTGATCTCCTAGCATTGGCTCACTT,0,2
GTCGTGATCTCCTAGCATTTTCGCACTT,0,8
GTCGTGATCTGTAAGTACTTACTCAAAA,0,16
GTCGTGCACTAATAGTACTGATACAAGT,0,1
GTCGTGCACTACGAGTCTTGACTCACGT,63,0
GTCGTGCACTACGAGTCTTGACTCCCTT,1,0
GTCGTGCACTACGAGTCTTTACTCACTT,4,0
GTCGTGCACTACGAGTCTTTACTCCCGT,2,0
GTCGTGCCCTACGAGGTATGCCTCACGT,39,0
GTCGTGCCCTACGAGGTATGCCTCCCTT,1,0
GTCGTGCCCTACGAGGTATTCCTCACTT,2,0
GTCGTGCGCTACAAGATGTGGTTCAATT,5,0
GTCGTGCGCTGGCAGTGTTGTGACAGTA,44,0
GTCGTGCGCTGGCAGTGTTTTTACATTA,4,0
GTCGTGCGCTGGCAGTTTTGTGACATTA,3,0
GTCGTGCGCTGTGAGGATTGTTACACAT,36,39
GTCGTGCGCTGTGAGGATTGTTACCCCT,1,2
GTCGTGCGCTGTGAGGATTTTTACACCT,1,0
GTCGTGCGCTTCAAGCCTTTCACCATTC,1,22
GTCGTGCTCAACGATATATTTATCATGC,1,0
GTCGTGCTCTACGAGCTATTTAGCAGGC,1,0
GTCGTGCTCTCCGAGCTAAGTATCAGGC,1,0
GTCGTGCTCTCCGAGCTAATTATCCGGC,1,0
GTCGTGCTCTCCGAGCTATGTATCATGC,5,0
GTCGTGCTCTCCGAGCTATGTATCCGGC,1,0
GTCGTGCTCTCCGAGCTATTTATCAGGC,10,5
GTCGTGCTCTCCGAGCTATTTATCATTC,18,6
GTCGTGCTCTCCGAGCTATTTATCCTGC,0,1
GTCGTGCTCTCCGCGCTATGTATCAGGC,1,0
GTCGTGGACTGGTAGCTTTGGGCCAAAT,0,1
GTCGTGGACTGGTAGCTTTGTGCCATAT,0,1
GTCGTGGACTGGTAGCTTTTGGCCATAT,6,15
GTCGTGGACTGGTAGCTTTTGTCCCTAT,0,1
GTCGTGGACTGGTAGCTTTTTGCCAAAT,0,1
GTCGTGGACTGGTAGCTTTTTTCCATAT,1,5
GTCGTGGCCTGTGAGCCTTGTTTCATCT,1,0
GTCGTGGGCATCTATCTCTTACTCATTT,0,1
GTCGTGGGCGTCTAGCTCTTACTCATTT,0,2
GTCGTGGGCGTTGAGGGTTTATTTAACG,0,1
GTCGTGGGCTAACAGGTCTGCCTCATCG,22,0
GTCGTGGGCTAACAGGTCTTCCTCATCT,4,0
GTCGTGGGCTCGGAGAACTTCTACATTC,0,1
GTCGTGGGCTCGGAGCCTTGCCGCACTC,1,0
GTCGTGGGCTCGGAGGACAGAATCAGCC,1,0
GTCGTGGGCTCTGAGGACATAATCATGC,1,1
GTCGTGGGCTCTGAGGACTGAACCATTC,0,1
GTCGTGGGCTCTGAGGACTGAAGCATGC,2,1
GTCGTGGGCTCTGAGGACTGAAGCCGGC,1,0
GTCGTGGGCTCTGAGGACTGAATCAGGC,26,7
GTCGTGGGCTCTGAGGACTTAAGCAGGC,0,2
GTCGTGGGCTCTGAGGACTTAATCACGC,0,1
GTCGTGGGCTCTGAGGACTTAATCATTC,17,7
GTCGTGGGCTCTGAGGACTTAATCCTGC,2,0
GTCGTGGGCTGAGAGGTCTGGCGCACGT,0,20
GTCGTGGGCTGAGAGGTCTGTCTCACGT,0,1
GTCGTGGGCTGAGAGGTCTTGCTCACTT,0,4
GTCGTGGGCTGAGAGGTCTTTCGCACGT,0,2
GTCGTGGGCTGGAAGGTTTTGCTCAGCG,0,1
GTCGTGGGCTGGGAGCAATTCCACAATA,1,0
GTCGTGGGCTGGGAGCCCAGCCACATAC,0,1
GTCGTGGGCTGGTAGACTTTATACAAAT,0,1
GTCGTGGGCTGGTAGAGGTGATACAAAT,5,4
GTCGTGGGCTGGTAGAGGTGATACAATG,136,91
GTCGTGGGCTGGTAGAGGTGATACCCTT,8,5
GTCGTGGGCTGGTAGAGGTTATACAATT,29,17
GTCGTGGGCTGGTAGAGTTGATACAATT,3,2
GTCGTGGGCTGGTAGAGTTTAAACAAAT,0,1
GTCGTGGGCTGGTAGATGAGATACAAAT,1,0
GTCGTGGGCTGGTAGATGTGAAACAATG,0,1
GTCGTGGGCTGGTAGATGTGATACAAAG,1,2
GTCGTGGGCTGGTAGATGTGATACAATT,96,82
GTCGTGGGCTGGTAGATGTGATACCCTG,2,2
GTCGTGGGCTGGTAGATGTTATACAAAT,9,1
GTCGTGGGCTGGTAGATGTTATACAATG,5,0
GTCGTGGGCTGGTAGATTTGATACAATG,1,1
GTCGTGGGCTGGTAGATTTGATACCCTT,1,0
GTCGTGGGCTGGTAGATTTTATACAATT,47,33
GTCGTGGGCTGGTAGATTTTATACCCTG,1,2
GTCGTGGGCTGGTAGCGTTGTTACACAG,1,0
GTCGTGGGCTGGTAGCTTTGGGCCATAT,0,1
GTCGTGGGCTGGTATATTTTATACAAAT,0,1
GTCGTGGGCTGTTAGGTTTTTTACATGT,0,1
GTCGTGGGCTTATAGGATTGTTTCACTT,1,0
GTCGTGGGCTTATAGTTCTGTTTCAATT,1,0
GTCGTGGGCTTCAACCTCTTACTCATTT,0,1
GTCGTGGGCTTCAAGTATTTTGTCATCT,1,0
GTCGTGGGCTTCTAGCCCATACGCAATT,0,1
GTCGTGGGCTTCTAGCCCATACGCCTGT,0,1
GTCGTGGGCTTCTAGCGCACACTCCTTT,0,1
GTCGTGGGCTTCTAGCGCATACGCATTT,0,2
GTCGTGGGCTTCTAGCGCATACTCATGT,0,1
GTCGTGGGCTTCTAGCGCTGACGCAAGT,0,2
GTCGTGGGCTTCTAGCGCTGACGCATTT,1,38
GTCGTGGGCTTCTAGCGCTGACGCCTGT,0,1
GTCGTGGGCTTCTAGCGCTGCCCCATTT,0,1
GTCGTGGGCTTCTAGCGCTTACGCAATT,0,2
GTCGTGGGCTTCTAGCGCTTACGCATGT,0,3
GTCGTGGGCTTCTAGCGCTTACTCATTT,0,5
GTCGTGGGCTTCTAGCTCAGACGCAATT,0,1
GTCGTGGGCTTCTAGCTCTGACGCATGT,0,3
GTCGTGGGCTTCTAGCTCTGACTCAATT,0,3
GTCGTGGGCTTCTAGCTCTTACCCATTA,0,1
GTCGTGGGCTTCTAGCTCTTACGCATTT,1,54
GTCGTGGGCTTCTATCGCTTACGCATTT,0,1
GTCGTGGGCTTCTATCTCTGACCCATGT,0,1
GTCGTGGGCTTGGAGAGGTGATACCATT,1,0
GTCGTGGGGTGGTAGAGGTGATACACAT,1,0
GTCGTGGTATTAAAGTTTTTATTCAAAA,1,0
GTCGTGGTCTCGGAGCCTTTGGTCAGGC,1,0
GTCGTGGTCTCGGAGCGTTGGGTCAGGC,66,19
GTCGTGGTCTCGGAGCGTTGGGTCCTGC,3,1
GTCGTGGTCTCGGAGCGTTGTGTCAGTC,1,0
GTCGTGGTCTCGGAGCGTTGTGTCATGC,0,1
GTCGTGGTCTCGGAGCGTTTGGTCAGTC,2,2
GTCGTGGTCTCGGAGCGTTTGGTCATGC,26,6
GTCGTGGTCTCGGAGCGTTTGGTCCGGC,0,1
GTCGTGGTCTCGGAGCGTTTTGTCAGGC,3,1
GTCGTGGTCTCGGAGCGTTTTTTCATTC,2,4
GTCGTGGTCTCGGAGCGTTTTTTCCTGC,1,0
GTCGTGGTCTCGGAGCTTTCTTTCATTC,1,0
GTCGTGGTCTCGGAGCTTTGGGTCATGC,2,0
GTCGTGGTCTCGGAGCTTTGTGTCAGGC,1,0
GTCGTGGTCTCGGAGCTTTGTGTCCTGC,0,1
GTCGTGGTCTCGGAGCTTTTGGTCCTGC,1,0
GTCGTGGTCTCGGAGCTTTTTGTCATTC,13,2
GTCGTGGTCTGGAAGGTTTGGCTCAGCG,0,8
GTCGTGGTCTGGAAGGTTTTGCTCATCG,0,37
GTCGTGGTCTGGAAGGTTTTGCTCCGCG,0,4
GTCGTGGTCTTCAAGTGTTTAATCAAAC,1,0
GTCGTGTAATTGCAGGCGTTGTCCCTTC,0,1
GTCGTGTACTGTTATCGTTTCTACATTA,2,0
GTCGTGTACTTGCAGGCGTGGGCCAATC,0,1
GTCGTGTACTTGCAGGCGTTGGCCAGTC,0,11
GTCGTGTACTTGCAGGCTGTTGCCAGTC,0,1
GTCGTGTACTTGCAGGCTTTTTCCATTC,0,2
GTCGTGTCCTGATAGACTTGTTTCAGTT,0,1
GTCGTGTCCTGATAGACTTTGTTCAGTT,0,1
GTCGTGTCCTGATAGACTTTGTTCCCTT,0,1
GTCGTGTCCTGATAGACTTTTTTCATTT,0,13
GTCGTGTCCTGTTAGGGAAGAATCCCGA,1,0
GTCGTGTCCTGTTAGGGAATAATCATGA,1,0
GTCGTGTCCTGTTAGGGATTAAACAGGA,1,0
GTCGTGTCCTGTTAGGGATTAAACATTA,1,0
GTCGTGTCCTGTTAGGTATTAATCATGA,4,0
GTCGTGTCCTGTTATGTATTAATCATTA,1,1
GTCGTGTGCTAGAAGCACATCATCAAAT,0,1
GTCGTGTGCTAGAAGCACTTCATCATAT,1,1
GTCGTGTGCTAGCAGTGTTGAGTCATTG,29,35
GTCGTGTGCTAGCAGTGTTGATTCATTT,2,0
GTCGTGTGCTAGCAGTGTTTAGTCATTT,2,4
GTCGTGTGCTAGCAGTGTTTATTCATTG,0,1
GTCGTGTGCTAGCAGTGTTTATTCCTTT,1,0
GTCGTGTGCTAGCAGTTGTGGGCCAATC,55,106
GTCGTGTGCTAGCAGTTGTGGTCCCCTC,0,3
GTCGTGTGCTAGCAGTTGTTGTCCAATC,3,1
GTCGTGTGCTAGCAGTTGTTTGCCAATC,4,3
GTCGTGTGCTAGCAGTTTATAGTCAATG,0,1
GTCGTGTGCTAGCAGTTTGGGGCCAATC,0,1
GTCGTGTGCTAGCAGTTTTGAGTCATTT,1,0
GTCGTGTGCTAGCAGTTTTGGGCCCCTC,1,0
GTCGTGTGCTAGCAGTTTTGTGCCAATC,3,1
GTCGTGTGCTAGCAGTTTTGTTCCCCTC,1,1
GTCGTGTGCTAGCAGTTTTTAGTCATTG,0,1
GTCGTGTGCTAGCAGTTTTTATTCATTT,9,9
GTCGTGTGCTAGCAGTTTTTCGCCAAAC,0,1
GTCGTGTGCTAGCAGTTTTTGGCCAATC,13,14
GTCGTGTGCTAGCAGTTTTTTTCCAATC,9,12
GTCGTGTGCTAGCATTTTTGATTCATTT,0,1
GTCGTGTGCTAGGAGACCTGCCACATTC,0,1
GTCGTGTGCTAGGAGAGTTGCTACAGAG,0,20
GTCGTGTGCTAGGAGAGTTTCTACAGAT,0,1
GTCGTGTGCTAGGAGAGTTTCTACATAG,0,2
GTCGTGTGCTAGGAGAGTTTCTACCTCT,0,2
GTCGTGTGCTAGGAGATTTTCTACAGAG,0,2
GTCGTGTGCTAGGAGATTTTCTACATAT,0,9
GTCGTGTGCTCGGAGAACAGCGACATTC,5,13
GTCGTGTGCTCGGAGAACAGCGCCAATC,2,0
GTCGTGTGCTCGGAGAACAGCGCCCTTC,1,0
GTCGTGTGCTCGGAGAACATCGACAATC,7,7
GTCGTGTGCTCGGAGAACATCGACATTA,0,1
GTCGTGTGCTCGGAGAACATCGACCTTC,0,2
GTCGTGTGCTCGGAGAACATCTACATTC,2,0
GTCGTGTGCTCGGAGAACTGCCACATTC,1,0
GTCGTGTGCTCGGAGAACTGCGACAATC,3,3
GTCGTGTGCTCGGAGAACTGCGACCTTC,2,3
GTCGTGTGCTCGGAGAACTGCGCCATTC,1,2
GTCGTGTGCTCGGAGAACTGCGCCCATC,0,1
GTCGTGTGCTCGGAGAACTGCTACAAAC,0,1
GTCGTGTGCTCGGAGAACTTCGACATTC,130,143
GTCGTGTGCTCGGAGAACTTCGCCCTTC,0,1
GTCGTGTGCTCGGAGAACTTCTACAATC,0,1
GTCGTGTGCTCGGAGAACTTCTACCTTC,0,1
GTCGTGTGCTCGGAGCACTGCGACATTC,1,0
GTCGTGTGCTCGGAGCCCTGCGCCATTC,0,1
GTCGTGTGCTCGGATAACTTCTACATTC,0,1
GTCGTGTGCTGAGAGAACTGCTACATTA,0,1
GTCGTGTGCTGTTTTGTATTAATCACGA,1,0
GTCGTGTGCTTGAAGCTGTGTATCATTT,2,0
GTCGTGTGCTTGAAGCTGTTTATCAATT,0,2
GTCGTGTGCTTGAAGCTTGGTATCCTTT,1,0
GTCGTGTGCTTGAAGCTTTGTATCAATT,1,1
GTCGTGTGCTTGAAGCTTTTTATCATTT,18,22
GTCGTGTGCTTGAATCTGTTTATCATTT,1,0
GTCGTGTGCTTGAATCTTTTTATCAATT,1,0
GTCGTGTGCTTGTAGCTTTTTATCAATT,0,1
GTCGTGTTCTTCAAGTGGTGATGCCAAC,2,0
GTCGTGTTCTTCAAGTTGTTATTCAAAC,17,0
GTCGTGTTCTTCAAGTTTTGATTCAAAC,1,0
GTCGTGTTCTTCAAGTTTTGATTCCCAC,1,0
GTCGTTACCTCATAGCGTTTAGTCAATA,1,0
GTCGTTACCTCATAGTGGTGATCCACTG,0,1
GTCGTTACCTGGTAGTGGTGTATCATCC,0,42
GTCGTTACCTGGTAGTTGTTTATCATCC,0,2
GTCGTTACCTGGTAGTTTTGTATCATCC,0,8
GTCGTTACTTTTAGTTCATCCACATTAA,0,1
GTCGTTAGCTTTGAGGAATTTCTCATTT,1,0
GTCGTTATCTCCGAGGTTTGTATCATTA,1,0
GTCGTTCACTCGAAGGATTGCTCCAGCT,32,0
GTCGTTCACTCGAAGGATTTCTCCATCT,4,0
GTCGTTCACTCTGAGATTTGTCACACTC,1,0
GTCGTTCCCTCATAGAGTTGAGCCCCTC,1,0
GTCGTTCCCTCATAGTGCTTAGCCACTT,0,1
GTCGTTCCCTCATAGTGGAGAGCCACTG,0,1
GTCGTTCCCTCATAGTGGTAAGCCACTG,0,1
GTCGTTCCCTCATAGTGGTGAGCCACGG,28,31
GTCGTTCCCTCATAGTGGTTATCCACTG,0,4
GTCGTTCCCTCATAGTGTTGATCCACGT,0,1
GTCGTTCCCTCATAGTTGTGAGCCCCGG,1,0
GTCGTTCCCTCATAGTTTTGATCCACTG,0,1
GTCGTTCCCTCATAGTTTTTAGCCACTG,2,0
GTCGTTCCCTCATAGTTTTTATCCACTT,0,3
GTCGTTCGCATGGAGTAATGAATCAATT,0,1
GTCGTTCGCTATAAGTAGTTTTTCATAA,1,0
GTCGTTCGCTCCTAGGATGTGGTCACAG,1,0
GTCGTTCGCTCCTAGGATTGGGTCACAG,35,0
GTCGTTCGCTCCTAGGATTGTGTCCCAG,1,0
GTCGTTCGCTCCTAGGATTTTGTCACAT,17,0
GTCGTTCGCTCCTAGGATTTTTTCACAG,1,0
GTCGTTCGCTTGGAGTAATGAACCAATT,0,1
GTCGTTCGCTTGGAGTAATGAAGCAAGT,31,88
GTCGTTCGCTTGGAGTAATGAATCACGT,0,1
GTCGTTCGCTTGGAGTAATGAATCCAGT,0,1
GTCGTTCGCTTGGAGTAATTAATCAATT,15,38
GTCGTTCGCTTGTAGGGGGGCGCCCGGG,0,1
GTCGTTCGCTTGTAGGGGTGCGCCAGGG,0,47
GTCGTTCGCTTGTAGGGGTGCTCCAGTT,0,1
GTCGTTCGCTTGTAGGGGTTCGCCATGG,0,7
GTCGTTCGCTTGTAGGGGTTCTCCAGGG,0,1
GTCGTTCGCTTGTAGGTGTGCGCCATGG,0,1
GTCGTTCGCTTGTAGGTGTTCGCCAGGG,0,2
GTCGTTCGCTTGTAGGTGTTCGCCAGTT,0,1
GTCGTTCGCTTGTAGGTTTGCGCCAGGG,0,3
GTCGTTCGCTTGTAGGTTTGCTCCAGTG,0,1
GTCGTTCGCTTGTAGGTTTTCTCCATTT,0,3
GTCGTTCGCTTGTAGTGTTGCTCCATTG,0,1
GTCGTTCGCTTGTATGGTTTCGCCATTG,0,1
GTCGTTCTCTCCGAGGTTTGTATCATGC,45,0
GTCGTTCTCTCCGAGGTTTTTATCATTC,5,0
GTCGTTGACTGTGAGTACTGTCTCACTA,0,1
GTCGTTGCCTGGCAGACCTGCGGCAGGG,30,0
GTCGTTGCCTGGCAGACCTGCTTCAGGG,1,0
GTCGTTGCCTGGCAGACCTTCGGCAGGT,1,0
GTCGTTGCCTGGCAGACCTTCGTCAGTT,1,0
GTCGTTGCCTGGCAGACCTTCTTCATTT,5,0
GTCGTTGCCTGTGAGAGGTGGGGCAGAG,0,29
GTCGTTGCCTGTGAGAGGTGGGGCCGCG,0,2
GTCGTTGCCTGTGAGAGGTGTGTCAGAG,0,2
GTCGTTGCCTGTGAGAGGTTGGGCATAG,0,2
GTCGTTGCCTGTGAGAGGTTTTTCATAT,0,4
GTCGTTGCCTGTGAGATGTTGGGCAGAG,0,2
GTCGTTGCCTGTGAGATTTGTTTCAGAT,0,1
GTCGTTGCCTGTGAGATTTTGGTCAGAG,0,1
GTCGTTGCCTGTGAGATTTTGTGCATAG,0,1
GTCGTTGCCTGTGAGATTTTTTTCATAT,0,2
GTCGTTGGCTAATAGCATTGCGTCATCT,0,37
GTCGTTGGCTAATAGCATTTCTTCATCT,0,4
GTCGTTGGCTAGCAGTTATGTGTCAATG,91,57
GTCGTTGGCTAGCAGTTATGTGTCCATT,1,0
GTCGTTGGCTAGCAGTTATGTGTCCCTG,1,0
GTCGTTGGCTAGCAGTTATGTTTCAAAG,0,1
GTCGTTGGCTAGCAGTTATTTTTCAATT,9,4
GTCGTTGGCTAGGAGATTTGTGCCATTT,3,0
GTCGTTGGCTCCGAGTATTGTTTCACAT,1,0
GTCGTTGGCTCGGAGGACATTCTCATAT,1,0
GTCGTTGGCTCGGAGGACTGGCGCATAT,31,0
GTCGTTGGCTCGGAGGACTGGCGCCTCT,1,0
GTCGTTGGCTCGGAGGACTGTCTCATAT,2,0
GTCGTTGGCTCGGAGGACTTTCGCATAT,3,0
GTCGTTGGCTTATAGGTGGGTTTCCCTT,1,0
GTCGTTGGCTTATAGGTGTGTTTCACTT,147,92
GTCGTTGGCTTATAGGTGTTTTTCACAT,1,0
GTCGTTGGCTTATAGGTGTTTTTCCCTT,0,1
GTCGTTGGCTTATAGGTTTGTTTCACAT,3,0
GTCGTTGGCTTATAGGTTTGTTTCCCTT,5,1
GTCGTTGGCTTATAGGTTTTTTTCACTT,25,30
GTCGTTGGCTTATATGTGTTTTTCACTT,1,0
GTCGTTGTCTCCGAGTATTGTATCAAAG,30,0
GTCGTTGTCTCCGAGTATTTTACCAAAG,1,0
GTCGTTGTCTCCGAGTATTTTATCAAAT,2,0
GTCGTTTACTAAAAGGGGTGGTTCAGTG,9,0
GTCGTTTACTAAAAGGGGTTGTTCATTT,13,0
GTCGTTTACTAAAAGGTTTTTTTCATTT,2,0
GTCGTTTACTCGGAGCGCAGGGGCCTTT,0,1
GTCGTTTACTCGGAGCGCATGGGCATTT,0,2
GTCGTTTACTCGGAGCGCTGGGGCATTT,107,134
GTCGTTTACTCGGAGCGCTGTGGCCTTT,0,3
GTCGTTTACTCGGAGCGCTGTGTCATTT,1,0
GTCGTTTACTCGGAGCGCTGTTGCATTT,0,5
GTCGTTTACTCGGAGCGCTTGGGCAATT,0,1
GTCGTTTACTCGGAGCGCTTGGGCCTTT,0,1
GTCGTTTACTCGGAGCGCTTGGTCATTT,0,1
GTCGTTTACTCGGAGCGCTTGTGCATTT,2,1
GTCGTTTACTCGGAGCGCTTTGGCATTT,3,6
GTCGTTTACTCGGAGCGCTTTTTCCTTT,1,0
GTCGTTTACTCGGAGCTCAGTGTCATTT,0,1
GTCGTTTACTCGGAGCTCTGGGGCCTTT,1,0
GTCGTTTACTCGGAGCTCTGGTTCATTT,1,1
GTCGTTTACTCGGAGCTCTGTGGCATTT,0,2
GTCGTTTACTCGGAGCTCTTGGGCATTT,6,8
GTCGTTTACTCGGAGCTCTTTTTCATTT,11,17
GTCGTTTCCTGAGAGCTTTGTAACAATA,0,1
GTCGTTTCCTGAGAGCTTTGTATCAAAT,0,1
GTCGTTTCCTGAGAGCTTTTTATCAATT,63,66
GTCGTTTCCTGAGAGCTTTTTATCCAAT,1,0
GTCGTTTCCTGAGAGCTTTTTATCCCTT,3,2
GTCGTTTGCTCGTAGCCCTGAAACCCCG,1,0
GTCGTTTGCTCGTAGCCCTTAAACCCCC,0,1
GTCGTTTGCTCGTAGCCGTGAAACACCG,21,4
GTCGTTTGCTCGTAGCCTGGAAACACCG,1,0
GTCGTTTGCTCGTAGCCTTGAAACACCT,1,0
GTCGTTTGCTCGTAGCCTTTAAACACCG,7,0
GTCGTTTGCTGAGAGCTTTTTATCAATA,1,0
GTCGTTTGCTGGTAGCCCGGAAACCCCT,1,0
GTCGTTTTCTGTCAGTATTGCTCCACGA,1,0
GTGCTCTACACTCAGCTCTTTTCCAATT,0,1
GTGCTCTACTCCCAGATTTTGTACATTG,1,0
GTGGAGATCTTCCAGCGTTGCTTCAGGT,0,1
GTGGAGGACTCTAAGTCGTTGTTCACCA,0,1
GTGGCGCTCTCAAAGCCCTGTGCCATTT,0,1
GTGGTAAACTTGAAGCGGTGTTGCACCG,70,0
GTGGTAAACTTGAAGCGGTGTTTCACCT,1,0
GTGGTAAACTTGAAGCGGTTTTGCACCT,1,0
GTGGTAAACTTGAAGCGGTTTTTCACCG,1,0
GTGGTAAACTTGAAGCGTTGATTCCCCG,1,0
GTGGTAAACTTGAAGCGTTGTTGCACCT,1,0
GTGGTAAACTTGAAGCGTTGTTTCACCG,2,0
GTGGTAAACTTGAAGCTGTGTTGCACCT,1,0
GTGGTAAACTTGAAGCTGTGTTTCACCG,1,0
GTGGTAAACTTGAAGCTTTGTTGCACCG,1,0
GTGGTAAACTTGAAGCTTTGTTTCACCT,8,0
GTGGTAAGCTCACAGCAATGGGTCAACA,129,169
GTGGTAAGCTCACAGCAATGGGTCACCC,2,0
GTGGTAAGCTCACAGCAATGTGTCCACC,1,0
GTGGTAAGCTCACAGCAATGTTTCAACA,13,15
GTGGTAAGCTCACAGCAATGTTTCCCCA,0,3
GTGGTAAGCTCACAGCAATTGTTCAACA,2,0
GTGGTAAGCTCACAGCAATTTGTCAACA,1,2
GTGGTAAGCTCACAGCAATTTTTCCACA,1,0
GTGGTAAGCTCAGAGAAATGCTACAATT,0,1
GTGGTAAGCTCTCAGCCTTGTTACAACA,20,25
GTGGTAAGCTCTCAGCCTTGTTACCCCA,1,1
GTGGTAAGCTTTGAGCACTGCGCCAAGG,0,46
GTGGTAAGCTTTGAGCACTTCGCCAAGT,0,1
GTGGTAAGCTTTGAGCACTTCTCCAAGG,0,2
GTGGTAATCTGGAAGTCGTGTGCCAGCG,211,263
GTGGTAATCTGGAAGTCGTGTGCCCGCT,0,1
GTGGTAATCTGGAAGTCGTGTGCCCTCG,1,0
GTGGTAATCTGGAAGTCGTGTTCCATCT,7,8
GTGGTAATCTGGAAGTCGTGTTCCCGCG,0,1
GTGGTAATCTGGAAGTCGTTTGCCAGCT,1,0
GTGGTAATCTGGAAGTCGTTTTCCATCG,1,0
GTGGTAATCTGGAAGTCTTGTGCCAGCT,4,5
GTGGTAATCTGGAAGTCTTGTGCCATCG,11,13
GTGGTAATCTGGAAGTCTTGTGCCCGCG,0,2
GTGGTAATCTGGAAGTCTTGTTCCAGCG,1,1
GTGGTAATCTGGAAGTCTTTTGCCAGCG,1,0
GTGGTAATCTGGAAGTCTTTTTCCATCT,8,11
GTGGTAATCTGTAAGTCGTGTGCCCGCG,1,0
GTGGTACACTCAGAGGCCTGACGCACGG,50,0
GTGGTACACTCAGAGGCCTGACTCACGT,1,0
GTGGTACACTCAGAGGCCTGACTCACTG,2,0
GTGGTACACTCAGAGGCCTTACTCACTT,1,0
GTGGTACACTGCCAGCTCTGCCACAACT,46,22
GTGGTACACTGCCAGCTCTGCCACCCCT,2,0
GTGGTACACTGCCAGCTCTGTCCCAAGT,0,1
GTGGTACACTGCCAGGTCTGGCCCAAGT,124,83
GTGGTACACTGCCAGGTCTGGCCCCCGT,1,3
GTGGTACACTGCCAGGTCTGTCCCCAGT,0,2
GTGGTACACTGCCAGGTCTTTCCCAATT,9,10
GTGGTACCCTACCAGCCCTGTCACACCT,1,0
GTGGTACCCTCTGAGTATTGGGCCAAAT,4,44
GTGGTACCCTCTGAGTATTGGGCCCACT,0,1
GTGGTACCCTCTGAGTATTGTGCCCCCT,1,0
GTGGTACCCTCTGAGTATTGTTCCAAAT,0,2
GTGGTACCCTGGCAGCATTGCGGCAGTC,0,28
GTGGTACCCTGGCAGCATTGCTTCAGTC,0,2
GTGGTACCCTGGCAGCATTTCGTCAGTC,0,2
GTGGTACCCTGGCAGCATTTCTGCAGTC,0,1
GTGGTACGCTAGTAGGTGTGGGTCATTA,0,91
GTGGTACGCTAGTAGGTGTGGTTCCTTA,0,1
GTGGTACGCTAGTAGGTGTGTGTCCTTC,0,1
GTGGTACGCTAGTAGGTGTGTTTCATTA,0,2
GTGGTACGCTAGTAGGTGTTTGTCATTA,0,5
GTGGTACGCTAGTAGGTTTGTGTCATTA,0,1
GTGGTACGCTAGTAGGTTTTTTTCATTA,0,1
GTGGTACGCTCGTAGGTTTGATGCATGT,44,0
GTGGTACGCTCGTAGGTTTGATTCATTT,1,0
GTGGTACGCTGAGAGAGTTGCTCCCCAA,0,1
GTGGTACGCTGAGAGATGATCGCCAATT,0,1
GTGGTACGCTGAGAGATGTGCGCCAATT,53,221
GTGGTACGCTGAGAGATGTGCGCCCCTT,2,5
GTGGTACGCTGAGAGATGTGCTCCAAAT,0,1
GTGGTACGCTGAGAGATGTGCTCCCATT,0,1
GTGGTACGCTGAGAGATGTTCTCCAATT,2,8
GTGGTACGCTGAGAGATTTGCTCCAATT,0,5
GTGGTACGCTGATAGGTTTGCTCCAGTT,0,62
GTGGTACGCTGATAGGTTTTCTCCATTT,0,2
GTGGTACGCTGGAAGTGGTGGCGCAGGC,33,0
GTGGTACGCTGGAAGTGGTGGCTCATTC,3,0
GTGGTACGCTGGAAGTGTTGGCGCATGC,2,0
GTGGTACGCTGGAAGTGTTGTCGCAGTC,1,0
GTGGTACGCTGGAAGTGTTGTCTCATTC,1,0
GTGGTACGCTGGAAGTGTTTTCGCATTC,1,0
GTGGTACGCTGGAAGTTGTGTCTCAGGC,1,0
GTGGTACGCTGGAAGTTTTGGCGCAGGC,1,0
GTGGTACGCTGGAAGTTTTGTCTCAGTC,1,0
GTGGTACGCTTATAGGTCTGTCGCACAG,82,0
GTGGTACGCTTATAGGTCTGTCGCCCCG,1,0
GTGGTACGCTTATAGGTCTTTCTCACAT,5,0
GTGGTACGCTTGGAGCAATGCTTCATGG,34,0
GTGGTACGCTTGGAGCAATGCTTCATTT,2,0
GTGGTACGCTTGGAGCAATGCTTCCTGT,1,0
GTGGTACTCTTTTAGCACTGACGCACCA,0,44
GTGGTACTCTTTTAGCACTGACGCCCCC,0,3
GTGGTACTCTTTTAGCACTTACTCACCA,0,2
GTGGTAGACTCCAAGGTTTGGGACACCT,38,0
GTGGTAGACTCCAAGGTTTGTGACCCCT,2,0
GTGGTAGACTCCAAGGTTTGTTACACCT,4,0
GTGGTAGACTCCAAGGTTTTTGACACCT,2,0
GTGGTAGACTTGGAGTAGTGTCTAAAAT,0,1
GTGGTAGACTTGGAGTAGTGTCTCAAAG,0,64
GTGGTAGACTTGGAGTAGTGTCTCCCAG,0,3
GTGGTAGACTTGGAGTAGTTTCTCAAAT,0,1
GTGGTAGACTTGGAGTATTGTCTCAAAT,0,2
GTGGTAGGCTGGCAGGCTTGATCCACCA,1,0
GTGGTAGGCTGGGAGGGTTGAGCCACCA,173,120
GTGGTAGGCTGGGAGGGTTGAGCCCCCC,2,0
GTGGTAGGCTGGGAGGGTTGATCCCCCA,3,2
GTGGTAGGCTGGGAGGGTTGCGCCCCCA,0,1
GTGGTAGGCTGGGAGGGTTTATCCACCA,5,1
GTGGTAGGCTGGGAGGTTTGATCCACCA,13,6
GTGGTAGGCTGGGAGGTTTTAGCCACCA,0,2
GTGGTAGGCTTGTAGATTTGACGCACAT,0,45
GTGGTAGGCTTGTAGATTTTACTCACAT,0,4
GTGGTAGTCTAAGAGGCGTGGGTCATTA,31,15
GTGGTAGTCTAAGAGGCGTTTTTCATTA,1,0
GTGGTAGTCTAAGAGGCTTGGGTCCTTC,1,0
GTGGTAGTCTAAGAGGCTTGTGTCATTA,5,0
GTGGTAGTCTGGTAGTAGAGTTCCAATT,1,0
GTGGTAGTCTGGTAGTAGTGTTCCATTT,61,108
GTGGTAGTCTGGTAGTATTGATCCATAT,0,1
GTGGTAGTCTGGTAGTATTGTTCCCTTT,1,1
GTGGTAGTCTGGTAGTATTTTTCCATTT,1,0
GTGGTAGTCTGTAAGGATTGGTCCAAGT,3,0
GTGGTAGTCTGTAAGGATTGTTCCAATT,1,0
GTGGTAGTCTGTAAGGTTTGTAACAAAT,1,0
GTGGTAGTCTTCCAGATTTGTTGCATGG,27,0
GTGGTAGTCTTCCAGATTTGTTTCATGT,1,0
GTGGTATACTGGAAGGACTGTGTCAGTT,0,57
GTGGTATACTGGAAGGACTTTGTCATTT,0,2
GTGGTATACTGGAATGACTTTTTCATTT,0,1
GTGGTATACTGGGAGTCATGCAACATGG,0,16
GTGGTATACTGGGAGTCATTCAACATTT,0,4
GTGGTATCCTCGAAGGCATGATGCAGAA,0,1
GTGGTATCCTGGTAGGTATGTAACATGT,0,38
GTGGTATCCTGGTAGGTATTTAACATTT,0,2
GTGGTATCTTGCAGGTTTTTCTCAGCAA,0,1
GTGGTATGCTACGAGGAATGAATCATAC,43,48
GTGGTATGCTAGAAGGCCGGCGTCCTGT,0,1
GTGGTATGCTAGAAGGCCTGCGTCATGT,42,63
GTGGTATGCTAGAAGGCCTTCTTCATTT,1,7
GTGGTATGCTATAAGCGCTGACGCAAGC,0,121
GTGGTATGCTATAAGCGCTGACGCCCGC,0,4
GTGGTATGCTATAAGCGCTGACTCAATC,0,6
GTGGTATGCTATAAGCGCTTACTCAAGC,0,1
GTGGTATGCTATAAGCTCTGACTCAAGC,0,10
GTGGTATGCTATAAGCTCTTACTCAATC,0,5
GTGGTATGCTATAAGGTATGATCCAGGG,0,29
GTGGTATGCTATAAGGTATGATCCATTT,0,2
GTGGTATGCTATAAGGTATTATCCATTG,0,4
GTGGTATGCTGGAAGGCATGAAGCATAA,1,0
GTGGTATGCTGGAAGGCATGATGCAGAA,120,121
GTGGTATGCTGGAAGGCATGATTCATAA,9,12
GTGGTATGCTGGAAGGCATGATTCCGAA,0,1
GTGGTATGCTGGAAGGCATTATGCATAA,0,1
GTGGTATGCTGGAAGGCATTATTCAGAA,1,0
GTGGTATTCTGAGAGGCCTGTTACAAGT,5,59
GTGGTATTCTGAGAGGCCTGTTACCCGT,0,2
GTGGTATTCTGAGAGGCCTTTTACAATT,0,1
GTGGTATTCTGGGAGCTTTCCGCCAAGT,0,1
GTGGTATTCTTAGAGACCTGGCACAGAG,0,28
GTGGTATTCTTAGAGACCTGTCACATAG,0,1
GTGGTATTCTTAGAGACCTTTCACATAT,0,1
GTGGTATTCTTGTAGGGTTGTCACAGCC,24,0
GTGGTATTCTTGTAGGTTAGTCACAGCC,1,0
GTGGTCAACTACTAGGCCTGCTTCAGGA,0,81
GTGGTCAACTACTAGGCCTGCTTCATTA,0,3
GTGGTCAACTACTAGGCCTTCTTCAGTA,0,1
GTGGTCAACTACTAGGCCTTCTTCATGA,0,1
GTGGTCAACTAGTAGCGATGTTTCAGTA,34,31
GTGGTCAACTAGTAGCGATTTTTCCTTA,0,1
GTGGTCAACTAGTAGCTATGTTTCATTA,0,2
GTGGTCAACTATCAGCACTGTTTCAATC,0,29
GTGGTCAACTATCAGCACTGTTTCCCTC,0,1
GTGGTCAACTCCCAGATGTGCTACATGC,1,0
GTGGTCAACTCCCAGATGTTTTACATGT,0,1
GTGGTCACCTGAGAGTGCTGCGCCATGG,56,0
GTGGTCACCTGAGAGTGCTGCTCCATTT,4,0
GTGGTCACCTGAGAGTGCTTCGCCATTG,1,0
GTGGTCACCTGAGAGTGCTTCGCCCTGG,1,0
GTGGTCACCTGAGAGTGCTTCTCCATGG,1,0
GTGGTCACCTGAGAGTTCTGCTCCCTGG,3,0
GTGGTCACCTGAGAGTTCTTCTCCATTT,5,0
GTGGTCACCTGATAGTCGTGGTGCAAGT,32,0
GTGGTCACCTGATAGTCGTGGTTCAATT,2,0
GTGGTCACCTGATAGTCGTGTTTCCCGT,1,0
GTGGTCACCTGATAGTCTTGGTGCAATT,1,0
GTGGTCACCTGATAGTCTTGGTTCACGT,2,0
GTGGTCACCTGATAGTCTTGTTTCAAGT,1,0
GTGGTCACCTGATAGTCTTTTTTCAATT,1,0
GTGGTCAGCTACGAGTTCTGCTCCATCC,0,1
GTGGTCAGCTATCAGCTATGTGTCAGGT,89,79
GTGGTCAGCTATCAGCTATGTGTCATTT,2,1
GTGGTCAGCTATCAGCTATGTTTCAGTT,2,1
GTGGTCAGCTATCAGCTATGTTTCATGT,2,4
GTGGTCAGCTATCAGCTATTTGTCATGT,1,0
GTGGTCAGCTATCAGCTATTTTTCATTT,2,0
GTGGTCAGCTCCGAGTACTGGACCATCT,0,1
GTGGTCAGCTCCGAGTACTGTTCCATCT,1,0
GTGGTCAGCTCCGAGTTCGGGTCCCTCT,0,1
GTGGTCAGCTCCGAGTTCTGGTCCATCT,199,197
GTGGTCAGCTCCGAGTTCTTGTCCATCA,1,0
GTGGTCAGCTCCGAGTTCTTTTCCATCT,10,14
GTGGTCCGCTCTAAGTAGTGATTCAGGT,3,0
GTGGTCCGCTGCTAGTAGTGTACCATCA,7,0
GTGGTCCGCTGCTAGTATTTTACCATCA,0,1
GTGGTCCGCTGGAAGGGTTGTGGCACTT,0,14
GTGGTCCGCTGGAAGGTATGTGGCACAT,0,1
GTGGTCCGCTGGAAGGTTTGTGTCACTT,0,2
GTGGTCCGCTTAGAGGGTTGCTCCAGAG,128,23
GTGGTCCGCTTAGAGGGTTGCTCCATAT,2,0
GTGGTCCGCTTAGAGGGTTGCTCCATCG,4,1
GTGGTCCGCTTAGAGGGTTTCTCCAGAT,1,1
GTGGTCCGCTTAGAGGGTTTCTCCATAG,13,0
GTGGTCCGCTTTTAGCGGTGCCTCAGGA,0,27
GTGGTCCGCTTTTAGCGGTGCCTCCTGC,0,1
GTGGTCCGCTTTTAGCGGTTCCTCATTA,0,1
GTGGTCCGCTTTTAGCGGTTCCTCCTGA,0,1
GTGGTCCGCTTTTAGCGTGGCCTCATTA,0,1
GTGGTCCGCTTTTAGCTGTGCCTCAGTA,0,1
GTGGTCCGCTTTTAGCTGTTCCTCATGA,0,13
GTGGTCCGCTTTTAGCTTTGCCTCATGA,0,1
GTGGTCCGCTTTTAGCTTTTCCTCATTA,0,3
GTGGTCCGCTTTTAGCTTTTCCTCCTGA,0,2
GTGGTCCGCTTTTATCGGTTCCTCATGA,0,1
GTGGTCGACTCATAGGACTGAGCCACTC,54,22
GTGGTCGACTCATAGGACTGATCCCCTC,0,1
GTGGTCGACTCATAGGACTTATCCACTC,2,1
GTGGTCGACTTGGAGCGATGCTTCACAG,54,7
GTGGTCGACTTGGAGCGATGCTTCCCCG,2,0
GTGGTCGACTTGGAGCGATTCTTCACAT,2,0
GTGGTCGACTTGGAGCTATTCTTCACAG,5,0
GTGGTCGCCTCCGAGGTCTGCTCCACCA,0,38
GTGGTCGCCTCCGAGGTCTGCTCCCCCC,0,1
GTGGTCGCCTTGTAGGTTTGGTTCACAT,0,1
GTGGTCGGCTATCAGGAGTGGAGCATGC,29,0
GTGGTCGGCTATCAGGAGTTTATCATTC,1,0
GTGGTCGGCTATCAGGATTTTAGCATTC,1,0
GTGGTCGGCTCTGAGTACTGGTGCATGC,0,12
GTGGTCGGCTGATAGGTCTGGGTCAGCA,9,26
GTGGTCGGCTGATAGGTCTGGGTCCTCA,0,1
GTGGTCGGCTGATAGGTCTGTGTCATCA,0,3
GTGGTCGGCTGATAGGTCTGTGTCCGCA,1,0
GTGGTCGGCTGATAGGTCTGTTTCAGCA,0,2
GTGGTCGGCTGATAGGTCTTTTTCATCA,1,1
GTGGTCGGCTGATAGTTCTGCGTCATCA,1,0
GTGGTCGGCTTAGAGTGTTGGCCCATTG,0,19
GTGGTCGGCTTAGAGTGTTGTCCCATTT,0,1
GTGGTCGGCTTAGAGTGTTTTCCCATTG,0,2
GTGGTCGTCTGGCAGTCTTGAATCAAGT,43,0
GTGGTCGTCTGGCAGTCTTGAATCCCGT,1,0
GTGGTCGTCTGGCAGTCTTTAATCAATT,5,0
GTGGTCTACACCCAGATGTTTTACATTT,1,0
GTGGTCTACTAGCAGATTTGGTACATGG,0,1
GTGGTCTACTCCCAGAAGTGGAACAATC,1,0
GTGGTCTACTCCCAGAAGTGGTACATGT,1,0
GTGGTCTACTCCCAGAATTGGTACAATT,0,1
GTGGTCTACTCCCAGAATTGGTACATGG,1,0
GTGGTCTACTCCCAGATGATGTACAAGG,0,1
GTGGTCTACTCCCAGATGTGGTACATGG,667,591
GTGGTCTACTCCCAGATGTGGTACATTT,11,6
GTGGTCTACTCCCAGATGTGGTACCTGT,1,2
GTGGTCTACTCCCAGATGTGGTACCTTG,2,0
GTGGTCTACTCCCAGATGTGTTACATGT,11,12
GTGGTCTACTCCCAGATGTGTTACATTG,22,15
GTGGTCTACTCCCAGATGTTGTACATGT,1,0
GTGGTCTACTCCCAGATGTTGTACATTG,21,25
GTGGTCTACTCCCAGATGTTTTACATGG,0,1
GTGGTCTACTCCCAGATTTGGTACATGT,2,6
GTGGTCTACTCCCAGATTTGGTACATTG,7,3
GTGGTCTACTCCCAGATTTGGTACCTGG,2,1
GTGGTCTACTCCCAGATTTGTTACATGG,0,2
GTGGTCTACTCCCAGATTTGTTACCTGT,0,1
GTGGTCTACTCCCAGATTTTGTACATGG,3,2
GTGGTCTACTCCCAGATTTTTTACATTT,43,51
GTGGTCTACTCCCAGATTTTTTACCTTG,1,0
GTGGTCTACTCTCAGCGCTGGTCCAATG,36,47
GTGGTCTACTCTCAGCGCTGTTCCAATT,0,3
GTGGTCTACTCTCAGCGCTTGTCCAATT,2,0
GTGGTCTACTCTCAGCGCTTTTCCAATG,0,2
GTGGTCTACTCTCAGCTCTGGTCCCCTG,1,1
GTGGTCTACTCTCAGCTCTGTTCCAATG,0,1
GTGGTCTACTCTCAGCTCTTTTCCAATT,3,8
GTGGTCTACTCTCAGCTCTTTTCCACTG,1,0
GTGGTCTCCTGTGAGACTTGTGCCAGAC,25,0
GTGGTCTCCTGTGAGACTTGTGCCCCCC,1,0
GTGGTCTCCTGTGAGACTTTTTCCATAC,5,0
GTGGTCTCCTTAGAGTCGTGCGACAGGG,96,41
GTGGTCTCCTTAGAGTCGTGCGACATGT,2,2
GTGGTCTCCTTAGAGTCGTGCGACATTG,9,9
GTGGTCTCCTTAGAGTCGTGCGACCTGG,5,1
GTGGTCTCCTTAGAGTCGTGCGCCATCT,1,0
GTGGTCTCCTTAGAGTCGTGCTACAGCT,0,1
GTGGTCTCCTTAGAGTCGTGCTACATGG,1,1
GTGGTCTCCTTAGAGTCGTGCTACATTT,1,0
GTGGTCTCCTTAGAGTCGTTCGACATGG,2,0
GTGGTCTCCTTAGAGTCGTTCTACAGGG,1,0
GTGGTCTCCTTAGAGTCGTTCTACATTG,1,2
GTGGTCTCCTTAGAGTCTTGCGACAGGT,1,0
GTGGTCTCCTTAGAGTCTTGCGACAGTG,2,0
GTGGTCTCCTTAGAGTCTTGCGACATGG,4,6
GTGGTCTCCTTAGAGTCTTGCGACATTT,2,0
GTGGTCTCCTTAGAGTCTTGCTACCTGG,1,0
GTGGTCTCCTTAGAGTCTTTCGACATTG,2,3
GTGGTCTCCTTAGAGTCTTTCTACATTT,1,0
GTGGTCTGCTTGCAGTCGTGGCGCAGTG,0,44
GTGGTCTGCTTGCAGTCGTGGCTCATTG,0,1
GTGGTCTGCTTGCAGTCGTGTCTCAGTG,0,4
GTGGTCTGCTTGCAGTCGTGTCTCATTC,0,1
GTGGTCTGCTTGCAGTCGTTGCTCAGTG,0,1
GTGGTCTGCTTGCAGTCTCGGCGCAGTG,0,1
GTGGTCTGCTTGCAGTCTTGTCGCAGTG,0,2
GTGGTCTGCTTGCAGTCTTTTCTCATTT,0,3
GTGGTCTTCTGATAGCGGTGGTACACCT,54,29
GTGGTCTTCTGATAGCGGTTTTACACCT,1,2
GTGGTCTTCTGATAGCGTTGTTACACCT,2,0
GTGGTCTTCTGATAGCTGTGGTACACCA,1,0
GTGGTCTTCTGATAGCTGTTGTACACCT,1,2
GTGGTCTTCTGATAGCTTTGGTACACCT,0,1
GTGGTCTTCTGATAGCTTTTTTACACCT,8,5
GTGGTGAACTGCGAGCTAGGCGGCCTCC,0,1
GTGGTGAACTGCGAGCTATGCGGCATCC,0,108
GTGGTGAACTGCGAGCTATGCGTCCTCC,0,1
GTGGTGAACTGCGAGCTATGCTTCATCC,0,21
GTGGTGAACTGCGAGCTATTCGTCATCC,0,4
GTGGTGAACTGCGAGCTATTCTGCATCC,0,2
GTGGTGAACTGTAAGTGCTGAGACATAA,0,69
GTGGTGAACTGTAAGTTCTGAGACCTAA,0,1
GTGGTGAACTGTAAGTTCTTATACATAA,0,7
GTGGTGACCTACCAGTCCTGATTCAAGC,25,0
GTGGTGACCTACCAGTCCTGATTCCCGC,1,0
GTGGTGACCTACCAGTCCTTATTCAATC,2,0
GTGGTGACCTCAAAGCTATTCTACACAC,0,1
GTGGTGACCTCCTAGTAATGGCTCATAA,36,0
GTGGTGACCTCCTAGTAATTTCTCATAA,5,0
GTGGTGACCTCTGAGCGCTGAATCAACT,1,0
GTGGTGACCTCTGAGGGGTGAATCAACT,37,0
GTGGTGACCTCTGAGGTTTGAATTAACT,1,0
GTGGTGACCTTCGAGCGGTGAGTCAAGA,38,0
GTGGTGACCTTCGAGCGGTGAGTCCCGC,2,0
GTGGTGACCTTCGAGCGGTTATTCCCGA,1,0
GTGGTGACCTTCGAGCTGTTAGTCAATA,1,0
GTGGTGACCTTCGAGCTTTGAGTCAAGA,4,0
GTGGTGACCTTCGAGCTTTGATTCAATA,2,0
GTGGTGACCTTCGAGCTTTTATTCAAGA,1,0
GTGGTGAGCTAGCAGCGCGCACTCCTTA,0,1
GTGGTGAGCTAGCAGCGCTGACTCAGTA,44,39
GTGGTGAGCTAGCAGCTCTGACTCTGTA,0,1
GTGGTGAGCTAGCAGCTCTTACTCATTA,3,3
GTGGTGAGCTATCAGTCTTGTATCATCG,0,48
GTGGTGAGCTATCAGTCTTTTATCATCT,0,1
GTGGTGAGCTTAGAGCTGTTTACCATCT,1,0
GTGGTGAGCTTTAAGAATTGCTGCACGA,1,0
GTGGTGAGCTTTAAGATGTGGTGCACGA,97,91
GTGGTGAGCTTTAAGATGTGGTGCCCGC,3,2
GTGGTGAGCTTTAAGATGTGGTTCCCGA,1,1
GTGGTGAGCTTTAAGATGTGTTTCACGA,3,6
GTGGTGAGCTTTAAGATGTTGTGCACTA,0,1
GTGGTGAGCTTTAAGATGTTGTTCACGA,11,8
GTGGTGAGCTTTAAGATGTTTTGCACGA,1,1
GTGGTGAGCTTTAAGATTTGGTGCACTA,0,1
GTGGTGAGCTTTAAGATTTGGTTCACGA,5,1
GTGGTGAGCTTTAAGATTTGTTGCACGA,1,2
GTGGTGAGCTTTAAGATTTTGTGCACGA,1,0
GTGGTGAGCTTTAAGATTTTTTTCACTA,16,9
GTGGTGATCTTCCAGCGTCGCGTCCGGT,1,0
GTGGTGATCTTCCAGCGTTGCGTCAGGT,82,52
GTGGTGATCTTCCAGCGTTGCGTCATTT,3,0
GTGGTGATCTTCCAGCGTTGCTTCAGTT,2,1
GTGGTGATCTTCCAGCGTTTCGTCATGT,2,0
GTGGTGATCTTCCAGCGTTTCTTCCTGT,1,1
GTGGTGATCTTCCAGCTTTGCGTCACCT,1,0
GTGGTGATCTTCCAGCTTTGCGTCAGTT,2,0
GTGGTGATCTTCCAGCTTTTCGTCAGGT,1,0
GTGGTGATCTTCCAGCTTTTCTTCATTT,4,3
GTGGTGCACTAACAGTTTTGTTTCATAT,0,26
GTGGTGCACTAACAGTTTTGTTTCCTCT,0,1
GTGGTGCACTCAAAGCCCTGTTCCATTT,0,1
GTGGTGCACTCTTAGGGGTGACGCACCT,169,34
GTGGTGCACTCTTAGGGTTTACTCACCT,2,0
GTGGTGCACTCTTAGGTGTGACGCACCA,2,0
GTGGTGCACTCTTAGGTGTGACTCCCCT,1,0
GTGGTGCACTCTTAGGTGTTACTCACCT,3,0
GTGGTGCACTCTTAGGTTTGACTCACCT,26,4
GTGGTGCCCTATTAGGCGTGAATCAGAT,1,0
GTGGTGCCCTCAAAGTCGTGCCGCATCC,58,132
GTGGTGCCCTCAAAGTCGTTCCTCCTCC,0,1
GTGGTGCCCTCAAAGTCTTGCCGCCTCC,1,0
GTGGTGCCCTCAAAGTCTTTCCTCATCC,11,13
GTGGTGCCCTCGGAGTGCTGACTCACTA,25,39
GTGGTGCCCTCGGAGTTCTTACTCACTA,1,0
GTGGTGCCCTCTTAGGCGTGAAGCACCT,1,0
GTGGTGCCCTGCCAGCAATGAATCACTC,28,54
GTGGTGCCCTTTTAGGCGAGTATCAGAT,1,1
GTGGTGCCCTTTTAGGCGGGTAGCATAT,1,0
GTGGTGCCCTTTTAGGCGTGTAGCAGAT,133,170
GTGGTGCCCTTTTAGGCGTGTAGCCGCT,4,1
GTGGTGCCCTTTTAGGCGTGTATCATAT,29,29
GTGGTGCCCTTTTAGGCGTGTATCCGAT,0,1
GTGGTGCCCTTTTAGGCGTTTAGCATAT,1,0
GTGGTGCCCTTTTAGGCGTTTATCAGAT,2,0
GTGGTGCCCTTTTAGGCTTGTAGCAGCT,1,0
GTGGTGCCCTTTTAGGCTTGTAGCATAT,0,4
GTGGTGCCCTTTTAGGCTTGTAGCCGAT,1,0
GTGGTGCCCTTTTAGGCTTGTATCAGAT,8,6
GTGGTGCCCTTTTAGGCTTGTATCCGCT,1,0
GTGGTGCCCTTTTAGGCTTTTATCATAT,6,14
GTGGTGCGCTCGCAGGTATGCCTCACCA,16,40
GTGGTGCGCTGGGAGCCTCCGAGCCTAG,0,1
GTGGTGCGCTGGGAGCCTTGGAGCATAG,70,88
GTGGTGCGCTGGGAGCCTTGGATCATAT,0,1
GTGGTGCGCTGGGAGCCTTGTATCAAAC,1,0
GTGGTGCGCTGGGAGCCTTGTATCATAG,1,5
GTGGTGCGCTGGGAGCCTTTTAGCATAG,0,2
GTGGTGCGCTGGGAGCCTTTTATCATAT,2,9
GTGGTGCGCTGGGAGGCATGAGTCATCT,114,0
GTGGTGCGCTGGGAGGCATTATTCATCT,1,0
GTGGTGCGCTTAGAGCTGTGTACCAGCT,80,39
GTGGTGCGCTTAGAGCTTTGTACCATCT,1,0
GTGGTGCTCTACAAGCCTTGCGCCAGAG,139,29
GTGGTGCTCTACAAGCCTTGCGCCATAT,1,0
GTGGTGCTCTACAAGCCTTGCGCCCGCG,1,0
GTGGTGCTCTACAAGCCTTGCTCCAGAT,3,0
GTGGTGCTCTACAAGCCTTGCTCCATAG,2,0
GTGGTGCTCTACAAGCCTTGCTCCCGAG,1,0
GTGGTGCTCTACAAGCCTTTCGCCAGAT,1,0
GTGGTGCTCTACAAGCCTTTCTCCAGAG,4,0
GTGGTGCTCTACAAGCCTTTCTCCATAT,10,1
GTGGTGCTCTCAAACCCCTGTGCCATGA,0,1
GTGGTGCTCTCAAAGCCCACTTCCCTGT,0,1
GTGGTGCTCTCAAAGCCCTCTTCCATGT,0,1
GTGGTGCTCTCAAAGCCCTGATCCAATA,0,1
GTGGTGCTCTCAAAGCCCTGATCCATGT,0,1
GTGGTGCTCTCAAAGCCCTGTGCCATGT,327,542
GTGGTGCTCTCAAAGCCCTGTGCCCTGA,0,1
GTGGTGCTCTCAAAGCCCTGTTCCATGA,1,0
GTGGTGCTCTCAAAGCCCTGTTCCCTGT,2,2
GTGGTGCTCTCAAAGCCCTTTTCCATTT,25,25
GTGGTGCTCTGTAAGCGCTGTGGCAGTT,76,0
GTGGTGCTCTGTAAGCGCTGTTTCATTT,1,0
GTGGTGCTCTGTAAGCTCTGTGTCAGTT,4,0
GTGGTGCTCTTCAAGCCATGCGCCAGCC,0,1
GTGGTGGACTATTAGGTCTGTATCAATC,1,0
GTGGTGGACTCTAAGACGTGCTTCACCA,1,0
GTGGTGGACTCTAAGTCCGGTTTCCCCA,1,0
GTGGTGGACTCTAAGTCCTGTTTCACCA,1,0
GTGGTGGACTCTAAGTCGGGGTTCCCCA,0,2
GTGGTGGACTCTAAGTCGTGGTTCACCA,166,241
GTGGTGGACTCTAAGTCGTGGTTCCCCC,2,0
GTGGTGGACTCTAAGTCTTGTTTCCCCA,1,3
GTGGTGGACTCTAAGTCTTTTTTCACCA,23,18
GTGGTGGACTCTAAGTTGTTGTTCACCA,1,0
GTGGTGGACTGCTAGTGGTGACTCATGG,28,17
GTGGTGGACTGCTAGTGGTGACTCATTT,1,1
GTGGTGGACTGCTAGTGTTGACTCATTG,2,2
GTGGTGGACTGCTAGTTGTGACTCATTG,1,0
GTGGTGGACTGCTAGTTTTGACTCATGG,0,1
GTGGTGGACTGCTAGTTTTGACTCATTT,0,1
GTGGTGGACTGCTAGTTTTTACTCATTG,1,0
GTGGTGGCCTTGTAGGGGTGGGTCACAG,226,253
GTGGTGGCCTTGTAGGGGTGGGTCCCCG,1,3
GTGGTGGCCTTGTAGGGGTGGTTCACAT,3,1
GTGGTGGCCTTGTAGGGGTGTGTCACAT,3,1
GTGGTGGCCTTGTAGGGGTGTGTCCCAG,1,0
GTGGTGGCCTTGTAGGGGTGTTTCACAG,6,9
GTGGTGGCCTTGTAGGGGTTGTTCACAG,1,2
GTGGTGGCCTTGTAGGGGTTTTTCACAT,2,2
GTGGTGGCCTTGTAGGGTTGGGTCACAT,0,1
GTGGTGGCCTTGTAGGGTTTTGTCACAT,1,0
GTGGTGGCCTTGTAGGGTTTTTTCACAG,1,0
GTGGTGGCCTTGTAGGTGTGGGTCACAT,0,1
GTGGTGGCCTTGTAGGTGTGGGTCCCAG,1,2
GTGGTGGCCTTGTAGGTGTTTGTCACAG,2,3
GTGGTGGCCTTGTAGGTTTGGTTCACAG,3,1
GTGGTGGCCTTGTAGGTTTGTGTCACAG,26,24
GTGGTGGCCTTGTAGGTTTGTTTCCCCG,1,0
GTGGTGGCCTTGTAGGTTTTTTTCACAT,9,13
GTGGTGGCCTTGTAGTGTTGTTTCACAT,1,0
GTGGTGGCCTTTTAGGCGTGTATCAGAT,1,0
GTGGTGGCGTTGTAGGGTTGTTTCACAT,1,0
GTGGTGGGCTCAAAGTCTTGGATCACTC,0,1
GTGGTGGGCTCGAAGTCTGGGAGCCCTC,2,0
GTGGTGGGCTCGAAGTCTTGGAGCACTC,119,111
GTGGTGGGCTCGAAGTCTTGGATCCCTC,2,0
GTGGTGGGCTCGAAGTCTTGTAGCCCTC,1,0
GTGGTGGGCTCGAAGTCTTTTATCACTC,28,17
GTGGTGGGCTCTTAGGTCTGTCTCAAGT,61,0
GTGGTGGGCTCTTAGGTCTTTCTCAATT,6,0
GTGGTGGGCTGCTAGAACTGGCTCAGGC,0,40
GTGGTGGGCTGCTAGAACTGGCTCATTC,0,3
GTGGTGGGCTGCTAGAACTGTCTCAGTC,0,5
GTGGTGGGCTGCTAGAACTGTCTCATGC,0,1
GTGGTGGGCTGCTAGAACTTGCTCATGC,0,1
GTGGTGGGCTGCTAGAACTTTCTCATTC,0,1
GTGGTGGGCTGGCAGTTATGCAGCATGC,0,20
GTGGTGGGCTGGCAGTTATGCAGCCTTC,0,1
GTGGTGGGCTGGCAGTTATGCATCATTC,0,3
GTGGTGGGCTGGCAGTTATTCAGCATTC,0,7
GTGGTGGGCTGGCAGTTATTCAGCCTGC,0,1
GTGGTGGGCTGTTAGGTCTGCGCCACAT,0,1
GTGGTGGGCTTCGAGGAATGGGGCAAGC,43,0
GTGGTGGGCTTCGAGGAATGGTTCAATC,2,0
GTGGTGGGCTTCGAGGAATGTGGCAATC,1,0
GTGGTGGGCTTCGAGGAATGTGTCAAGC,2,0
GTGGTGGGCTTCGAGGAATTGGTCAAGC,2,0
GTGGTGGGCTTCGAGGAATTTGGCAAGC,3,0
GTGGTGGTCTTCTAGATTTGAACCAACG,0,1
GTGGTGGTCTTGGAGTTTTGACTCACGG,85,53
GTGGTGGTCTTGGAGTTTTTACTCACTT,13,4
GTGGTGGTCTTGGAGTTTTTACTCCCGG,1,0
GTGGTGGTCTTTGAGCATTGACTCACGC,1,0
GTGGTGTACTCTCAGTAGTGGGGCAGTT,38,0
GTGGTGTACTCTCAGTAGTGTTGCAGTT,1,0
GTGGTGTACTCTCAGTAGTTGGTCAGTT,2,0
GTGGTGTACTCTCAGTAGTTTGGCATTT,2,0
GTGGTGTACTCTCAGTATTGGGGCATTT,1,0
GTGGTGTACTCTCAGTATTGGTGCAGTT,1,0
GTGGTGTACTCTCAGTATTGTGGCAGTT,2,0
GTGGTGTACTCTCAGTATTTTTTCATTT,2,0
GTGGTGTACTGGAAGTAGTGCACCAATG,81,0
GTGGTGTACTGGAAGTAGTGCACCCATT,2,0
GTGGTGTACTGGAAGTAGTGCACCCCTG,3,0
GTGGTGTACTGGAAGTAGTTCACCAATT,15,0
GTGGTGTACTGGAAGTATTGCACCAATT,4,0
GTGGTGTACTGGAAGTATTTCAACAATT,1,0
GTGGTGTACTGGAAGTATTTCACCAATG,2,0
GTGGTGTCCTATTAGGGCTGTTTCATGC,28,0
GTGGTGTCCTATTAGGGCTTTTTCATTC,4,0
GTGGTGTCCTATTAGGTCTGATTCAATC,1,0
GTGGTGTCCTATTAGGTCTGTTTCATTC,6,0
GTGGTGTGCTCCGAGGGTTGCTACATGT,0,50
GTGGTGTGCTCCGAGGTTTGCTACCTGT,0,1
GTGGTGTGCTCCGAGGTTTTCTACATTT,0,3
GTGGTGTGCTCGCAGCCTTGTTTCAGTC,0,1
GTGGTGTGCTCTTAGCTATTTTTCACGG,1,0
GTGGTGTGCTCTTAGGTATGTGGCACGG,36,20
GTGGTGTGCTCTTAGGTATGTGTCCCGG,1,0
GTGGTGTGCTCTTAGGTATGTTGCCCGG,2,0
GTGGTGTGCTCTTAGGTATGTTTCACGG,2,2
GTGGTGTGCTCTTAGGTATGTTTCCCCT,0,1
GTGGTGTGCTCTTAGGTATTTGTCACGG,0,1
GTGGTGTGCTCTTAGGTATTTTGCACGG,7,9
GTGGTGTGCTCTTAGGTATTTTTCACGT,1,0
GTGGTGTGCTCTTAGGTATTTTTCACTG,5,5
GTGGTGTGCTCTTAGGTATTTTTCCCCG,0,1
GTGGTGTGCTGGCAGCCTTGGTTCAGTC,0,37
GTGGTGTGCTGGCAGCCTTGTTTCCGTC,0,1
GTGGTGTGCTGGCAGCCTTTGTTCATTC,0,1
GTGGTGTGCTGTAAGATATGAATCAATC,1,0
GTGGTGTGCTTCGAGGTTTGGGTCAGGC,35,0
GTGGTGTGCTTCGAGGTTTGGTTCATTC,2,0
GTGGTGTGCTTCGAGGTTTTTGTCATGC,2,0
GTGGTGTGCTTCGAGGTTTTTTTCATTC,7,0
GTGGTTAGCTACGAGGTGATAACCAAGA,0,1
GTGGTTAGCTACGAGGTGTGAACCAAGT,510,315
GTGGTTAGCTACGAGGTGTGAACCCCGT,14,8
GTGGTTAGCTACGAGGTGTGACCCCAGT,0,1
GTGGTTAGCTACGAGGTGTTAACCAATT,0,4
GTGGTTAGCTACGAGGTTTGAACCAATT,13,7
GTGGTTAGCTACGAGGTTTGAACCCCCT,1,0
GTGGTTAGCTACGAGGTTTTAACCAAGT,1,1
GTGGTTAGCTACGAGGTTTTAACCCCGT,1,0
GTGGTTAGCTACGAGTTTTGAACCAAGT,1,0
GTGGTTAGCTGCTAGGAATGAAGCAGAA,0,1
GTGGTTAGCTTGCAGTGATGGGGCAAAC,0,47
GTGGTTAGCTTGCAGTGATGGTGCCCCC,0,1
GTGGTTAGCTTGCAGTGATGGTTCAAAC,0,2
GTGGTTAGCTTGCAGTGATGTGTCAAAC,0,1
GTGGTTAGCTTGCAGTGATTTTTCAAAC,0,4
GTGGTTAGCTTGCAGTTATGGTGCAAAC,0,1
GTGGTTATCTACGAGTATTGACTCATCA,0,1
GTGGTTCACTCGGAGGGCTGTTTCAATC,1,0
GTGGTTCACTCTTAGGTTTTACTCACCT,1,0
GTGGTTCACTTGGAGTTGTGGGGCAGCT,28,0
GTGGTTCACTTGGAGTTGTGGTTCAGCT,2,0
GTGGTTCACTTGGAGTTGTGTGTCAGCT,1,0
GTGGTTCACTTGGAGTTGTGTTTCATCT,3,0
GTGGTTCACTTGGAGTTTTGGGTCATCT,1,0
GTGGTTCACTTGGAGTTTTGTTTCAGCT,1,0
GTGGTTCACTTGGAGTTTTTGGGCAGCT,1,0
GTGGTTCCCTCATAGCGGTGAGGCAATA,20,0
GTGGTTCCCTCATAGCTTTGAGTCAATA,3,0
GTGGTTCCCTCATAGCTTTGATTCACTA,1,0
GTGGTTCGCTGGTAGTCAGGAGACCTTT,0,1
GTGGTTCGCTGGTAGTCATGAGACATTT,0,55
GTGGTTCGCTGGTAGTCATGATACCTTT,0,1
GTGGTTCTCTCATAGCGGTGGCTCAGGA,12,0
GTGGTTCTCTCATAGCGGTGTCTCAGTA,2,0
GTGGTTCTCTCGTAGCGGGGCCTCCTTG,1,0
GTGGTTCTCTCGTAGCGGTGCCTCATTG,129,0
GTGGTTCTCTCGTAGCGGTTCCTCATTT,1,0
GTGGTTCTCTCGTAGCGTTGCCTCATTT,1,0
GTGGTTCTCTCGTAGCGTTTCCTCCTTG,1,0
GTGGTTCTCTCGTAGCTGTGCCTCATTT,3,0
GTGGTTCTCTCGTAGCTGTGCCTCCTTG,3,0
GTGGTTCTCTCGTAGCTTTGCCTCATTG,8,0
GTGGTTCTCTCGTAGCTTTTCCTCATTT,6,0
GTGGTTCTCTGTAAGCACTGTATCAAAT,41,80
GTGGTTCTCTGTAAGCACTGTATCCCCT,1,5
GTGGTTGACTACGAGCTTTGTCGCACTA,0,1
GTGGTTGACTCCAAGTCTTGCATCATGA,0,1
GTGGTTGACTCCGAGATGTGTCGCAGTT,110,91
GTGGTTGACTCCGAGATGTGTCTCATTT,4,6
GTGGTTGACTCCGAGATGTGTCTCCGTT,1,0
GTGGTTGACTCCGAGATGTTTCTCAGTT,1,1
GTGGTTGACTCCGAGATTTGTCTCAGTT,4,3
GTGGTTGACTCCGAGATTTTTCTCATTT,2,0
GTGGTTGACTCTAAGTGTTGTTACACAG,0,2
GTGGTTGCCTCCAAGACTTTCAGCAGGT,1,0
GTGGTTGCCTCCAAGTCTGGCAGCCGGT,1,0
GTGGTTGCCTCCAAGTCTTGCAGCAGGT,73,90
GTGGTTGCCTCCAAGTCTTGCATCAGTT,1,0
GTGGTTGCCTCCAAGTCTTGCATCATGT,1,0
GTGGTTGCCTCCAAGTCTTTCAGCAGTT,1,0
GTGGTTGCCTCCAAGTCTTTCAGCATGT,1,0
GTGGTTGCCTCCAAGTCTTTCATCAGGT,1,0
GTGGTTGCCTCCAAGTCTTTCATCATTT,11,3
GTGGTTGCCTTAGAGGTATGAATCACGT,0,33
GTGGTTGCCTTAGAGGTATTAATCACTT,0,1
GTGGTTGGCTCACAGTAGTGTAACACGC,51,0
GTGGTTGGCTCACAGTAGTGTAACCCTC,1,0
GTGGTTGGCTCACAGTATTGTAACACTC,1,0
GTGGTTGGCTGAGAGAGGTGTAGCACAC,36,28
GTGGTTGGCTGAGAGAGTTGTATCACAC,2,0
GTGGTTGGCTGAGAGATTTTTATCACAC,2,2
GTGGTTGTCTGGTAGCTATGCGCCACCT,0,1
GTGGTTGTCTTCCAGATATGAGGCAGCG,31,18
GTGGTTGTCTTCCAGATATGAGGCATCT,1,1
GTGGTTGTCTTCCAGATATGATTCATCG,1,2
GTGGTTGTCTTCCAGATATTATGCATCT,0,1
GTGGTTGTCTTCCAGATATTATTCAGCT,1,3
GTGGTTGTCTTGCAGAGTTGGCACATGA,0,54
GTGGTTGTCTTGCAGAGTTTTCACATGA,0,3
GTGGTTGTCTTGCAGATTTTTCACATTA,0,2
GTGGTTTCCTCGCAGATGTGCGCCACAC,7,0
GTGGTTTGCTGCGAGAGATGGACCAGAC,38,115
GTGGTTTGCTGCGAGAGATGTACCATAC,1,5
GTGGTTTGCTGCGAGAGATGTACCCGCC,0,2
GTGGTTTGCTGCGAGAGATTGACCATAC,0,1
GTGGTTTGCTGCGAGAGATTTACCAGAC,0,2
GTGGTTTGCTGCGAGATATTTACCATAC,0,3
GTGGTTTGCTTGAACTTGTTCCTCATTC,2,0
GTGGTTTGCTTGAAGTTGTGCCTCAGGC,66,9
GTGGTTTGCTTGAAGTTGTGCCTCATTC,5,1
GTGGTTTGCTTGAAGTTGTTCCTCAGTC,1,0
GTGGTTTGCTTGAAGTTTTGCCTCAGTC,3,0
GTGGTTTGCTTGAAGTTTTGCCTCCTGC,1,0
GTGGTTTGCTTGAAGTTTTTCCTCATTC,2,0
GTGGTTTTCTGGGGAGTATGGCCAGGCA,1,0
GTGTATTCTGGCAGCCGTGTGTCACGTA,1,1
GTGTTTTGCTGAGAGAGTTGTAGCACAC,0,1
GTTCTAACCTAGGAGATATGATTCAAGT,0,1
GTTGACAGCTGGTAGCCATTTATCACTA,0,1
GTTGACTCCTGGCAGCTTTTGACCATAT,0,1
GTTGAGCGCTAGAAGGATTTGAACAGAC,1,0
GTTGATATCTTGCAGATCTGGCTCAATT,1,0
GTTGGTTTCTTCTAGCACTGCTGCCCTA,0,1
GTTGTAAACTTGGAGTATTGTGGCAAGT,0,1
GTTGTAACCATGGAGATATGATTCAATT,1,0
GTTGTAACCTTGGAGATAGGAGTCCAGT,1,0
GTTGTAACCTTGGAGATATGAGTCAAGT,207,323
GTTGTAACCTTGGAGATATGAGTCCCGT,4,5
GTTGTAACCTTGGAGATATTATTCAATT,18,19
GTTGTAACCTTGGAGATTTGATTCAAGT,0,1
GTTGTAAGCTTACAGGTTTGCGGCAAGG,0,3
GTTGTAAGCTTGGAGTTATGGGTCATTA,33,0
GTTGTAAGCTTGGAGTTATGTGTCCTTA,1,0
GTTGTAAGCTTGGAGTTATGTTTCATTA,1,0
GTTGTAAGCTTGGAGTTATTGTTCCTTC,1,0
GTTGTAAGCTTGGAGTTATTTGTCATTA,2,0
GTTGTAATCTGGCAGACTTGCTTCACAA,1,0
GTTGTAATCTTGCAGATCTTTCTCAATT,1,0
GTTGTAATCTTTGAGGAGTGTGCCATTG,30,24
GTTGTAATCTTTGAGGATTTTTCCATTT,0,3
GTTGTACACTATAAGCGTTGGGCCACGA,130,21
GTTGTACACTATAAGCGTTGGGCCCCGC,2,0
GTTGTACACTATAAGCGTTGGTCCCCGA,1,0
GTTGTACACTATAAGCGTTGTGCCACTA,2,1
GTTGTACACTATAAGCGTTGTGCCCCGA,2,0
GTTGTACACTATAAGCGTTGTTCCACGA,9,3
GTTGTACACTATAAGCGTTTGGCCACTA,1,0
GTTGTACACTATAAGCTTTGGTCCACTA,3,1
GTTGTACACTATAAGCTTTGTGCCACGA,2,0
GTTGTACACTATAAGCTTTTTTCCACTA,13,5
GTTGTACACTATAAGCTTTTTTCCCCGA,1,0
GTTGTACACTCATAGGCATGAAGCAAAC,79,46
GTTGTACACTCATAGGCATGAAGCCCCC,1,2
GTTGTACACTCATAGGCATGAATCACCC,0,1
GTTGTACACTCATAGGCATGAATCCCAC,1,0
GTTGTACACTCATAGGCATTAATCAAAC,3,2
GTTGTACACTCATAGTCATGAATCAAAC,0,1
GTTGTACCCTAACAGTTATGTGCCAGGA,37,0
GTTGTACCCTAACAGTTATGTGCCATTA,1,0
GTTGTACCCTAACAGTTATGTTCCATGA,1,0
GTTGTACCCTAACAGTTATTTTCCATTA,1,0
GTTGTACGCTATGAGCACAGAATCATCC,0,1
GTTGTACGCTATGAGCACTGAAGCATCC,0,61
GTTGTACGCTATGAGCACTTAATCATCC,0,7
GTTGTACGCTTTTAGGTTTGCCTCAACT,0,1
GTTGTACTCTAATAGTAATGAGTCAGGC,0,30
GTTGTACTCTAATAGTAATGAGTCATTC,0,1
GTTGTACTCTAATAGTAATTATTCAGTC,0,2
GTTGTAGACTAGGAGAAATGATTCACGC,0,1
GTTGTAGACTAGTAGAAATTATTCCCTC,0,1
GTTGTAGACTAGTAGAATAGATTCACTC,1,0
GTTGTAGACTAGTAGAATTGATTCACGC,126,242
GTTGTAGACTAGTAGAATTGATTCCCTC,0,1
GTTGTAGACTAGTAGAATTTATTCACTC,3,6
GTTGTAGCCTATCAGGAATGCAGCAATT,75,99
GTTGTAGCCTATCAGGAATGCAGCCCTT,0,1
GTTGTAGCCTATCAGGAATTCATCAATT,6,5
GTTGTAGCCTCAAAGCGGTGGTCCAGCG,0,24
GTTGTAGCCTCAAAGCTGAGGTCCAGCG,0,1
GTTGTAGCCTCAAAGCTGTGTTCCAGCG,0,1
GTTGTAGCCTCAAAGCTTTGGTCCATCG,0,4
GTTGTAGCCTCAAAGCTTTTTTCCATCT,0,3
GTTGTAGCCTCACAGCATTGGATCAATC,0,43
GTTGTAGCCTCACAGCATTGGATCCCTC,0,3
GTTGTAGCCTCACAGCATTTTATCAATC,0,5
GTTGTAGCCTTGAAGAAGTGCGACACAG,25,0
GTTGTAGCCTTGAAGAAGTTCGACACAT,1,0
GTTGTAGCCTTGAAGAATTTCGACACAG,1,0
GTTGTAGTCTGGAAGCGGTGACGCAGGT,67,91
GTTGTAGTCTGGAAGCGGTGACGCATTT,0,1
GTTGTAGTCTGGAAGCGGTGACTCATGT,2,1
GTTGTAGTCTGGAAGCGGTGACTCCGGT,0,1
GTTGTAGTCTGGAAGCGGTTACGCATGT,1,0
GTTGTAGTCTGGAAGCGGTTACTCATTT,1,0
GTTGTAGTCTGGAAGCGTTGACTCAGGT,1,2
GTTGTAGTCTGGAAGCTGTGACTCAGGT,1,1
GTTGTAGTCTGGAAGCTGTTACTCATGT,0,1
GTTGTAGTCTGGAAGCTTTGACGCAGGT,3,6
GTTGTAGTCTGGAAGCTTTGACTCATGT,0,2
GTTGTAGTCTGGAAGCTTTTACGCAGTT,0,1
GTTGTAGTCTGGAAGCTTTTACTCATTT,3,1
GTTGTAGTCTTAGAGCGCTGGCACACGC,1,0
GTTGTATCCTCGCAGCAATGATGCATCT,77,27
GTTGTATCCTCGCAGCAATTATTCATCT,1,1
GTTGTATCCTCTCAGGTTTGGGCCATCA,34,44
GTTGTATCCTCTCAGGTTTTGTCCATCC,0,1
GTTGTATCCTCTCAGGTTTTTTCCATCA,12,13
GTTGTATCCTGTCAGACCTGCCTCAAAA,1,0
GTTGTATCCTGTGAGACCAGTGTCATAA,1,0
GTTGTATCCTGTGAGACCTGGGTCATAA,186,333
GTTGTATCCTGTGAGACCTGGGTCCTCA,4,6
GTTGTATCCTGTGAGACCTGTGACATAA,0,1
GTTGTATCCTGTGAGACCTGTGTCCTCC,1,0
GTTGTATCCTGTGAGACCTGTTTCATAA,13,20
GTTGTATCCTGTGAGACCTGTTTCCTCA,1,0
GTTGTATCCTGTGAGACCTTGTTCATAA,0,1
GTTGTATCCTGTGAGACCTTTGTCATAA,3,4
GTTGTATCCTGTGAGACGAGGGTCATAA,0,1
GTTGTATCCTGTGAGACGATTTTCATAA,0,1
GTTGTATGCTACAAGAAGTGTGCCAGGC,34,0
GTTGTATGCTACAAGAAGTGTGCCATTC,2,0
GTTGTATGCTACAAGAATTGTGCCAGTC,2,0
GTTGTATGCTGCTAGGATTGGTGCACAT,46,0
GTTGTATGCTGCTAGGATTGGTGCCCCT,1,0
GTTGTATGCTGCTAGGATTGTTTCACAT,6,0
GTTGTATGCTTGGAGGTTTGTGTCAAGG,0,12
GTTGTCAACTCTAAGCGTTGTGCCCGCG,0,1
GTTGTCACCTCCCAGCAGTGGTCCATCC,0,39
GTTGTCACCTCCCAGCATTTTTCCATCC,0,1
GTTGTCACCTTCGAGCCTTGATGCATTG,0,1
GTTGTCAGCTGATAGTACAGGATCCTTC,1,0
GTTGTCAGCTGATAGTACTGGATCATTC,76,124
GTTGTCAGCTGATAGTACTTTATCATTC,3,6
GTTGTCAGCTGGTAGCCAGGGATCCCGA,0,1
GTTGTCAGCTGGTAGCCATGGATCACGA,32,51
GTTGTCAGCTGGTAGCCATGTATCACTA,3,7
GTTGTCAGCTTTAAGGCGTGGATCACAC,82,0
GTTGTCAGCTTTAAGGCGTGTATCCCCC,1,0
GTTGTCAGCTTTAAGGCTTGTATCACCC,1,0
GTTGTCAGCTTTAAGGCTTTTATCACAC,5,0
GTTGTCATCTACAAGGGGTGCAGCATGT,23,0
GTTGTCATCTACAAGGGGTGCATCATTT,1,0
GTTGTCATCTACAAGGTTTGCAGCATGT,2,0
GTTGTCATCTGACAGAACTGCCCCAATC,1,0
GTTGTCATCTTGGAGTAATGTAGCATCA,29,0
GTTGTCATCTTGGAGTAATTTATCATCA,3,0
GTTGTCCACAGACACAGTTGTATCACTG,0,1
GTTGTCCACTGACAGAGGTGCAGCACGC,0,1
GTTGTCCACTGACAGAGGTGGAGCACGG,43,82
GTTGTCCACTGACAGAGGTGGAGCACTT,1,0
GTTGTCCACTGACAGAGGTGGATCACTG,1,0
GTTGTCCACTGACAGAGGTGTAGCACGT,0,1
GTTGTCCACTGACAGAGGTGTATCACTT,3,5
GTTGTCCACTGACAGAGGTTTATCACTG,2,0
GTTGTCCACTGACAGAGTTGGAGCACTG,2,4
GTTGTCCACTGACAGAGTTGGATCACGG,0,1
GTTGTCCACTGACAGAGTTGGATCACTT,1,1
GTTGTCCACTGACAGAGTTGTATCCCTG,0,1
GTTGTCCACTGACAGAGTTTGAGCACGG,0,1
GTTGTCCACTGACAGAGTTTGATCACTG,1,0
GTTGTCCACTGACAGATGTGGAGCACTG,1,2
GTTGTCCACTGACAGATGTGTAGCACGG,0,1
GTTGTCCACTGACAGATGTTGAGCACGT,1,0
GTTGTCCACTGACAGATTTGGAGCACGG,1,1
GTTGTCCACTGACAGATTTGGAGCACTT,0,1
GTTGTCCACTGACAGATTTGTATCACTG,3,3
GTTGTCCACTGACAGATTTTTATCACTT,0,2
GTTGTCCCCTTCGAGCCTTGAGGCAGGG,28,34
GTTGTCCCCTTCGAGCCTTGAGTCATTG,1,3
GTTGTCCCCTTCGAGCCTTGATTCATTT,1,0
GTTGTCCCCTTCGAGCCTTTAGTCAGTT,1,2
GTTGTCCCCTTCGAGCCTTTATTCATGG,0,2
GTTGTCCGCTAGAAGCCATTGAGCAATC,0,1
GTTGTCCGCTAGAAGCGTTGGAGCATTC,48,22
GTTGTCCGCTAGAAGCGTTGTATCATTC,4,1
GTTGTCCGCTAGAAGCTTTGTAGCATTC,2,0
GTTGTCCGCTAGAAGCTTTTTATCATTC,0,1
GTTGTCCGCTCTGAGAAGTGGGTCAGAC,4,2
GTTGTCCGCTCTGAGAAGTGTTTCAGAC,0,1
GTTGTCCGCTCTGAGAATTTTTTCATAC,0,1
GTTGTCCGCTGGGAGATGTGTTACAAAA,16,27
GTTGTCCGCTGGGAGATGTGTTACCCAA,1,0
GTTGTCCGCTGGGAGATGTGTTACCCCC,1,0
GTTGTCCGCTTCTAGAAAGGTTCCCGAA,1,0
GTTGTCCGCTTCTAGAAATGTTCCAGAA,115,17
GTTGTCCGCTTCTAGAAATGTTCCAGCC,0,1
GTTGTCCGCTTCTAGAAATGTTCCCGCA,1,1
GTTGTCCGCTTCTAGAAATGTTCCCTAA,1,0
GTTGTCCGCTTCTAGAAATTTTCCATAA,6,0
GTTGTCCGCTTGAAGAATTGCATCAGCT,61,0
GTTGTCCGCTTGAAGAATTTCATCATCT,2,0
GTTGTCCGCTTGAAGAATTTCATCCGCT,1,0
GTTGTCCTCTACAAGAAGTTTATCACGT,1,0
GTTGTCCTCTACAAGAATTGTATCACGT,0,1
GTTGTCCTCTACAAGTAGTGTATCACGT,301,290
GTTGTCCTCTACAAGTAGTTTATCACTT,12,11
GTTGTCCTCTACAAGTATTGTATCACTT,23,27
GTTGTCCTCTACAAGTATTGTATCCCGT,2,8
GTTGTCCTCTACAAGTATTTTATCACGT,3,1
GTTGTCCTCTACAAGTATTTTATCCCTT,1,0
GTTGTCCTCTATCAGGAGTGTGACATAT,0,33
GTTGTCCTCTATCAGGATTGTGACATAA,0,1
GTTGTCCTCTATCAGGATTGTTACATAT,0,2
GTTGTCGACTCTGAGCACTGAGCCACAC,0,1
GTTGTCGACTTTAAGAGTTGCATCACCG,15,0
GTTGTCGACTTTAAGAGTTTCATCACCT,2,0
GTTGTCGCCTTAGAGTACTGAATCACCT,0,1
GTTGTCGCCTTATAGATTTGTGCCAGCC,17,0
GTTGTCGCCTTATAGATTTGTTCCATCC,1,0
GTTGTCGGCTCACAGGAATGGGACACAC,0,50
GTTGTCGGCTCACAGGAATGGGACCCCC,0,2
GTTGTCGGCTCACAGGAATTTTACACAC,0,13
GTTGTCGGCTTTTAGAATTGGTCCAGCG,28,0
GTTGTCGGCTTTTAGAATTGGTCCATCT,2,0
GTTGTCGGCTTTTAGAATTGTTCCATCG,1,0
GTTGTCGGCTTTTAGAATTTGTCCATCG,1,0
GTTGTCGGCTTTTAGAATTTTTCCATCT,6,0
GTTGTCTACTCCCAGAAGTGTTACATTC,1,0
GTTGTCTACTTGGAGGGAGGTGGCCCTA,0,1
GTTGTCTACTTGGAGGGATGTGGCAATA,0,15
GTTGTCTACTTGGAGGTATGTTGCAATA,0,1
GTTGTCTACTTGGAGGTATTTTTCAATA,0,3
GTTGTCTGCTGGCAGCTTTGGACCATAG,36,208
GTTGTCTGCTGGCAGCTTTGGACCCTAT,0,2
GTTGTCTGCTGGCAGCTTTGGACCCTCG,0,2
GTTGTCTGCTGGCAGCTTTGTACCATCG,0,1
GTTGTCTGCTGGCAGCTTTTTACCATAT,7,39
GTTGTCTGCTGGCAGCTTTTTACCCTAG,0,1
GTTGTCTGCTTGCAGAGATGAGACATGC,0,56
GTTGTCTGCTTGCAGAGATGATACCTGC,0,1
GTTGTCTGCTTGCAGAGATTATACATTC,0,10
GTTGTCTGCTTGCAGATATGAGACATCC,0,1
GTTGTCTGCTTGCAGATATGATACATGC,0,1
GTTGTCTTCAGGCAGTTCTGTATCATCA,1,0
GTTGTCTTCTCCCAGATTTGGTACAATT,0,1
GTTGTCTTCTGGCAGTACTGAATCAAGA,0,1
GTTGTCTTCTGGCAGTTCGCTAGCCTGA,1,0
GTTGTCTTCTGGCAGTTCTGAATCATGA,0,1
GTTGTCTTCTGGCAGTTCTGTAGCAATA,0,1
GTTGTCTTCTGGCAGTTCTGTAGCATGA,204,225
GTTGTCTTCTGGCAGTTCTGTAGCCTGC,1,0
GTTGTCTTCTGGCAGTTCTGTATCATGC,2,0
GTTGTCTTCTGGCAGTTCTGTATCATTA,34,57
GTTGTCTTCTGGCAGTTCTTTAGCATTA,1,1
GTTGTCTTCTGGCAGTTCTTTATCATGA,1,5
GTTGTGAACTGACAGATATGTCCCAAGA,0,1
GTTGTGAACTGGTAGTAGTGGCGCAGGA,32,7
GTTGTGAACTGGTAGTAGTGGCTCCTGA,1,0
GTTGTGAACTGGTAGTAGTGTCTCATTA,3,0
GTTGTGAACTGGTAGTAGTTGCTCAGGA,2,0
GTTGTGAACTGGTAGTATTGTCTCATGA,1,0
GTTGTGAACTGGTAGTATTTTCTCATTA,1,0
GTTGTGACCTATGAGATCTTACTCCCTC,1,0
GTTGTGACCTCTGAGAGCTGACGCACTC,26,0
GTTGTGACCTCTGAGATCTGACTCACTC,4,0
GTTGTGACCTGAGAGTACTGAAACACTT,1,0
GTTGTGACCTTAGAGTACTGAAACACGT,157,254
GTTGTGACCTTAGAGTACTGAAACCCTT,1,0
GTTGTGACCTTAGAGTACTTAAACACTT,5,7
GTTGTGACCTTTGAGCCCTGGGACATGG,0,4
GTTGTGAGCTCGCAGGTATGCAGCATAA,35,0
GTTGTGAGCTTCCAGCTGTGGTGCAGAC,1,0
GTTGTGAGCTTTTAGGTTTGCGACATCT,0,34
GTTGTGAGCTTTTAGGTTTTCTACATCT,0,2
GTTGTGATCTACGAGTTGTGGTCCATCA,28,0
GTTGTGATCTACGAGTTGTGTACCATCA,1,0
GTTGTGATCTACGAGTTTTTTTCCATCA,1,0
GTTGTGATCTCTGAGAAGTGTGACAAAA,0,21
GTTGTGATCTCTGAGAAGTGTGACCACA,0,1
GTTGTGATCTCTGAGAAGTGTGACCCAA,0,2
GTTGTGCACTGGCAGTGGTGTTGCACGG,27,60
GTTGTGCACTGGCAGTGGTGTTGCCCGT,1,0
GTTGTGCACTGGCAGTGGTGTTTCACTG,2,1
GTTGTGCACTGGCAGTGGTTTTTCACGG,1,0
GTTGTGCACTGGCAGTGGTTTTTCACTT,0,1
GTTGTGCACTGGCAGTGTTGTTGCACGT,0,1
GTTGTGCACTGGCAGTGTTGTTGCACTG,2,2
GTTGTGCACTGGCAGTTGTGTTTCACGG,0,1
GTTGTGCACTGGCAGTTTAGTTTCACTG,1,0
GTTGTGCACTGGCAGTTTTGTTTCACTT,1,3
GTTGTGCACTGTAAGTGCTGTTTCACTC,0,1
GTTGTGCACTTTAAGTTGTGATCCATAT,0,1
GTTGTGCCCTAGCAGCCCTGCCACACCT,0,1
GTTGTGCCCTGAGAGAACTGGGCCAGTG,38,0
GTTGTGCCCTGAGAGAACTGTTCCAGTG,2,0
GTTGTGCCCTGAGAGAACTTGGCCATTG,1,0
GTTGTGCCCTGAGAGAACTTGTCCAGTG,5,0
GTTGTGCCCTGAGAGAACTTTGCCAGTG,3,0
GTTGTGCCCTGAGAGAACTTTGCCATTT,2,0
GTTGTGCCCTGAGAGAACTTTTCCATTG,1,0
GTTGTGCCCTTAAAGCAATGTCTCAAGG,0,37
GTTGTGCCCTTAAAGCAATTTCTCAATT,0,3
GTTGTGCGCTAGAAGGATTGGAACAGAC,131,129
GTTGTGCGCTAGAAGGATTGGAACCGCC,5,1
GTTGTGCGCTAGAAGGATTGTAACCGAC,0,1
GTTGTGCGCTAGAAGGATTTTAACATAC,12,8
GTTGTGCGCTAGAATTATTTTAACATAC,1,0
GTTGTGCGCTGTGAGACCAGGCTCCGAT,1,0
GTTGTGCGCTGTGAGACCTGGCGCAGTT,58,22
GTTGTGCGCTGTGAGACCTGGCTCATTT,1,1
GTTGTGCGCTGTGAGACCTGTCGCAGAT,1,0
GTTGTGCGCTGTGAGACCTGTCGCATTT,1,0
GTTGTGCGCTGTGAGACCTGTCGCCGTT,1,0
GTTGTGCGCTGTGAGACCTGTCTCAGTT,5,0
GTTGTGCGCTGTGAGACCTTGCGCATTT,1,0
GTTGTGCGCTGTGAGACCTTGCTCAGTT,0,1
GTTGTGCGCTGTGAGACCTTTCTCATTT,1,2
GTTGTGCTCTGAAAGAGATAATACAGTT,0,3
GTTGTGCTCTTATAGCACTGATCCACCT,1,0
GTTGTGGACTGGGAGGCCTGAGACATTA,1,0
GTTGTGGACTGGGAGGCCTGTGACATTT,101,53
GTTGTGGACTGGGAGGCCTGTTACATAT,0,1
GTTGTGGACTGGGAGGCCTTTTACATTT,2,2
GTTGTGGGCTGTTAGGGGTGGGGCACAC,0,44
GTTGTGGGCTGTTAGGGGTGGGGCCCCC,0,2
GTTGTGGGCTGTTAGGGGTGGTTCACAC,0,1
GTTGTGGGCTGTTAGGGGTGTGTCACAC,0,4
GTTGTGGGCTGTTAGGGGTGTTGCACAC,0,1
GTTGTGGGCTGTTAGGGTTGGTGCACAC,0,1
GTTGTGGGCTGTTAGGTTTGTTTCACAC,0,4
GTTGTGGGCTGTTAGGTTTTGTGCACAC,0,1
GTTGTGGGCTGTTAGGTTTTTGGCACAC,0,1
GTTGTGGGCTGTTAGGTTTTTTTCCCCC,0,1
GTTGTGGGCTTAGAGGGATGGATCAGGC,21,0
GTTGTGGTATTACAGCTTTGTTTCATTT,1,0
GTTGTGGTCTACTAGTAATTCGGCAAGA,0,1
GTTGTGGTCTACTAGTATTGCGGCAAGA,0,88
GTTGTGGTCTACTAGTATTGCTTCAATA,0,5
GTTGTGGTCTACTAGTATTTCGTCAATA,0,2
GTTGTGGTCTACTAGTATTTCTTCAAGA,0,18
GTTGTGGTCTATCAGTAGTGGCGCAGTT,0,27
GTTGTGGTCTATCAGTAGTGTCTCAGTT,0,5
GTTGTGGTCTATCAGTAGTTGCGCATTT,0,1
GTTGTGGTCTATCAGTAGTTTCGCAGTT,0,2
GTTGTGGTCTATCAGTATTGTCGCAGTT,0,1
GTTGTGGTCTATCAGTATTTGCGCAGTT,0,1
GTTGTGGTCTATCAGTATTTTCTCATTT,0,3
GTTGTGGTCTTAAAGATCTGGCACAGAA,43,62
GTTGTGGTCTTAAAGATCTGTCACATAA,4,2
GTTGTGGTCTTAAAGATCTTGCACATAA,1,0
GTTGTGGTCTTAAAGATCTTTCACAGAA,1,1
GTTGTGGTCTTAAAGATCTTTCACCGCA,1,0
GTTGTGGTCTTACAGCTGTGATCCATAT,0,1
GTTGTGGTCTTACAGCTGTGTTGCATTT,186,192
GTTGTGGTCTTACAGCTGTGTTTCCTTT,1,2
GTTGTGGTCTTACAGCTTTGATGCATTT,0,1
GTTGTGGTCTTACAGCTTTTTTTCATTT,7,10
GTTGTGGTCTTCAAGAATTGTATCACTA,1,0
GTTGTGGTCTTTAAGGATCGGGTCCCCG,1,0
GTTGTGGTCTTTAAGGATCGTGTCACGG,1,0
GTTGTGGTCTTTAAGGATCTTTTCACTG,1,0
GTTGTGGTCTTTAAGGATTGGGTCACGG,268,350
GTTGTGGTCTTTAAGGATTGGGTCACTT,1,5
GTTGTGGTCTTTAAGGATTGGTTCACGT,1,2
GTTGTGGTCTTTAAGGATTGGTTCACTG,2,7
GTTGTGGTCTTTAAGGATTGTGTCACGT,1,8
GTTGTGGTCTTTAAGGATTGTGTCACTG,20,18
GTTGTGGTCTTTAAGGATTGTGTCCCGG,2,3
GTTGTGGTCTTTAAGGATTGTGTCCCTT,0,1
GTTGTGGTCTTTAAGGATTGTTTCACGG,14,6
GTTGTGGTCTTTAAGGATTTGGTCACTG,3,0
GTTGTGGTCTTTAAGGATTTTGTCACGG,0,2
GTTGTGGTCTTTAAGGATTTTTTCACTT,31,23
GTTGTGGTCTTTAAGTATTTTTTCACTG,0,1
GTTGTGTACAGCGAGTTATGGTCCATCT,0,1
GTTGTGTACTGCGAGTTATGGTCCATCG,0,41
GTTGTGTACTGCGAGTTATTTTCCATCT,0,4
GTTGTGTACTTAAAGATTTGTGTCATCT,1,0
GTTGTGTCCTCACAGATATGATTCAACT,0,1
GTTGTGTCCTCCGAGACTTTTCGCATCA,1,0
GTTGTGTCCTCCGAGAGGTGGCGCATCA,41,10
GTTGTGTCCTCCGAGAGGTGGCTCCTCA,1,0
GTTGTGTCCTCCGAGAGGTGTCTCATCA,1,1
GTTGTGTCCTCCGAGATTTGGCGCATCA,2,0
GTTGTGTCCTCCGAGATTTGTCTCATCA,1,0
GTTGTGTCCTGAGAGAGAGGAGTCCTCT,0,1
GTTGTGTCCTGAGAGAGATGAGTCATCT,176,25
GTTGTGTCCTGAGAGATATTATTCATCT,11,3
GTTGTGTCCTGAGGGAGATTATTCATCT,1,0
GTTGTGTGCTATAAGAGCTGTACCACCT,1,0
GTTGTGTGCTATCAGAGATGCACCACCG,0,1
GTTGTGTGCTGCCAGGTATGTGCCACCG,1,0
GTTGTGTGCTGCCAGGTATGTTACACCT,0,1
GTTGTGTGCTGCCAGGTTTGTGACACCG,50,166
GTTGTGTGCTGCCAGGTTTGTGACCCCT,0,1
GTTGTGTGCTGCCAGGTTTTTTACACCT,6,11
GTTGTGTGCTGGAAGGACTGAGTCACCA,0,6
GTTGTGTTCTCAAAGCTCTGGCCCAGCG,27,42
GTTGTGTTCTCAAAGCTCTGGCCCATCT,0,1
GTTGTGTTCTCAAAGCTCTGTCCCATCG,3,2
GTTGTGTTCTCAAAGCTCTTGCCCAGCT,0,1
GTTGTGTTCTCAAAGCTCTTTCCCATCT,4,7
GTTGTGTTCTTACAGCTTTGTTGCATTT,0,1
GTTGTTAACTGGCAGGGATGCGCCAGAG,5,0
GTTGTTAACTGGCAGGGATTCTCCAGAG,1,0
GTTGTTAACTTGGAGTCGTGGCACACAG,0,19
GTTGTTAACTTGGAGTCGTGTCACACAT,0,5
GTTGTTAACTTGGAGTCGTGTCACCCCT,0,1
GTTGTTAACTTGGAGTCTTGGCACACAT,0,1
GTTGTTAACTTGGAGTCTTTGCACACAG,0,1
GTTGTTACCTAGCAGTCGTGGCACATAC,6,50
GTTGTTACCTAGCAGTCGTTTCACCTAC,0,1
GTTGTTACCTAGCAGTCTTGTCACATAC,1,4
GTTGTTAGCTATGAGGATTGCTTCAGAA,13,59
GTTGTTAGCTATGAGGATTTCTTCATAA,0,1
GTTGTTAGCTCTTAGATCTGATTCAAAT,1,0
GTTGTTAGCTGCAAGTGGTGGATCAAGG,22,0
GTTGTTAGCTGCAAGTGGTGGATCAATT,2,0
GTTGTTAGCTGCAAGTGGTTTATCAATT,2,0
GTTGTTAGCTGCAAGTGTTGTATCAAGG,1,0
GTTGTTAGCTGCAAGTGTTTGATCAATG,1,0
GTTGTTAGCTGCAAGTTTTGGATCAAGG,1,0
GTTGTTAGCTGCAAGTTTTTTATCAATT,2,0
GTTGTTAGCTGTGAGCAGTGGTGCAGGT,18,15
GTTGTTAGCTGTGAGCAGTGGTTCAGTT,1,1
GTTGTTAGCTGTGAGCAGTGTTTCATGT,2,2
GTTGTTAGCTGTGAGCAGTTGTGCATGT,0,1
GTTGTTAGCTGTGAGCATTGTTGCAGTT,0,1
GTTGTTAGCTGTGAGCATTTTTTCATTT,1,2
GTTGTTAGCTGTGAGCATTTTTTCCGGT,1,0
GTTGTTAGCTTGGAGATGTGTTGCATTT,36,24
GTTGTTAGCTTGGAGATTAGTTGCATTT,1,0
GTTGTTAGCTTGGAGATTTGTTTCATTT,1,0
GTTGTTATCTGCCAGTAGTGTCTCAAGC,0,27
GTTGTTATCTGCCAGTATTGTCTCAATC,0,2
GTTGTTATCTGGTAGAACTGTTCCAAAG,1,0
GTTGTTATCTGGTAGAAGTGGGCCAATG,27,40
GTTGTTATCTGGTAGAAGTGTTCCAATG,0,2
GTTGTTATCTGGTAGAAGTTGTCCAATG,1,0
GTTGTTATCTGGTAGAAGTTTTCCAATT,0,1
GTTGTTATCTGGTAGAATTTTTCCAATG,2,1
GTTGTTATCTTCTAGTTCTGCCTCACCC,52,60
GTTGTTATCTTGCAGATCTGGCTCAAGT,308,193
GTTGTTATCTTGCAGATCTGGCTCCCGT,10,4
GTTGTTATCTTGCAGATCTGTCTCAATT,19,10
GTTGTTATCTTGCAGATCTGTCTCACGT,3,1
GTTGTTATCTTGCAGATCTGTCTCCAGT,1,0
GTTGTTATCTTGCAGATCTTGCTCAATT,1,0
GTTGTTATCTTGCAGATCTTTCTCAAGT,8,4
GTTGTTATCTTGCAGATCTTTCTCCCGT,0,1
GTTGTTCACTTACAGTCTTGATTCATGT,73,33
GTTGTTCACTTACAGTCTTTATTCATTT,2,2
GTTGTTCGCTTAAAGGGGTGGATCAACA,30,39
GTTGTTCGCTTAAAGGGGTGGATCCCCA,1,0
GTTGTTCGCTTAAAGGGTTTTATCAACA,1,1
GTTGTTCGCTTAAAGGTGTGGATCACCA,0,1
GTTGTTCGCTTAAAGGTGTGGATCCACA,0,2
GTTGTTCGCTTAAAGGTTTGTATCAACA,4,8
GTTGTTCGCTTAAAGGTTTGTATCCCCA,1,0
GTTGTTCGCTTTGAGATCTGATCCATTT,1,0
GTTGTTCGCTTTGAGATCTGTTCCAGGG,66,0
GTTGTTCGCTTTGAGATCTGTTCCAGTT,4,0
GTTGTTCGCTTTGAGATCTGTTCCATTG,4,0
GTTGTTCGCTTTGAGATCTGTTCCCGGT,1,0
GTTGTTCGCTTTGAGATCTTTTCCATTT,2,0
GTTGTTCTCTCAAAGACCTGATCCATCT,1,0
GTTGTTCTCTGACAGTGCTGTCTCATCA,1,0
GTTGTTGCCTACCAGTCATGTATCACGC,0,26
GTTGTTGCCTACCAGTCATGTATCCCTC,0,1
GTTGTTGCCTACCAGTCATTTATCACTC,0,2
GTTGTTGCCTCTGAGGAGTGCCGCAGAA,1,0
GTTGTTGCCTCTGAGGTGTGCGGCAGTT,25,154
GTTGTTGCCTCTGAGGTGTGCTTCAGTT,2,12
GTTGTTGCCTCTGAGGTGTTCGTCAGTT,0,2
GTTGTTGCCTCTGAGGTTTGCGTCAGTT,0,3
GTTGTTGCCTCTGAGGTTTGCTGCAGTT,0,2
GTTGTTGCCTCTGAGGTTTTCTTCATTT,1,5
GTTGTTGGCTGGGAGTGGTGGTGCAGGG,0,27
GTTGTTGGCTGGGAGTGGTGTTGCAGTT,0,2
GTTGTTGGCTGGGAGTGGTGTTTCATGG,0,1
GTTGTTGGCTGGGAGTGGTTGTGCAGGT,0,1
GTTGTTGGCTGGGAGTTTTGTTTCATTG,0,1
GTTGTTGGCTGGGAGTTTTTTTTCATTT,0,1
GTTGTTGTCTATTAGCGATGTACCACTT,52,3
GTTGTTGTCTATTAGCTATTTACCACTT,2,0
GTTGTTGTCTGGCAGGGCTAAATCAGTA,1,0
GTTGTTGTCTGGCAGGGCTAATGCAGTA,39,0
GTTGTTGTCTGGCAGGTCTAATTCAGAA,1,0
GTTGTTGTCTGGCAGGTCTAATTCATTA,5,0
GTTGTTGTCTTGTAGCTATTTCTCCCGT,0,1
GTTGTTTACTCTGAGCACTGTTGCACAA,40,51
GTTGTTTACTCTGAGCACTGTTGCCCCA,1,1
GTTGTTTACTCTGAGCACTGTTTCCCAA,0,2
GTTGTTTACTCTGAGCACTTATGCACAA,1,0
GTTGTTTACTCTGAGCACTTTTTCACAA,2,0
GTTGTTTACTTGGAGCGGTGCGGCAATG,47,26
GTTGTTTACTTGGAGCGGTGCGGCCCTG,2,0
GTTGTTTACTTGGAGCGGTGCTTCAATG,0,2
GTTGTTTACTTGGAGCGGTTCTTCAATT,1,0
GTTGTTTACTTGGAGCGTTGCGGCACTG,0,1
GTTGTTTACTTGGAGCTTTGCGTCAATG,2,5
GTTGTTTACTTGGAGCTTTGCTGCAATG,0,1
GTTGTTTACTTGGAGCTTTTCTTCAATT,3,2
GTTGTTTCCTAGCAGTTTTGAGCCATCC,20,0
GTTGTTTCCTAGCAGTTTTGTACCATCG,29,63
GTTGTTTCCTAGCAGTTTTTATCCATCC,2,0
GTTGTTTCCTAGCAGTTTTTTACCATCT,3,6
GTTGTTTCCTCAAAGTGCTGTAGCATCT,68,0
GTTGTTTCCTCAAAGTGCTTTATCATCT,1,0
GTTGTTTCCTCAAAGTTCTGTATCATCT,4,0
GTTGTTTCCTGGCAGGCGTGATGCATGA,21,0
GTTGTTTGCTGCGAGACATGAGCCAGTT,28,68
GTTGTTTGCTGCGAGACATGATCCATTT,0,4
GTTGTTTGCTGCGAGACATTAGCCATTT,1,1
GTTGTTTGCTTAGAGTGCTGACTCAAAC,19,0
GTTGTTTGCTTAGAGTGCTGACTCCCAC,1,0
GTTGTTTGCTTAGAGTTCTTACTCAAAC,1,0
GTTGTTTGCTTAGAGTTCTTACTCCCCC,1,0
GTTGTTTTCTCCTAGATCTGTATCACAA,0,16
GTTGTTTTCTGGTAGAATTGGGCCAATC,0,1
GTTGTTTTCTTCTAGCACTGCTGCACTA,105,112
GTTGTTTTCTTCTAGCACTGCTGCCCTC,2,0
GTTGTTTTCTTCTAGCACTGCTTCCCTA,4,0
GTTGTTTTCTTCTAGCACTTCTGCCCTA,0,1
GTTGTTTTCTTCTAGCACTTCTTCACTA,17,11
TAAGACACCTTTAAGAGTTGTATCATCT,1,0
TAAGAGACCTGTCAGCGGTTTCTCACTA,1,0
TAAGAGGACTGAAAGTTTTTACCCATCT,0,1
TAAGTAAACTCGGAGCGTTGATACACGC,0,1
TAAGTAATCTAGAAGTGGTGTGCCAGAG,0,53
TAAGTAATCTAGAAGTGTTGTGCCAGAT,0,1
TAAGTAATCTAGAAGTGTTGTGCCCGAG,0,1
TAAGTAATCTAGAAGTGTTGTGCCCTCG,0,1
TAAGTAATCTAGAAGTTGTGTGCCCGAG,0,1
TAAGTAATCTAGAAGTTGTGTTCCAGAG,0,1
TAAGTAATCTAGAAGTTTTGTGCCATAG,0,1
TAAGTAATCTAGAAGTTTTTTTCCATAT,0,3
TAAGTAATCTTTGAGCACTGGGGCAGGT,0,1
TAAGTAATCTTTGAGCACTGTTTCAGGT,0,1
TAAGTAATCTTTGAGCACTGTTTCATTT,0,3
TAAGTACTCTCCGACTTTTGGATCAGTA,0,1
TAAGTACTCTCCGAGATGTGCATCATGA,0,1
TAAGTACTCTCCGAGTTGTGGAGCAGGA,0,38
TAAGTACTCTCCGAGTTGTGTAGCATTA,0,1
TAAGTACTCTCCGAGTTGTTGAGCATGA,0,1
TAAGTACTCTCCGAGTTGTTGATCATTA,0,2
TAAGTACTCTCCGAGTTTTGTATCAGTA,0,1
TAAGTACTCTCCGAGTTTTTTATCATTA,0,3
TAAGTAGACTGGGAGTTTTTAATCCGCC,1,0
TAAGTAGACTGTGAGCGGTGTTTCAAGG,124,147
TAAGTAGACTGTGAGCGGTGTTTCAATT,5,1
TAAGTAGACTGTGAGCGGTGTTTCCCGG,2,3
TAAGTAGACTGTGAGCGTTGTTTCAAGT,6,1
TAAGTAGACTGTGAGCGTTGTTTCAATG,0,2
TAAGTAGACTGTGAGCTGTGTTTCAAGT,1,1
TAAGTAGACTGTGAGCTGTGTTTCAATG,1,0
TAAGTAGACTGTGAGCTGTGTTTCCAGG,1,1
TAAGTAGACTGTGAGCTTTGTTTCAAGG,10,8
TAAGTAGACTGTGAGCTTTGTTTCACGT,1,0
TAAGTAGACTGTGAGCTTTTTTTCAATT,8,4
TAAGTAGACTGTGAGGGGTGACCCATGA,18,0
TAAGTAGACTGTGAGGTGTGACCCATTA,1,0
TAAGTAGACTGTGAGGTTTTACCCATTA,1,0
TAAGTAGGCTTAGAGATGTGCGTCAAAC,0,15
TAAGTAGGCTTAGAGATTTTCTTCAAAC,0,1
TAAGTATCCTCAGAGTATTGGTACAACT,1,0
TAAGTATGCTCGTAGATGAGCGACAAAC,0,1
TAAGTATGCTCGTAGATGTGCGTCAATC,47,131
TAAGTATGCTCGTAGATGTGCGTCCCTC,0,2
TAAGTATGCTCGTAGATGTTCTTCAATC,4,5
TAAGTATGCTCGTAGATTTGCTTCAATC,0,2
TAAGTATGCTCGTAGATTTTCGTCAATC,1,0
TAAGTATGCTCGTAGTTCTGCATCATTA,0,35
TAAGTATGCTGGGAGATCTGCGCCAAGA,0,40
TAAGTATGCTGGGAGATCTGCTCCAATA,0,4
TAAGTATGCTGGGAGATCTGCTCCCAGA,0,2
TAAGTATGCTGGGAGATCTTCGCCAATA,0,1
TAAGTATTCTGCGAGCTATGCTACAGTG,1,0
TAAGTATTCTGCTAGCAGTGTGTCAGGA,13,0
TAAGTATTCTGCTAGCAGTTTTTCATTA,2,0
TAAGTATTCTGCTAGCATTGTTTCATTA,1,0
TAAGTCAACTCGGAGCTATGATACACTG,1,0
TAAGTCAACTCGGAGGGTTGAAACACTG,1,0
TAAGTCAACTCGGAGGGTTGATACACGG,159,214
TAAGTCAACTCGGAGGGTTGATACACTT,3,5
TAAGTCAACTCGGAGGGTTGATACCCGT,0,1
TAAGTCAACTCGGAGGGTTTATACACTG,1,0
TAAGTCAACTCGGAGGTTAGATACACGG,1,0
TAAGTCAACTCGGAGGTTTGATACACGT,1,2
TAAGTCAACTCGGAGGTTTGATACACTG,11,8
TAAGTCAACTCGGAGGTTTTATACACTT,3,11
TAAGTCAACTCGGAGGTTTTATACCCGG,0,2
TAAGTCACCTGGGAGTTCTGCGTCAACC,0,51
TAAGTCACCTGGGAGTTCTGCGTCCCCC,0,2
TAAGTCACCTGGGAGTTCTTCTTCAACC,0,3
TAAGTCACCTTTAAGAGGTGTATCATCT,54,0
TAAGTCACCTTTAAGAGTTGTATCCTCT,1,0
TAAGTCAGCTCAAAGACATGATTCACGA,8,0
TAAGTCAGCTCAAAGACATTATTCACTA,1,0
TAAGTCAGCTCATAGAGCTGTGTCAAAC,41,0
TAAGTCAGCTCATAGAGCTGTGTCCCAC,2,0
TAAGTCAGCTCATAGAGCTTTTTCAAAC,1,0
TAAGTCATCTCAGAGCTGTGGTGCAGTT,29,0
TAAGTCATCTCAGAGCTGTTTTTCAGTT,2,0
TAAGTCATCTCAGAGCTTTTGTGCATTT,1,0
TAAGTCCGCTAGAAGAACTGTCCCATTA,1,0
TAAGTCCGCTAGAAGTACTGTACCATTT,203,209
TAAGTCCGCTAGAAGTATTGTAGCATTT,1,0
TAAGTCCGCTGTTAGCTTTGTATCATTT,0,1
TAAGTCGCCTCGGAGTTTTGGGCCAGCT,60,125
TAAGTCGCCTCGGAGTTTTGGTCCCGCT,0,1
TAAGTCGCCTCGGAGTTTTGTTCCATCT,7,21
TAAGTCGCCTCGGAGTTTTTGTCCATCT,1,0
TAAGTCGCCTCGGAGTTTTTTGCCATCT,2,5
TAAGTCGCCTCGGAGTTTTTTTCCAGCT,1,8
TAAGTCGCCTGCCAGAGTTGGCGCATCG,0,45
TAAGTCGCCTGCCAGAGTTGTCGCATCT,0,1
TAAGTCGCCTGCCAGAGTTGTCTCATCG,0,2
TAAGTCGCCTGCCAGAGTTTTCTCATCT,0,2
TAAGTCGCCTGCCAGATTTTTCGCATCG,0,1
TAAGTCGCCTGGTAGTTCTGTTCCACAT,1,0
TAAGTCGCCTTCCAGATCTGGTCCAAAG,1,0
TAAGTCTCCTGCGAGGCAGGTTCCCTTG,1,0
TAAGTCTCCTGCGAGGCATGTTCCATTG,83,35
TAAGTCTCCTGCGAGGCATGTTCCCTTT,1,0
TAAGTCTCCTGCGAGGCATTTTCCATTT,1,1
TAAGTCTGCTAAGAGGTCTGAGGCAGGC,10,0
TAAGTCTGCTAAGAGGTCTGAGGCATTC,1,0
TAAGTCTGCTAAGAGGTCTGAGTCAGTC,2,0
TAAGTCTGCTAAGAGGTCTTATTCATTC,1,0
TAAGTGAACTATCAGAGATGTACCATCA,1,0
TAAGTGAACTGGTAGGACTGGCACAAGG,28,38
TAAGTGAACTGGTAGGACTGTCACAATT,4,5
TAAGTGAACTGGTAGGACTTGCACAATT,0,2
TAAGTGAACTGGTAGGACTTTCACACGG,1,0
TAAGTGAACTTTCAGAGATGTACCAACA,157,63
TAAGTGAACTTTCAGAGATGTACCACCC,2,0
TAAGTGAACTTTCAGAGATGTACCCACC,1,0
TAAGTGAACTTTCAGAGATGTACCCCCA,4,4
TAAGTGAACTTTCAGATATGACCCAACA,0,1
TAAGTGAACTTTCAGATATTTACCAACA,1,1
TAAGTGACCTTTGAGGTCTTATTCATAC,0,1
TAAGTGAGCTAAGAGGCTGGGATCCGGC,1,0
TAAGTGAGCTAAGAGGCTTGGATCAGGC,219,247
TAAGTGAGCTAAGAGGCTTGGATCATTC,5,2
TAAGTGAGCTAAGAGGCTTGGATCCTGC,2,0
TAAGTGAGCTAAGAGGCTTGGATCGGTC,0,1
TAAGTGAGCTAAGAGGCTTGTATCAGTC,9,8
TAAGTGAGCTAAGAGGCTTGTATCATGC,3,3
TAAGTGAGCTAAGAGGCTTGTATCCGGC,0,1
TAAGTGAGCTAAGAGGCTTTGATCAGTC,1,1
TAAGTGAGCTAAGAGGCTTTGATCATGC,1,0
TAAGTGAGCTAAGAGGCTTTTATCATTC,16,29
TAAGTGAGCTATTAGTAATGCTACATCC,1,0
TAAGTGAGCTCAAAGCTTTGTGTCAAGG,35,0
TAAGTGAGCTCAAAGCTTTGTGTCCCGG,4,0
TAAGTGAGCTCAAAGCTTTGTTTCAAGT,1,0
TAAGTGAGCTCAAAGCTTTTTTTCAATT,5,0
TAAGTGATCAACAACCTATGAGTCAGCG,1,0
TAAGTGATCTGAGAGCTATGTTGCAAGG,0,4
TAAGTGATCTGAGAGCTATGTTTCAAGT,0,1
TAAGTGATCTGGGAGACTTTTTTCAAAT,1,0
TAAGTGATCTTCCAGAACTGAATCATTT,1,0
TAAGTGCACTCATAGCTGTGTCACATGT,4,35
TAAGTGCACTCATAGCTTTGTCACATTT,0,3
TAAGTGCGCTTACAGGAGTCTTCCAGGT,0,1
TAAGTGCGCTTACAGGAGTGTTCCAGGG,45,51
TAAGTGCGCTTACAGGAGTGTTCCAGTT,2,1
TAAGTGCGCTTACAGGAGTGTTCCATTG,0,1
TAAGTGCGCTTACAGGAGTTTTCCATTT,4,1
TAAGTGCGCTTACAGGATTGTTCCATTT,1,0
TAAGTGCTCTATGAGACGTGGGGCAGGC,34,0
TAAGTGCTCTATGAGACGTGGGGCATTC,1,0
TAAGTGCTCTATGAGACGTGTTGCATGC,1,0
TAAGTGCTCTATGAGACTTGGGTCAGTC,1,0
TAAGTGCTCTATGAGACTTGGTGCAGTC,1,0
TAAGTGCTCTATGAGACTTGTTGCAGGC,1,0
TAAGTGCTCTATGAGACTTGTTTCATGC,2,0
TAAGTGCTCTTTTAGCGATGCTACAGCC,1,0
TAAGTGGACTGTGAGGATTGGTACAACG,54,51
TAAGTGGACTGTGAGGATTGGTACCACT,1,0
TAAGTGGACTGTGAGGATTGGTACCCCG,0,3
TAAGTGGACTGTGAGGATTGTTACAACT,3,5
TAAGTGGACTGTGAGGATTGTTACCACG,0,1
TAAGTGGACTGTGAGGATTTGTACAACT,1,0
TAAGTGGACTGTGAGGATTTTTACAACG,2,0
TAAGTGGCCTAACAGCTCTGTTTCATCA,1,0
TAAGTGGGCTAAGAGGTGTGTCTCAACG,0,1
TAAGTGGGCTACCAGTATTGTCTCATAA,0,1
TAAGTGGGCTGAAAGCCCTGTCTCATCA,1,0
TAAGTGGGCTGAAAGCGCTGTCGCATGA,54,0
TAAGTGGGCTGAAAGCGCTGTCTCATTA,1,0
TAAGTGGGCTGAAAGCTCTGTCTCATGA,10,0
TAAGTGGGCTGAAAGCTCTTTCTCATTA,3,0
TAAGTGGGCTTCTAGTTCTGAGCCATGG,109,69
TAAGTGGGCTTCTAGTTCTGAGCCATTT,2,2
TAAGTGGGCTTCTAGTTCTGATCCATGT,1,0
TAAGTGGGCTTCTAGTTCTGATCCATTG,3,1
TAAGTGGGCTTCTAGTTCTGATCCCTTT,0,1
TAAGTGGGCTTCTAGTTCTTATCCATTT,5,4
TAAGTGGTCGGTTAGGTGTGATTCAAGG,0,1
TAAGTGGTCTACCAGTTTTGGCGCATAA,52,3
TAAGTGGTCTACCAGTTTTGGCGCCTCA,1,0
TAAGTGGTCTACCAGTTTTGTCGCCTAA,1,0
TAAGTGGTCTACCAGTTTTGTCTCATAA,16,0
TAAGTGGTCTACCAGTTTTTGCTCATAA,1,0
TAAGTGGTCTGTTAGGGGTGATTCAAGG,26,119
TAAGTGGTCTGTTAGGGGTGATTCCCGG,0,4
TAAGTGGTCTGTTAGGGGTTATTCAATT,1,3
TAAGTGGTCTGTTAGGTGTGATTCAAGT,0,1
TAAGTGGTCTGTTAGGTGTGATTCAATG,0,1
TAAGTGGTCTGTTAGGTTTGATTCAAGG,1,12
TAAGTGGTCTGTTAGGTTTGATTCAATT,4,6
TAAGTGGTCTTAAAGGAATGAAACATTA,0,1
TAAGTGGTCTTAAAGGAATGATACATGA,0,221
TAAGTGGTCTTAAAGGAATGATACCTGC,0,1
TAAGTGGTCTTAAAGGAATTATACATTA,0,4
TAAGTGGTCTTCGAGGGATGGTGCAGTC,0,21
TAAGTGGTCTTCGAGGGATGGTTCATTC,0,2
TAAGTGGTCTTCGAGGTATGGTGCATTC,0,1
TAAGTGGTCTTCGAGGTATGTTGCAGTC,0,1
TAAGTGGTCTTCGAGGTATTGTGCAGTC,0,1
TAAGTGGTCTTCGAGGTATTTTTCATTC,0,1
TAAGTGGTCTTTGAGCGAACCTACAGCC,1,0
TAAGTGGTCTTTGAGCGATGCTACAGCC,200,263
TAAGTGGTCTTTGAGCGATTCTACCGCC,1,1
TAAGTGGTCTTTGAGCTATTCTACATCC,23,17
TAAGTGTACTCAAAGGTTTGAGACATCT,66,0
TAAGTGTACTCAAAGGTTTTATACATCT,4,0
TAAGTGTCCTTGGAGTAGTGAATCACAT,0,41
TAAGTGTGCTGGTAGGGAGGTGTCCCTC,2,0
TAAGTGTGCTGGTAGGGATGTGTCACTC,75,67
TAAGTGTGCTGGTAGGGATTTTTCACTC,0,2
TAAGTGTGCTGGTAGGTATGTTTCACTC,2,2
TAAGTGTGCTGGTAGGTATTATTCACTC,1,0
TAAGTGTGCTGGTAGGTATTTGTCACTC,1,0
TAAGTGTTCTCGTAGTTTTTTACCATTA,0,1
TAAGTTAACTTCCAGCTCTGACTCAATG,30,75
TAAGTTAACTTCCAGCTCTGACTCCCTG,2,2
TAAGTTACCTCGGAGGCGTGAGCCAAGT,0,27
TAAGTTACCTCGGAGGCGTTAGCCAATT,0,1
TAAGTTACCTCGGAGGCTTGATCCAAGT,0,2
TAAGTTAGCTCCTAGTCTTGCCCCACCT,0,1
TAAGTTAGCTTGCAGAAATGTGTCACCT,0,8
TAAGTTAGCTTGCAGAAATGTTTCCCCT,0,1
TAAGTTATCTCCAAGGCGTGTCGCAAAC,0,1
TAAGTTATCTCCCAGGCGTGGCGCAAAC,118,95
TAAGTTATCTCCCAGGCGTGGCGCCCCC,2,3
TAAGTTATCTCCCAGGCGTGTCGCCAAC,0,1
TAAGTTATCTCCCAGGCGTGTCTCAAAC,12,9
TAAGTTATCTCCCAGGCGTTTCGCAAAC,0,2
TAAGTTATCTCCCAGGCTTGGCTCAAAC,2,1
TAAGTTATCTCCCAGGCTTGTCGCAAAC,1,0
TAAGTTATCTCCCAGGCTTTGCGCAAAC,1,0
TAAGTTATCTCCCAGGCTTTTCTCAAAC,8,1
TAAGTTATCTCCTAGGCGTGGCTCAAAC,0,1
TAAGTTCACTGGAAGACGTGTTACAGAA,45,0
TAAGTTCACTGGAAGACTTGTTACATAA,4,0
TAAGTTCGCTAAAAGATATGCTCCATTA,0,1
TAAGTTCGCTCGAAGTCATGGTTCAGCT,52,0
TAAGTTCGCTCGAAGTCATGTTTCATCT,1,0
TAAGTTCGCTCGAAGTCATTGTTCATCT,4,0
TAAGTTCGCTGCCAGGCATGCCGCAATC,33,39
TAAGTTCGCTGCCAGGCATTCCTCAATC,2,2
TAAGTTCGCTGGTAGTAATGCTGCATCG,1,0
TAAGTTCGCTGGTAGTAATGGAGCCGGG,0,1
TAAGTTCGCTGGTAGTAATGGTGCAGGG,25,48
TAAGTTCGCTGGTAGTAATGGTTCAGTG,1,3
TAAGTTCGCTGGTAGTAATGGTTCATGG,1,1
TAAGTTCGCTGGTAGTAATGTTGCAGTG,0,2
TAAGTTCGCTGGTAGTAATGTTGCATGG,0,3
TAAGTTCGCTGGTAGTAATGTTTCAGGT,0,3
TAAGTTCGCTGGTAGTAATTGTGCATGG,0,2
TAAGTTCGCTGGTAGTAATTTTTCATTT,0,1
TAAGTTCTCTGTGAGGATTGGGACACAT,39,0
TAAGTTCTCTGTGAGGATTTTTACACAT,4,0
TAAGTTCTCTTAGAGTAGTGTGGCAAGA,0,19
TAAGTTCTCTTAGAGTAGTGTGGCCCGA,0,1
TAAGTTCTCTTAGAGTATTGTGTCAAGA,0,1
TAAGTTCTCTTAGAGTATTTTTTCAATA,0,4
TAAGTTGACTGGGAGTGTAGAAGCCGAA,1,0
TAAGTTGACTGGGAGTGTTGAAGCAGAA,123,24
TAAGTTGACTGGGAGTGTTGAAGCCGCA,4,1
TAAGTTGACTGGGAGTGTTGAATCATAA,5,0
TAAGTTGACTGGGAGTGTTGAATCCGAA,1,0
TAAGTTGACTGGGAGTGTTTAAGCATAA,1,0
TAAGTTGACTGGGAGTTTTGAAGCAGCA,0,1
TAAGTTGACTGGGAGTTTTTAATCATAA,2,0
TAAGTTGGCTTTTAGATCTGCACCATAT,1,0
TAAGTTGTCTCTCAGCCCTGCTTCATAC,1,0
TAAGTTGTCTGAAAGTGCTGACTCAGGG,31,0
TAAGTTGTCTGAAAGTGCTGACTCATTT,1,0
TAAGTTGTCTGAAAGTGCTTACTCCGGG,1,0
TAAGTTGTCTGGCAGGTATGAGACAGTC,1,0
TAAGTTTACTGGGAGAGGTGGGGCATCA,20,17
TAAGTTTACTGGGAGAGGTGGTTCATCA,1,0
TAAGTTTACTGGGAGAGGTGTGTCATCA,1,1
TAAGTTTACTGGGAGAGGTTTTTCATCA,2,2
TAAGTTTACTGGGAGAGTTGTTTCATCA,0,1
TAAGTTTACTGGGAGAGTTTGGTCATCA,0,1
TAAGTTTACTGGGAGAGTTTGTGCATCA,0,1
TAAGTTTACTGGGAGAGTTTTGGCATCA,1,0
TAAGTTTACTGGGAGATTTGTGGCATCA,1,1
TAAGTTTACTGGGAGATTTTTTTCATCA,2,0
TAAGTTTGCTCTTAGTTGTGGATCATCT,0,64
TAAGTTTGCTCTTAGTTGTTTATCATCT,0,3
TAAGTTTGCTCTTAGTTTTGTATCATCT,0,3
TAAGTTTTCTCCCAGATCTGGCGCATTA,50,0
TAAGTTTTCTCCCAGATCTGGCTCCTTA,1,0
TAAGTTTTCTCCCAGATCTTTCTCATTA,2,0
TAAGTTTTCTCGTAGGGATGAGCCAGGG,0,44
TAAGTTTTCTCGTAGGGATGAGCCATTG,0,1
TAAGTTTTCTCGTAGGGATGAGCCCTGG,0,1
TAAGTTTTCTCGTAGGGATGATCCATGG,0,2
TAAGTTTTCTCGTAGGGATGATCCCGGG,0,2
TAAGTTTTCTCGTAGGTATGAGCCAGTG,0,2
TAAGTTTTCTCGTAGGTATGATCCAGGG,0,1
TAAGTTTTCTCGTAGGTATGATCCATTT,0,3
TACCTAAGCTATGAGGTTTTTTTCATCA,0,1
TACGATCTCTACAAGTTATTTATCACTT,1,0
TACGTAAACTGGCAGTCCTGGTGCCGGG,1,0
TACGTAAACTGGCAGTTCTGGTGCAGGG,32,0
TACGTAAACTGGCAGTTCTGGTTCAGTG,2,0
TACGTAAACTGGCAGTTCTGTTGCAGTG,2,0
TACGTAAACTGGCAGTTCTGTTGCATGG,1,0
TACGTAAACTGGCAGTTCTGTTTCAGGG,1,0
TACGTAAACTGGCAGTTCTTGTGCATGG,2,0
TACGTAAACTGGCAGTTCTTTTTCATTT,3,0
TACGTAAACTTTGAGGGGTGGGTCATGT,25,34
TACGTAAACTTTGAGGGGTGTTTCATGT,0,1
TACGTAAACTTTGAGGGGTTTGTCATGT,1,0
TACGTAAACTTTGAGGGTTGGTTCATGT,0,1
TACGTAAACTTTGAGGGTTTTTTCATTT,1,0
TACGTAAACTTTGAGGTGTGGTTCATGT,0,1
TACGTAAACTTTGAGGTGTGTGTCATGT,2,1
TACGTAAACTTTGAGGTTTGGGTCATGT,3,3
TACGTAAACTTTGAGGTTTGTGTCATTT,0,1
TACGTAAACTTTGAGGTTTGTTTCATGT,0,1
TACGTAAACTTTGAGGTTTGTTTCCTTT,1,0
TACGTAAACTTTGAGGTTTTGTTCATTT,0,1
TACGTAAACTTTGAGTGTTGTGTCATTT,0,1
TACGTAACCTATAAGTATTGTTACATGA,31,0
TACGTAACCTATAAGTATTGTTACCTGC,1,0
TACGTAACCTATAAGTATTTTTACATTA,3,0
TACGTAACCTTACAGCAGTGTTCCAACC,23,0
TACGTAACCTTACAGCAGTGTTCCCCCC,2,0
TACGTAAGCTGAAAGCGATGTGACACTC,0,40
TACGTAAGCTGAAAGCGATTTTACACTC,0,1
TACGTAAGCTGAAAGCTATGTTACACTC,0,5
TACGTAAGCTGATAGAACTGCATCAAGT,1,0
TACGTAAGCTGATAGAAGTGCTTCAAGT,82,49
TACGTAAGCTGATAGAAGTGCTTCCCGT,1,5
TACGTAAGCTGATAGAAGTTCTTCAATT,1,0
TACGTAAGCTGATAGAATTGCTTCAAGA,1,0
TACGTAAGCTGATAGAATTGCTTCAATT,1,0
TACGTAAGCTGATAGAATTTCTTCAAGT,1,2
TACGTAAGCTGTTAGCGATGGTACATAT,0,19
TACGTAAGCTGTTAGCGATGTTACCTCT,0,1
TACGTAAGCTGTTAGCTATGTTACATAT,0,1
TACGTACCCTCTGAGGCCTTTTTCAAGT,1,0
TACGTACCCTGTGAGGCCTGTGGCAAGT,283,267
TACGTACCCTGTGAGGCCTGTGGCCCGT,4,6
TACGTACCCTGTGAGGCCTGTGTCAATT,5,3
TACGTACCCTGTGAGGCCTGTTGCAATT,1,0
TACGTACCCTGTGAGGCCTGTTTCAAGT,19,11
TACGTACCCTGTGAGGCCTTTGTCAAGT,1,0
TACGTACCCTGTGAGGCCTTTTGCAAGT,1,0
TACGTACCCTGTGAGGCCTTTTTCAATT,7,5
TACGTACCCTGTGAGTCCTTTTTCAAGT,1,0
TACGTACGCTCCTAGGAGTGTCTCACCG,97,53
TACGTACGCTCCTAGGAGTGTCTCCCCT,1,0
TACGTACGCTCCTAGGAGTTTCTCACCT,1,0
TACGTACGCTCCTAGGATTGTCTCACCT,6,1
TACGTACGCTCCTAGGATTTTCTCACCG,2,0
TACGTAGACTACAAGAGCTGTCTCACGA,0,16
TACGTAGACTGCCAGTTCTGTATCATTC,0,1
TACGTAGCCTGCCAGTTCGGGAGCCTTC,1,0
TACGTAGCCTGCCAGTTCTGGAGCAAAC,1,1
TACGTAGCCTGCCAGTTCTGGAGCATTC,323,155
TACGTAGCCTGCCAGTTCTGTAGCCTTC,1,0
TACGTAGCCTGCCAGTTCTTGAGCCTTC,0,1
TACGTAGCCTGCCAGTTCTTTATCATTC,27,19
TACGTAGCCTGTGAGGCCTGTGTCAAGT,1,0
TACGTAGCCTGTTAGCTTTGTCTCACGT,34,78
TACGTAGCCTGTTAGCTTTTTCTCACTT,3,2
TACGTAGGCTCTCAGAGGTGTGCCACTT,0,95
TACGTAGGCTCTCAGAGGTTTTCCACTT,0,1
TACGTAGGCTCTCAGAGTGGTGCCCCTT,0,1
TACGTAGGCTCTCAGAGTTGTTCCACTT,0,2
TACGTAGGCTCTCAGATGTGAGCCACTT,0,1
TACGTAGGCTCTCAGATGTGTGCCCCTT,0,1
TACGTAGGCTCTCAGATGTTTGCCACTT,0,1
TACGTAGGCTCTCAGATTTGTGCCACTT,0,5
TACGTAGGCTCTCAGATTTTTTCCACTT,0,3
TACGTAGGCTGTTAGCGTTGGAGCAGAG,45,0
TACGTAGGCTGTTAGCGTTGGAGCCGCG,1,0
TACGTAGGCTGTTAGCGTTGGATCATAG,3,0
TACGTAGGCTGTTAGCGTTGTAGCAGCG,1,0
TACGTAGGCTGTTAGCGTTGTATCAGAG,2,0
TACGTAGGCTGTTAGCGTTTTAGCAGAG,2,0
TACGTAGGCTGTTAGCTTTGTAGCAGAG,1,0
TACGTAGGCTGTTAGCTTTGTATCATAT,1,0
TACGTAGGCTGTTAGCTTTTTATCCGCG,1,0
TACGTAGTCTGCCAGAAATGATGCACAA,48,0
TACGTAGTCTGCCAGAAATGATGCCCCC,1,0
TACGTAGTCTGCCAGAAATGATTCCCAA,1,0
TACGTAGTCTGCCAGAAATTATTCACAA,1,0
TACGTATCCTGCGAGATCTTCATCAATC,0,1
TACGTATCCTGTAAGCAATGTTTCATTA,1,0
TACGTATGCTGGTAGGCCTGGGCCATTT,29,0
TACGTATGCTGGTAGGCCTTTTCCATTT,5,0
TACGTATGCTTGGAGGCGTGCGGCAGCC,36,0
TACGTATGCTTGGAGGCGTGCTTCAGCC,1,0
TACGTATGCTTGGAGGCGTGCTTCCTCC,1,0
TACGTATGCTTGGAGGCGTTCTTCATCC,1,0
TACGTATGCTTGGAGGCTTGCTTCATCC,1,0
TACGTATGCTTTGAGGCATGGGCCACAT,23,50
TACGTATGCTTTGAGGCATGGGCCCCCT,0,1
TACGTATGCTTTGAGGCATGTGCCCCAT,0,1
TACGTATGCTTTGAGGCATTTTCCACAT,3,7
TACGTATGCTTTGAGGCTTGTTGCATCA,0,1
TACGTATGCTTTGAGGGTTGTGGCATCA,95,131
TACGTATGCTTTGAGGGTTGTGGCCTCC,1,1
TACGTATGCTTTGAGGGTTGTGTCCTCA,1,0
TACGTATGCTTTGAGGGTTTTTTCATCA,1,0
TACGTATGCTTTGAGGTTTGTTTCATCA,15,12
TACGTATGCTTTGAGTGTTGTTTCATCA,0,1
TACGTATTCTGGAAGGCCTGGTTCACTT,0,54
TACGTATTCTGGAAGGCCTTTTTCACTT,0,1
TACGTATTCTGTCAGCTATGCCTCAAAC,0,1
TACGTATTCTGTCAGGTATGGCGCATTC,0,26
TACGTATTCTGTCAGGTATGTCTCATTC,0,3
TACGTCATCTCGGAGTATTTTATCAGTG,1,0
TACGTCATCTGATAGTTCTGCGTCATCT,0,33
TACGTCATCTGATAGTTCTTCTTCATCT,0,2
TACGTCATCTTATAGTTTTGTATCAAAT,1,0
TACGTCCTCTATTAGTGATGTGGCAGGT,32,39
TACGTCCTCTATTAGTGATGTGTCAGTT,0,2
TACGTCCTCTATTAGTGATGTGTCATGT,1,2
TACGTCCTCTATTAGTGATGTTTCAGGT,3,1
TACGTCCTCTATTAGTGATTTGTCATTT,1,0
TACGTCCTCTATTAGTTATGTGTCAGGT,0,1
TACGTCCTCTATTAGTTATGTTGCAGGT,0,1
TACGTCCTCTATTAGTTATTTTTCAGTT,1,2
TACGTCGCCTGGTAGAACTGTTGCATTG,78,0
TACGTCGCCTGGTAGAACTGTTGCCTTT,1,0
TACGTCGCCTGGTAGAACTGTTTCATTT,2,0
TACGTCGCCTGGTAGAACTTTTTCATTG,1,0
TACGTCGGCTACTAGTCGTGGTCCACTG,0,30
TACGTCGGCTACTAGTCTTGGTCCACTT,0,1
TACGTCGGCTACTAGTCTTTTTCCACTT,0,1
TACGTCGGCTGGTAGTTGTGTGGCATTA,0,28
TACGTCGGCTGGTAGTTGTTTGTCATTA,0,1
TACGTCGGCTGGTAGTTGTTTTGCATTA,0,1
TACGTCGGCTGGTAGTTTTGTGTCATTA,0,1
TACGTCGGCTGGTAGTTTTGTTGCATTA,0,1
TACGTCGGCTGGTAGTTTTTTTTCATTA,0,3
TACGTCGGCTTGGAGCTGTGCATCAATA,42,0
TACGTCGGCTTGGAGCTGTGCATCCCTA,1,0
TACGTCGGCTTGGAGCTTTTCATCAATA,2,0
TACGTCGTCTAGTAGCAATGGGTCAGCT,34,40
TACGTCGTCTAGTAGCAATGGTTCATCT,1,0
TACGTCGTCTAGTAGCAATGTGTCATCT,3,2
TACGTCGTCTAGTAGCAATTTTTCAGCT,4,5
TACGTCGTCTATCAGCAGTGTTCCAGTC,1,0
TACGTCGTCTGTGAGGCCTGGCACATGC,104,6
TACGTCGTCTGTGAGGCCTGTCACATTC,8,0
TACGTCGTCTGTGAGGCCTTGCACATTC,2,0
TACGTCGTCTGTGAGGCCTTTCACATGC,2,0
TACGTCTACTGCCAGACATGACCCAACT,1,0
TACGTCTACTGCCAGACATGAGGCAACT,315,234
TACGTCTACTGCCAGACATGAGGCCCCT,12,6
TACGTCTACTGCCAGACATGAGTCCACT,2,1
TACGTCTACTGCCAGACATGATGCACCT,1,1
TACGTCTACTGCCAGACATGATTCAACT,28,23
TACGTCTACTGCCAGACATTAGTCAACT,10,4
TACGTCTACTGCCAGACATTATGCAACT,3,2
TACGTCTACTGCCAGACATTATTCCACT,1,3
TACGTCTGCTAAGAGCTATGCAACATAC,0,1
TACGTCTGCTAAGAGGGTTGCTCCAGCC,0,35
TACGTCTGCTAAGAGGTTTGCTCCATCC,0,2
TACGTCTGCTAAGAGTGTTGCTCCATCC,0,1
TACGTCTGCTCAGAGCGTTGAGTCAATA,0,1
TACGTCTGCTTATAGTAGTGAAACATGA,38,180
TACGTCTGCTTATAGTAGTTAAACATTA,0,2
TACGTCTGCTTATAGTATTGAAACATTA,0,6
TACGTCTGCTTATAGTATTGAAACCTTC,0,1
TACGTCTGCTTATAGTATTTAAACATGA,0,1
TACGTCTTCTACAAGCTATGTGACATTA,0,107
TACGTCTTCTACAAGCTATTTTACATTA,0,6
TACGTCTTCTAGTAGCGCTGGCTCCCAG,0,1
TACGTCTTCTCGGAGCACAGATTCACTT,1,0
TACGTCTTCTCGGAGCACTGATTCAATT,157,180
TACGTCTTCTCGGAGCACTGATTCCCTT,4,5
TACGTCTTCTTCGAGGCTTGATCCAGGA,0,21
TACGTGAACTAAGAGAGAGGTGTCCGTC,1,0
TACGTGAACTAAGAGAGATGTGTCAGTC,47,0
TACGTGAACTAAGAGATATGTTTCAGTC,2,0
TACGTGAACTAAGAGATATTTTTCATTC,2,0
TACGTGAACTTCCAGAACTGAATCAGTT,234,265
TACGTGAACTTCCAGAACTGAATCATTA,0,2
TACGTGAACTTCCAGAACTGAATCCTTT,0,1
TACGTGAACTTCCAGAACTTAATCATTT,1,1
TACGTGACCTAGCAGGCCCGTGCCCTCC,1,0
TACGTGACCTAGCAGGCCTGTGCCATCC,57,141
TACGTGACCTAGCAGGCCTTTTCCATCC,3,4
TACGTGAGCTAAGAGGCTTGGATCATGC,0,1
TACGTGAGCTAATAGCGCTGTCGCACCC,0,80
TACGTGAGCTAATAGCTCTGTCTCACCC,0,4
TACGTGAGCTAGCAGGGCTGAGTCAGGC,74,6
TACGTGAGCTAGCAGGTCTGAGTCATTC,7,0
TACGTGAGCTAGCAGGTCTGATTCCGGC,1,0
TACGTGAGCTAGCAGGTCTTATTCATTC,2,0
TACGTGATCTACTAGCCTTGGTTCACTT,1,0
TACGTGCCCTGTCAGTCTTGTGACATTC,1,0
TACGTGCGCTTGAAGTGCTGCGGCAGTG,0,61
TACGTGCGCTTGAAGTGCTGCGTCATTG,0,1
TACGTGCGCTTGAAGTGCTGCTGCCGTG,0,1
TACGTGCGCTTGAAGTGCTGCTTCAGTG,0,7
TACGTGCGCTTGAAGTGCTGCTTCATTT,0,1
TACGTGCGCTTGAAGTTCTGCTGCAGTG,0,1
TACGTGCGCTTGAAGTTCTTCGTCAGTG,0,1
TACGTGCGCTTGAAGTTCTTCTTCAGTT,0,3
TACGTGCTCTACTAGCCGAGGTGCACTT,0,1
TACGTGCTCTACTAGCCGGGGTGCCCTG,1,0
TACGTGCTCTACTAGCCGTGGTGCACTG,346,147
TACGTGCTCTACTAGCCGTGTTGCCCTG,2,0
TACGTGCTCTACTAGCCGTGTTTCACTT,6,1
TACGTGCTCTACTAGCCGTTGTGCACTT,2,1
TACGTGCTCTACTAGCCGTTTTTCACTG,0,1
TACGTGCTCTACTAGCCTTGGTGCACTT,1,0
TACGTGCTCTACTAGCCTTGGTTCACTG,10,9
TACGTGCTCTACTAGCCTTGTATCACTT,0,1
TACGTGCTCTACTAGCCTTGTTGCACTG,7,3
TACGTGCTCTACTAGCCTTGTTTCCCTT,1,0
TACGTGCTCTACTAGCCTTTGTGCACTG,1,0
TACGTGCTCTACTAGCCTTTTTTCACTT,17,8
TACGTGCTCTCGGAGGGATGATGCAATG,0,40
TACGTGCTCTCGGAGGGATGATGCCCTG,0,1
TACGTGCTCTCGGAGGTATGATTCAATT,0,2
TACGTGCTCTCGGAGGTATTATTCAATG,0,5
TACGTGCTCTTCTAGCCGTGGTTCACAG,1,0
TACGTGGACTAGGAGTACTTTGTCACGG,0,1
TACGTGGACTCCCAGATGTGACTCAGGT,0,42
TACGTGGACTCCCAGATGTGACTCATTT,0,1
TACGTGGACTCCCAGATTTGACTCATGT,0,1
TACGTGGACTCCCAGATTTTACTCATTT,0,3
TACGTGGACTGGGAGTACTGTGGCACGG,128,67
TACGTGGACTGGGAGTACTGTGTCACTG,20,12
TACGTGGACTGGGAGTACTGTTGCACTT,3,0
TACGTGGACTGGGAGTACTGTTTCACGG,3,1
TACGTGGACTGGGAGTACTTTTTCACTT,5,5
TACGTGGGCTAGGAGCGGTGAATCATTC,0,21
TACGTGGGCTAGGAGCTTTGAATCATTC,0,5
TACGTGGGCTCAGAGCCATGAGGCAGAG,50,40
TACGTGGGCTCAGAGCCATGAGGCCGCG,1,2
TACGTGGGCTCAGAGCCATGAGTCATAT,0,1
TACGTGGGCTCAGAGCCATGATGCAGAT,1,1
TACGTGGGCTCAGAGCCATGATGCATCG,0,1
TACGTGGGCTCAGAGCCATGATTCAGAG,5,0
TACGTGGGCTCAGAGCCATTAGTCATAG,1,4
TACGTGGGCTCAGAGCCATTATTCAGAT,1,0
TACGTGGGCTCAGCGCCATGATGCAGAG,0,1
TACGTGGGCTCGCAGGCGTGGCTCAAGT,0,22
TACGTGGGCTCGCAGGCGTGGCTCCCGT,0,3
TACGTGGGCTCGCAGGCGTGTCTCAATT,0,1
TACGTGGGCTCGCAGGCTTGTCTCAAGT,0,3
TACGTGGGCTCGCAGGCTTTTCTCAATT,0,2
TACGTGGGCTGGTAGGATTGAGGCATCT,0,20
TACGTGGGCTGGTAGGATTGATTCATCT,0,2
TACGTGGTCTATGAGCAGTGTGCCAGTC,49,0
TACGTGGTCTATGAGCATTTTTCCATTC,2,0
TACGTGTACTGAAAGATATGACGCAAAT,0,34
TACGTGTACTGAAAGATATTACTCAAAT,0,2
TACGTGTACTGAAAGATATTACTCACCT,0,1
TACGTGTACTGGAAGTGGTGGTTCATCC,46,0
TACGTGTACTGGAAGTGTTTTTTCATCC,3,0
TACGTGTACTGGAAGTTTTGGTTCATCC,3,0
TACGTGTCCTCAGAGTCTTGGTACACCG,1,0
TACGTGTGCTCAGAGCGTTGAGTCAATT,5,39
TACGTGTGCTCAGAGCGTTGAGTCCCTT,0,1
TACGTGTGCTCAGAGCGTTGATTCCATT,0,1
TACGTGTGCTCAGAGCGTTTATTCAATT,0,2
TACGTGTGCTCAGAGCTTTGAGTCCATT,0,1
TACGTGTTCTAGTAGCGCTGGCTCACAG,188,37
TACGTGTTCTAGTAGCGCTGGCTCCCCG,2,1
TACGTGTTCTAGTAGCGCTGTCTCACAT,7,2
TACGTGTTCTAGTAGCGCTGTCTCCCAG,1,0
TACGTGTTCTAGTAGCTCTGTCTCACAG,10,6
TACGTGTTCTAGTAGCTCTTTCTCACAT,3,1
TACGTGTTCTTGAAGCGCTGTAACACTT,55,41
TACGTGTTCTTGAAGCTCTTTAACACTT,0,2
TACGTTAACTATTAGAAGTTCCCCCATC,1,0
TACGTTAACTCGCAGATATGTGGCATAT,0,1
TACGTTAACTGCTAGTACTGACGCAAAT,4,0
TACGTTAACTGGCAGATATGGGGCATAT,36,62
TACGTTAACTGGCAGATATGGGGCCTCT,1,0
TACGTTAACTGGCAGATATGGTTCATAT,2,2
TACGTTAACTGGCAGATATGTGGCCTAT,1,0
TACGTTAACTGGCAGATATGTGTCATAT,2,1
TACGTTAACTGGCAGATATTGGTCATAT,0,1
TACGTTAACTGGCAGATATTTTTCATAT,2,11
TACGTTAACTGGCAGATATTTTTCCTCT,0,1
TACGTTAACTGTCAGCCATGTGGCATGG,0,36
TACGTTAACTGTCAGCCATGTGTCATGT,0,1
TACGTTAACTGTCAGCCATGTGTCATTG,0,1
TACGTTAACTGTCAGCCATGTTTCATGG,0,1
TACGTTAACTGTCAGCCATTTTGCATGT,0,1
TACGTTAACTTTTAGTTGTGGCGCAAGC,30,0
TACGTTAACTTTTAGTTGTGTCGCAATC,2,0
TACGTTAACTTTTAGTTGTTTCTCAATC,1,0
TACGTTAACTTTTAGTTTTGTCGCAAGC,1,0
TACGTTACCTGTTAGGCCTGTGGCAGAC,39,0
TACGTTACCTGTTAGGCCTGTGGCCGCC,1,0
TACGTTACCTGTTAGGCCTGTGTCATAC,1,0
TACGTTACCTGTTAGGCCTGTTTCAGAC,3,0
TACGTTAGCTATGAGTCTTGATGCACCT,79,77
TACGTTAGCTATGAGTCTTGATTCCCCT,1,0
TACGTTAGCTATGAGTCTTTATTCACCT,7,8
TACGTTATCTGTGAGTTTTTGTTCAAAC,0,1
TACGTTCACCGAAAGAGCTGTCTCAATG,0,1
TACGTTCACTCCCAGGGGTGATGCAATA,0,19
TACGTTCACTCCCAGGGTTGATTCAATA,0,1
TACGTTCACTCCCAGGTGTGATTCAATA,0,4
TACGTTCACTCTGAGGATTGTCTCAGAT,26,0
TACGTTCACTCTGAGGATTTTCTCCGCT,1,0
TACGTTCACTGAAAGAGCTGGCGCAAGG,0,111
TACGTTCACTGAAAGAGCTGGCGCCCGG,0,1
TACGTTCACTGAAAGAGCTGGCTCAAGT,0,1
TACGTTCACTGAAAGAGCTGGCTCAATG,0,2
TACGTTCACTGAAAGAGCTGTCGCAATG,0,1
TACGTTCACTGAAAGAGCTGTCTCAAGG,0,4
TACGTTCACTGAAAGAGCTGTCTCAATT,0,1
TACGTTCACTGAAAGAGCTGTCTCCCGG,0,1
TACGTTCACTGAAAGAGCTTGCGCAAGT,0,1
TACGTTCACTGAAAGAGCTTGCGCACGG,0,1
TACGTTCACTGAAAGAGCTTTCGCAAGG,0,2
TACGTTCACTGAAAGAGCTTTCGCCCGG,0,1
TACGTTCACTGAAAGATCTGGCTCAAGG,0,1
TACGTTCACTGAAAGATCTGTCGCAAGT,0,1
TACGTTCACTGAAAGATCTGTCTCAATG,0,2
TACGTTCACTGAAAGATCTGTCTCACGG,0,1
TACGTTCACTGAAAGATCTTTCTCAATT,0,8
TACGTTCACTGGAAGGTGTGACACACAT,0,79
TACGTTCACTGGAAGGTTTTACACACAT,0,3
TACGTTCGCTACAAGGGATGGATCACGG,16,61
TACGTTCGCTACAAGGGATGGATCACTT,0,5
TACGTTCGCTACAAGGGATGTATCACGT,2,0
TACGTTCGCTACAAGGGATGTATCACTG,0,1
TACGTTCGCTACAAGGGATGTATCCCGG,0,1
TACGTTCGCTACAAGGGATTGATCACTG,0,2
TACGTTCGCTACAAGGGATTTATCACGG,0,1
TACGTTCGCTACAAGGTATGGATCACGT,1,2
TACGTTCGCTACAAGGTATGGATCACTG,0,1
TACGTTCGCTACAAGGTATGTATCACGG,1,2
TACGTTCGCTACAAGGTATTGATCACTT,0,1
TACGTTCGCTACAAGTGATGGATCACGT,3,6
TACGTTCGCTACAAGTGATGTATCACTT,0,2
TACGTTCGCTACAAGTGATTGATCACTT,0,1
TACGTTCGCTACAAGTGATTTATCACGT,0,2
TACGTTCGCTACAAGTGATTTATCACTG,0,1
TACGTTCGCTACAAGTTATGGATCACGG,1,0
TACGTTCGCTACAAGTTATTGATCACGT,0,2
TACGTTCGCTACAAGTTATTGATCACTG,0,1
TACGTTCGCTACAAGTTATTTATCACTT,1,5
TACGTTCGCTATCAGCTGTGGGGCACCG,0,32
TACGTTCGCTATCAGCTGTGGGTCACCT,0,1
TACGTTCGCTATCAGCTGTGGTGCACCT,0,1
TACGTTCGCTATCAGCTGTGTGTCACCG,0,1
TACGTTCGCTATCAGCTGTGTTGCACCG,0,1
TACGTTCGCTATCAGCTTTGTTTCACCG,0,1
TACGTTCGCTATCAGCTTTTTTTCACCT,0,2
TACGTTCGCTGAGAGCTTTGTATCAACG,1,0
TACGTTCGCTGAGAGCTTTTTTTCAACT,0,1
TACGTTGACTCCTAGCTTTTCTTCATTA,1,0
TACGTTGCCTATTAGTGTTGTTTCAACC,0,1
TACGTTGGCTTTGAGGTCTGCACCATAA,34,0
TACGTTGGCTTTGAGGTCTGCACCCTCA,1,0
TACGTTGTCTGTGAGTTCTGGAGCAAAC,0,1
TACGTTGTCTGTGAGTTGGGGTGCCACC,0,1
TACGTTGTCTGTGAGTTGTGGTGCAAAC,0,98
TACGTTGTCTGTGAGTTGTGGTGCCCCC,0,2
TACGTTGTCTGTGAGTTGTGTTGCCCAC,0,1
TACGTTGTCTGTGAGTTGTGTTTCAAAC,0,2
TACGTTGTCTGTGAGTTGTTTTGCAAAC,0,3
TACGTTGTCTGTGAGTTTTGTTGCAAAC,0,2
TACGTTGTCTGTGAGTTTTGTTGCCCCC,0,1
TACGTTGTCTGTGAGTTTTGTTTCCAAC,0,1
TACGTTGTCTGTGAGTTTTTTTTCAAAC,0,7
TACGTTTACTGAGAGGAGTGATCCACTC,0,3
TACGTTTCCTGGAAGGCATGCTTCAAGA,0,1
TACGTTTCCTGGAAGGCATGGTTCATGA,110,148
TACGTTTCCTGGAAGGCATGGTTCCTGC,1,1
TACGTTTCCTGGAAGGCATGTTTCATGC,1,0
TACGTTTCCTGGAAGGCATTTTTCATTA,6,8
TACTTTACCTCTCAGCTATTTCACAATT,1,0
TAGCTCATCTCAGAGTATTTTCACATTT,0,1
TAGCTGCACTCACAGCGGTGACGCATCG,0,1
TAGCTGCGCTGAGAGACTTTTTTCATTT,0,1
TAGGAGAACTGCTAGTTGTGACCCCCAG,0,1
TAGGAGATCTGAGAGTATTGGCACCGGG,0,1
TAGGATCACTAGTAGCTGTGTCTCAAAT,0,1
TAGGTAAACTACAAGTCATGTCGCATGT,92,31
TAGGTAAACTACAAGTCATGTCTCCTGT,1,0
TAGGTAAACTACAAGTCATGTCTCTTTT,1,0
TAGGTAAACTACAAGTCATTTCTCATTT,11,3
TAGGTAACCTGTCAGGTATGGGCCACAT,28,0
TAGGTAACCTGTCAGGTATGGGCCCCCT,1,0
TAGGTAACCTGTCAGGTATGTTCCACAT,7,0
TAGGTAAGCTATAAGCGCTGGCGCATTG,1,0
TAGGTAAGCTATAAGCGGTGGGGCATTG,29,0
TAGGTAAGCTATAAGCGGTGTTGCATTG,2,0
TAGGTAAGCTATAAGCGGTTGTTCATTG,1,0
TAGGTAAGCTATAAGCGTTGTGGCATTG,1,0
TAGGTAAGCTATAAGCTGTGGGGCATTT,1,0
TAGGTAAGCTATAAGCTTTGGGGCATTG,1,0
TAGGTAAGCTATAAGCTTTGTTTCATTT,2,0
TAGGTAAGCTTCGAGTACTGTATCATGA,0,1
TAGGTAATCTACAAGTCATGTCTCATGT,0,1
TAGGTAATCTAGCAGTCTTGTTCCAGAA,1,0
TAGGTAATCTTCTAGCTCTGAAGCACAT,0,20
TAGGTAATCTTCTAGCTCTTAATCACAT,0,1
TAGGTACACTCCGAGGAAGGGTGCCGTC,0,1
TAGGTACACTCCGAGGAATCGTGCATTC,0,1
TAGGTACACTCCGAGGAATGGTGCAGTC,119,130
TAGGTACACTCCGAGGAATGTACCATTC,1,0
TAGGTACACTCCGAGGAATGTTGCCGTC,0,1
TAGGTACACTCCGAGGAATGTTTCAGTC,8,4
TAGGTACACTCCGAGGAATTGTTCAGTC,2,0
TAGGTACACTCCGAGGAATTTTGCAGTC,0,1
TAGGTACACTCCGAGGAATTTTTCATTC,8,2
TAGGTACACTCCGAGGATTGGTGCATTC,0,1
TAGGTACACTCCGAGTAATTGTGCAGTC,0,1
TAGGTACACTCTTAGGTATGGATCACAA,166,89
TAGGTACACTCTTAGGTATGGATCCCCA,2,1
TAGGTACACTCTTAGGTATGTATCCCAA,0,2
TAGGTACACTCTTAGGTATTTATCACAA,5,2
TAGGTACACTCTTAGTTATGTATCACAA,0,1
TAGGTACCCTGCCAGTTGTGCGTCATGC,43,0
TAGGTACCCTGCCAGTTGTTCGTCATTC,2,0
TAGGTACCCTGCCAGTTTTGCTTCATTC,6,0
TAGGTACGCTACCAGATATGGGTCATGA,0,32
TAGGTACGCTACCAGATATGGGTCCTGC,0,1
TAGGTACGCTACCAGATATGTGTCATTA,0,3
TAGGTACGCTACCAGATATTGTTCATGA,0,1
TAGGTACGCTACCAGATATTTGTCATGA,0,1
TAGGTACGCTACCAGATATTTTTCATTA,0,2
TAGGTACGCTCTGAGTTATGGATCACAA,1,0
TAGGTAGACTAGTAGCTGTGTCGCAAAG,362,163
TAGGTAGACTAGTAGCTGTGTCGCACCG,2,0
TAGGTAGACTAGTAGCTGTGTCGCCCAG,7,5
TAGGTAGACTAGTAGCTGTGTCTCAAAT,17,7
TAGGTAGACTAGTAGCTGTGTCTCCCAT,1,0
TAGGTAGACTAGTAGCTGTTTCTCAAAG,1,2
TAGGTAGACTAGTAGCTTCGTCGCAAAG,1,0
TAGGTAGACTAGTAGCTTTGTCGCAAAT,1,2
TAGGTAGACTAGTAGCTTTGTCTCAAAG,17,1
TAGGTAGACTAGTAGCTTTTTCTCAAAT,5,4
TAGGTAGACTAGTAGCTTTTTCTCCCAG,0,1
TAGGTAGACTTGAAGGGATGCTCCAGTC,70,153
TAGGTAGACTTGAAGGTATTCTCCATTC,5,9
TAGGTAGCCTAAAAGTGATGGATCATGT,162,138
TAGGTAGCCTAAAAGTGATGGATCCTTT,1,0
TAGGTAGCCTAAAAGTGATGTATCATTT,3,4
TAGGTAGCCTAAAAGTGATGTATCCTGT,1,0
TAGGTAGCCTAAAAGTGATGTATTATGT,1,0
TAGGTAGCCTAAAAGTGATTGATCATTT,0,1
TAGGTAGCCTAAAAGTGATTTATCATGT,0,3
TAGGTAGCCTAAAAGTTATGGATCATTT,1,0
TAGGTAGCCTAAAAGTTATGTATCATGT,1,0
TAGGTAGCCTAAAAGTTATTGATCATGT,1,0
TAGGTAGCCTAAAAGTTATTTATCATGA,1,0
TAGGTAGCCTAAAAGTTATTTATCATTT,8,7
TAGGTAGCCTAAAAGTTATTTATCCTGT,1,0
TAGGTAGCCTCATAGTACTGCTCCAATG,34,81
TAGGTAGCCTCATAGTACTGCTCCCCTG,1,3
TAGGTAGCCTCATAGTACTTCTCCAATT,2,0
TAGGTAGCCTCGCAGGCGTGTGCCAATG,0,1
TAGGTAGCCTTAGAGGCCTGAGTCATAT,147,170
TAGGTAGCCTTAGAGGCCTGAGTCCTCT,0,3
TAGGTAGCCTTAGAGGCCTGATTCCTAT,0,1
TAGGTAGCCTTAGAGGCCTTATTCATAT,2,4
TAGGTAGGCTAGTAGTCATGGTGCATGG,60,103
TAGGTAGGCTAGTAGTCATGGTTCATTT,1,4
TAGGTAGGCTAGTAGTCATGGTTCCTGT,0,1
TAGGTAGGCTAGTAGTCATGTTGCATGT,2,3
TAGGTAGGCTAGTAGTCATGTTGCATTG,1,2
TAGGTAGGCTAGTAGTCATTGTTCATGG,1,1
TAGGTAGGCTAGTAGTCATTTTGCATGG,0,2
TAGGTAGGCTAGTAGTCATTTTTCATTT,4,10
TAGGTAGGCTATTAGGGCTGCCGCACGC,17,0
TAGGTAGGCTATTAGGTCTGCCGCACTC,2,0
TAGGTAGGCTGTAAGCATTGTTCCAGTT,0,1
TAGGTAGGCTGTAAGCTGAGGGCCCGTT,2,0
TAGGTAGGCTGTAAGCTGTGGGCCAGTT,117,196
TAGGTAGGCTGTAAGCTGTGGTCCCGTT,0,1
TAGGTAGGCTGTAAGCTGTGTGCCATTT,0,1
TAGGTAGGCTGTAAGCTGTGTGCCCGTT,1,2
TAGGTAGGCTGTAAGCTGTGTTCCAGTT,15,15
TAGGTAGGCTGTAAGCTGTTGTCCAGTT,0,3
TAGGTAGGCTGTAAGCTGTTTGCCAGTT,0,1
TAGGTAGGCTGTAAGCTGTTTTCCATTT,3,9
TAGGTAGGCTGTAAGCTGTTTTCCCGTT,1,0
TAGGTAGGCTGTAAGCTTATTTCCATTT,0,1
TAGGTAGGCTGTAAGCTTTGGTCCAGTT,0,4
TAGGTAGGCTGTAAGCTTTGTGCCAGTT,0,1
TAGGTAGGCTGTAAGCTTTGTTCCATTT,0,3
TAGGTAGGCTGTAAGCTTTTTTCCAGTT,1,2
TAGGTAGTCTTCGAGTTATGGTACACTA,38,0
TAGGTAGTCTTCGAGTTATTTTACACTA,1,0
TAGGTATACTCATAGATCTGCTACATAT,0,1
TAGGTATACTTTCAGTATAGTGCCCGCT,0,1
TAGGTATACTTTCAGTCTTGTTCCAGCT,1,0
TAGGTATACTTTCAGTTTTGTGCCAGCT,26,52
TAGGTATACTTTCAGTTTTTTTCCATCT,4,6
TAGGTATCCTAAAAGCAATGATCCACTT,0,1
TAGGTATGCTGAAAGAAAAGCATCCATG,0,1
TAGGTATGCTGAAAGAAATGCATCAATG,20,35
TAGGTATGCTGAAAGAAATTCATCAATT,0,1
TAGGTCACCTAGGAGGATTGACTCAGCG,0,30
TAGGTCACCTAGGAGGATTGACTCATCT,0,4
TAGGTCACCTAGGAGGATTTACTCATCG,0,2
TAGGTCACCTTGGAGTAATTCGTCATAT,1,0
TAGGTCAGCTCGCAGGTATGGGCCATTT,0,17
TAGGTCAGCTCGCAGGTATGTTCCATTT,0,4
TAGGTCAGCTCGCAGGTATTTGCCATTT,0,1
TAGGTCCACTCGAAGCTGTGCTCCACGT,0,35
TAGGTCCACTCGAAGCTTTTCTCCACGT,0,1
TAGGTCCCCTAGGAGTAATTCGTCATAT,0,1
TAGGTCCGCTTACAGCAATGGAGCACCA,5,0
TAGGTCCGCTTACAGCAATTTATCACCA,2,0
TAGGTCCTCTACAAGGCCGGTACCCGTT,1,1
TAGGTCCTCTACAAGGCCTGAACCATAA,1,0
TAGGTCCTCTACAAGGCCTGTACCAGTT,307,77
TAGGTCCTCTACAAGGCCTGTACCATAT,0,1
TAGGTCCTCTACAAGGCCTTTACCATTT,8,1
TAGGTCCTCTACTAGTACTGTACCAGTA,0,1
TAGGTCCTCTCGTAGGCGTGAATCATGC,30,26
TAGGTCCTCTCGTAGGCGTTAATCATTC,0,1
TAGGTCCTCTCGTAGGCTTGAATCATTC,4,3
TAGGTCCTCTGTCAGGAGTGTCGCAGAG,0,35
TAGGTCCTCTGTCAGGAGTGTCTCATAG,0,2
TAGGTCCTCTGTCAGGATTGTCGCATAG,0,1
TAGGTCCTCTGTCAGGATTGTCTCAGAG,0,1
TAGGTCCTCTGTCAGGATTTTCTCATAT,0,1
TAGGTCGACTACTAGAACTGCGACAAAC,26,0
TAGGTCGACTACTAGAACTGCGACCCCC,1,0
TAGGTCGACTAGGAGTGGTGGTGCAACC,24,85
TAGGTCGACTAGGAGTGGTGGTGCCCCC,1,1
TAGGTCGACTAGGAGTGGTGTTTCAACC,2,3
TAGGTCGACTAGGAGTGTTGGTGCACCC,0,1
TAGGTCGACTAGGAGTGTTGGTTCAACC,1,1
TAGGTCGACTAGGAGTTGTGTTGCAACC,1,0
TAGGTCGACTAGGAGTTTTGGTGCAACC,1,2
TAGGTCGACTAGGAGTTTTGGTGCCCCC,0,1
TAGGTCGACTAGGAGTTTTTTTTCAACC,4,4
TAGGTCGCCTACTAGATGTTAACCATTT,0,1
TAGGTCGCCTACTAGTTGTGAACCAGTG,0,38
TAGGTCGCCTACTAGTTGTGAACCCGTT,0,1
TAGGTCGCCTACTAGTTTTGAACCATTT,0,1
TAGGTCGCCTGTCAGCTATGTATCATCA,1,0
TAGGTCGCCTGTCAGCTATGTTGCATCA,122,16
TAGGTCGCCTGTCAGCTATGTTGCCTCC,1,0
TAGGTCGCCTGTCAGCTATTTTTCATCA,4,0
TAGGTCGCCTTGGAGTAATGCGTCATAT,95,30
TAGGTCGCCTTGGAGTAATGCGTCCTCT,2,0
TAGGTCGCCTTGGAGTAATTCTTCATAT,9,4
TAGGTCGGCAGCCAGAAATTTCCCATCC,0,1
TAGGTCGGCTCACAGCGTTTATTCAACT,0,1
TAGGTCGGCTGACAGCGTTGAGGCAACT,45,201
TAGGTCGGCTGACAGCGTTGAGGCCCCT,0,7
TAGGTCGGCTGACAGCGTTGAGTCATCT,0,1
TAGGTCGGCTGACAGCGTTGATTCAACT,4,6
TAGGTCGGCTGACAGCGTTTAGTCAACT,2,0
TAGGTCGGCTGACAGCGTTTATGCAACT,1,0
TAGGTCGGCTGACAGCTTTGAGTCAACT,0,2
TAGGTCGGCTGACAGCTTTGATGCAACT,1,0
TAGGTCGGCTGACAGCTTTTATTCAACT,1,3
TAGGTCGGCTGCCAGAAATGTCCCATCC,8,115
TAGGTCGGCTTGAAGTGTTGGTCCACAC,0,31
TAGGTCGGCTTGAAGTGTTTTTCCACAC,0,3
TAGGTCGGCTTGAAGTTTTGTTCCACAC,0,1
TAGGTCGTCTGACAGTTGTGATTCACTT,1,0
TAGGTCGTCTGACAGTTGTGTTTCACGT,69,166
TAGGTCGTCTGACAGTTGTTTTTCACTT,1,1
TAGGTCGTCTGACAGTTTTGTTTCACTT,2,4
TAGGTCGTCTGCGAGACCTGTTCCACTG,83,0
TAGGTCGTCTGCGAGACCTGTTCCCCTT,1,0
TAGGTCGTCTGCGAGACCTTTTCCACTT,1,0
TAGGTCTACTGACAGTATTGGGTCAACA,44,0
TAGGTCTACTGACAGTATTGGGTCCCCC,2,0
TAGGTCTACTGACAGTATTGTTTCAACA,3,0
TAGGTCTACTGACAGTATTGTTTCCCCA,1,0
TAGGTCTACTGACAGTATTTGGTCCACA,1,0
TAGGTCTACTGACAGTATTTGTTCAACA,1,0
TAGGTCTACTGACAGTATTTTGTCAACA,2,0
TAGGTCTACTTGAAGATTTGTGACACTA,1,0
TAGGTCTCCTGCTAGAGGTGTACCAATG,95,227
TAGGTCTCCTGCTAGAGGTGTACCCCTG,1,3
TAGGTCTCCTGCTAGAGGTTTACCAATT,0,1
TAGGTCTCCTGCTAGAGTTGTACCAATT,1,3
TAGGTCTCCTGCTAGAGTTTTACCCATT,0,1
TAGGTCTCCTGCTAGATGTGTACCAATT,1,0
TAGGTCTCCTGCTAGATGTGTACCACTG,1,0
TAGGTCTCCTGCTAGATTTGTACCAATG,5,16
TAGGTCTCCTGCTAGATTTTTACCAATT,4,4
TAGGTCTCCTGCTAGGTCTGGAACAGAC,21,0
TAGGTCTCCTGCTAGGTCTGGAACGTAC,1,0
TAGGTCTCCTGCTAGGTCTTTAACATAC,6,0
TAGGTCTGCTGGAAGAGATGTGGCAGGT,0,38
TAGGTCTGCTGGAAGAGATGTGTCAGTT,0,2
TAGGTCTGCTGGAAGAGATGTTGCATGT,0,1
TAGGTCTGCTGGAAGAGATTTTTCAGTT,0,1
TAGGTCTGCTGGAAGAGATTTTTCATGT,0,1
TAGGTCTGCTGGAAGAGCTGTGTCAGGT,0,1
TAGGTCTGCTGGAAGATATGTGTCATTT,0,1
TAGGTCTGCTGGAAGATATTTTTCATTT,0,1
TAGGTGAACTGAGAGTATTGGCACCGGG,1,0
TAGGTGAACTGCTAGTTGTGACCCACAG,35,31
TAGGTGAACTGCTAGTTGTGCCCCACAT,0,1
TAGGTGAACTGCTAGTTTTTACCCACAT,2,2
TAGGTGAACTGTAAGTGGTGGCCCATAT,0,46
TAGGTGAACTGTAAGTGGTGGCCCCTCT,0,1
TAGGTGAACTGTAAGTGTTGTCCCATAT,0,2
TAGGTGACCTCACAGCGTTGACGCATCT,1,0
TAGGTGAGCTATTAGCTATGTTCCATTA,0,1
TAGGTGAGCTCTGAGTCCTGCGACAATT,0,29
TAGGTGAGCTTAAAGGTGTGCGTCAACG,0,18
TAGGTGAGCTTAAAGGTGTGCTTCAACT,0,3
TAGGTGAGCTTAAAGGTTTGCGTCAACT,0,1
TAGGTGATCTAAAAGCTTTGTTTCAATT,1,0
TAGGTGATCTACCAAGCTTGTGGCAGCA,0,1
TAGGTGATCTACCAGGCTTGGGGCAGCA,42,48
TAGGTGATCTACCAGGCTTGGGGCCGCC,0,1
TAGGTGATCTACCAGGCTTGGTTCAGCA,1,0
TAGGTGATCTACCAGGCTTGTGTCAGCA,3,1
TAGGTGATCTACCAGGCTTGTTGCATCA,2,2
TAGGTGATCTACCAGGCTTTTTTCATCA,6,2
TAGGTGATCTCTGAGTCGACCCTCACTT,1,0
TAGGTGATCTCTGAGTCGTGCCGCACGG,38,0
TAGGTGATCTCTGAGTCGTGCCTCACTG,4,0
TAGGTGATCTCTGAGTCGTTCCTCACGT,1,0
TAGGTGATCTCTGAGTCTATCCTCACTG,1,0
TAGGTGATCTCTGAGTCTTTCCGCACGG,1,0
TAGGTGATCTCTGAGTCTTTCCTCACTT,6,0
TAGGTGATCTGACAGTATTTTCACAGTT,1,0
TAGGTGATCTGAGAGAATTGCCACAGCG,1,0
TAGGTGATCTGAGAGAATTGCCACATGT,1,0
TAGGTGATCTGAGAGTAATGGCACATGC,1,0
TAGGTGATCTGAGAGTATTGGCACAGGG,669,624
TAGGTGATCTGAGAGTATTGGCACAGTT,2,3
TAGGTGATCTGAGAGTATTGGCACATGT,1,3
TAGGTGATCTGAGAGTATTGGCACATTG,13,12
TAGGTGATCTGAGAGTATTGGCACCGGT,1,1
TAGGTGATCTGAGAGTATTGGCACCTGG,1,0
TAGGTGATCTGAGAGTATTGTCACAGGT,12,3
TAGGTGATCTGAGAGTATTGTCACAGTG,40,50
TAGGTGATCTGAGAGTATTGTCACATGG,26,25
TAGGTGATCTGAGAGTATTGTCACCGGG,4,3
TAGGTGATCTGAGAGTATTGTCACCTGT,2,0
TAGGTGATCTGAGAGTATTTGCACAGGT,1,0
TAGGTGATCTGAGAGTATTTGCACAGTG,7,3
TAGGTGATCTGAGAGTATTTGCACATGG,2,3
TAGGTGATCTGAGAGTATTTGCACCGGG,1,0
TAGGTGATCTGAGAGTATTTTCACAGGG,2,1
TAGGTGATCTGAGAGTATTTTCACATTT,64,49
TAGGTGATCTGGTAGCCCTGAGTCCTGT,1,0
TAGGTGCACTCAGAGGTTTGTGTCATAG,31,5
TAGGTGCACTCGCAGTATTGACGCACCG,42,18
TAGGTGCACTCGCAGTATTGACTCACCT,1,0
TAGGTGCACTCGCAGTATTTACTCACCG,3,0
TAGGTGCCCTAGGAGTATAGGCTCATTC,0,1
TAGGTGCCCTAGGAGTATTGGCTCAGTC,133,56
TAGGTGCCCTAGGAGTATTTTCTCATTC,22,5
TAGGTGCCCTCACAGCGGGGACGCCTCG,0,1
TAGGTGCCCTCACAGCGGTGACGCATCG,77,152
TAGGTGCCCTCACAGCGGTGACGCCTCT,0,1
TAGGTGCCCTCACAGCGGTGACTCATCT,2,5
TAGGTGCCCTCACAGCGTTGACTCATCG,0,4
TAGGTGCCCTCACAGCGTTGCCGCATCT,0,1
TAGGTGCCCTCACAGCGTTTACTCATCT,2,1
TAGGTGCCCTCACAGCTCTCTCGCCAAT,1,0
TAGGTGCCCTCACAGCTCTGTCGCAAAT,185,122
TAGGTGCCCTCACAGCTCTGTCTCCCAT,3,2
TAGGTGCCCTCACAGCTCTTTCTCAAAT,10,4
TAGGTGCCCTCACAGCTGTGACGCATCT,0,1
TAGGTGCCCTCACAGCTGTGACGCCTCG,1,0
TAGGTGCCCTCACAGCTGTGACTCATCG,2,4
TAGGTGCCCTCACAGCTGTTACTCATCT,1,0
TAGGTGCCCTCACAGCTTTGACGCATCG,5,11
TAGGTGCCCTCACAGCTTTGACTCATCT,6,10
TAGGTGCCCTCACAGCTTTTACTCATCG,0,2
TAGGTGCCCTCACATCTCTGTCTCAAAT,1,0
TAGGTGCCCTGAGAGATGTGCGTCAAGA,34,30
TAGGTGCCCTGAGAGATTATCGTCAAGA,0,1
TAGGTGCCCTGAGAGATTTGCGTCAATA,0,1
TAGGTGCCCTGAGAGATTTGCTTCAAGA,1,0
TAGGTGCCCTGAGAGATTTTCTTCAATA,2,2
TAGGTGCCCTGAGAGATTTTCTTCCCGA,1,0
TAGGTGCCCTTGAAGCGATGAGTCAGTA,0,75
TAGGTGCCCTTGAAGCGATGAGTCCTTA,0,1
TAGGTGCCCTTGAAGCGATGATTCATTA,0,2
TAGGTGCCCTTGAAGCTATGATTCAGTA,0,2
TAGGTGCCCTTGAAGCTATTATTCATTA,0,2
TAGGTGCGCTAGCAGGGTTGCTCCATGT,19,27
TAGGTGCGCTAGCAGGTTTGCTCCATTT,1,1
TAGGTGCGCTAGCAGGTTTTCTCCATGT,0,2
TAGGTGCGCTGCGAGACGTGGGTCAGTG,0,37
TAGGTGCGCTGCGAGACGTGTTTCAGTG,0,2
TAGGTGCGCTGCGAGACGTTTTTCATTT,0,3
TAGGTGCGCTGCGAGACTTGTGTCAGTG,0,1
TAGGTGCGCTGCGAGACTTTTTTCAGTT,0,2
TAGGTGCGCTGGTAGAGGTGAGGCAGTG,4,0
TAGGTGCGCTGGTAGATTTGATTCAGTG,2,0
TAGGTGCGCTGTGAGTGTTGGTTCACTG,19,0
TAGGTGCGCTGTGAGTTTTGTTTCACTT,1,0
TAGGTGCGCTTGAAGGGGTGCGGCATTG,33,51
TAGGTGCGCTTGAAGGGGTGCGTCATAT,0,1
TAGGTGCGCTTGAAGGGGTGCTTCATTG,0,3
TAGGTGCGCTTGAAGGGGTTCTTCATTT,0,1
TAGGTGCGCTTGAAGGTGTGCGTCATTG,1,0
TAGGTGCGCTTGAAGGTGTGCTGCATTG,0,3
TAGGTGCGCTTGAAGGTTTGCGGCATTG,3,2
TAGGTGCGCTTGAAGGTTTGCGTCATTT,0,2
TAGGTGCGCTTGAAGGTTTGCTTCATTG,0,1
TAGGTGCGCTTGAAGGTTTTCGTCATTG,1,1
TAGGTGCGCTTGAAGGTTTTCTTCATTT,2,0
TAGGTGCGCTTGAAGTTGTTCGTCATTG,1,0
TAGGTGCGCTTGTAGTAGTGACCCACCT,0,1
TAGGTGCTCTGATAGGATGGAGCCCCTT,1,0
TAGGTGCTCTGATAGGATTGAGCCACTT,38,56
TAGGTGCTCTGATAGGATTTATCCACTT,1,2
TAGGTGGACTGTTAGCTTTGCGTCAACC,0,6
TAGGTGGACTTCAAGTTTTGTCACATTA,232,137
TAGGTGGACTTCAAGTTTTGTCACCTTC,0,1
TAGGTGGCCTAGTAGACTAGCATCACTG,0,1
TAGGTGGCCTAGTAGACTTGCATCACGG,51,205
TAGGTGGCCTAGTAGACTTGCATCACTT,6,16
TAGGTGGCCTAGTAGACTTGCATCCCGT,0,1
TAGGTGGCCTAGTAGACTTTCATCACGT,0,2
TAGGTGGCCTAGTAGACTTTCATCACTG,1,6
TAGGTGGCCTCGCAGACATGGTTCATCA,5,31
TAGGTGGCCTCGCAGACATTTTTCATCA,0,1
TAGGTGGCCTTAAAGTAGTGGGCCTGAT,0,1
TAGGTGGCCTTAAAGTTGTGGGCCGGAT,15,155
TAGGTGGCCTTAAAGTTGTGGGCCTGCT,0,1
TAGGTGGCCTTAAAGTTGTGGGCCTTAT,0,1
TAGGTGGCCTTAAAGTTGTGGTCCGTAT,0,1
TAGGTGGCCTTAAAGTTGTGGTCCTGAT,1,4
TAGGTGGCCTTAAAGTTGTGTGCCGTAT,0,1
TAGGTGGCCTTAAAGTTGTGTGCCTGAT,1,10
TAGGTGGCCTTAAAGTTGTGTTCCCGCT,0,1
TAGGTGGCCTTAAAGTTGTGTTCCGGAT,2,7
TAGGTGGCCTTAAAGTTGTGTTCCTTAT,1,4
TAGGTGGCCTTAAAGTTGTTTTCCTGAT,0,2
TAGGTGGCCTTAAAGTTTTGTGCCGGAT,1,2
TAGGTGGCCTTAAAGTTTTGTTCCTGAT,0,1
TAGGTGGCCTTAAAGTTTTTGTCCTGAT,0,1
TAGGTGGCCTTAAAGTTTTTTTCCTTAT,1,1
TAGGTGGGCTCGGAGTACTGCAGCATTC,1,0
TAGGTGGGCTGCCAGGCTTGTCCCAACT,0,24
TAGGTGGGCTTCTAGGATTTATTCATCT,1,0
TAGGTGGGCTTCTAGGCGTGAGTCATCG,33,0
TAGGTGGGCTTCTAGGCGTGATTCATCT,2,0
TAGGTGGGCTTCTAGGCGTTAGTCATCT,1,0
TAGGTGGGCTTCTAGGCTTGAGTCATCT,3,0
TAGGTGGGCTTCTTGGCGTGAGTCCTCG,1,0
TAGGTGGTCTAGTAGGTGTGTACCACAC,35,0
TAGGTGGTCTAGTAGGTTTTTACCACAC,1,0
TAGGTGGTCTCGGAGTATTGAAGCATTC,126,0
TAGGTGGTCTCGGAGTATTTAATCATTC,9,0
TAGGTGGTCTCTTAGAGGTGATGCAACG,0,32
TAGGTGGTCTCTTAGAGGTGATGCCCCG,0,1
TAGGTGGTCTCTTAGAGGTGATTCAACT,0,1
TAGGTGGTCTCTTAGATGTTATGCAACG,0,1
TAGGTGGTCTCTTAGATTTGATTCAACT,0,4
TAGGTGTACTAGGAGCTGTGATACAATT,1,0
TAGGTGTACTGGAAGTGGTGGGGCAAGG,0,20
TAGGTGTACTGGAAGTGTTGTGTCAATG,0,1
TAGGTGTACTGGAAGTGTTGTTGCAATG,0,1
TAGGTGTACTGGAAGTGTTGTTTCAATT,0,1
TAGGTGTACTGGAAGTTGTGGTTCAAGG,0,1
TAGGTGTACTGGAAGTTTTTGGTCAATT,0,1
TAGGTGTACTGGAAGTTTTTTTTCAATG,0,1
TAGGTGTACTTGGAGGTATGACTCAGCT,0,1
TAGGTGTCCTAGGAGGTTTGCGGCAGAC,102,67
TAGGTGTCCTAGGAGGTTTGCGGCCGCC,2,2
TAGGTGTCCTAGGAGGTTTGCTGCATAC,1,0
TAGGTGTCCTAGGAGGTTTGCTTCAGAC,8,4
TAGGTGTCCTAGGAGGTTTGCTTCCTAC,0,1
TAGGTGTCCTAGGAGGTTTTCGGCATAC,1,0
TAGGTGTCCTAGGAGGTTTTCTGCAGAC,0,1
TAGGTGTCCTAGGAGGTTTTCTTCATAC,9,3
TAGGTGTCCTATGAGGTGTGTCACAAGG,27,53
TAGGTGTCCTATGAGGTGTGTCACAATT,0,4
TAGGTGTCCTATGAGGTGTGTCACCAGT,0,1
TAGGTGTCCTATGAGGTGTGTCACCCGG,1,1
TAGGTGTCCTATGAGGTTTGTCACAAGT,0,1
TAGGTGTCCTATGAGGTTTTTCACAATG,0,1
TAGGTGTGCTGTCAGAGTTGTAGCAGTA,23,48
TAGGTGTGCTGTCAGAGTTGTATCATTA,2,2
TAGGTGTGCTGTCAGAGTTTTATCAGTA,0,1
TAGGTGTGCTGTCAGATATTTATCAGTA,1,0
TAGGTGTGCTGTCAGATTTGTATCAGTA,1,1
TAGGTGTGCTGTCAGATTTTTATCATTA,0,3
TAGGTGTGCTTGGAGGTTTGCTGCAGAG,1,0
TAGGTGTTCTCGGAGCAATGGGTCAAGG,18,4
TAGGTGTTCTCGGAGCAATGGGTCAATT,2,0
TAGGTGTTCTCGGAGCAATTTGTCAATT,1,0
TAGGTGTTCTCGGAGCAATTTTTCAAGT,4,0
TAGGTGTTCTGGTAGTGGTGAAACATCT,29,0
TAGGTGTTCTGGTAGTTTTGAAACCTCT,1,0
TAGGTTAGCTACAAGTGGTGTTACATTA,66,120
TAGGTTAGCTACAAGTGGTGTTACCTTC,0,1
TAGGTTAGCTACAAGTGTTGTTACATTC,1,0
TAGGTTAGCTACAAGTGTTTTTACATTA,0,1
TAGGTTAGCTACAAGTTTTGTTACATTA,2,7
TAGGTTAGCTGTAAGAATTGCGGCAAGT,20,0
TAGGTTAGCTGTAAGAATTGCTTCAAGT,4,0
TAGGTTAGCTGTAAGAATTTCTTCAATT,1,0
TAGGTTAGCTTAGAGGCATGTGTCACTA,50,78
TAGGTTAGCTTAGAGGCATTTTTCACTA,1,0
TAGGTTAGCTTCCAGTATTTAACCAATT,1,0
TAGGTTATCTTAGAGGTCTGGACCACTA,0,1
TAGGTTCCCTGTAAGTCTTGGGGCATTA,0,36
TAGGTTCCCTGTAAGTCTTGTGTCATTA,0,1
TAGGTTCCCTGTAAGTCTTGTTGCATTA,0,1
TAGGTTCCCTGTAAGTCTTTTTTCATTA,0,5
TAGGTTCGCTCAAAGTCTTGTCTCACAA,36,0
TAGGTTCGCTGGAAGCTGTGTCCCAGTA,0,1
TAGGTTCGCTTTCAGTTGTGGCTCAATC,1,0
TAGGTTCGCTTTCAGTTGTGGCTCATGC,41,87
TAGGTTCGCTTTCAGTTGTGTCTCATTC,3,5
TAGGTTCGCTTTCAGTTGTGTCTCCTGC,1,3
TAGGTTCGCTTTCAGTTGTTGCTCATTC,1,1
TAGGTTCGCTTTCAGTTGTTTCTCATGC,0,1
TAGGTTCGCTTTCAGTTTTGGCTCATTC,0,1
TAGGTTCGCTTTCAGTTTTGTCTCATGC,1,1
TAGGTTCGCTTTCAGTTTTTTCTCATTC,1,3
TAGGTTCTCTTAAAGCATTGAATCAATT,81,62
TAGGTTCTCTTAAAGCATTGAATCCCTT,3,1
TAGGTTGGCTGAAAGTTCTGGAACACTG,0,53
TAGGTTGGCTGAAAGTTCTGTAACACTT,0,2
TAGGTTGGCTGAAAGTTCTTGAACACTT,0,1
TAGGTTGGCTGAAAGTTCTTTAACACTG,0,4
TAGGTTGGCTTAAAGTTCTGTAACACTG,0,1
TAGGTTGTCTATCAGGAGTGCATCAATA,77,0
TAGGTTGTCTATCAGGAGTGCATCCCTA,1,0
TAGGTTGTCTATCAGGAGTTCATCACTC,1,0
TAGGTTGTCTATCAGGATTTCATCAATA,1,0
TAGGTTGTCTGAAAGGCGTGTGACATGA,0,44
TAGGTTGTCTGAAAGGCTTGTTACATTA,0,1
TAGGTTGTCTGGAAGGGTTGGACCAATG,59,66
TAGGTTGTCTGGAAGGGTTGGACCCCTG,0,3
TAGGTTGTCTGGAAGGGTTGTACCAATT,2,2
TAGGTTGTCTGGAAGGGTTTTACCAATG,0,3
TAGGTTGTCTGGAAGGTTTTGACCAATG,1,0
TAGGTTGTCTGGAAGGTTTTTACCAATT,0,2
TAGGTTGTCTGGTAGCTATTCTCCAATT,1,0
TAGGTTGTCTGGTAGTAATGCACCACGG,0,40
TAGGTTGTCTGGTAGTAATGCACCCCGT,0,1
TAGGTTGTCTGGTAGTAATTCACCACTT,0,3
TAGGTTGTCTTGTAGTCATGAGTCACCA,1,0
TAGGTTGTCTTGTAGTCTTGAGTCAAAC,0,1
TAGGTTTACTCAAAGGCGTGGAACACGA,0,70
TAGGTTTACTCAAAGGCGTGTAACCCGA,0,2
TAGGTTTACTCAAAGGCTTGTAACACGA,0,1
TAGGTTTACTGTCAGATGTGGGGCAAAC,0,50
TAGGTTTACTGTCAGATGTGGTTCAAAC,0,1
TAGGTTTACTGTCAGATGTGTTGCAAAC,0,5
TAGGTTTACTGTCAGATGTTGGTCAAAC,0,2
TAGGTTTACTGTCAGATTTTTTGCCAAC,0,1
TAGGTTTACTGTCAGATTTTTTTCAAAC,0,5
TAGGTTTCCTAGGAGGGTTGGTCCAGTC,0,26
TAGGTTTCCTAGGAGGTTTTTTCCATTC,0,1
TAGGTTTCCTGAAAGCTTTGATACAAGG,46,59
TAGGTTTCCTGAAAGCTTTGATACAATT,4,4
TAGGTTTCCTGAAAGCTTTGATACCCGG,1,2
TAGGTTTCCTGAAAGCTTTTATACAATG,0,1
TAGGTTTGCTTGCAGTTATGTCCCAGTC,0,26
TAGGTTTGCTTGCAGTTATTTCCCATTC,0,1
TAGGTTTGCTTGCAGTTATTTCCCCGTC,0,1
TAGGTTTGCTTTAAGCCATGATACAGGG,0,38
TAGGTTTGCTTTAAGCCATGATACAGTT,0,2
TAGGTTTGCTTTAAGCCATTATACATTT,0,2
TAGTTCGACTAGGAGTGGTGTTGCAACC,0,1
TATATACGCTAAGAGAATTGCGTCAGTT,0,1
TATCTACTCATCAATTTATTTTTCAACT,0,1
TATCTAGCCAGCCAGGCTTGTTTCATCT,0,1
TATCTTAACACATAGCAATTTTTCACTA,1,0
TATGTAAACTCTTAGCAATGGTGCACTA,1,0
TATGTAAACTGAGAGCATTCCGCCAAAA,1,0
TATGTAAACTGAGAGGATTGCGCCAAAA,157,148
TATGTAAACTGAGAGGATTGCGCCCCAA,1,2
TATGTAAACTGAGAGGATTGCTCCCAAA,2,1
TATGTAAACTGAGAGTAATGCTCCAAAA,1,0
TATGTAAACTGAGAGTATTGCGCCCAAA,1,0
TATGTAAACTGAGAGTATTTCTCCAAAA,16,26
TATGTAACCTAACAGTGGTGCCGCACAG,30,37
TATGTAACCTAACAGTGGTGCCTCACAT,1,1
TATGTAACCTAACAGTGGTTCCTCACAG,1,2
TATGTAACCTAACAGTTTTGCCTCACAG,6,5
TATGTAACCTAACAGTTTTTCCTCACAT,0,1
TATGTAACCTTAGACGACTCTCACAACG,1,0
TATGTAACCTTAGAGGACTGGCACAACG,45,9
TATGTAACCTTAGAGGACTGGCACCCCG,3,0
TATGTAACCTTAGAGGACTGTCACAACT,6,0
TATGTAACCTTAGAGGACTGTCACCCCT,1,1
TATGTACCATCGAAGGCTTTATTCATCC,0,1
TATGTACCCTCGAAGGCTTGAGGCAGCC,103,66
TATGTACCCTCGAAGGCTTGATTCATCC,15,8
TATGTACCCTCGAAGGCTTGATTCCGCC,2,0
TATGTACCCTCGAAGGCTTTAGTCATCC,4,1
TATGTACCCTCGAAGGCTTTAGTCCGCC,0,1
TATGTACGCTAAGAGAATTGCGGCAGGT,0,34
TATGTACGCTAAGAGAATTGCTTCAGGT,0,3
TATGTACGCTAAGAGAATTTCGTCAGTT,0,1
TATGTACGCTAAGAGAATTTCTGCAGGT,0,1
TATGTACGCTAAGAGAATTTCTTCATTT,0,6
TATGTACTCTTCAAGTGAAGGTGCAACT,1,0
TATGTACTCTTCAAGTGATGGTGCAACG,86,127
TATGTACTCTTCAAGTGATGGTGCCCCG,6,3
TATGTACTCTTCAAGTGATGGTTCAACT,3,2
TATGTACTCTTCAAGTGATGGTTCACCG,0,1
TATGTACTCTTCAAGTGATGTTGCAACT,7,3
TATGTACTCTTCAAGTGATGTTGCCCCT,0,1
TATGTACTCTTCAAGTGATGTTTCAACG,2,1
TATGTACTCTTCAAGTGATTGTGCAACT,1,0
TATGTACTCTTCAAGTGATTGTTCAACG,0,1
TATGTACTCTTCAAGTTATGCTTCAACT,0,1
TATGTACTCTTCAAGTTATGGTTCAACG,0,1
TATGTACTCTTCAAGTTATTTTTCAACT,2,6
TATGTAGACTGTGAGGACTGAGACAGTT,81,3
TATGTAGACTGTGAGGACTGATACATTT,1,0
TATGTAGACTGTGAGGACTTATACAGTT,3,0
TATGTAGACTGTGAGTACTGATACAGTT,1,0
TATGTAGCCTCAGAGGTTTTTCTCATCT,0,1
TATGTAGCCTCAGAGTTTTGGCTCAGCT,26,107
TATGTAGCCTCAGAGTTTTGTCTCATCT,4,16
TATGTAGCCTCAGAGTTTTTGCTCATCT,0,3
TATGTAGCCTCAGAGTTTTTTCTCCTCT,0,1
TATGTAGCCTGCCAGGCATGTGGCAGCT,31,23
TATGTAGCCTGCCAGGCATGTGTCATCT,3,2
TATGTAGCCTGCCAGGCATGTTTCAGCT,2,0
TATGTAGCCTGCCAGGCATTTTTCATCT,0,1
TATGTAGGCTGGCAGATATGTCTCAGTG,0,24
TATGTAGGCTGGCAGATATTTCTCAGTT,0,1
TATGTAGGCTTGGAGCGATGTAACACGG,0,1
TATGTAGGCTTTGAGTCGTGGTACAGTG,51,0
TATGTAGGCTTTGAGTCTTTGTACAGTG,1,0
TATGTAGTCTCAGAGTGATGATCCATCA,1,0
TATGTAGTCTGAGAGATATGAGACAACA,0,1
TATGTAGTCTGAGAGTGATGAGCCATCA,61,131
TATGTAGTCTGAGAGTGATGATCCCTCA,0,1
TATGTAGTCTGAGAGTGATTATCCATCA,3,8
TATGTAGTCTGAGAGTTGTGAGCCATCA,0,1
TATGTATACTGGAAGCGTTGATTCATAG,43,0
TATGTATACTGGAAGCGTTGATTCCTAT,1,0
TATGTATACTGGAAGCGTTGATTCCTCG,1,0
TATGTATACTGGAAGCGTTTATTCATAT,4,0
TATGTATGCTACGAGTTATGTTACACAG,71,78
TATGTATGCTACGAGTTATGTTACCCAT,1,0
TATGTATGCTACGAGTTATGTTACCCCG,1,0
TATGTATGCTACGAGTTATTTTACACAT,1,4
TATGTATTCTCTCAGCAGTGCATCAACT,1,0
TATGTATTCTGAAAGGCCTGAATCACTG,0,21
TATGTATTCTGCGAGCTTTGCTACAGTG,39,0
TATGTATTCTGCGAGCTTTTCTACATTG,2,0
TATGTATTCTGCGAGCTTTTCTACCGTG,1,0
TATGTCACCTACTAGTGCTGTGGCAAAT,18,0
TATGTCACCTACTAGTGCTGTTTCCAAT,1,0
TATGTCACCTACTAGTGCTTTTTCAAAT,3,0
TATGTCACCTACTAGTTCTGTGTCAAAT,1,0
TATGTCACCTTGTAGACCTGTCCCAATG,73,184
TATGTCACCTTGTAGACCTGTCCCCATT,0,1
TATGTCACCTTGTAGACCTGTCCCCCTG,2,7
TATGTCACCTTGTAGACCTTTCCCAATT,4,5
TATGTCAGCTGAAAGAATTGCTACAACA,1,0
TATGTCATCTCTCAGTCGTGATACATAT,0,1
TATGTCATCTCTCAGTGGTGATACATTG,150,290
TATGTCATCTCTCAGTGGTGATACCTTT,0,2
TATGTCATCTCTCAGTGTTGATACAATG,0,1
TATGTCATCTCTCAGTGTTGATACATAG,0,1
TATGTCATCTCTCAGTGTTGATACATTT,1,3
TATGTCATCTCTCAGTGTTGATACCTTG,0,2
TATGTCATCTCTCAGTGTTTATACATTG,2,0
TATGTCATCTCTCAGTTGTGATACATTT,1,1
TATGTCATCTCTCAGTTGTTATACATTG,0,1
TATGTCATCTCTCAGTTTTGATACATAT,0,1
TATGTCATCTCTCAGTTTTGATACATTG,3,7
TATGTCATCTCTCAGTTTTTATACATTT,9,18
TATGTCCCCTGAGAGCCATGACCCAAGG,0,1
TATGTCCGCTATGAGGGTTGGCCCAGTA,48,0
TATGTCCGCTATGAGGGTTGTCCCATTA,4,0
TATGTCCGCTATGAGGTTTGGCCCATTA,1,0
TATGTCCGCTATGAGGTTTTTCCCCGTA,3,0
TATGTCCTCTATCAGTAGGGAGCCAATC,0,1
TATGTCCTCTATCAGTAGTTAGCCAATC,0,1
TATGTCCTCTGGTAGGGGTGCAGCACTC,39,0
TATGTCCTCTGGTAGGGTTGCATCACTC,1,0
TATGTCCTCTGGTAGGGTTTCAGCACTC,1,0
TATGTCCTCTGGTAGGTTTGCAGCACTC,1,0
TATGTCCTCTGGTAGGTTTTCATCACTC,3,0
TATGTCCTCTTAGAGTGCTGGCACAATC,0,1
TATGTCCTCTTTTAGCCATGCTTCAGCC,36,27
TATGTCCTCTTTTAGCCATTCTTCATCC,3,1
TATGTCGACTCGCAGTGTTGTACCAGAG,1,0
TATGTCGACTGGTAGCCATGCGTCAAAG,30,0
TATGTCGACTGGTAGCCATTCTTCAAAT,2,0
TATGTCGACTTACAGGGGTGTTGCAGCG,27,25
TATGTCGACTTACAGGGGTGTTTCATCT,2,4
TATGTCGACTTACAGGGTTGTTGCAGCT,1,1
TATGTCGACTTACAGGTGTGTTTCAGCG,1,1
TATGTCGACTTACAGGTTTGTTGCATCG,2,1
TATGTCGACTTACAGGTTTGTTTCATCT,3,1
TATGTCGACTTACAGGTTTTTTGCATCT,0,1
TATGTCGACTTACAGGTTTTTTTCAGCT,1,0
TATGTCGCCTGGTAGGGCTGTTCCACAT,96,45
TATGTCGCCTGGTAGGTCTGTTCCCCCT,1,0
TATGTCGCCTGGTAGGTCTTTTCCACAT,4,0
TATGTCGGCTGACAGCATTGTAACATCA,0,1
TATGTCGGCTGTCAGCATGGGAACCGCA,1,0
TATGTCGGCTGTCAGCATTGGAACAGCA,25,33
TATGTCGGCTGTCAGCATTGGAACCTCA,3,1
TATGTCGGCTGTCAGCATTTTAACATCA,1,7
TATGTCGGCTTGGAGCGCTGGTCCACGG,0,31
TATGTCGGCTTGGAGCTCTGTTCCACTG,0,1
TATGTCGGCTTTGAGCTCTTGTCCACTT,0,1
TATGTCGTCTGCTAGTACTGGTTCACTG,58,30
TATGTCGTCTGCTAGTACTGTTTCCCTG,1,0
TATGTCGTCTGCTAGTACTTTTTCACTT,16,3
TATGTCTGCCGTCAGTGGTGTTACCCGT,0,1
TATGTCTGCTGTCAGTGGTGTTACACGT,0,29
TATGTCTGCTGTCAGTTTTGTTACACTT,0,5
TATGTCTGCTTTCAGAAGTGTACCACTA,0,1
TATGTCTTCTACTAGTTATGCCGCATTG,1,0
TATGTCTTCTGAGAGCGAGGACCCCAGT,1,0
TATGTCTTCTGAGAGCGATGACCCAAGT,147,159
TATGTCTTCTGAGAGCGATGACCCCCGT,7,1
TATGTCTTCTGAGAGCGATTACCCAATT,9,9
TATGTCTTCTGAGAGCTATGAACCAAGT,0,1
TATGTCTTCTGAGAGCTATGACCCAATT,1,1
TATGTCTTCTGAGAGCTATGACCCACGT,1,0
TATGTCTTCTGAGAGCTATTACCCAAGT,5,0
TATGTCTTCTGAGAGCTATTACCCCCGT,1,0
TATGTCTTCTTCTAGTTATGCCACCTGG,1,0
TATGTCTTCTTCTAGTTATGCCGCATGG,28,0
TATGTCTTCTTCTAGTTATGCCTCATGT,3,0
TATGTCTTCTTCTAGTTATTCCGCATGT,2,0
TATGTCTTCTTCTAGTTATTCCTCATTG,4,0
TATGTGAACTGAGAGGATTGCTCCAAAA,3,0
TATGTGAACTGAGAGTATTGCGCCAAAA,1,0
TATGTGAACTGAGAGTATTGCTCCCAAA,1,0
TATGTGACCTTCGAGTGATGTTCCATTT,0,34
TATGTGATCTAATAGGCTTGGATCAAAA,1,0
TATGTGATCTGAAAGCCGTGATCCAATG,1,0
TATGTGATCTGAAAGGGGTGATCCATTG,18,43
TATGTGATCTGAAAGGGTTGATCCCTTG,1,1
TATGTGATCTGAAAGGTGTGATCCCTTG,0,1
TATGTGATCTGAAAGGTTTGATCCATTG,4,4
TATGTGATCTGAAAGGTTTTATCCATTT,1,1
TATGTGATCTGGGAGACTTGTGGCAAAG,44,0
TATGTGATCTGGGAGACTTGTGGCCCAG,1,0
TATGTGATCTGGGAGACTTGTGTCACAT,1,0
TATGTGATCTGGGAGACTTGTTTCAAAT,1,0
TATGTGATCTGGGAGACTTGTTTCCCAT,1,0
TATGTGATCTGGGAGACTTTTGTCAAAG,1,0
TATGTGCACTCTTAGGTATGGATCAGTC,132,161
TATGTGCACTCTTAGGTATGTATCATTC,10,10
TATGTGCACTCTTAGGTATTGATCATTC,0,1
TATGTGCACTCTTAGGTATTTATCAGTC,4,2
TATGTGCCCTACCAGAAATGTTTCATTA,1,0
TATGTGCCCTACCAGAATAGTTGCATGA,1,0
TATGTGCCCTACCAGAATATTTGCATTA,0,1
TATGTGCCCTACCAGAATTGCATCATCA,1,0
TATGTGCCCTACCAGAATTGGTGCATGA,544,309
TATGTGCCCTACCAGAATTGGTGCCTGC,1,0
TATGTGCCCTACCAGAATTGGTGCCTTA,1,0
TATGTGCCCTACCAGAATTGGTTCATTA,2,10
TATGTGCCCTACCAGAATTGGTTCCTGA,0,1
TATGTGCCCTACCAGAATTGTTGCATTA,13,8
TATGTGCCCTACCAGAATTGTTGCCTGA,1,1
TATGTGCCCTACCAGAATTGTTTCATGA,10,11
TATGTGCCCTACCAGAATTTGTGCATGC,1,0
TATGTGCCCTACCAGAATTTGTGCATTA,2,2
TATGTGCCCTACCAGAATTTGTTCATGA,2,4
TATGTGCCCTACCAGAATTTTTGCATGA,4,3
TATGTGCCCTACCAGAATTTTTTCATTA,45,26
TATGTGCCCTTGCAGGTCTGGCGCATCG,0,54
TATGTGCCCTTGCAGGTCTGTCTCATCG,0,2
TATGTGCCCTTGCAGGTCTTTCTCATCT,0,4
TATGTGCGCTCACAGCAATGCTACACAG,0,1
TATGTGCGCTCGTAGAGTTGCGGCAGCC,29,60
TATGTGCGCTCGTAGAGTTGCGTCATCC,4,2
TATGTGCGCTCGTAGAGTTGCTTCAGCC,1,3
TATGTGCGCTCGTAGAGTTTCGTCAGCC,0,1
TATGTGCGCTCGTAGAGTTTCTGCAGCC,1,1
TATGTGCGCTCGTAGAGTTTCTTCCGCC,0,1
TATGTGCGCTCGTAGATATGCTGCAGCC,0,1
TATGTGCGCTCGTAGATTTTCTTCATCC,1,6
TATGTGCGCTGGGAGCCATGAAGCAGCT,116,126
TATGTGCGCTGGGAGCCATGAATCATCT,10,15
TATGTGCGCTGGGAGCCATTAAGCATCT,0,2
TATGTGCGCTGGGAGCCATTAATCAGCT,2,2
TATGTGCGCTTTAAGCAGTTTTACATTA,1,0
TATGTGCGCTTTAAGTTATGCCCCATCT,0,37
TATGTGCTCTTTGAGCTATGCTACATCC,1,0
TATGTGGACTCATAGCCGTGTTGCAGTA,18,0
TATGTGGACTCATAGCCTTGTTTCATTC,2,0
TATGTGGCCTAACAGCGGTGACTCAGTG,0,26
TATGTGGCCTAACAGCTTTGACTCAGTG,0,5
TATGTGGCCTAACAGCTTTGACTCATTT,0,2
TATGTGGGCTAAAAGATGTGGGGCATAA,0,1
TATGTGGGCTAACAGCGGTGGGGCATAA,203,176
TATGTGGGCTAACAGCGGTGGGGCCTCA,3,5
TATGTGGGCTAACAGCGGTGGGTCCTAA,1,0
TATGTGGGCTAACAGCGGTGGTGCCTAA,1,2
TATGTGGGCTAACAGCGGTGGTTCATAA,3,2
TATGTGGGCTAACAGCGGTGTGTCATAA,3,5
TATGTGGGCTAACAGCGGTGTTGCATAA,2,2
TATGTGGGCTAACAGCGGTTTTTCATAA,1,1
TATGTGGGCTAACAGCGTAGGGGCATAA,1,0
TATGTGGGCTAACAGCGTTGGGGCCTAC,0,1
TATGTGGGCTAACAGCGTTGGGTCATAA,2,0
TATGTGGGCTAACAGCGTTGGTGCATAA,0,2
TATGTGGGCTAACAGCGTTGGTGCCTCA,1,1
TATGTGGGCTAACAGCGTTGTGGCATAA,0,1
TATGTGGGCTAACAGCGTTTGGGCATAA,1,0
TATGTGGGCTAACAGCTGTGGGTCATAA,0,2
TATGTGGGCTAACAGCTGTGGTGCATAA,0,3
TATGTGGGCTAACAGCTGTGTGGCATAA,3,0
TATGTGGGCTAACAGCTGTTGTTCATAA,0,1
TATGTGGGCTAACAGCTGTTTTGCATAA,0,1
TATGTGGGCTAACAGCTTTGGGGCATAA,4,2
TATGTGGGCTAACAGCTTTGGTGCATCA,1,0
TATGTGGGCTAACAGCTTTGGTTCATAA,1,0
TATGTGGGCTAACAGCTTTGTGTCATAA,1,3
TATGTGGGCTAACAGCTTTGTTGCATAA,3,3
TATGTGGGCTAACAGCTTTTTTTCATAA,12,9
TATGTGGGCTACTAGTTCTGAGCCCTTG,0,1
TATGTGGGCTTCTAGAGGTGTAACAGTA,0,30
TATGTGGGCTTCTAGAGTTGTAACATTA,0,2
TATGTGGGCTTCTAGATTTGTAACAGTA,0,2
TATGTGGGCTTCTAGATTTTTAACATTA,0,1
TATGTGGTCTGCTAGCGGTGGGGCACTC,1,16
TATGTGGTCTGCTAGCTGTGTGTCACTC,0,1
TATGTGGTCTGCTAGCTGTTTGGCACTC,0,1
TATGTGGTCTGCTAGCTTTGGGTCACTC,0,1
TATGTGGTCTGCTAGCTTTTTTTCACTC,0,3
TATGTGTGCTACGAGCAGTGGGTCAGAC,220,117
TATGTGTGCTACGAGCAGTGGGTCCGCC,2,3
TATGTGTGCTACGAGCAGTGGGTCCTAC,0,1
TATGTGTGCTACGAGCAGTGGTTCCGAC,0,1
TATGTGTGCTACGAGCAGTGTGTCATAC,8,2
TATGTGTGCTACGAGCAGTGTGTCCGAC,2,0
TATGTGTGCTACGAGCAGTGTTTCAGAC,10,3
TATGTGTGCTACGAGCAGTGTTTCCGCC,0,1
TATGTGTGCTACGAGCAGTTTGTCAGAC,3,2
TATGTGTGCTACGAGCATTGGTTCAGAC,1,1
TATGTGTGCTACGAGCATTGTGTCAGAC,2,1
TATGTGTGCTACGAGCATTTTTTCATAC,11,8
TATGTGTGCTCATAGCCATGACACAATA,0,6
TATGTGTGCTGCCAGTTGTGGGTCACTG,0,25
TATGTGTGCTGCCAGTTGTGTGTCACTT,0,1
TATGTGTGCTGCCAGTTGTGTGTCCCTG,0,1
TATGTGTGCTGCCAGTTGTGTTTCACTG,0,1
TATGTGTGCTGCCAGTTGTTGTTCACTT,0,1
TATGTGTGCTGCCAGTTTTTTTTCACTT,0,1
TATGTGTGCTGCGAGCCATGTTACATTC,1,0
TATGTGTGCTGCGAGCCTTGTGACATGC,84,0
TATGTGTGCTGCGAGCCTTTTTACATTC,7,0
TATGTGTGCTTCAAGGGGTGGAACACAG,0,17
TATGTGTGCTTCAAGGGTTTGAACACAT,0,1
TATGTGTGCTTCAAGGTGTTGAACACAT,0,1
TATGTGTGCTTCAAGGTTTGGAACACAG,0,2
TATGTGTTCTAACAGCTCTTTTTCATAA,1,0
TATGTGTTCTCGTAGTGGTGTACCATGA,0,55
TATGTGTTCTCGTAGTGGTTTACCATTA,0,1
TATGTGTTCTCGTAGTGTTGTACCATTA,0,4
TATGTGTTCTCGTAGTTTTGTACCATGA,0,1
TATGTGTTCTTGGAGTCCTGGTTCATCA,66,96
TATGTGTTCTTGGAGTCCTTTTTCATCA,2,0
TATGTTAACTATGAGAAATGCGTCAAAA,1,0
TATGTTAACTCTTAGCAATGGGGCACTA,90,109
TATGTTAACTCTTAGCAATGTGGCCCTA,0,1
TATGTTAACTCTTAGCAATGTTTCACTA,8,31
TATGTTAACTCTTAGCAATTGTGCACTA,1,4
TATGTTAACTCTTAGCAATTTGTCACTA,2,5
TATGTTAACTCTTAGCAATTTTTCACTC,1,0
TATGTTATCTACGAGGCTTGGTCCACAC,0,165
TATGTTATCTACGAGGCTTGGTCCCCCC,0,4
TATGTTATCTACGAGGCTTGTACCACCC,0,1
TATGTTATCTACGAGGCTTGTTCCCCAC,0,1
TATGTTATCTACGAGGCTTTTTCCACAC,0,7
TATGTTATCTTGTAGGAGAGAAGCAGAT,1,0
TATGTTATCTTGTAGGAGTGAAGCAGTT,53,0
TATGTTATCTTGTAGGAGTGAATCATTT,4,0
TATGTTATCTTGTAGGAGTTAATCAGTT,2,0
TATGTTCACTCTTAGCTGTGTACCAATT,0,26
TATGTTCCCTGAGAGATATGTCACAATT,32,0
TATGTTCGCTCGAAGTCATGGTTCAGCA,1,0
TATGTTCGCTTAAAGTGTTGTCTCATGC,30,0
TATGTTCGCTTAAAGTTTTTTCTCATTC,3,0
TATGTTCGCTTTTAGCTCTGCCCCACCA,0,1
TATGTTCTCTGCCAGTTCTGTCTCATAT,0,1
TATGTTGACTGAGAGCTATGCTCCATCA,18,0
TATGTTGACTGAGAGCTATGCTCCCTCC,1,0
TATGTTGACTGGGAGATGGGGTCCCGGT,1,0
TATGTTGACTGGGAGATGTGCTCCAGCT,1,0
TATGTTGACTGGGAGATGTGGTCCAGGT,94,292
TATGTTGACTGGGAGATGTGGTCCATTT,1,3
TATGTTGACTGGGAGATGTGTTCCAGTT,3,10
TATGTTGACTGGGAGATGTGTTCCATGT,2,5
TATGTTGACTGGGAGATGTGTTCCCGGT,1,0
TATGTTGACTGGGAGATGTGTTTCAGGT,0,1
TATGTTGACTGGGAGATGTTGTCCAGTT,0,1
TATGTTGACTGGGAGATGTTGTCCATGT,0,2
TATGTTGACTGGGAGATGTTTTCCAGGT,0,1
TATGTTGACTGGGAGATTTGGTCCAGTT,3,0
TATGTTGACTGGGAGATTTGGTCCATGT,1,3
TATGTTGACTGGGAGATTTGTTCCAGGA,0,1
TATGTTGACTGGGAGATTTGTTCCCTTT,0,1
TATGTTGACTGGGAGATTTTTTCCATTT,6,10
TATGTTGACTTAAAGGCGTGCAACATCA,33,56
TATGTTGACTTAAAGGCTTGCAACCTCA,1,0
TATGTTGACTTAAAGGCTTTCAACATCA,3,1
TATGTTGCCTTTAAGGGATGAAGCATGC,0,41
TATGTTGCCTTTAAGGTATGAATCATTC,0,4
TATGTTGGCTGCGAGGGATGTGACATAA,87,0
TATGTTGGCTGCGAGGGATGTGACCTCC,1,0
TATGTTGGCTGCGAGGTATGTTACATAA,2,0
TATGTTGGCTGGAAGCCCTGACTCATCC,0,1
TATGTTGGCTGGAAGTCCAGACTCAACC,0,1
TATGTTGGCTGGAAGTCCTGACGCAACC,0,93
TATGTTGGCTGGAAGTCCTGACGCCCCC,0,2
TATGTTGGCTGGAAGTCCTGACTCACCC,0,1
TATGTTGGCTGGAAGTCCTTACTCAACC,0,3
TATGTTGGCTTGCAGGTGTGCGGCACAA,42,46
TATGTTGGCTTGCAGGTGTGCGGCCCCC,0,1
TATGTTGGCTTGCAGGTGTGCGTCCCAA,0,1
TATGTTGGCTTGCAGGTGTGCTGCCCAA,0,1
TATGTTGGCTTGCAGGTGTGCTTCACAA,3,4
TATGTTGGCTTGCAGGTGTTCGTCACAA,0,1
TATGTTGGCTTGCAGGTGTTCTGCACAA,1,2
TATGTTGGCTTGCAGGTTTGCGTCACAA,0,1
TATGTTGGCTTGTAGAGGGGGATCCTGC,0,1
TATGTTGGCTTGTAGAGGTGGATCATGA,41,96
TATGTTGGCTTGTAGAGGTGTATCATTA,1,0
TATGTTGGCTTGTAGAGGTTGATCATTA,0,3
TATGTTGGCTTGTAGAGGTTTATCATGA,0,1
TATGTTGGCTTGTAGAGTTGGATCATTA,0,3
TATGTTGGCTTGTAGAGTTGGATCCTGA,0,2
TATGTTGGCTTGTAGAGTTGTATCATGA,2,2
TATGTTGGCTTGTAGATGTGGATCATTA,0,1
TATGTTGGCTTGTAGATGTTGATCATGA,1,0
TATGTTGGCTTGTAGATTTTTATCATGC,1,0
TATGTTGGCTTGTAGATTTTTATCATTA,0,4
TATGTTGGCTTGTAGATTTTTATCCTGA,0,1
TATGTTGTCTTGTAGCCCTGGCTCAGCG,0,25
TATGTTGTCTTGTAGCCCTGTCTCATCG,0,1
TATGTTGTCTTGTAGCCCTTGCTCATCG,0,1
TATGTTGTCTTGTAGCCCTTTCTCATCT,0,1
TATGTTTACTAAAAGACCTGATGCAGAA,105,100
TATGTTTACTAAAAGACCTGATTCATAA,11,10
TATGTTTACTAAAAGACCTGATTCCGAA,0,2
TATGTTTACTAAAAGACCTGATTCCGCC,0,1
TATGTTTACTAAAAGACCTTATTCAGAA,1,0
TATGTTTACTAAAAGACCTTATTCATCA,0,1
TATGTTTACTAATAGACCTGATCCATAA,0,1
TATGTTTACTGAAGGTTTGAATCAAGAA,0,1
TATGTTTCCTTTTAGGGTTGTCTCACAC,0,28
TATGTTTGCTCGGAGGATTGTGGCACTG,0,1
TATTTGGGCTAACAGCGGTGGGTCATAA,1,0
TCAGAAGGCTGGCAGGTATTCGTCATGT,1,0
TCAGAGCCCTCCTAGAAATGTTTCAGTT,1,0
TCAGATTTCTTTCAGCCCTTTATCATAT,0,1
TCAGTAAACTCTTAGGTATGAGTCAAAT,55,35
TCAGTAAACTCTTAGGTATGAGTCACCT,2,0
TCAGTAAACTCTTAGGTATGAGTCCCAT,0,1
TCAGTAAACTCTTAGGTATTATTCAAAT,1,0
TCAGTAAACTGGTAGATTTGTCTCAAGT,0,1
TCAGTAACCTGTGAGGGGTGTGTCAGGG,33,0
TCAGTAACCTGTGAGGGGTGTGTCCGGT,1,0
TCAGTAACCTGTGAGGTGTGTGTCAGTG,1,0
TCAGTAACCTGTGAGGTGTGTGTCATGT,1,0
TCAGTAACCTGTGAGGTTTGTGTCAGTT,1,0
TCAGTAACCTGTGAGGTTTGTTTCCGGG,2,0
TCAGTAACCTTCTAGGGATGGGGCAAGG,20,0
TCAGTAACCTTCTAGGGATGGGGCCCGG,1,0
TCAGTAACCTTCTAGGGATGGTGCCAGG,1,0
TCAGTAACCTTCTAGGGATGTGTCAAGG,1,0
TCAGTAACCTTCTAGGGATGTTTCAAGT,2,0
TCAGTAACCTTCTAGGTATGTGTCAAGT,1,0
TCAGTAACCTTCTAGGTATTTTGCAAGG,1,0
TCAGTAACCTTCTAGGTATTTTTCAATT,2,0
TCAGTAAGCTGAGAGGTATTTCTCATCA,0,1
TCAGTAAGCTGTGAGGTATCTCTCCTCA,1,0
TCAGTAAGCTGTGAGGTATGTCTCATCA,50,103
TCAGTAATCTCAGAGATGTTCTCCATTA,0,1
TCAGTACGCTCCAAGTAATGACGCAGTC,0,90
TCAGTACGCTCCAAGTAATTACTCAGTC,0,9
TCAGTACGCTGCAAGTGCTGTGCCAATT,0,34
TCAGTACGCTGCAAGTGCTGTGCCCCTT,0,2
TCAGTACGCTGCAAGTTCTTTTCCAATT,0,1
TCAGTACGCTGGTAGAGGTGGCTCAGGA,0,1
TCAGTACGCTTTCAGCGCTGGAACAAGC,0,34
TCAGTACGCTTTCAGCGCTGGAACCCGC,0,2
TCAGTACGCTTTCAGCGCTGTAACAATC,0,3
TCAGTACGCTTTCAGCTCTGGAACAATC,0,5
TCAGTACGCTTTCAGCTCTTGAACAAGC,0,1
TCAGTACGCTTTCAGCTCTTTAACAATC,0,2
TCAGTACTCTATGAGCGGTGTTACAGGT,26,29
TCAGTACTCTATGAGCGGTTTTACATGT,0,1
TCAGTACTCTATGAGCGTTGTTACATGT,0,1
TCAGTACTCTATGAGCTGTGTTACATGT,1,0
TCAGTACTCTATGAGCTTTGTTACAGGT,1,4
TCAGTACTCTATGAGCTTTGTTACATTT,2,2
TCAGTACTCTTATAGCTATGGGCCACCT,43,0
TCAGTACTCTTATAGCTATGTTCCCCCT,1,0
TCAGTACTCTTATAGCTATTTTCCACCT,1,0
TCAGTAGCCTAGCAGACTTGTAACACTT,1,0
TCAGTAGCCTGACAGGGATGCACCAAAG,40,54
TCAGTAGCCTGACAGGGATGCACCCACG,0,1
TCAGTAGCCTGACAGGGATGCACCCCAG,0,1
TCAGTAGCCTGACAGGTATTCACCAAAT,5,4
TCAGTAGGCTGGCAGGTATGCGGCATGG,91,45
TCAGTAGGCTGGCAGGTATGCGGCATTT,0,1
TCAGTAGGCTGGCAGGTATGCGTCATGT,1,0
TCAGTAGGCTGGCAGGTATGCGTCATTG,2,1
TCAGTAGGCTGGCAGGTATGCTGCATTG,2,0
TCAGTAGGCTGGCAGGTATTCGGCATGT,2,0
TCAGTAGGCTGGCAGGTATTCGTCATGG,1,0
TCAGTAGGCTGGCAGGTATTCTTCATTT,8,2
TCAGTAGTCTGGAAGTTATGCTCCATCT,1,0
TCAGTATACTGGAAGCTATGTGCCACTC,1,0
TCAGTATGCTGGCAGCGTTGAGCCATAG,34,0
TCAGTATGCTGGCAGCGTTGAGCCCTCG,1,0
TCAGTATGCTGGCAGCGTTTAGCCATAT,1,0
TCAGTATGCTGGCAGCGTTTATCCATCT,1,0
TCAGTATGCTGGCAGCGTTTATCCCTAT,1,0
TCAGTATGCTTCAAGGGGTGGCACACAA,53,151
TCAGTATGCTTCAAGGGGTGGCACCCCA,2,3
TCAGTATGCTTCAAGGGGTGTCACCCAA,0,1
TCAGTATGCTTCAAGGGGTTTCACACAA,0,6
TCAGTATGCTTCAAGGGTTGTCACCCCC,0,1
TCAGTATGCTTCAAGGTTTGTCACACAA,6,21
TCAGTATGCTTCAAGGTTTTGCACACAA,0,1
TCAGTATGCTTCAAGTGGTGTCACACAA,0,1
TCAGTCAGCTACGAGATATGCCGCATCG,43,11
TCAGTCAGCTACGAGATATGCCTCATCT,6,2
TCAGTCAGCTACGAGATATTCCTCATCG,3,0
TCAGTCAGCTACTAGCTATGCATCATCC,1,0
TCAGTCAGCTCAGAGAGGTGCCTCAATC,0,21
TCAGTCAGCTCAGAGATTTGCCTCAATC,0,2
TCAGTCAGCTTGAAGTAGTGCGTCAAGT,64,36
TCAGTCAGCTTGAAGTAGTGCGTCCCGT,2,0
TCAGTCAGCTTGAAGTAGTGCTTCACGT,1,0
TCAGTCAGCTTGAAGTAGTTCGTCAATT,1,1
TCAGTCAGCTTGAAGTAGTTCTTCAAGT,2,0
TCAGTCAGCTTGAAGTATTGCGTCAAGA,0,1
TCAGTCAGCTTGAAGTATTGCTTCAAGT,3,1
TCAGTCAGCTTGAAGTATTTCTTCAATT,1,0
TCAGTCATCTAATAGTGGTGACTCATGA,0,41
TCAGTCATCTAATAGTGTTGACTCATTA,0,4
TCAGTCATCTAATAGTTTTGACTCATGA,0,2
TCAGTCATCTAATAGTTTTTACTCATTA,0,1
TCAGTCATCTGTTAGGTTTGCAGCAACG,24,40
TCAGTCATCTGTTAGGTTTTCATCAACT,1,2
TCAGTCCACTTAAAGGTCTGGATCAGAA,0,21
TCAGTCCACTTAAAGGTCTGGATCCGCA,0,1
TCAGTCCACTTAAAGGTCTTTATCATAA,0,2
TCAGTCCTCTTCGAGACATGATGCAAGC,24,0
TCAGTCCTCTTCGAGACATGATGCCCGC,1,0
TCAGTCCTCTTCGAGACATTATTCAATC,10,0
TCAGTCGACTGGGAGAGGTGCAACACCT,57,175
TCAGTCGACTGGGAGAGTTTCAACACCT,2,5
TCAGTCGACTGGGAGATGTTCAACACCT,0,3
TCAGTCGACTGGGAGATTTGCAACACCT,5,11
TCAGTCGACTTGCAGGCTTGTCCCCTGA,0,1
TCAGTCGGCTGAGAGCCGTGGCACAGGG,25,49
TCAGTCGGCTGAGAGCCGTGGCACAGTT,3,0
TCAGTCGGCTGAGAGCCGTGTCACAGGT,0,1
TCAGTCGGCTGAGAGCCGTGTCACAGTG,3,4
TCAGTCGGCTGAGAGCCGTGTCACATGG,1,0
TCAGTCGGCTGAGAGCCGTGTCACATTT,0,1
TCAGTCGGCTGAGAGCCGTGTCACCGGG,0,2
TCAGTCGGCTGAGAGCCTTGGCACATGG,1,1
TCAGTCGGCTGAGAGCCTTGTCACAGGG,0,3
TCAGTCGGCTGAGAGCCTTTTCACAGTG,1,0
TCAGTCGGCTGAGAGCCTTTTCACATTT,2,6
TCAGTCGGCTGTTAGGAGGGTGCCCTCC,0,1
TCAGTCGGCTGTTAGGAGTGTGCCATCC,0,100
TCAGTCGGCTGTTAGGAGTGTTCCCTCC,0,1
TCAGTCGGCTGTTAGGAGTTTTCCATCC,0,1
TCAGTCGGCTGTTAGGATTGTTCCATCC,0,6
TCAGTCGGCTTACAGTGCTGGGTCACGC,60,0
TCAGTCGGCTTACAGTGCTGGTTCACTC,1,0
TCAGTCGGCTTACAGTGCTGTGTCACTC,6,0
TCAGTCGGCTTACAGTTCTTTGTCACTC,5,0
TCAGTCGTCATTAATTTTTTCCCCATAT,1,0
TCAGTCGTCTGAGAGCAGTGGTTCATGA,0,30
TCAGTCGTCTGAGAGCAGTGTATCATTA,0,1
TCAGTCGTCTGAGAGCATTGGTTCATTA,0,1
TCAGTCGTCTGAGAGCATTTTTTCATTA,0,4
TCAGTCGTCTTTAAGACTTTCCCCATAA,1,0
TCAGTCGTCTTTCAGATTTGCCCCATAA,0,1
TCAGTCGTCTTTCAGTGGTGCCCCAGAT,198,66
TCAGTCGTCTTTCAGTGGTGCCCCCGCT,1,2
TCAGTCGTCTTTCAGTGGTTCCCCATAT,4,4
TCAGTCGTCTTTCAGTGTTGCCCCAGAA,1,0
TCAGTCGTCTTTCAGTGTTGCCCCATAT,2,1
TCAGTCGTCTTTCAGTGTTGCCCCCGAT,2,0
TCAGTCGTCTTTCAGTTGTGCCCCATAT,4,0
TCAGTCGTCTTTCAGTTGTTCCCCAGAT,6,2
TCAGTCGTCTTTCAGTTGTTCCCCCGCT,0,1
TCAGTCGTCTTTCAGTTTTGCCCCAGAT,7,2
TCAGTCGTCTTTCAGTTTTTCCCCATAT,31,13
TCAGTCGTCTTTCAGTTTTTCCCCCGAT,2,0
TCAGTCTACAGCAAGACTTTTATCATTC,0,1
TCAGTCTCCTTCGAGGATTGAGACACGG,0,1
TCAGTCTGCTATGAGTCGTGTAGCATGG,12,0
TCAGTCTGCTATGAGTCGTGTATCAAGG,1,0
TCAGTCTGCTATGAGTCGTGTATCATGA,1,0
TCAGTCTGCTATGAGTCGTGTATCATTG,21,0
TCAGTCTGCTATGAGTCGTGTATCCTGG,2,0
TCAGTCTGCTATGAGTCTTTTATCATTT,1,0
TCAGTCTGCTTGTAGAATTGGTGCACCA,0,23
TCAGTCTGCTTGTAGAATTGTTTCACCA,0,1
TCAGTCTGCTTGTAGAATTTGTTCACCA,0,1
TCAGTCTGCTTTCAGGAGTGTACCAATA,75,190
TCAGTCTGCTTTCAGGAGTGTACCCCTA,2,1
TCAGTCTGCTTTCAGGATTGTACCCCTC,0,1
TCAGTCTGCTTTCAGGATTTTACCAATA,4,2
TCAGTCTGCTTTCAGTATTGTACCAATA,0,1
TCAGTCTGCTTTCATGAGTTTACCAATA,0,1
TCAGTGAGATGTGAGGTATTACACAAGA,1,0
TCAGTGAGCTAGGAGTGCTGGAGCAGAT,90,128
TCAGTGAGCTAGGAGTGCTGGAGCCGCT,1,1
TCAGTGAGCTAGGAGTGCTGGATCATAT,1,2
TCAGTGAGCTAGGAGTGCTGTAGCATAT,1,0
TCAGTGAGCTAGGAGTGCTGTATCAGAT,2,3
TCAGTGAGCTAGGAGTGCTGTATCCGCT,1,0
TCAGTGAGCTAGGAGTGCTTGATCAGAT,1,1
TCAGTGAGCTAGGAGTTCTGGAGCATAT,1,4
TCAGTGAGCTAGGAGTTCTGGATCAGAT,2,3
TCAGTGAGCTAGGAGTTCTTGAGCAGAT,0,2
TCAGTGAGCTAGGAGTTCTTTATCATAT,5,8
TCAGTGAGCTCAGAGTGATGTCGCATCC,0,38
TCAGTGAGCTCAGAGTGATTTCTCATCC,0,1
TCAGTGAGCTCAGAGTTATGACTCAACC,0,1
TCAGTGAGCTCAGAGTTATGTCTCATCC,0,3
TCAGTGAGCTGTAAGAGGTGGGGCAATT,8,18
TCAGTGAGCTGTAAGAGGTGGTTCAATT,1,0
TCAGTGAGCTGTAAGAGGTGTTGCAATT,0,2
TCAGTGAGCTGTAAGAGGTGTTTCCCTT,0,1
TCAGTGAGCTGTAAGAGTTGTGGCAATT,2,1
TCAGTGAGCTGTAAGATTTGTTGCAATT,1,2
TCAGTGAGCTGTAAGATTTTTTTCAATT,0,1
TCAGTGAGCTGTGAGGTATGACACAAGA,44,0
TCAGTGAGCTGTGAGGTATGACACCCGC,1,0
TCAGTGAGCTGTGAGGTATTACACAATA,3,0
TCAGTGAGCTTGAAGTGTTGCTACAATG,0,1
TCAGTGATCTCAGAGATGTGCTCCATGA,81,223
TCAGTGATCTCAGAGATTTTCTCCATTA,7,23
TCAGTGCACTATGAGATTTGATCATTGA,0,1
TCAGTGCACTCACAGCCCTCTATCCGTT,0,1
TCAGTGCACTCACAGCCCTGTATCAGTT,92,76
TCAGTGCACTCACAGCCCTGTATCATTA,0,1
TCAGTGCACTCACAGCCCTTTATCATTT,3,2
TCAGTGCACTGATAGGCTTGAAACATGG,0,42
TCAGTGCACTGATAGGCTTGAAACATTT,0,3
TCAGTGCACTGCTAGCGATGAAGCAGAA,67,91
TCAGTGCACTGCTAGCGATGAATCATAA,1,1
TCAGTGCACTGCTAGCGATGAATCCGAA,2,0
TCAGTGCACTGCTAGCGATTAATCAGAA,3,0
TCAGTGCACTGCTAGCTATGAAGCATAA,0,1
TCAGTGCACTGCTAGCTATGAATCAGAA,1,3
TCAGTGCACTGCTAGCTATTAATCATAA,4,9
TCAGTGCACTGCTAGCTATTAATCCTCA,0,1
TCAGTGCCCTACTAGAAATGTTTCATTA,0,1
TCAGTGCCCTCCTAGAAATGGATCCGTT,1,0
TCAGTGCCCTCCTAGAAATGGTTCAGTT,172,356
TCAGTGCCCTCCTAGAAATGGTTCATTA,0,1
TCAGTGCCCTCCTAGAAATGTATCATTT,0,1
TCAGTGCCCTCCTAGAAATGTTTCAGTA,0,2
TCAGTGCCCTCCTAGAAATGTTTCCGTT,0,1
TCAGTGCCCTCCTAGAAATTTTTCATTT,17,40
TCAGTGCCCTGGGAGCGCTGGCTCAGGT,0,22
TCAGTGCCCTGGGAGCGCTGTCTCATGT,0,3
TCAGTGCCCTGGGAGCGCTTTCTCAGGT,0,1
TCAGTGCCCTGGGAGCTCTGGCTCATTT,0,1
TCAGTGCCCTGGGAGCTCTGTCTCAGTT,0,1
TCAGTGCCCTGGGAGCTCTTTCTCATTT,0,3
TCAGTGCGCTACCAGCTATGGTGCACAC,48,0
TCAGTGCGCTACCAGCTATGTTGCCCAC,1,0
TCAGTGCGCTACCAGCTATGTTTCACAC,3,0
TCAGTGCGCTCGAAGGCGTGCGTCATGG,0,26
TCAGTGCGCTCGAAGGCGTTCGTCATTT,0,1
TCAGTGCGCTCGAAGGCTTGCGTCATTT,0,1
TCAGTGCGCTCGAAGGCTTGCGTCCTGG,0,1
TCAGTGCGCTCGAAGGCTTGCTTCATGG,0,1
TCAGTGCGCTCGAAGGCTTTCTTCATTT,0,1
TCAGTGCGCTTGAACTGTTGCTACAATG,1,0
TCAGTGCGCTTGAAGTGGTGCTACAATG,91,30
TCAGTGCGCTTGAAGTGGTGCTACCATT,1,0
TCAGTGCGCTTGAAGTGGTTCTACAATT,2,2
TCAGTGCGCTTGAAGTGTTGCTACAATT,20,16
TCAGTGCGCTTGAAGTGTTGCTACCCTG,1,0
TCAGTGCGCTTGAAGTGTTTCTACAATG,3,0
TCAGTGCGCTTGAAGTTGTGCTACAATT,3,0
TCAGTGCGCTTGAAGTTGTGCTACACTG,1,0
TCAGTGCGCTTGAAGTTGTTCTACAATG,2,0
TCAGTGCGCTTGAAGTTTTGCTACAATG,5,5
TCAGTGCGCTTGAAGTTTTTCTACAATT,4,2
TCAGTGCGCTTGAAGTTTTTCTACCCTG,0,1
TCAGTGCTCTCGTAGTCGTGAGTCACTC,16,0
TCAGTGCTCTCTAAGTTCGGATCCATAT,1,0
TCAGTGCTCTCTTAGGGCTGATCCATAT,47,0
TCAGTGCTCTCTTAGGGCTGATCCCTCT,2,0
TCAGTGCTCTGGAAGCCTTGGGGCAGAG,20,100
TCAGTGCTCTGGAAGCCTTGGGTCCGAT,1,0
TCAGTGCTCTGGAAGCCTTGGTGCAGAT,0,1
TCAGTGCTCTGGAAGCCTTGGTGCATAG,1,4
TCAGTGCTCTGGAAGCCTTGGTTCAGAG,0,1
TCAGTGCTCTGGAAGCCTTGGTTCATAT,0,1
TCAGTGCTCTGGAAGCCTTGTGGCAGAT,0,1
TCAGTGCTCTGGAAGCCTTGTGTCAGAG,5,4
TCAGTGCTCTGGAAGCCTTGTGTCATAT,0,1
TCAGTGCTCTGGAAGCCTTGTTGCAGAG,0,1
TCAGTGCTCTGGAAGCCTTGTTTCAGAT,0,2
TCAGTGCTCTGGAAGCCTTGTTTCATAG,0,1
TCAGTGCTCTGGAAGCCTTTGGGCATAG,0,1
TCAGTGCTCTGGAAGCCTTTTTGCATAG,0,1
TCAGTGCTCTGGAAGCCTTTTTTCAGAG,2,4
TCAGTGCTCTGGAAGCCTTTTTTCATAT,4,5
TCAGTGCTCTGTTAGCTCTGCTTCAATT,0,1
TCAGTGCTCTTTCAGAGATGGGGCATCG,23,0
TCAGTGCTCTTTCAGAGATGGTTCATCG,1,0
TCAGTGCTCTTTCAGAGATGTGTCATCT,4,0
TCAGTGCTCTTTCAGAGATGTTGCATCG,1,0
TCAGTGCTCTTTCAGAGATTTGTCATCG,1,0
TCAGTGCTCTTTCAGAGATTTTGCATCT,1,0
TCAGTGCTCTTTCAGATATTTTTCATCT,1,0
TCAGTGGACTGACAGCGTTGGTCCAGCC,13,0
TCAGTGGACTGACAGCGTTGTTCCATCC,1,0
TCAGTGGACTGACAGCTTTTTTCCATCC,2,0
TCAGTGGACTGGGAGCTATGTATCATCA,0,1
TCAGTGGACTGGGAGCTATGTTGCATCA,22,40
TCAGTGGACTGGGAGCTATGTTGCCTCC,1,0
TCAGTGGACTGGGAGCTATGTTTCCTCA,0,2
TCAGTGGACTGGGAGCTATTTTTCATCA,0,1
TCAGTGGCCTAGGAGGGCTGAGACAGGG,30,0
TCAGTGGCCTAGGAGGGCTGAGACATTG,1,0
TCAGTGGCCTAGGAGGGCTGATACAGGT,1,0
TCAGTGGCCTAGGAGGTCTGAGACATTT,2,0
TCAGTGGCCTAGGAGGTCTGATACATTG,1,0
TCAGTGGCCTCGCAGAGATGCGCCAGTC,38,0
TCAGTGGCCTCGCAGAGATGCTCCATTC,1,0
TCAGTGGCCTCGCAGAGATTCTCCAGTC,5,0
TCAGTGGCCTCGCAGATATTCTCCATTC,3,0
TCAGTGGCCTGCGAGCACTGGATCAGGT,63,0
TCAGTGGCCTGCGAGCACTGTATCAGTT,1,0
TCAGTGGCCTGCGAGCACTTGATCAGTT,2,0
TCAGTGGCCTGCGAGCACTTTATCAGGT,1,0
TCAGTGGCCTGCGAGCACTTTATCATTT,5,0
TCAGTGGGCTATTAGGTGTGTAACACTT,0,26
TCAGTGTACTCTAAGTCCTGCTCCAAAC,0,1
TCAGTGTACTCTAAGTGCTGCTGCAAAC,0,57
TCAGTGTACTCTAAGTGCTGCTGCACCC,0,2
TCAGTGTACTCTAAGTGCTGCTGCCACC,0,1
TCAGTGTACTCTAAGTGCTTCTTCAAAC,0,5
TCAGTGTACTGGCAGAAATGATTCAAGA,0,1
TCAGTGTCCTCGCAGATTTTTGCCATTA,1,0
TCAGTGTCCTGGCACAAATCTGCCAGGA,0,5
TCAGTGTCCTGGCAGATTTGTGCCAGGA,158,63
TCAGTGTCCTGGCAGATTTGTGCCATTA,3,0
TCAGTGTCCTGGCAGATTTGTTCCAGTA,1,0
TCAGTGTCCTGGCAGATTTGTTCCATGA,3,1
TCAGTGTCCTGGCAGATTTTTGCCAGTA,1,1
TCAGTGTCCTGGCAGATTTTTGCCATGA,2,1
TCAGTGTCCTGGCAGATTTTTTCCATTA,11,2
TCAGTGTCCTGGCAGATTTTTTCCCGGA,1,0
TCAGTGTCCTGGCAGCACTGTCACAGAA,1,0
TCAGTGTCCTTCGAGGAGTGAGACACGG,0,23
TCAGTGTCCTTCGAGGAGTTATACCCTG,0,1
TCAGTGTCCTTCGAGGATTGAGACACGT,0,6
TCAGTGTCCTTCGAGGATTTAGACACTG,0,1
TCAGTGTCCTTCGAGTAGTGAGACACTT,0,1
TCAGTGTCCTTCGAGTAGTTATACACGT,0,1
TCAGTGTCCTTCGAGTATTTATACACTT,0,3
TCAGTGTGCTACGAGTCTTGCATCATAT,0,1
TCAGTGTGCTACGAGTGGTGGAGCATTT,0,59
TCAGTGTGCTACGAGTGGTTGATCATTT,0,2
TCAGTGTGCTACGAGTTGTTGAGCCTTT,0,1
TCAGTGTGCTACGAGTTTTGGATCATTT,0,5
TCAGTGTGCTACGAGTTTTTTATCATTT,0,1
TCAGTGTGCTAGAAGTTTTTTATCATCC,1,0
TCAGTGTGCTTTCAGCTGTGCCTCAAAA,158,79
TCAGTGTGCTTTCAGCTGTGCCTCACCC,3,2
TCAGTGTGCTTTCAGCTGTGCCTCCACA,2,2
TCAGTGTGCTTTCAGCTGTTCCTCCAAA,0,1
TCAGTGTGCTTTCAGCTTTTCCTCAAAA,3,4
TCAGTGTTCTAGCAGGCGTGTTACATGT,0,45
TCAGTGTTCTAGCAGGCTTGTTACATTT,0,3
TCAGTGTTCTGCGAGATGTGTCTCAGTT,47,110
TCAGTGTTCTGCGAGATTTGTCTCCGTT,0,1
TCAGTGTTCTGCGAGATTTTTCTCATTT,2,4
TCAGTGTTCTGTGAGTGGCGCGTCCTTT,1,0
TCAGTGTTCTGTGAGTGGTGCGTCATTT,69,140
TCAGTGTTCTGTGAGTGGTTCTTCATTT,1,0
TCAGTGTTCTGTGAGTGTTGCGTCCTTT,0,1
TCAGTGTTCTGTGAGTGTTGCTTCATTT,1,1
TCAGTGTTCTGTGAGTTTTGCGTCATTT,6,6
TCAGTGTTCTGTGAGTTTTTCTTCATTT,2,2
TCAGTGTTCTGTTAGTCATGCTCCAACG,36,28
TCAGTGTTCTGTTAGTCATGCTCCACCT,1,0
TCAGTGTTCTGTTAGTCATGCTCCCCCG,1,1
TCAGTGTTCTGTTAGTCATTCTCCAACT,4,3
TCAGTTAACTTGGAGGTGTGAACCAACC,68,166
TCAGTTAACTTGGAGGTGTGAACCCCCC,2,6
TCAGTTAACTTGGAGGTTTTAACCAACC,3,4
TCAGTTAGCTACAAGGCCTGCCCCAACG,1,0
TCAGTTAGCTACAAGGCTTGTCACACAA,1,0
TCAGTTAGCTGTGAGGAATGTCACATCA,0,1
TCAGTTATCTTAGAGGTCTGTTCCAGAA,0,1
TCAGTTATCTTGCAGCTGTGCCTCATTC,0,44
TCAGTTATCTTGCAGCTTTTCCTCATTC,0,4
TCAGTTCACTCCAAGCTGTGCTCCACAC,0,1
TCAGTTCGCTAAGAGCTCTGCACCCTTC,1,0
TCAGTTCGCTAAGAGGACTGGTCCCTTA,1,0
TCAGTTCGCTAAGAGGACTGTTCCAGTA,1,0
TCAGTTCGCTAAGAGGTCTGGTCCAGTA,111,415
TCAGTTCGCTAAGAGGTCTGGTCCCGTC,1,1
TCAGTTCGCTAAGAGGTCTGTTCCATTA,6,23
TCAGTTCGCTAAGAGGTCTGTTCCCGTA,0,2
TCAGTTCGCTAAGAGGTCTTGTCCAGAA,0,1
TCAGTTCGCTAAGAGGTCTTGTCCATTA,1,1
TCAGTTCGCTAAGAGGTCTTTTCCAGTA,1,9
TCAGTTCGCTAATAGGTCTGTTCCATTT,0,1
TCAGTTCGCTGGTAGAGGTGGCGCAGGA,90,60
TCAGTTCGCTGGTAGAGGTGGCGCATTA,1,0
TCAGTTCGCTGGTAGAGGTGGCTCAGTA,4,1
TCAGTTCGCTGGTAGAGGTGGCTCCGGA,1,0
TCAGTTCGCTGGTAGAGGTGTCGCCGGA,1,2
TCAGTTCGCTGGTAGAGGTTGCTCATGA,1,1
TCAGTTCGCTGGTAGAGGTTTCTCATTA,4,3
TCAGTTCGCTGGTAGAGTTGGCGCCGGA,0,1
TCAGTTCGCTGGTAGAGTTGGCTCATGA,2,2
TCAGTTCGCTGGTAGAGTTGTCGCATGA,1,0
TCAGTTCGCTGGTAGAGTTGTCTCAGGA,6,5
TCAGTTCGCTGGTAGATTTGGCGCAGGA,0,3
TCAGTTCGCTGGTAGATTTGTCTCAGTA,0,1
TCAGTTCGCTGGTAGATTTGTCTCATGA,0,5
TCAGTTCGCTGGTAGATTTTTCGCCGGA,0,1
TCAGTTCGCTGGTAGATTTTTCTCAGGA,1,0
TCAGTTCGCTGGTAGATTTTTCTCATTA,1,2
TCAGTTCGCTTCAAGTCATGGTTCATTA,1,0
TCAGTTCGCTTTAAGTCCTGTCACAATC,0,1
TCAGTTGCCTTTAAGAATTGCATCAAAC,48,0
TCAGTTGCCTTTAAGAATTGCATCCCCC,1,0
TCAGTTGGCTCTTAGCCATCCCGCACGG,1,0
TCAGTTGGCTCTTAGCCATGCCGCAAGG,29,63
TCAGTTGGCTCTTAGCCATGCCGCAATT,1,1
TCAGTTGGCTCTTAGCCATGCCTCAAGT,1,1
TCAGTTGGCTCTTAGCCATTCCTCAAGG,3,0
TCAGTTGGCTCTTAGCCATTCCTCAATT,3,5
TCAGTTGGCTGTAAGTGATGGTCCAGCG,64,0
TCAGTTGGCTGTAAGTGATGGTCCATCT,4,0
TCAGTTGGCTGTAAGTGATTTTCCATCG,1,0
TCAGTTGGCTGTAAGTTATTTTCCATCT,5,0
TCAGTTGTCTGCCAGGATTGTACCAAAT,1,0
TCAGTTGTCTGCCAGGATTGTACCATAG,39,0
TCAGTTGTCTGCCAGGATTGTACCCTCG,2,0
TCAGTTGTCTGCCAGGATTTTACCATAT,3,0
TCAGTTTACTTAAAGAAATGGTCCAGGC,24,0
TCAGTTTACTTAAAGAAATGGTCCATTC,1,0
TCAGTTTACTTAAAGAAATGTTCCAGTC,2,0
TCAGTTTACTTAAAGAAATTTTCCATTC,6,0
TCAGTTTCCTGGTAGTCATGCCACAATC,0,37
TCAGTTTCCTGGTAGTCATTCCACATTC,0,1
TCAGTTTGCTACAAGTAATGAGGCAAGC,0,1
TCAGTTTGCTGCGAGTATTGGTGCACAG,0,1
TCAGTTTGCTGCGAGTATTGGTGCAGTG,105,152
TCAGTTTGCTGCGAGTATTGTTGCAGTT,0,2
TCAGTTTGCTGCGAGTATTGTTGCATTG,0,1
TCAGTTTGCTGCGAGTATTGTTTCAGTG,4,3
TCAGTTTGCTGCGAGTATTTGTTCAGTG,0,2
TCAGTTTGCTGCGAGTATTTTTGCAGTG,0,1
TCAGTTTGCTGCGAGTATTTTTTCATTT,0,3
TCAGTTTGCTGGAAGATGTGCCGCAGGT,32,0
TCAGTTTGCTGGAAGATGTGCCTCCGGT,2,0
TCAGTTTGCTGGAAGATGTTCCTCATGT,1,0
TCAGTTTGCTGGAAGATTTTCCTCAGTT,2,0
TCAGTTTGCTGGTAGAGGTGGCTCAGGA,1,0
TCAGTTTGCTGTTAGGGCTGAAACAAAT,1,0
TCAGTTTGCTGTTAGGTCTGAAACAATG,63,32
TCAGTTTGCTGTTAGGTCTGAAACCCTG,1,2
TCAGTTTGCTGTTAGGTCTTAAACAATT,0,1
TCAGTTTGCTTCCAGCCTTGAATCCTAT,1,0
TCAGTTTTCTTCAAGATCTGACACACAC,0,1
TCAGTTTTCTTTCAGCCCTGTAGCAGAT,119,33
TCAGTTTTCTTTCAGCCCTGTAGCATCT,1,1
TCAGTTTTCTTTCAGCCCTGTATCATAT,4,2
TCAGTTTTCTTTCAGCCCTTTAGCATAT,5,3
TCAGTTTTCTTTCAGCCCTTTATCAGAT,10,2
TCCGAGATCTTCCAGTGATGTTACAAGT,1,0
TCCGAGGTCTGAGAGTTCTTCCTCCCTC,0,1
TCCGAGTCCTCTTAGTCTTGCTCCATTC,1,0
TCCGATGTCTCTGAGCTATGTTTCAGTA,1,0
TCCGCCTTCTATAAGTCTTGCGTCAAGA,0,1
TCCGCTCGCTGAGAGCTTTGGTTCAACT,0,1
TCCGTAAACTGCTAGAAATGTCCCAAGT,0,1
TCCGTAAACTGGTAGATTAGTCGCCAGT,0,1
TCCGTAAACTGGTAGATTTATCTCAAGT,0,1
TCCGTAAACTGGTAGATTTGTCGCAAGT,209,365
TCCGTAAACTGGTAGATTTGTCGCCCGT,4,7
TCCGTAAACTGGTAGATTTGTCTCACGT,1,4
TCCGTAAACTGGTAGATTTGTCTCCAGT,1,0
TCCGTAAACTGGTAGATTTGTCTTAAGT,1,0
TCCGTAAACTGGTAGATTTTTCTCAATT,13,30
TCCGTAAACTGGTAGATTTTTCTCCCGT,0,1
TCCGTAATCTGGCAGCGGTGAGACAGCC,0,2
TCCGTAATCTGGCAGCGTTTAGACAGCC,0,1
TCCGTAATCTGTGAGTTGTGCGACACAT,16,0
TCCGTAATCTGTGAGTTTTTCTACACAT,2,0
TCCGTACACTGTTAGGACGGACGCCAAG,0,1
TCCGTACACTGTTAGGACTGACGCAAAG,0,19
TCCGTACACTGTTAGGACTGACTCAAAT,0,2
TCCGTACCCTTTGAGCGATGATACACAT,0,48
TCCGTACCCTTTGAGCGATGATACCCCT,0,2
TCCGTACGCTATTAGGGGTGATCCATCG,62,85
TCCGTACGCTATTAGGGTTGATCCATCT,1,1
TCCGTACGCTATTAGGGTTGATCCCTCG,0,1
TCCGTACGCTATTAGGTGTGATCCATCT,1,1
TCCGTACGCTATTAGGTGTGATCCCTCG,1,0
TCCGTACGCTATTAGGTTTGATCCATCG,11,18
TCCGTACGCTATTAGGTTTTATCCATCT,1,2
TCCGTACGCTCCTAGGGATGAGGCATCC,0,44
TCCGTACGCTCCTAGGGATGATTCATCC,0,2
TCCGTACGCTCCTAGGTATGAGTCATCC,0,2
TCCGTACGCTCCTAGGTATGATGCATCC,0,1
TCCGTACGCTCCTAGGTATTATTCATCC,0,1
TCCGTACGCTGAGAGCTTTTTTTCAACT,0,2
TCCGTAGCCTATAAGCTGAGTAACATCG,0,1
TCCGTAGCCTATAAGCTGTGGAACATCG,223,222
TCCGTAGCCTATAAGCTGTGGAACCTCT,2,3
TCCGTAGCCTATAAGCTGTGTAACATCT,7,4
TCCGTAGCCTATAAGCTGTGTAACCTCG,0,1
TCCGTAGCCTATAAGCTGTTGAACATCT,0,2
TCCGTAGCCTATAAGCTGTTTAACATCG,0,2
TCCGTAGCCTATAAGCTGTTTAACCTCT,1,0
TCCGTAGCCTATAAGCTTTGGAACATCT,3,1
TCCGTAGCCTATAAGCTTTGTAACATCG,2,0
TCCGTAGCCTATAAGCTTTGTAACCTCT,1,0
TCCGTAGCCTATAAGCTTTTGAACATCG,0,1
TCCGTAGCCTATAAGCTTTTTAACATCT,13,17
TCCGTAGCCTCTTAGTCTTGATCCAACG,40,0
TCCGTAGCCTCTTAGTCTTGATCCCCCG,1,0
TCCGTAGCCTCTTAGTCTTTATCCAACT,2,0
TCCGTAGCCTGACAGAAGTGATGCATTT,5,0
TCCGTAGGCTACCAGCACTGTGACATCT,36,55
TCCGTAGGCTACCAGCACTTTTACATCT,1,0
TCCGTAGTCTCTGAGCTATGTTACATAA,1,0
TCCGTAGTCTGTCAGGCGTGAGGCACAG,1,0
TCCGTAGTCTGTTAGATGTGTCCCATTT,0,16
TCCGTAGTCTGTTAGATTTTTCCCATTT,0,4
TCCGTAGTCTTCCAGTGGTGTAACACTT,0,1
TCCGTATACTGACAGACTTGATTCAACA,0,1
TCCGTATACTTGGAGCTATTCATCAATA,1,0
TCCGTATCCTCAGAGTCGTGGTTCACAG,1,0
TCCGTATCCTCAGAGTCGTGGTTCACTT,19,3
TCCGTATCCTCAGAGTCGTGGTTCCCTG,1,0
TCCGTATCCTCAGAGTCGTGTTTCACAT,1,0
TCCGTATCCTCAGAGTCTTGGTTCACAT,1,0
TCCGTATTCTAGAAGGCGTGGTACAGTC,0,27
TCCGTATTCTAGAAGGCTTTGTACAGTC,0,2
TCCGTATTCTTATAGCTCTGCCTCAGAT,1,0
TCCGTATTCTTTTAGCGCTGCCTCAGAT,58,64
TCCGTATTCTTTTAGCGCTTCCTCATAT,0,1
TCCGTATTCTTTTAGCTCTGCCTCATAT,4,1
TCCGTATTCTTTTAGCTCTTCCTCAGAT,1,2
TCCGTCAACTGCCAGAGCTGGTACAGAG,73,74
TCCGTCAACTGCCAGAGCTGGTACCGCG,1,0
TCCGTCAACTGCCAGAGCTGGTACCTCT,0,1
TCCGTCAACTGCCAGAGCTGTTACATAG,1,4
TCCGTCAACTGCCAGAGCTGTTACCGAG,0,1
TCCGTCAACTGCCAGAGCTTGTACATAT,2,2
TCCGTCAACTGCCAGAGCTTTTACAGAG,1,1
TCCGTCAACTGCCAGATCTGGTACATAT,1,0
TCCGTCAACTGCCAGATCTGGTACCTAG,1,0
TCCGTCAACTGCCAGATCTGTTACAGAT,0,1
TCCGTCAACTGCCAGATCTGTTACCTCG,1,0
TCCGTCAACTGCCAGATCTTGTACAGAT,0,1
TCCGTCAACTGCCAGATCTTTTACATAT,2,4
TCCGTCATCTAAGAGCGTTGAACCAGTT,90,132
TCCGTCATCTAAGAGCGTTGAACCATTA,0,1
TCCGTCATCTAAGAGCTTTTAACCATTT,5,10
TCCGTCATCTAAGAGCTTTTAACCCGTT,0,1
TCCGTCATCTGGAAGGGCTGATCCATGG,130,79
TCCGTCATCTGGAAGGGCTGATCCATTT,2,4
TCCGTCATCTGGAAGGTCTGATCCATGT,3,0
TCCGTCATCTGGAAGGTCTGATCCATTG,8,5
TCCGTCATCTGGAAGGTCTGATCCCTGG,0,1
TCCGTCATCTGGAAGGTCTTATCCATGG,1,1
TCCGTCATCTGGAAGGTCTTATCCATTT,3,2
TCCGTCATCTGGAAGTCCTGCTCCATGC,0,1
TCCGTCATCTGGTAGGCTTGCTCCATCA,0,1
TCCGTCCACTGTTAGTACTTACTCAAAT,0,1
TCCGTCGACTCAGAGGTGTGAGTCAGGG,0,108
TCCGTCGACTCAGAGGTGTGAGTCAGTT,0,2
TCCGTCGACTCAGAGGTGTTAGTCAGTG,0,1
TCCGTCGACTCAGAGGTGTTATTCAGGG,0,1
TCCGTCGACTCAGAGGTGTTATTCATTT,0,7
TCCGTCGACTCAGAGGTTTGAGTCAGTG,0,5
TCCGTCGACTCAGAGGTTTGAGTCATGG,0,2
TCCGTCGACTCAGAGGTTTGAGTCATTT,0,1
TCCGTCGACTCAGAGGTTTGATTCATTG,0,2
TCCGTCGACTCAGAGGTTTGATTCCGGG,0,1
TCCGTCGACTCAGAGGTTTTAGTCAGTT,0,1
TCCGTCGCCTCACAGTTCTGCGTCAGCG,0,33
TCCGTCGCCTCACAGTTCTGCTTCAGCT,0,3
TCCGTCGCCTCACAGTTCTGCTTCATCG,0,3
TCCGTCGGCTACTAGACCTGAAGCATAC,0,1
TCCGTCGGCTCAGAGGATTGCCTCACAG,0,1
TCCGTCGTCTGAAAGGCGGGACCCCAGA,0,1
TCCGTCGTCTGAAAGGCGTGACCCAAGA,0,40
TCCGTCGTCTGAAAGGCGTGACCCCCGA,0,2
TCCGTCGTCTGAAAGGCGTTACCCAATA,0,1
TCCGTCGTCTGAAAGGCTTTACCCAAGA,0,2
TCCGTCTGCTATTAGCTCTGATACAATC,0,1
TCCGTCTGCTGGAAGGCATGGATCATGT,64,195
TCCGTCTGCTGGAAGGCATGGATCCTTT,0,1
TCCGTCTGCTGGAAGGCATGTATCCTGT,0,1
TCCGTCTGCTGGAAGGCATTGATCAAGT,1,0
TCCGTCTGCTGGAAGGCATTTATCATTT,5,13
TCCGTCTGCTGGAAGTCATCTATCATGT,0,1
TCCGTCTTCTATAAGTCTTGCGCCAACA,0,1
TCCGTCTTCTATAAGTCTTGCGGCAAGA,0,53
TCCGTCTTCTATAAGTCTTGCGGCCCGA,0,1
TCCGTCTTCTATAAGTCTTGCTGCAATA,0,1
TCCGTCTTCTATAAGTCTTGCTTCCCGA,0,1
TCCGTCTTCTATAAGTCTTTCGGCAATA,0,2
TCCGTCTTCTATAAGTCTTTCTTCAAGA,0,5
TCCGTCTTCTTCAAGCCATGTCACATCA,0,1
TCCGTCTTCTTCAAGGCATGGCACAGCA,106,106
TCCGTCTTCTTCAAGGCATGGCCCAGCC,0,1
TCCGTCTTCTTCAAGGCATGTCACATCC,0,2
TCCGTCTTCTTCAAGGCATGTCACCGCA,1,2
TCCGTCTTCTTCAAGGCATTTCACATCA,13,18
TCCGTGACCTAGGAGTATTGTACCATTC,0,1
TCCGTGATCATCCAGTGATTTTACAATT,1,0
TCCGTGATCTTCAAGATATGAAACACGG,1,0
TCCGTGATCTTCCAGTGAAGTTACAATG,1,0
TCCGTGATCTTCCAGTGATGATACAAGT,1,1
TCCGTGATCTTCCAGTGATGTAACAAGC,0,1
TCCGTGATCTTCCAGTGATGTTACAAGG,159,253
TCCGTGATCTTCCAGTGATGTTACAATT,15,18
TCCGTGATCTTCCAGTGATGTTACCAGT,1,0
TCCGTGATCTTCCAGTGATGTTACCCGG,5,6
TCCGTGATCTTCCAGTGATTTTACAAGT,1,1
TCCGTGATCTTCCAGTGATTTTACAATG,0,1
TCCGTGATCTTCCAGTTATGATACAAGG,0,1
TCCGTGATCTTCCAGTTATGTTACAATG,2,2
TCCGTGATCTTCCAGTTATGTTACCAGG,0,1
TCCGTGATCTTCCAGTTATTTTACAATT,4,6
TCCGTGATCTTTTAGCGATGACCCATGT,0,1
TCCGTGCACTGCTAGGGGTGTATCAAAT,241,117
TCCGTGCACTGCTAGGGGTGTATCCCCT,8,2
TCCGTGCACTGCTAGGGTTGTATCCACT,1,0
TCCGTGCACTGCTAGGGTTTTAACAAAT,0,1
TCCGTGCACTGCTAGGTGTGTATCACAT,0,1
TCCGTGCACTGCTAGGTGTGTATCCAAT,1,0
TCCGTGCACTGCTAGGTTTGTATCAAAT,25,10
TCCGTGCACTGCTAGGTTTGTATCACCT,1,0
TCCGTGCACTGCTAGTTTTTTATCAAAT,1,0
TCCGTGCCCTGTCAGTCTTGGGTCAGTC,168,166
TCCGTGCCCTGTCAGTCTTGGTTCATTC,1,1
TCCGTGCCCTGTCAGTCTTGTCTCAGAC,1,0
TCCGTGCCCTGTCAGTCTTGTGTCATTC,1,6
TCCGTGCCCTGTCAGTCTTGTTTCAGTC,7,8
TCCGTGCCCTGTCAGTCTTTGGTCATTC,1,1
TCCGTGCCCTGTCAGTCTTTTGTCAGTC,4,5
TCCGTGCCCTGTCAGTCTTTTTTCATTC,2,4
TCCGTGCGCTGGGAGGCAGGAATCCCAA,1,1
TCCGTGCGCTGGGAGGCATGAATCACAA,371,514
TCCGTGCGCTGGGAGGCATGAATCACCC,1,1
TCCGTGCGCTGGGAGGCATGAATCCCCA,5,6
TCCGTGCGCTGGGAGGCCTGCATCCCAA,0,1
TCCGTGCGCTGGGAGTCATTAATCACAA,0,1
TCCGTGCTCTACGAGATGTGGCGCAGGC,0,46
TCCGTGCTCTACGAGATGTGTCGCAGTC,0,5
TCCGTGCTCTACGAGATGTGTCGCATGC,0,2
TCCGTGCTCTACGAGATGTTTCGCATTC,0,1
TCCGTGCTCTACGAGATTTGGCGCATGC,0,1
TCCGTGCTCTACGAGATTTGTCTCAGGC,0,1
TCCGTGCTCTACGAGATTTTTCTCATTC,0,3
TCCGTGCTCTAGCAGAGATGAAACACCG,0,29
TCCGTGCTCTAGCAGAGATTAAACACCT,0,3
TCCGTGCTCTAGCAGATATGAAACACCT,0,1
TCCGTGCTCTAGCAGATATTAAACACCG,0,1
TCCGTGGACTTGGAGGCCTGGGACAGCA,33,0
TCCGTGGACTTGGAGGCCTTTTACCTCA,1,0
TCCGTGGCCTATGAGCTCTGTAGCAGTT,0,38
TCCGTGGCCTATGAGCTCTGTATCATTT,0,3
TCCGTGGCCTATGAGCTCTTTATCAGTT,0,3
TCCGTGGGCTAACAGGGTTGGCTCATCT,0,15
TCCGTGGGCTAACAGGTTTTGCTCATCT,0,2
TCCGTGGGCTCGGAGGGCTGATTCAACA,112,113
TCCGTGGGCTCGGAGGGCTGATTCCCCA,3,3
TCCGTGGGCTCGGAGGTCTGAATCAACA,0,1
TCCGTGGGCTCGGAGGTCTTATTCAACA,1,3
TCCGTGGGCTCGGAGTGCTTATTCAACA,0,1
TCCGTGGGCTTAGAGTAGTGAGTCACCA,0,128
TCCGTGGGCTTAGAGTAGTTAGTCCCCC,0,1
TCCGTGGGCTTAGAGTATTGATTCACCA,0,4
TCCGTGGGCTTCAAGAGGTGTTGCATAG,8,105
TCCGTGGGCTTCAAGAGGTGTTTCATAT,0,1
TCCGTGGGCTTCAAGAGTTGTTTCATAG,0,4
TCCGTGGGCTTCAAGAGTTTTTGCATAT,0,1
TCCGTGGGCTTCAAGATTTGTTGCATAG,0,1
TCCGTGGGCTTCAAGATTTGTTTCATAT,1,2
TCCGTGGGCTTCAAGATTTTTTTCATAG,0,1
TCCGTGGTCTAGCAGAGATGAAACACCT,0,1
TCCGTGGTCTGATACTTTTTCATCACAG,0,1
TCCGTGGTCTGATAGTGGTGCATCACAG,33,45
TCCGTGGTCTGATAGTGGTGCATCCCCG,1,0
TCCGTGGTCTGATAGTGGTTCATCACAT,0,1
TCCGTGGTCTGATAGTGTTGCATCCCAG,1,1
TCCGTGGTCTGATAGTGTTTCATCACAG,3,3
TCCGTGGTCTGATAGTTTTGCATCACAG,1,2
TCCGTGGTCTGATAGTTTTTCATCACAT,1,1
TCCGTGGTCTGGTAGCTTTGCATCATTT,52,41
TCCGTGGTCTGGTAGCTTTTCATCCTTT,1,1
TCCGTGTACTTAAAGAGCTGGGGCAGCG,0,95
TCCGTGTACTTAAAGAGCTGGGGCATCT,0,2
TCCGTGTACTTAAAGAGCTGGGTCAGCT,0,1
TCCGTGTACTTAAAGAGCTGGTGCAGCT,0,2
TCCGTGTACTTAAAGAGCTGTGTCAGCG,0,5
TCCGTGTACTTAAAGAGCTGTTGCAGCG,0,3
TCCGTGTACTTAAAGAGCTGTTTCATCT,0,1
TCCGTGTACTTAAAGATCTGGGTCAGCG,0,2
TCCGTGTACTTAAAGATCTGGGTCATCT,0,1
TCCGTGTACTTAAAGATCTGTGTCAGCT,0,2
TCCGTGTACTTAAAGATCTGTGTCATCG,0,2
TCCGTGTACTTAAAGATCTTTTTCATCT,0,8
TCCGTGTCCTATCAGGGTTGCTGCATCA,0,37
TCCGTGTCCTATCAGGTTTGCTTCATCA,0,2
TCCGTGTCCTCTTAGTCTTGCGCCATTC,28,68
TCCGTGTCCTCTTAGTCTTGCTCCCTTC,0,1
TCCGTGTCCTCTTAGTCTTTCTCCATTC,7,7
TCCGTGTCCTGGGAGGCTTGTCTCAGGG,0,55
TCCGTGTCCTGGGAGGCTTGTCTCATTG,0,6
TCCGTGTCCTGGGAGGCTTTTCTCAGTG,0,1
TCCGTGTCCTGGGAGTCTTGTCTCATTT,0,1
TCCGTGTGCTAGAAGTGTTGGAGCATCC,49,2
TCCGTGTGCTAGAAGTGTTGTAGCCTCC,1,0
TCCGTGTGCTAGAAGTGTTGTATCATCC,2,0
TCCGTGTGCTAGAAGTTTTTGATCATCC,1,0
TCCGTGTTCTAGTAGGTATGTGCCAAGC,0,60
TCCGTGTTCTAGTAGGTATGTGCCCCGC,0,4
TCCGTGTTCTAGTAGGTATTTTCCAATC,0,6
TCCGTGTTCTAGTAGGTATTTTCCCCTC,0,1
TCCGTGTTCTGCAAGGGATGTACCACTC,47,38
TCCGTGTTCTGCAAGGTATGAACCACTC,0,1
TCCGTGTTCTGCAAGGTATGTACCCCTC,0,1
TCCGTGTTCTGCAAGGTATTTACCACTC,0,2
TCCGTTAGCTGCAAGTACTGGACCATCT,1,0
TCCGTTAGCTTGCAGGGGTGGTCCATGC,0,14
TCCGTTCACTCACAGCTGACTTTCCCAC,1,0
TCCGTTCACTCACAGCTGTGGTGCACAC,69,31
TCCGTTCACTCACAGCTGTGGTGCCCCC,2,1
TCCGTTCACTCACAGCTGTGGTTCCCAC,1,0
TCCGTTCACTCACAGCTGTGTTTCACAC,2,1
TCCGTTCACTCACAGCTTTGGTTCACAC,2,0
TCCGTTCACTCACAGCTTTGTTGCACAC,1,0
TCCGTTCACTCACAGCTTTTTTTCACAC,2,0
TCCGTTCGCAGAGAGCGTTGTTTCAACT,0,1
TCCGTTCGCTGAGAGCCTATGTTCAACG,0,1
TCCGTTCGCTGAGAGCCTTGCATCAACT,0,1
TCCGTTCGCTGAGAGCGTAGGTTCACCG,0,1
TCCGTTCGCTGAGAGCGTTGGTTCAACG,155,491
TCCGTTCGCTGAGAGCGTTGGTTCCACT,0,1
TCCGTTCGCTGAGAGCGTTGGTTCCCCG,6,17
TCCGTTCGCTGAGAGCGTTGTTACAACT,0,1
TCCGTTCGCTGAGAGCGTTGTTTCCCCT,1,1
TCCGTTCGCTGAGAGCGTTTTTTCAACT,8,38
TCCGTTCGCTGAGAGCTTTGGTACAACT,0,1
TCCGTTCGCTGAGAGCTTTGGTTCAAAT,1,0
TCCGTTCGCTGAGAGCTTTGTTTCAACT,4,15
TCCGTTCGCTGAGAGCTTTGTTTCACCG,0,1
TCCGTTCGCTGAGAGCTTTTGTTCAACG,0,8
TCCGTTCGCTGAGAGCTTTTTTTCCACG,1,1
TCCGTTCGCTGGGAGCTGTGCTTCAATC,129,43
TCCGTTCGCTGGGAGCTGTGCTTCCCTC,5,1
TCCGTTCGCTGGGAGCTTTGCTTCCATC,1,0
TCCGTTCGCTGGGAGCTTTTCTTCAATC,5,6
TCCGTTCTCTAAGAGCTGTGTAGCAATA,0,48
TCCGTTCTCTAAGAGCTGTGTAGCCCTA,0,1
TCCGTTCTCTAAGAGCTTTGTATCAATA,0,2
TCCGTTCTCTCTGAGTCATGTCTCATCT,92,63
TCCGTTCTCTCTGAGTCATTTCTCCTCT,0,1
TCCGTTGCCTAGAAGGCTTGCCGCAGCG,2,45
TCCGTTGCCTAGAAGGCTTGCCTCAGCT,0,1
TCCGTTGCCTAGAAGGCTTTCCTCATCT,0,6
TCCGTTGGCTTTAAGGCGTGGACCAGCG,34,0
TCCGTTGGCTTTAAGGCGTGGACCATCT,1,0
TCCGTTGGCTTTAAGGCGTGTACCATCG,4,0
TCCGTTGGCTTTAAGGCTTCGACCCTCG,1,0
TCCGTTGGCTTTAAGGCTTGGACCATCG,2,0
TCCGTTGGCTTTAAGGCTTGTACCCGCG,1,0
TCCGTTGGCTTTAAGGCTTTTACCAGCT,1,0
TCCGTTGTCTCTGAGCTAGGTGTCCGTA,1,0
TCCGTTGTCTCTGAGCTATGACACACTA,1,0
TCCGTTGTCTCTGAGCTATGTGTCAGTA,206,186
TCCGTTGTCTCTGAGCTATGTTACATTA,1,0
TCCGTTGTCTCTGAGCTATTTGTCATTC,0,1
TCCGTTGTCTCTGAGCTATTTTTCATTA,9,7
TCCGTTTACTGGCAGGTATGTTTCATTC,1,1
TCCGTTTACTGTGAGTCTTGCCGCACCC,144,63
TCCGTTTACTGTGAGTCTTGCCTCCCCC,1,0
TCCGTTTACTGTGAGTCTTTCCTCACCC,14,3
TCCGTTTGCTGGGAGCGTTGTTTCAAGA,0,1
TCCGTTTTCTACAAGGCCTGCGCCATCG,256,31
TCCGTTTTCTACAAGGCCTGCGCCCTCT,1,0
TCCGTTTTCTACAAGGCCTGCTCCATCT,24,7
TCCGTTTTCTACAAGGCCTGCTCCCTCG,3,0
TCCGTTTTCTACAAGGCCTTCGCCATCT,4,0
TCCGTTTTCTACAAGGCCTTCTCCATCG,4,0
TCCGTTTTCTCATAGGCTTTGATCAAAT,1,0
TCCGTTTTCTGAAAGTAGTGGTCCACTT,0,42
TCCGTTTTCTGAAAGTAGTTTTCCACTT,0,1
TCCGTTTTCTGAAAGTATTTGTCCACTT,0,1
TCCGTTTTCTGGCAGGTATGTGTCAGGC,45,42
TCCGTTTTCTGGCAGGTATGTGTCATTC,1,4
TCCGTTTTCTGGCAGGTATTTTTCATTC,2,3
TCCGTTTTCTGTTAGTCTTGCCTCACCC,1,0
TCCGTTTTCTTCAAGATCTGTCACAGAC,35,30
TCCGTTTTCTTCAAGATCTGTCACCGCC,2,1
TCCGTTTTCTTCAAGATCTTTCACATAC,1,1
TCGCTCGTCAGTAAGTCGTGTCTCACTC,1,0
TCGCTGAGCTTGCAGCTCTTCCCCATTT,1,0
TCGCTGATCTAGGAGCTTTTATTCATGT,0,1
TCGGAACTCAGGAAGGTATGTGTCACTG,1,0
TCGGAATACTTGCAGCTTTGACTCACTT,0,1
TCGGACAACTGACAGGCTTGCAGCACTC,0,1
TCGGACCACAGCTAGGATTTAGTCAGAA,0,1
TCGGAGCGCTGGGAGTTATTACACATAT,0,1
TCGGAGGGCTAGTAGTTTTGAGCCATCT,0,1
TCGGATCACACAAAGGTGTTTCCCATTC,0,1
TCGGATCACTCATAGGTGTTTCCCAGGC,1,0
TCGGATGTCTTGTAGTCATTATTCACCA,0,1
TCGGTAAACTCGAAGGGATGTTGCAGTT,37,0
TCGGTAAACTCGAAGGGATGTTTCCGTT,1,0
TCGGTAAACTCGAAGGGATTTTTCAGTT,2,0
TCGGTAAACTCGAAGGTATGTTTCAGTT,2,0
TCGGTAAGCTCGTAGCGCTGGATCAAAT,0,1
TCGGTAAGCTCGTAGCGCTGGATCATTT,18,85
TCGGTAAGCTCGTAGCTCTTTATCATTT,3,4
TCGGTAATCTAGCAGCGCTGTGACAGTG,0,6
TCGGTAATCTAGCAGCGCTTTTACATTG,0,1
TCGGTAATCTAGCAGGGCTGGGTCACTG,0,41
TCGGTAATCTAGCAGGGCTGGTTCCCTG,0,1
TCGGTAATCTAGCAGGTCTGTGTCACTT,0,2
TCGGTAATCTAGCAGGTCTTTTTCACTT,0,2
TCGGTAATCTGTAAGTTGTGATACATTG,123,101
TCGGTAATCTGTAAGTTGTGATACCTTT,1,0
TCGGTAATCTGTAAGTTGTTATACATTT,1,1
TCGGTAATCTGTAAGTTTTGATACATTT,4,2
TCGGTAATCTGTAAGTTTTTATACCTTT,1,0
TCGGTAATCTTGTAGGGGTGATACAGGA,22,0
TCGGTAATCTTGTAGGGGTGATACATTA,1,0
TCGGTAATCTTGTAGGGTTGATACAGTA,3,0
TCGGTAATCTTGTAGGTGTGATACAGTA,1,0
TCGGTAATCTTGTAGGTTTGATACATGA,6,0
TCGGTAATCTTGTAGGTTTGATACCGGA,1,0
TCGGTACACTGGAAGGAATGTTTCACTG,0,1
TCGGTACCCTCAAAGTTATGTCTCACAA,1,0
TCGGTACCCTTACAGGCGTGCGTCATGC,0,27
TCGGTACCCTTACAGGCTTGCTTCATGC,0,1
TCGGTACCCTTACAGGCTTTCTTCATTC,0,4
TCGGTACGCAGGGAGCCTTTATACACTC,1,0
TCGGTACGCTGGGAGCCTTGAGACACTC,59,0
TCGGTACTCTGGAAGGTATCTGTCACTT,1,0
TCGGTACTCTGGAAGGTATGTGTCACTG,164,116
TCGGTACTCTGGAAGGTATGTGTCCCTT,0,2
TCGGTACTCTGGAAGGTATGTTTCCCTG,0,1
TCGGTACTCTGGAAGGTATTTTTCACTT,7,6
TCGGTACTCTTACAGAGCTGATTCAGCG,152,120
TCGGTACTCTTACAGAGCTGATTCATCT,6,5
TCGGTACTCTTACAGAGCTTATTCAGCT,4,1
TCGGTACTCTTACAGAGCTTATTCATCG,17,18
TCGGTAGACTACAAGAGCTGGTTCACCA,70,95
TCGGTAGACTACAAGAGCTGTTTCCCCA,0,1
TCGGTAGACTACAAGAGCTTGTTCCCCA,0,2
TCGGTAGACTACAAGATCTTTTTCACCA,5,9
TCGGTAGACTGCGAGACTTGCCCCAGTG,43,77
TCGGTAGACTGCGAGACTTGCCCCCGTT,0,1
TCGGTAGACTGCGAGACTTGCCCCCTTG,0,1
TCGGTAGACTGCGAGACTTTCCCCAGTT,3,2
TCGGTAGACTGCGAGACTTTCCCCATTG,0,2
TCGGTAGACTGCGAGACTTTCCCCCGTG,1,0
TCGGTAGCCTGGTAGCTGTGAAGCAGGC,63,0
TCGGTAGCCTGGTAGCTGTGAATCATTC,8,0
TCGGTAGCCTGGTAGCTGTTAAGCAGTC,1,0
TCGGTAGCCTGGTAGCTTTTAATCATTC,2,0
TCGGTAGGCTATAAGCACTGTTTCAAGC,1,0
TCGGTAGGCTGTTAGAGTTGCGTCACTT,0,21
TCGGTAGGCTTTGAGTGGTGTTCCATTA,32,0
TCGGTAGGCTTTGAGTTGTGTTCCATAA,1,0
TCGGTAGGCTTTGAGTTTTTTTCCATTA,1,0
TCGGTAGTCTTGTAGTCATTATTCACCA,1,0
TCGGTAGTCTTTGAGTCCTGGGCCAACC,0,1
TCGGTATACTATCAGTGCTGCTCCATCG,0,37
TCGGTATACTATGAGGACTGAGGCATGG,37,0
TCGGTATACTATGAGGACTGAGTCATGT,1,0
TCGGTATACTATGAGGACTGAGTCATTG,2,0
TCGGTATACTATGAGGACTGATGCATTG,1,0
TCGGTATACTATGAGGACTTAGGCATTG,1,0
TCGGTATACTATGAGGACTTATTCATTT,3,0
TCGGTATACTATGAGTAATGATTCAATG,1,0
TCGGTATACTTGCAGCTATTACGCACGC,0,1
TCGGTATACTTGCAGCTTTGACGCACGG,111,102
TCGGTATACTTGCAGCTTTGACGCACTT,0,1
TCGGTATACTTGCAGCTTTGACGCCCGT,1,0
TCGGTATACTTGCAGCTTTGACTCACGT,0,1
TCGGTATACTTGCAGCTTTGACTCACTG,11,9
TCGGTATACTTGCAGCTTTGACTCCCGG,1,3
TCGGTATACTTGCAGCTTTTACGCACGT,1,1
TCGGTATACTTGCAGCTTTTACGCACTG,1,1
TCGGTATACTTGCAGCTTTTACTCACGG,1,2
TCGGTATACTTGCAGCTTTTACTCACTT,3,5
TCGGTATACTTGCAGCTTTTACTCCCGT,1,0
TCGGTATACTTGTAGCCTTGGTTCATCG,0,28
TCGGTATACTTGTAGCCTTGTTTCATCT,0,1
TCGGTATACTTGTAGCCTTTTTTCATCG,0,1
TCGGTATACTTGTAGCCTTTTTTCCTCT,0,1
TCGGTATGCTAGCAGGTCTGACACACTA,29,30
TCGGTATGCTAGCAGGTCTTACACACTC,0,1
TCGGTATGCTGATAGTGGTGCGTCACCA,28,0
TCGGTATGCTGATAGTGTTGCTTCACCA,1,0
TCGGTATGCTGATAGTTTTTCGTCACCA,1,0
TCGGTATTCTCGAAGGCGTGGGTCATTC,45,119
TCGGTATTCTCGAAGGCGTGTGTCCTTC,0,2
TCGGTATTCTCGAAGGCGTGTTTCATTC,1,2
TCGGTATTCTCGAAGGCGTTTGTCATTC,2,1
TCGGTATTCTCGAAGGCTTGGGTCCTTC,0,1
TCGGTATTCTCGAAGGCTTGGTTCATTC,0,1
TCGGTATTCTCGAAGGCTTGTGTCATTC,0,3
TCGGTATTCTCGAAGGCTTTGGTCATTC,0,1
TCGGTATTCTCGAAGGCTTTTTTCATTC,2,5
TCGGTCAACTGACAGACTTGCAGCACTC,0,1
TCGGTCAACTGACAGGCTTGCAGCACGC,0,98
TCGGTCAACTGACAGGCTTTCATCACTC,0,11
TCGGTCAACTTAAAGGCCTGCCACATCC,0,1
TCGGTCAGCTATCAGCATTGATGCATAA,1,0
TCGGTCAGCTCGGAGGTTTGACACACAG,37,0
TCGGTCAGCTCGGAGGTTTTACACACAT,3,0
TCGGTCAGCTCTGAGGTCTGGTCCATTA,0,27
TCGGTCAGCTCTGAGGTCTTGTCCATTC,0,1
TCGGTCAGCTCTGAGGTCTTTTCCATTA,0,2
TCGGTCAGCTGGAAGACGTTCTTCAGTT,0,1
TCGGTCAGCTGGTAGGAGGGTATCCCTT,0,1
TCGGTCAGCTGGTAGGAGTGTATCACTT,362,448
TCGGTCAGCTGGTAGGATTGAATCACTT,1,1
TCGGTCAGCTGGTAGGATTTTATCACTT,4,10
TCGGTCAGCTGTGAGGTGTGTTGCACTA,2,243
TCGGTCAGCTGTGAGGTGTGTTGCCCTC,0,1
TCGGTCAGCTGTGAGGTTTTTTTCACTA,0,7
TCGGTCAGCTGTGAGTTGTTTTTCACTA,0,1
TCGGTCAGCTTACAGGCCTTTCACAGTT,0,1
TCGGTCATCTGCTAGTTATGCCGCACGC,23,0
TCGGTCATCTGCTAGTTATGCCTCACTC,8,0
TCGGTCATCTGCTAGTTATTCCGCCCGC,1,0
TCGGTCATCTGCTAGTTATTCCTCACGC,1,0
TCGGTCATCTGCTAGTTATTCCTCCCTC,1,0
TCGGTCCACTGCTAGGATTGAGGCAGAA,43,55
TCGGTCCACTGCTAGGATTGAGGCCGAC,0,1
TCGGTCCACTGCTAGGATTGAGGCCGCA,0,1
TCGGTCCACTGCTAGGATTGAGTCATAA,1,0
TCGGTCCACTGCTAGGATTGATGCATAA,0,1
TCGGTCCACTGCTAGGATTGATTCAGAA,1,2
TCGGTCCACTGCTAGGATTTAGGCATAA,1,0
TCGGTCCACTGCTAGGATTTATTCATAA,3,6
TCGGTCCGCTGGAAGACGATCTTCATTA,0,1
TCGGTCCGCTGGAAGACGTGCTGCAGTT,45,34
TCGGTCCGCTGGAAGACGTGCTTCATTT,0,1
TCGGTCCGCTGGAAGACGTTCTGCATTT,1,0
TCGGTCCGCTGGAAGACTTGCTTCAGTT,1,3
TCGGTCCGCTGGAAGACTTTCATCAGAA,0,1
TCGGTCCGCTGGAAGACTTTCTGCAGTT,2,2
TCGGTCCGCTGGAAGACTTTCTTCATTT,1,1
TCGGTCCGCTTGTAGCGGTGTTTCACAC,15,0
TCGGTCCGCTTGTAGCTCTGTTACACCC,1,0
TCGGTCCGCTTTAAGTGTTGCCGCAATG,0,96
TCGGTCCGCTTTAAGTGTTGCCTCAATT,0,2
TCGGTCCGCTTTAAGTGTTTCCTCAATG,0,5
TCGGTCCGCTTTAAGTTTTTCCTCAATT,0,1
TCGGTCCTCTGGCAGGTCTGCGGCAGGT,0,15
TCGGTCCTCTGGCAGGTCTGCTTCATGT,0,2
TCGGTCCTCTGGCAGGTCTTCTGCAGTT,0,1
TCGGTCGACTAGTAGATTATCCGCAGTT,1,0
TCGGTCGACTAGTAGATTTGCCGCAGTT,47,0
TCGGTCGACTAGTAGATTTGCCTCATTA,1,0
TCGGTCGACTAGTAGATTTTCCTCAGTT,6,0
TCGGTCGACTCGTAGTGGTGCTGCACTC,40,151
TCGGTCGACTCGTAGTGGTTCTTCACTC,1,4
TCGGTCGACTCGTAGTGTTGCTTCACTC,1,6
TCGGTCGACTCGTAGTTGTGCTTCACTC,1,1
TCGGTCGACTCGTAGTTTTGCTGCACTC,1,7
TCGGTCGACTCGTAGTTTTTCTTCACTC,3,12
TCGGTCGGCACATAGGTTTTACTCACTG,0,1
TCGGTCGGCTAATAGTAGTTTCTCAATA,1,0
TCGGTCGGCTCATAGGTTTGACTCACAT,1,0
TCGGTCGGCTCATAGGTTTGACTCACTG,70,97
TCGGTCGGCTCATAGGTTTGACTCCCTT,1,1
TCGGTCGGCTCATAGGTTTTACTCACTT,3,2
TCGGTCGGCTCCGAGTACTGGTACAGTA,55,109
TCGGTCGGCTCCGAGTACTGTTACATTA,4,8
TCGGTCGGCTCCGAGTACTGTTACCGTA,0,2
TCGGTCGGCTCCGAGTACTTGTACATTA,2,0
TCGGTCGGCTCCGAGTACTTGTACCGTA,0,1
TCGGTCGGCTCCGAGTACTTTTACAGTA,1,0
TCGGTCGGCTGCGAGTAAGGCCGCAGTC,1,0
TCGGTCGGCTGCGAGTAATGACGCAGTC,43,101
TCGGTCGGCTGCGAGTAATGACTCATTC,0,3
TCGGTCGGCTGCGAGTAATTACTCAGTC,3,1
TCGGTCGGCTGCTAGAGATGTGTCAAAT,54,0
TCGGTCGGCTGCTAGAGATGTGTCCCAT,2,0
TCGGTCGGCTGCTAGAGATTTTTCAAAT,2,0
TCGGTCGGCTGGGAGGTATGTGACAAAT,0,55
TCGGTCGGCTGGGAGGTATGTGACACCT,0,1
TCGGTCGGCTGGGAGGTATGTGACCCAT,0,1
TCGGTCGGCTGGGAGGTATTTTACAAAT,0,3
TCGGTCGGCTGGTAGATTTGATACATTT,0,1
TCGGTCGGCTGGTAGTTCTTAAACAAAT,1,0
TCGGTCGGCTGGTAGTTGGGATACCTTT,0,1
TCGGTCGGCTGGTAGTTGTGAAACATTA,0,1
TCGGTCGGCTGGTAGTTGTGATACATTT,351,776
TCGGTCGGCTGGTAGTTGTTATACATAT,0,1
TCGGTCGGCTGGTAGTTTTGATACATTA,1,0
TCGGTCGGCTGGTAGTTTTGATACCTTT,2,1
TCGGTCGGCTGGTAGTTTTTATACATTT,6,15
TCGGTCGTCTGGTAGATGTGATACAATT,0,1
TCGGTCGTCTGTAAGTCGTGTCGCACGC,28,0
TCGGTCGTCTGTAAGTCGTTTCTCACTC,3,0
TCGGTCGTCTGTAAGTCTTGTCTCACTC,1,0
TCGGTCGTCTGTCAGACTTGCCCCATCA,1,0
TCGGTCGTCTTGTAGTTTTGAAACAACC,43,31
TCGGTCGTCTTGTAGTTTTGAAACCCCC,3,0
TCGGTCTCCTGGTAGACCTGGCCCACCA,103,44
TCGGTCTCCTGGTAGACCTTTCCCACCA,2,3
TCGGTCTGCTCATAGGATTGACACACTG,0,1
TCGGTCTGCTCGCAGACGTGCCGCACGC,2,1
TCGGTCTGCTCGCAGACTTGCCGCACTC,1,0
TCGGTCTGCTGGGAGCTTTTTTACAATT,0,1
TCGGTCTGCTGGTAGTTGTGATACATAT,1,0
TCGGTCTTCTATAAGAGCTGGACCACTT,34,0
TCGGTCTTCTATAAGATCTGTACCACTT,1,0
TCGGTCTTCTATAAGATCTTGACCACTT,2,0
TCGGTCTTCTCGGAGTAGTGGATCAGTG,139,32
TCGGTCTTCTCGGAGTAGTGGATCATTT,1,0
TCGGTCTTCTCGGAGTAGTGTATCAGTT,6,1
TCGGTCTTCTCGGAGTAGTGTATCATTG,2,0
TCGGTCTTCTCGGAGTAGTTTATCAGTG,2,0
TCGGTCTTCTCGGAGTAGTTTATCCTTT,1,0
TCGGTCTTCTCGGAGTATTGGATCATTG,2,3
TCGGTCTTCTCGGAGTATTTGATCAGTG,2,0
TCGGTCTTCTCGGAGTATTTTATCATTT,10,0
TCGGTCTTCTCGTAGTAGTGTATCATAG,1,0
TCGGTCTTCTTGGAGACATGGGGCATCA,0,15
TCGGTCTTCTTGGAGACATGTGTCATCA,0,1
TCGGTCTTCTTGGAGACATTGGGCATCC,0,1
TCGGTCTTCTTGGAGACATTGGTCATCA,0,1
TCGGTCTTCTTGGAGACATTTTGCATCA,0,1
TCGGTGACCTATGAGCCCTGGCGCATGT,42,65
TCGGTGACCTATGAGCCCTGTCTCATGT,4,6
TCGGTGACCTATGAGCCCTTGCTCATGT,1,1
TCGGTGACCTATGAGCCCTTTCGCATGT,1,2
TCGGTGACCTATGAGCCCTTTCTCATTT,3,2
TCGGTGACCTGTAAGTTCTGCATCCCGG,0,1
TCGGTGAGCTCAGAGACCTGATGCATTC,1,0
TCGGTGAGCTCTAAGACATGCTCCATGC,1,0
TCGGTGAGCTCTAAGACTGGGGCCCTGC,1,1
TCGGTGAGCTCTAAGACTTGGGCCATGC,133,60
TCGGTGAGCTCTAAGACTTGTTCCATTC,16,12
TCGGTGAGCTCTAAGACTTTGGCCATTC,3,1
TCGGTGAGCTCTAAGACTTTTGCCATGC,6,1
TCGGTGAGCTCTAAGACTTTTTCCCTGC,3,1
TCGGTGAGCTGTGAATACTGCAACAATA,0,78
TCGGTGAGCTGTGAATACTGCAACACTC,0,1
TCGGTGAGCTGTGAATACTGCAACCCTA,0,3
TCGGTGAGCTGTGAATACTTCAACCCTC,0,1
TCGGTGAGCTTACAGGCCTGACACATAA,0,1
TCGGTGAGCTTACAGGCCTGTCACAGTT,219,229
TCGGTGAGCTTACAGGCCTGTCACCTTT,0,1
TCGGTGAGCTTACAGGCCTTTCACATTT,9,4
TCGGTGAGCTTGCAGCCCTGCCCCATCT,0,1
TCGGTGATCTACCAGTTCTGCGGCATGA,81,67
TCGGTGATCTACCAGTTCTGCGTCCTGA,0,1
TCGGTGATCTACCAGTTCTGCTGCATTA,1,4
TCGGTGATCTACCAGTTCTGCTGCCTGA,1,1
TCGGTGATCTACCAGTTCTGCTTCATGA,4,2
TCGGTGATCTACCAGTTCTTCGGCATTA,1,0
TCGGTGATCTACCAGTTCTTCTTCATTA,5,10
TCGGTGATCTGCCAGGAGTGGCCCACTC,40,0
TCGGTGATCTGCCAGGATTGTCCCACTC,3,0
TCGGTGCACTGATAGCACTGACGCACCA,1,0
TCGGTGCCCTATCAGCCCTGCCGCATTA,0,1
TCGGTGCCCTCCCAGACATGGATCACCA,0,1
TCGGTGCCCTGGTAGAGCTGAACCATGC,0,1
TCGGTGCCCTGGTAGAGCTGTTCCAGGC,0,36
TCGGTGCCCTGGTAGAGCTGTTCCATTC,0,2
TCGGTGCCCTGGTAGATCTGTTCCAGTC,0,1
TCGGTGCCCTGTTAGACCTGTACCAGTC,0,1
TCGGTGCGCTGAGAGCGTTGTATCATTC,39,0
TCGGTGCGCTGAGAGCTTTGTATCCTTC,1,0
TCGGTGCGCTGAGAGCTTTTTATCATTC,1,0
TCGGTGCGCTGGGAGTTATGACACATAT,0,11
TCGGTGCGCTGTAAGGAGTGGGTCATCC,30,5
TCGGTGCGCTGTAAGGAGTGTTTCATCC,1,0
TCGGTGCGCTGTAAGGAGTTTGTCATCC,1,0
TCGGTGCGCTGTAAGGATTGTGTCATCC,1,0
TCGGTGCGCTTCCAGAGAGGGTTCCTTG,1,0
TCGGTGCGCTTCCAGAGATGGTTCATTG,79,51
TCGGTGCGCTTCCAGAGATGGTTCCTTT,1,0
TCGGTGCGCTTCCAGAGATGTTTCATTT,0,3
TCGGTGCGCTTCCAGAGATTGTACATTG,1,0
TCGGTGCGCTTCCAGAGATTGTTCATTT,1,0
TCGGTGCGCTTCCAGATATGGTTCATTT,1,1
TCGGTGCGCTTCCAGATATTTTTCATTG,1,2
TCGGTGCTCTATGAAATTTGAGACATCT,1,0
TCGGTGGACTAATAGCATTGATGCAAGA,1,0
TCGGTGGACTAATAGGAGAGCGGCCTGT,1,0
TCGGTGGACTAATAGGAGTGCGGCATGT,110,75
TCGGTGGACTAATAGGAGTGCGTCCTGT,1,0
TCGGTGGACTAATAGGAGTGCTGCATTT,0,1
TCGGTGGACTAATAGGAGTGCTTCATGT,2,1
TCGGTGGACTAATAGGAGTTCGTCATGT,0,1
TCGGTGGACTAATAGGAGTTCTTCATTT,8,4
TCGGTGGACTAATAGGATTGCTGCATGT,2,1
TCGGTGGACTAATAGGATTGCTTCATTT,5,2
TCGGTGGACTAATAGGATTGCTTCCTGT,1,0
TCGGTGGACTAATAGGATTTCTTCATGT,1,0
TCGGTGGACTGATAGTTCTTAGTCATCC,0,1
TCGGTGGGCTAACAGTGCGGGGGCCCGA,1,0
TCGGTGGGCTAACAGTGCTGGGGCACGA,37,85
TCGGTGGGCTAACAGTGCTGGGGCCCGC,0,2
TCGGTGGGCTAACAGTGCTGGGTCACGT,0,1
TCGGTGGGCTAACAGTGCTGGTGCACTA,1,2
TCGGTGGGCTAACAGTGCTGGTGCCCGA,0,1
TCGGTGGGCTAACAGTGCTGTGGCACTA,1,1
TCGGTGGGCTAACAGTGCTGTGTCACGA,3,4
TCGGTGGGCTAACAGTGCTGTTGCACGA,0,2
TCGGTGGGCTAACAGTGCTTTTTCACTA,0,3
TCGGTGGGCTAACAGTTCTGGGGCACTA,1,0
TCGGTGGGCTAACAGTTCTGGGTCACGA,2,1
TCGGTGGGCTAACAGTTCTGTGGCACGA,0,2
TCGGTGGGCTAACAGTTCTGTTTCACTA,1,8
TCGGTGGGCTAACAGTTCTGTTTCCCGA,0,1
TCGGTGGGCTAACAGTTCTTGTGCACTA,1,0
TCGGTGGGCTAACAGTTCTTGTTCCCGA,1,0
TCGGTGGGCTAATAGCAGTGGCTCAATA,1,0
TCGGTGGGCTAATAGTAGTGGCGCAATA,493,150
TCGGTGGGCTAATAGTAGTGGCGCCCTA,14,1
TCGGTGGGCTAATAGTAGTGGCTCACTA,1,0
TCGGTGGGCTAATAGTAGTGGCTCCATA,1,0
TCGGTGGGCTAATAGTAGTGTCGCAACA,1,0
TCGGTGGGCTAATAGTAGTGTCTCAATA,62,22
TCGGTGGGCTAATAGTAGTGTCTCCCTA,2,0
TCGGTGGGCTAATAGTAGTTGCTCAATA,3,0
TCGGTGGGCTAATAGTAGTTTCGCAATA,3,2
TCGGTGGGCTAATAGTAGTTTCTCACTA,1,0
TCGGTGGGCTAATAGTAGTTTCTCCCTC,1,0
TCGGTGGGCTAATAGTATTGGCTCAATA,2,0
TCGGTGGGCTAATAGTATTGTCGCAATA,3,1
TCGGTGGGCTAATAGTATTGTCGCCATC,1,0
TCGGTGGGCTAATAGTATTTGCGCAATA,2,0
TCGGTGGGCTAATAGTATTTTCTCAATA,14,4
TCGGTGGGCTAGTAGTTGTGAGCCATCT,41,106
TCGGTGGGCTAGTAGTTGTGAGCCCTCC,0,1
TCGGTGGGCTAGTAGTTGTGATCCCTCT,1,0
TCGGTGGGCTAGTAGTTGTTATCCATCT,0,3
TCGGTGGGCTAGTAGTTTTGATCCATCT,1,4
TCGGTGGGCTATTAGTAGTGTCGCAATA,1,0
TCGGTGGTCTACTAGAGCTCTGTCCTCA,1,0
TCGGTGGTCTACTAGAGCTGTGTCATCA,17,0
TCGGTGGTCTACTAGATCTTTTTCATCA,1,0
TCGGTGGTCTGATAGTTCTGAGTCAGCC,208,131
TCGGTGGTCTGATAGTTCTGAGTCCTCC,1,1
TCGGTGGTCTGATAGTTCTGATTCCGCC,1,0
TCGGTGGTCTGATAGTTCTTATTCATCC,19,6
TCGGTGTACTTAGAGGGATGAGCCACAC,37,34
TCGGTGTACTTAGAGGGATGATCCCCAC,1,0
TCGGTGTACTTAGAGGTATTATCCACAC,2,6
TCGGTGTACTTAGAGTTATGAGCCACAC,0,1
TCGGTGTCCTAGGAGTCTTGGAGCATTT,56,74
TCGGTGTCCTAGGAGTCTTTTATCATTT,4,5
TCGGTGTCCTCCCAGCGGTGTGACAGAT,45,0
TCGGTGTCCTCCCAGCGGTGTGACCGCT,1,0
TCGGTGTCCTCCCAGCGGTGTTACATAT,1,0
TCGGTGTCCTCCCAGCGGTTTGACATAT,1,0
TCGGTGTCCTCCCAGCTCTGTGACACAA,1,0
TCGGTGTCCTCCCAGCTGTGTTACAGAT,1,0
TCGGTGTCCTCCCAGCTTTGTGACAGAT,3,0
TCGGTGTCCTCCCAGCTTTTTTACAGAT,1,0
TCGGTGTCCTGGAAGCGCTGCGACATTG,0,41
TCGGTGTCCTGGAAGCTCTGCTACATTT,0,7
TCGGTGTCCTGTAAGTACTGCATCCCGT,0,1
TCGGTGTCCTGTAAGTTCTGCATCACGG,22,36
TCGGTGTCCTGTAAGTTCTTCATCACTT,3,7
TCGGTGTCCTGTAAGTTCTTCATCCCGG,0,1
TCGGTGTGCTATTAGCGATGTTCCAGGC,0,141
TCGGTGTGCTATTAGCGATGTTCCATTC,0,11
TCGGTGTGCTATTAGCGATTTTCCAGTC,0,1
TCGGTGTGCTATTAGCTATGTTCCAGTC,0,1
TCGGTGTGCTATTAGCTATGTTCCATGC,0,1
TCGGTGTGCTATTAGCTATGTTCCCGGC,0,1
TCGGTGTGCTATTAGCTATTTTCCATTC,0,4
TCGGTGTGCTTGGAGGCCTGCTTCACTC,39,0
TCGGTGTGCTTTCAGGATACTGCCATTC,1,0
TCGGTGTGCTTTCAGGATTGGGCCATTC,40,0
TCGGTGTGCTTTCAGGATTGTTCCATTC,9,0
TCGGTGTGCTTTGAGGGGTGATTCACCG,117,100
TCGGTGTGCTTTGAGGGGTTATTCACCT,1,0
TCGGTGTGCTTTGAGGGGTTATTCAGCG,0,1
TCGGTGTGCTTTGAGGGTTGATTCACCT,1,0
TCGGTGTGCTTTGAGGGTTTATTCACCG,1,0
TCGGTGTGCTTTGAGGTGTGATTCACCT,3,1
TCGGTGTGCTTTGAGGTGTGATTCCCCG,0,1
TCGGTGTGCTTTGAGGTTTGATTCACCG,6,11
TCGGTGTGCTTTGAGGTTTTATTCACCT,4,3
TCGGTGTTCACCCAGTATTTCGCCAAGT,0,1
TCGGTGTTCTCATAGGATTGTATCAAAA,1,0
TCGGTGTTCTCCCAGTATTGCGCCAAGT,83,104
TCGGTGTTCTCCCAGTATTGCGCCCCGT,1,3
TCGGTGTTCTCCCAGTATTGCTCCAAGA,1,0
TCGGTGTTCTCCCAGTATTGCTCCAATT,1,1
TCGGTGTTCTCCCAGTATTGCTCCACGT,1,0
TCGGTGTTCTCCCAGTATTTCTCCAAGT,10,8
TCGGTGTTCTCCCAGTATTTCTCCCCGT,1,0
TCGGTTACCTCCGAGTAATGGACCAGCA,0,24
TCGGTTACCTCCGAGTAATTGACCATCA,0,2
TCGGTTACCTCCGAGTTTTGCAGCAAGT,70,0
TCGGTTACCTCCGAGTTTTGCATCAATT,8,0
TCGGTTACCTCCGAGTTTTGCATCCCGT,1,0
TCGGTTACCTCCGAGTTTTTCAGCAATT,1,0
TCGGTTACCTCCGAGTTTTTCATCAAGT,2,0
TCGGTTACCTCGGAGGCGTGTCTCAGCG,42,0
TCGGTTACCTCGGAGGCGTGTCTCCTCT,1,0
TCGGTTACCTCGGAGGCTTGTCTCAGCT,2,0
TCGGTTACCTCGGAGGCTTGTCTCATCG,1,0
TCGGTTACCTGGAAGTCTTGCAACAATT,76,129
TCGGTTACCTGGAAGTCTTGCAACCCTT,0,1
TCGGTTACCTGGAAGTCTTTCAACCATT,1,1
TCGGTTATCTCATAGGCTTGTATCAAAT,0,1
TCGGTTCAATCATAGGATTGTCCCATCC,1,0
TCGGTTCACTCATAGGAGTGACACAGGC,1,0
TCGGTTCACTCATAGGATTGTCCCAGGC,1,0
TCGGTTCACTCATAGGTGAGTCCCAGTC,2,0
TCGGTTCACTCATAGGTGGGTCCCCGGC,2,1
TCGGTTCACTCATAGGTGTGTCCCAGGC,326,193
TCGGTTCACTCATAGGTGTGTCCCATTC,26,21
TCGGTTCACTCATAGGTGTTTCCCAGTC,0,3
TCGGTTCACTCATAGGTGTTTCCCATGC,1,0
TCGGTTCACTCATAGGTTTGTCCCAGTC,2,3
TCGGTTCACTCATAGGTTTGTCCCATGC,3,4
TCGGTTCACTCATAGGTTTTTCCCATTC,14,3
TCGGTTCGCTAGCAGTCGTGGTCCACGT,64,0
TCGGTTCGCTAGCAGTCGTGTTCCACTT,1,0
TCGGTTCGCTAGCAGTCTTGTTCCACGT,1,0
TCGGTTCGCTAGCAGTCTTTGTCCACGT,2,0
TCGGTTCGCTAGCAGTCTTTTTCCACTT,5,0
TCGGTTCGCTATCAGTTGTGTGACATTG,77,45
TCGGTTCGCTATCAGTTGTTTTACCTTT,2,0
TCGGTTCGCTATCAGTTTAGTGACATTG,1,0
TCGGTTCGCTATCAGTTTTGTGACATTT,2,1
TCGGTTCGCTATCAGTTTTGTTACATTG,1,0
TCGGTTCGCTATCAGTTTTTTTACATTT,3,0
TCGGTTCGCTCCGAGAGATGGGCCAAGG,49,31
TCGGTTCGCTCCGAGAGATGGGCCCCGG,0,1
TCGGTTCGCTCCGAGAGATGGTCCAATG,1,0
TCGGTTCGCTCCGAGAGATGTGCCAAGT,2,0
TCGGTTCGCTCCGAGAGATGTGCCAATG,1,0
TCGGTTCGCTCCGAGAGATGTGCCACGG,0,1
TCGGTTCGCTCCGAGAGATTGTCCCAGG,1,0
TCGGTTCGCTCCGAGAGATTTTCCAAGG,4,4
TCGGTTCGCTCCGAGAGATTTTCCAATT,2,1
TCGGTTCGCTCCGAGATATGTTCCAATT,1,0
TCGGTTCGCTCCGAGATATTGGCCAAGT,1,0
TCGGTTCGCTTGGAGGTTTGCCGCAGGT,0,18
TCGGTTCGCTTGGAGGTTTTCCTCATGT,0,1
TCGGTTCTCTCATAGTGCTGTCCCAGTC,1,0
TCGGTTCTCTGCGAGAAATGTCCCAATG,0,26
TCGGTTCTCTTGAATTAATTATTCATAA,0,1
TCGGTTGACTCAAAGTATTGGATCCCAT,0,1
TCGGTTGACTCAAAGTCCTGCATCAAAT,0,1
TCGGTTGACTCAAAGTCGTGGATCAAAT,0,34
TCGGTTGACTCAAAGTCGTGTATCACAT,0,1
TCGGTTGACTCAAAGTCTTGTATCAAAT,0,3
TCGGTTGCCTACAAGCCCTGGCCCAATA,0,1
TCGGTTGCCTACAAGGCCTGGCCCAAGA,0,28
TCGGTTGCCTACAAGGCCTGGCCCCCGA,0,1
TCGGTTGCCTACAAGGCCTTTCCCAATA,0,1
TCGGTTGCCTCAAAGTGTTGTGTCAACC,132,21
TCGGTTGCCTCAAAGTGTTGTGTCCCCC,4,2
TCGGTTGCCTCAAAGTTTTTTTTCAACC,9,1
TCGGTTGGCTCGTAGGCGTGAGACATGG,105,77
TCGGTTGGCTCGTAGGCGTGAGACATTT,1,6
TCGGTTGGCTCGTAGGCGTGATACATGT,0,1
TCGGTTGGCTCGTAGGCGTGATACATTG,0,2
TCGGTTGGCTCGTAGGCGTGATACCTGG,1,0
TCGGTTGGCTCGTAGGCGTTATACATTT,2,1
TCGGTTGGCTCGTAGGCTATATACATTT,0,1
TCGGTTGGCTCGTAGGCTTGAGACATGT,2,1
TCGGTTGGCTCGTAGGCTTGAGACATTG,6,5
TCGGTTGGCTCGTAGGCTTGATACATGG,2,1
TCGGTTGGCTCGTAGGCTTGATACATTT,3,1
TCGGTTGGCTCGTAGGCTTTAGACATTT,2,0
TCGGTTGGCTCGTAGGGTTGATCCCGCG,1,0
TCGGTTGGCTGGGAGGGCTGCTCCAACT,72,124
TCGGTTGGCTGGGAGGGCTGCTCCCCCT,1,3
TCGGTTGGCTGGGAGGTCTTCTCCAACT,1,1
TCGGTTGGCTTTTAGCGGTGACGCAAGT,0,15
TCGGTTGGCTTTTAGCGTTGACTCAAGT,0,1
TCGGTTGGCTTTTAGCTGTGACTCAAGT,0,1
TCGGTTGGCTTTTAGCTTTTACTCAAGT,0,1
TCGGTTGTCTCCTAGTGGTGTTTCAAAG,13,37
TCGGTTGTCTCCTAGTTTTGTTTCAAAT,1,3
TCGGTTGTCTTGTAGTCAGGAGGCCCCA,1,0
TCGGTTGTCTTGTAGTCATGAGGCACCA,535,464
TCGGTTGTCTTGTAGTCATGAGGCCCCC,2,4
TCGGTTGTCTTGTAGTCATGAGTCACCC,2,0
TCGGTTGTCTTGTAGTCATGAGTCCCCA,2,1
TCGGTTGTCTTGTAGTCATGATGCCCCA,1,1
TCGGTTGTCTTGTAGTCATGATTCACCA,58,46
TCGGTTGTCTTGTAGTCATTAGGCACCC,1,0
TCGGTTGTCTTGTAGTCATTAGTCACCA,13,8
TCGGTTGTCTTGTAGTCATTATGCACCA,3,2
TCGGTTGTCTTTCAGTCCTGCTCCAGCA,111,0
TCGGTTGTCTTTCAGTCCTGCTCCCGCC,2,0
TCGGTTGTCTTTCAGTCCTTCTCCATCA,8,0
TCGGTTTACTCAGAGTCTTGCTCCACTG,0,22
TCGGTTTACTCAGAGTCTTTCTCCACTT,0,2
TCGGTTTCCTATCAGAACTGGTACAATC,0,1
TCGGTTTGCTCGAAGACGTGATCCAAGG,39,0
TCGGTTTGCTCGAAGACGTGATCCCCGG,1,0
TCGGTTTGCTCGAAGACTTGATCCAACG,1,0
TCGGTTTGCTCGAAGACTTGATCCAATT,2,0
TCGGTTTGCTGGCAGATTTGCATCAAGA,1,0
TCGGTTTGCTGGGAGCGTTGTTACAAGT,0,84
TCGGTTTGCTGGGAGCGTTGTTACCCGT,0,2
TCGGTTTGCTGGGAGCGTTTTTACAATT,0,1
TCGGTTTGCTGGGAGCTTTGTTACAATT,0,6
TCGGTTTGCTGTTAGGGCTGGATCAAAC,71,38
TCGGTTTGCTGTTAGGGCTGGATCCCCC,4,1
TCGGTTTGCTGTTAGGTCTTTATCAAAC,6,5
TCGGTTTTCTCATAGCCTTGTATCAAAT,0,1
TCGGTTTTCTCATAGGATTGTATCAAAT,1,0
TCGGTTTTCTCATAGGCTACGATCAAAT,1,0
TCGGTTTTCTCATAGGCTGGTATCAAAT,0,1
TCGGTTTTCTCATAGGCTTGGATCAAAT,561,309
TCGGTTTTCTCATAGGCTTGGATCACCT,1,1
TCGGTTTTCTCATAGGCTTGGATCCACT,1,0
TCGGTTTTCTCATAGGCTTGGATCCCAT,14,8
TCGGTTTTCTCATAGGCTTGTATCAAAA,1,0
TCGGTTTTCTCATAGGCTTGTATCACAT,2,0
TCGGTTTTCTCATAGGCTTTTATCAAAT,28,18
TCGGTTTTCTGACAGTCTTGACCCATCA,0,1
TCGGTTTTCTGACAGTCTTGACGCAGCA,114,156
TCGGTTTTCTGACAGTCTTGACGCCGCC,1,2
TCGGTTTTCTGACAGTCTTGACTCCGCA,2,3
TCGGTTTTCTGACAGTCTTTACTCATCA,15,15
TCGGTTTTCTGACAGTCTTTACTCCGCC,0,1
TCGGTTTTCTGTCAGTCTTGACTCATCA,1,0
TCTCTTGACTCTTACTAGTTGGGCACTG,0,1
TCTGAACTCTCACAGTTCTGTACCACTA,1,0
TCTGATGACTCTTACTAGTGTGGCCCAG,0,1
TCTGATGGCTTAGAGTCCTGTTACATCT,1,0
TCTGTAACCTAGGAGACGTGATACATAA,0,1
TCTGTAAGCTATTAGAGGTGCGTCATGC,0,1
TCTGTACACTATAAGCTGTGGTTCATAC,0,44
TCTGTACACTATAAGCTGTGTTTCCTAC,0,1
TCTGTACACTATAAGCTTTTTTTCATAC,0,4
TCTGTACACTCGAAGAAATGACTCACTG,0,39
TCTGTACACTCGAAGAAATTACTCACTT,0,2
TCTGTACACTGTTAGGGATGGGGCATCG,1,0
TCTGTACACTGTTAGGGTTGGGGCAGCG,153,134
TCTGTACACTGTTAGGGTTGGGGCCGCT,1,0
TCTGTACACTGTTAGGGTTGGGTCAGCT,2,1
TCTGTACACTGTTAGGGTTGGGTCATCG,1,0
TCTGTACACTGTTAGGGTTGGTGCCGCG,1,1
TCTGTACACTGTTAGGGTTGGTTCAGCG,3,2
TCTGTACACTGTTAGGGTTGGTTCCGCT,0,1
TCTGTACACTGTTAGGGTTGTGGCAGCT,0,1
TCTGTACACTGTTAGGGTTGTGGCATCG,7,6
TCTGTACACTGTTAGGGTTGTGTCAGCG,2,2
TCTGTACACTGTTAGGGTTGTGTCATCT,0,3
TCTGTACACTGTTAGGGTTGTTGCAGCG,3,0
TCTGTACACTGTTAGGGTTGTTGCATCT,1,0
TCTGTACACTGTTAGGGTTGTTTCATCG,3,3
TCTGTACACTGTTAGGGTTTGTTCATCG,2,0
TCTGTACACTGTTAGGGTTTTGGCATCT,1,0
TCTGTACACTGTTAGGGTTTTTTCAGCT,2,0
TCTGTACACTGTTAGGTTTGGGGCATCG,1,0
TCTGTACACTGTTAGGTTTGGGGCCGCC,1,0
TCTGTACACTGTTAGGTTTGGGTCAGCG,0,3
TCTGTACACTGTTAGGTTTGGTGCAGCG,1,1
TCTGTACACTGTTAGGTTTGGTTCATCT,2,0
TCTGTACACTGTTAGGTTTGTGGCAGCG,5,4
TCTGTACACTGTTAGGTTTGTGTCCGCG,1,0
TCTGTACACTGTTAGGTTTGTTCCATCT,0,1
TCTGTACACTGTTAGGTTTGTTGCAGCT,1,0
TCTGTACACTGTTAGGTTTGTTGCATCG,1,1
TCTGTACACTGTTAGGTTTGTTTCAGCG,2,1
TCTGTACACTGTTAGGTTTTGTTCAGCG,2,1
TCTGTACACTGTTAGGTTTTTGGCAGCT,1,0
TCTGTACACTGTTAGGTTTTTGTCAGCG,2,1
TCTGTACACTGTTAGGTTTTTTTCATCT,7,10
TCTGTACCCTTTGAGGTGTGGGACATGG,0,10
TCTGTACCCTTTGAGGTGTGTGACATTG,0,2
TCTGTACCCTTTGAGGTTTTTTACATTT,0,1
TCTGTACTCTATCAGCCTATGACCAAGT,0,1
TCTGTACTCTATCAGCCTGGGTCCCTGT,0,1
TCTGTACTCTATCAGCCTTCGTCCCTGT,0,1
TCTGTACTCTATCAGCCTTGGTCCATGT,0,61
TCTGTACTCTATCAGCCTTGTTCCCTTT,0,1
TCTGTACTCTATCAGCCTTTTTCCATTT,0,3
TCTGTACTCTATCAGCCTTTTTCCCTGT,0,1
TCTGTACTCTCACAGTTCGTGACCCCTA,1,0
TCTGTACTCTCACAGTTCTGGACCACTA,115,118
TCTGTACTCTCACAGTTCTGTACCACAA,1,1
TCTGTACTCTCACAGTTCTGTACCCCTA,0,2
TCTGTACTCTCACAGTTCTTTACCACTA,7,8
TCTGTAGACTGTTAGGTTTGTTTCATCT,1,0
TCTGTAGCCTGTAAGATCTGCCTCACAA,0,1
TCTGTAGGCTAGAAGATTTGGCCCACCT,0,33
TCTGTAGGCTAGAAGATTTTTCCCACCT,0,4
TCTGTATACTGCAAGCTATGTTCCAGTG,1,0
TCTGTATACTTTAAGAGTTGGTACAGAT,0,32
TCTGTATACTTTAAGAGTTTTTACAGAT,0,1
TCTGTATACTTTAAGATTTTTTACATAT,0,1
TCTGTATCCTAGGAGAGGTGTTTCAAAA,113,170
TCTGTATCCTAGGAGAGGTGTTTCACCA,1,1
TCTGTATCCTAGGAGAGGTGTTTCCACC,0,1
TCTGTATCCTAGGAGAGGTGTTTCCCAA,2,2
TCTGTATCCTAGGAGAGTTGATTCAAAA,0,1
TCTGTATCCTAGGAGAGTTTTTTCAAAA,0,1
TCTGTATCCTAGGAGATTTGTTTCAAAA,11,6
TCTGTATGCTCCAAGGTGTGCGGCATGC,0,32
TCTGTATGCTCCAAGGTGTTCGTCATGC,0,1
TCTGTATGCTCCAAGGTGTTCTGCATGC,0,1
TCTGTATGCTCCAAGGTGTTCTTCATTC,0,2
TCTGTATGCTCCAAGGTTTGCGGCATAC,0,1
TCTGTATGCTCCAAGGTTTGCTGCCTGC,0,1
TCTGTATGCTCCAAGTTGTGCGGCATTC,0,1
TCTGTATGCTCCAAGTTGTTCTGCATTC,0,1
TCTGTATGCTCGAAGATGTGGGGCAGGC,32,44
TCTGTATGCTCGAAGATGTGGGTCAGTC,1,1
TCTGTATGCTCGAAGATGTGTGGCAGTC,0,2
TCTGTATGCTCGAAGATGTGTGTCAGGC,2,3
TCTGTATGCTCGAAGATGTGTTGCAGGC,0,1
TCTGTATGCTCGAAGATGTGTTTCCGGC,0,1
TCTGTATGCTCGAAGATGTTTTGCAGTC,1,0
TCTGTATGCTCGAAGATTTGTGGCATTC,0,1
TCTGTATGCTCGAAGATTTGTGTCAGTC,1,1
TCTGTATGCTCGAAGATTTTTTTCATTC,2,3
TCTGTATGCTTGAAGTTGTGATCCATGA,29,0
TCTGTATGCTTGAAGTTGTTATCCATTA,1,0
TCTGTATGCTTGAAGTTTTGATCCATTA,3,0
TCTGTCAACTAGCAGTTATGCCTCAATT,0,1
TCTGTCAACTCGAAGACTTGAACCACCC,1,0
TCTGTCAACTGGAAGCGTTGGCTCACGT,0,47
TCTGTCAACTGGAAGCGTTGTCTCACTT,0,7
TCTGTCAACTGGAAGCGTTGTCTCCCGT,0,1
TCTGTCAACTGGAAGCTTTGGCTCCCGT,0,1
TCTGTCAACTGGAAGCTTTGTCTCACGT,0,1
TCTGTCAACTGGAAGCTTTTTCTCACTT,0,4
TCTGTCAACTTGCAGAGATGCCGCAAAT,0,1
TCTGTCAACTTGCAGTGATGCCGCAATG,0,155
TCTGTCAACTTGCAGTGATGCCGCCCTG,0,6
TCTGTCAACTTGCAGTGATGCCTCAATT,0,2
TCTGTCAACTTGCAGTGATGCCTCACTG,0,1
TCTGTCAACTTGCAGTGATTCCTCAATG,0,15
TCTGTCAACTTGCAGTTATTCCTCAATT,0,4
TCTGTCACCTCCTAGTACTGCGGCACCG,27,99
TCTGTCACCTCCTAGTACTGCGTCCCCG,0,1
TCTGTCACCTCCTAGTACTGCTTCACCT,6,13
TCTGTCACCTCCTAGTACTTCTTCACCG,1,5
TCTGTCACCTCCTAGTCCTGCTTCCCCT,0,1
TCTGTCAGCTTTGAGTAATGAGGCACCT,0,1
TCTGTCAGCTTTGAGTTATGTGGCACCT,120,148
TCTGTCAGCTTTGAGTTATGTGTCACAT,0,1
TCTGTCAGCTTTGAGTTATGTGTCCCCT,0,2
TCTGTCAGCTTTGAGTTATGTTGCCCCT,1,0
TCTGTCAGCTTTGAGTTATGTTTCACCT,12,15
TCTGTCAGCTTTGAGTTATTTGTCACCT,3,1
TCTGTCAGCTTTGAGTTATTTTTCCCCT,1,0
TCTGTCAGCTTTTAGGCGTGCCGCATCT,0,38
TCTGTCAGCTTTTAGGCTTTCCTCATCT,0,8
TCTGTCCACTACTAGTATTGTAGCACGT,0,9
TCTGTCCGCTTGAAGAACTGACGCACGT,1,0
TCTGTCCGCTTGAAGATGTGTCGCACGG,57,22
TCTGTCCGCTTGAAGATGTGTCGCACTT,1,0
TCTGTCCGCTTGAAGATGTGTCTCACGT,2,1
TCTGTCCGCTTGAAGATGTGTCTCACTG,5,1
TCTGTCCGCTTGAAGATGTTTCTCACGG,1,0
TCTGTCCGCTTGAAGATTTGTCGCACTG,1,0
TCTGTCCGCTTGAAGATTTGTCTCACGG,0,1
TCTGTCCGCTTGAAGATTTTTCTCACTT,5,0
TCTGTCGACACGCAGCAATTTTCCATTT,0,1
TCTGTCGACTAGCAGGCTTTTCCCATTA,2,0
TCTGTCGACTCGCAGCAATGGGCCATTG,0,35
TCTGTCGACTCGCAGCAATGTTCCATTT,0,5
TCTGTCGACTTGCAGGCTGGTCCCCGGA,1,0
TCTGTCGACTTGCAGGCTTGTCCCAGGA,161,319
TCTGTCGACTTGCAGGCTTGTCCCATTA,9,17
TCTGTCGACTTGCAGGCTTGTCCCCGGC,1,2
TCTGTCGACTTGCAGGCTTTTCCCAGTA,2,3
TCTGTCGACTTGCAGGCTTTTCCCATGA,2,3
TCTGTCGACTTGCAGGCTTTTCCCCTTA,0,1
TCTGTCGCCTCAAAGTATTTCCCCATCT,1,0
TCTGTCGCCTCTAAGTAGTGCCCCAGCG,28,112
TCTGTCGCCTCTAAGTAGTTCCCCATCT,5,9
TCTGTCGCCTCTAAGTATTGCCCCATCG,0,6
TCTGTCGCCTCTAAGTATTTCCCCAGCT,1,1
TCTGTCGCCTGCCAGCTGTGAGGCAAAA,0,31
TCTGTCGCCTGCCAGCTTTTATTCAAAA,0,2
TCTGTCGCCTTTGAGCCGTGGCTCAGAT,0,20
TCTGTCGCCTTTGAGCCTTGTCTCATAT,0,1
TCTGTCGCCTTTGAGCCTTTTCTCAGAT,0,1
TCTGTCGGCTGGTAGCGGTGCTTCACAA,0,5
TCTGTCGGCTTGTAGTTTTGATACATTT,1,0
TCTGTCGGCTTTGAGTTATGTGTCACCT,1,0
TCTGTCGTCTTTAAGATATGCAGCAAAC,0,1
TCTGTCTACTCCGAGTATTGTGTCACAT,0,47
TCTGTCTACTCCGAGTATTTTTTCACAT,0,6
TCTGTCTCCTCTAAGTACTGCCCCATCC,0,1
TCTGTCTCCTGTAAGATATGCATCACTT,61,27
TCTGTCTCCTGTTAGATATGCATCACAT,0,1
TCTGTCTCCTTGTAGTATTGGTGCAGAA,0,3
TCTGTCTGCTGAGAGGTTTGTGGCACCG,0,4
TCTGTCTGCTGGTAGCGCTGAAACACAT,68,33
TCTGTCTGCTGGTAGCGCTGAAACCCCT,1,0
TCTGTCTGCTGGTAGCTCTTAAACACAT,1,1
TCTGTCTGCTTTAAGCTATGGCACACTA,0,25
TCTGTCTGCTTTAAGCTATGGCACCCTC,0,1
TCTGTCTGCTTTAAGCTATTTCACACTA,0,1
TCTGTCTGCTTTTAGTAATTTATCACCA,0,1
TCTGTGACCTTTCAGCCATGTCGCAGAG,28,0
TCTGTGACCTTTCAGCCATGTCGCCGCG,1,0
TCTGTGACCTTTCAGCCATTTCTCATAT,7,0
TCTGTGAGCTGCGAGGCATGTGCCATTG,0,1
TCTGTGAGCTGCTAGGCGTGCTCCAAAT,34,109
TCTGTGAGCTGCTAGGCGTGCTCCCCAT,0,2
TCTGTGAGCTGCTAGGCGTTCTCAAAAT,1,0
TCTGTGAGCTGCTAGGCTTTCTCCAAAT,0,2
TCTGTGATCTCCGAGATCTGGGACATGG,38,0
TCTGTGATCTCCGAGATCTGTGACCTGG,1,0
TCTGTGATCTCCGAGATCTTTGACATTT,1,0
TCTGTGATCTTCTAGCACTGGCTCACCG,50,61
TCTGTGATCTTCTAGCACTGGCTCCCCT,0,1
TCTGTGATCTTCTAGCACTGTCTCACCT,5,8
TCTGTGATCTTCTAGCACTGTCTCCCCG,1,1
TCTGTGATCTTCTAGCACTTTCTCACCG,0,2
TCTGTGCGCTAGAAGATGTGTTACAGTA,108,24
TCTGTGCGCTAGAAGATGTTTTACATTA,1,0
TCTGTGCGCTAGAAGATTTGTTACATTA,3,2
TCTGTGCGCTGCGAGGCCTGTGCCATTG,91,99
TCTGTGCGCTGCGAGGCCTGTTCCATAG,0,1
TCTGTGCGCTGCGAGGCCTGTTCCATTT,0,5
TCTGTGCGCTGCGAGGCCTGTTCCCTTG,1,1
TCTGTGCGCTGCGAGGCCTTTGCCATTT,1,1
TCTGTGCGCTTGTAGTTGTGAACCACCT,89,104
TCTGTGCGCTTGTAGTTTTTAACCACCT,3,1
TCTGTGCTCTAACAGTGCTGCTGCATCA,0,1
TCTGTGCTCTAATAGGATTGGGTCATGC,27,0
TCTGTGCTCTAATAGGATTGTGTCATTC,3,0
TCTGTGCTCTAATAGGATTTTTTCATTC,5,0
TCTGTGGACTCTTAGTAATGCGCCATAC,0,1
TCTGTGGCCTTATAGAGATGGAGCAACG,0,21
TCTGTGGCCTTATAGAGATGGATCAACT,0,1
TCTGTGGCCTTATAGAGATGTAGCACCT,0,1
TCTGTGGCCTTATAGATATTGATCAACT,0,2
TCTGTGGCCTTGCAGGTTGGTCGCCCTA,1,0
TCTGTGGCCTTGCAGGTTTGTCGCACTA,44,24
TCTGTGGCCTTGCAGGTTTTTCTCACTA,1,0
TCTGTGGGCTAGGAGAAATGAAGCAACT,83,38
TCTGTGGGCTAGGAGAAATGAAGCCCCT,1,1
TCTGTGGGCTAGGAGAAATTAATCAACT,3,0
TCTGTGGGCTATTAGTAGTGTCGCCCTA,0,1
TCTGTGGGCTGGGAGAACTGAGCCATCC,9,0
TCTGTGGGCTGGGAGAACTTATCCATCC,1,0
TCTGTGGGCTGTGAGAGGTGTAACACAT,0,24
TCTGTGGGCTGTGAGATTTGTAACACAT,0,1
TCTGTGGTCGATCAGATATGACTCATCA,0,1
TCTGTGGTCTAACAGTCGTGCCGCACCC,73,116
TCTGTGGTCTAACAGTCGTTCCTCACCC,2,0
TCTGTGGTCTAACAGTCGTTGCGCACCC,1,0
TCTGTGGTCTAACAGTCTTGCCTCACCC,6,10
TCTGTGGTCTACAAGATGTGGGCCATAA,0,47
TCTGTGGTCTACAAGATGTGTTCCATAA,0,3
TCTGTGGTCTACAAGATTTGGTCCATAA,0,1
TCTGTGGTCTACAAGATTTGTGCCATAA,0,1
TCTGTGGTCTAGCAGACCTGCCGCACCC,0,1
TCTGTGGTCTGATAGTTCTGATTCAGCC,1,0
TCTGTGTACTAAGAGTACTGTTCCACTG,13,0
TCTGTGTCCTAGGAGTCTTGTATCATTT,0,1
TCTGTGTCCTGGGAGAAATGCGTCACGC,71,82
TCTGTGTCCTGGGAGAAATGTGTCACTC,1,0
TCTGTGTCCTGGGAGAAATTCGTCCCGC,1,1
TCTGTGTCCTGGGAGAAATTCTTCACTC,11,11
TCTGTGTGCTATTAGCGATGTACCATTC,0,1
TCTGTGTGCTTTCAGCTTTGACTCAAAA,0,1
TCTGTGTGCTTTGAGGTGTGAGTCACCA,78,50
TCTGTGTGCTTTGAGGTTTGAGTCACCC,1,0
TCTGTGTGCTTTGAGGTTTGAGTCCCCA,0,1
TCTGTGTGCTTTGAGGTTTTATTCACCA,3,3
TCTGTGTTCTATCAGTACTGTATCAGGC,0,22
TCTGTGTTCTATCAGTACTGTATCTTTC,0,1
TCTGTGTTCTATGAGTCGTGTGGCATGC,0,9
TCTGTGTTCTATGAGTCGTGTGTCATTC,0,2
TCTGTGTTCTATGAGTCGTGTTGCATTC,0,21
TCTGTGTTCTATGAGTCGTGTTGCCTGC,0,2
TCTGTGTTCTATGAGTCGTGTTTCCTTC,0,1
TCTGTGTTCTATGAGTCTTGTTTCATTC,0,2
TCTGTGTTCTGAAAGTGCTGGGTCAATA,0,4
TCTGTGTTCTGAGAGGTATGTGTCAGGG,0,36
TCTGTGTTCTGAGAGGTATGTGTCAGTT,0,2
TCTGTGTTCTGAGAGGTATGTTTCATGG,0,1
TCTGTGTTCTGAGAGGTATGTTTCCTTG,0,1
TCTGTGTTCTGAGAGGTATTTTTCATTT,0,1
TCTGTGTTCTTGTAGGTATGGATCAGCT,29,33
TCTGTGTTCTTGTAGGTATTTATCATCT,4,6
TCTGTGTTCTTTGAGGGTTGATGCAGGT,0,17
TCTGTGTTCTTTGAGGGTTGATTCATTT,0,3
TCTGTGTTCTTTGAGGGTTTATTCAGGT,0,1
TCTGTGTTCTTTGAGGTTTGATGCAGTT,0,1
TCTGTGTTCTTTGAGGTTTGATTCATGT,0,2
TCTGTTAACTAGGAGGCATGACACAAGC,32,0
TCTGTTAACTAGGAGGCATGACACCCGC,1,0
TCTGTTAACTAGGAGGCATTACACAATC,7,0
TCTGTTACCTGTAAGCCCTGAGACACGC,0,1
TCTGTTAGCTTCTAGTCCTGCCTCAGGC,0,71
TCTGTTAGCTTCTAGTCCTGCCTCATTC,0,6
TCTGTTAGCTTCTAGTCCTTCCTCAGTC,0,3
TCTGTTAGCTTCTAGTCCTTCCTCATGC,0,1
TCTGTTAGCTTTGAGTCTTGTGCCAATA,68,0
TCTGTTAGCTTTGAGTCTTGTGCCCCTA,1,0
TCTGTTAGCTTTGAGTCTTTTTCCAATA,1,0
TCTGTTATCCCAAAGCTTTTTTGCATGG,1,0
TCTGTTATCTCAAAGCTATGTATCATGT,1,0
TCTGTTATCTCAAAGCTTTGTTGCATGG,45,40
TCTGTTATCTCAAAGCTTTGTTTCATGT,0,1
TCTGTTATCTCAAAGCTTTGTTTCATTG,1,3
TCTGTTATCTCAAAGCTTTTTTTCATTT,3,4
TCTGTTATCTGCGAGAGCTGACGCATGG,0,5
TCTGTTATCTGCGAGATCTGACTCATTG,0,1
TCTGTTCCCTTACAGTACTGTGGCACAG,29,0
TCTGTTCCCTTACAGTACTGTGTCACAT,2,0
TCTGTTCCCTTACAGTACTGTTTCCCAT,1,0
TCTGTTCCCTTACAGTACTTTTTCACAG,1,0
TCTGTTCGCTAAGAGTACTGCTCCATAC,0,1
TCTGTTCGCTCACACGCCTGGGCCCGTG,1,0
TCTGTTCGCTCACAGGCCTGGGCCAGTG,53,0
TCTGTTCGCTCACAGGCCTGTGCCCTTG,1,0
TCTGTTCGCTCACAGGCCTGTTCCAGTG,3,0
TCTGTTCGCTCACAGGCCTTGTCCAGTG,1,0
TCTGTTCGCTCACAGGCCTTTTCCATTT,5,0
TCTGTTCGCTCCGAGCGCTGCTCCAGTC,4,89
TCTGTTCGCTCCGAGCGCTTCTCCATTC,0,1
TCTGTTCGCTCCGAGCTCTGCTCCATTC,0,1
TCTGTTCGCTCCGAGCTCTTCTCCAGTC,0,3
TCTGTTCGCTTAAAGTGCTTTACCATCA,1,0
TCTGTTCGCTTAAAGTGGTGGACCAGCT,46,118
TCTGTTCGCTTAAAGTGGTGTACCATCT,2,6
TCTGTTCGCTTAAAGTGGTTTACCAGCT,0,1
TCTGTTCGCTTAAAGTGTTGGACCATCT,2,4
TCTGTTCGCTTAAAGTGTTGGACCCGCT,0,1
TCTGTTCGCTTAAAGTGTTGTACCAGCT,1,1
TCTGTTCGCTTAAAGTGTTTGACCAGCT,0,2
TCTGTTCGCTTAAAGTTTTGTACCCGCT,0,2
TCTGTTCGCTTAAAGTTTTTTACCATCT,3,7
TCTGTTCGCTTCAAGTCATGGTTCATGA,87,0
TCTGTTCGCTTCAAGTCATGGTTCCTGC,2,0
TCTGTTCGCTTCAAGTCATGTTTCATTA,5,0
TCTGTTCGCTTCAAGTCATTGTTCATTA,3,0
TCTGTTCGCTTCAAGTCATTTTTCATGA,2,0
TCTGTTGACAGGTAGCTTTTTTTCCCTG,1,0
TCTGTTGACTCTTAGTAGTGGGGCACTG,0,88
TCTGTTGACTCTTAGTAGTGTGGCCCTG,0,1
TCTGTTGACTCTTAGTAGTGTTTCACTG,0,11
TCTGTTGACTCTTAGTAGTTGTTCACTG,0,2
TCTGTTGACTCTTAGTAGTTTGGCACTG,0,2
TCTGTTGACTCTTAGTAGTTTTTCACTT,0,1
TCTGTTGACTCTTAGTATTGGTGCACTG,0,2
TCTGTTGACTCTTAGTATTTTTTCACTG,0,1
TCTGTTGACTGGGAGCAGTGCCACATGC,65,0
TCTGTTGACTGGGAGCAGTTCCACATTC,5,0
TCTGTTGACTGGGAGCATTGCCACATTC,1,0
TCTGTTGACTGGGAGCATTTCCACCTGC,1,0
TCTGTTGACTGGTAGCTGTGTTTCACTG,113,206
TCTGTTGACTGGTAGCTGTGTTTCCCTT,1,0
TCTGTTGACTGGTAGCTTTGTATCACTG,0,1
TCTGTTGACTGGTAGCTTTTTTTCACTT,6,17
TCTGTTGGCTACTAGGCTTGTTTCACCT,29,64
TCTGTTGGCTGGCAGTGAGGGTTCCTTG,1,0
TCTGTTGGCTGGCAGTGATGGTTCATTG,73,0
TCTGTTGGCTGGCAGTGATGGTTCCTTT,1,0
TCTGTTGGCTGGCAGTGATGTTTCATTT,7,0
TCTGTTGGCTGGCAGTTATGGTTCCTTG,1,0
TCTGTTGGCTGGCAGTTATTGTTCATTG,2,0
TCTGTTTACTGGAAGCTATCTGCCAGTG,0,1
TCTGTTTACTGGAAGCTATGGGCCAGTG,109,97
TCTGTTTACTGGAAGCTATGGGCCCGTT,1,0
TCTGTTTACTGGAAGCTATGGTCCAGTT,1,1
TCTGTTTACTGGAAGCTATGGTCCCGTG,2,0
TCTGTTTACTGGAAGCTATGTGCCATTG,2,0
TCTGTTTACTGGAAGCTATGTTCCAGTG,13,3
TCTGTTTACTGGAAGCTATTGGCCAGTT,0,1
TCTGTTTACTGGAAGCTATTGTCCAGTG,1,1
TCTGTTTACTGGAAGCTATTTTCCATTT,12,3
TCTGTTTACTGGAAGCTATTTTCCCGTT,1,0
TCTGTTTGCTGAGAGTTATGACTCAGAT,1,0
TCTGTTTTCTCATAGGCTTGTATCAAAT,1,0
TGACTTACCTAGAAGGTATGACTCAAAT,1,0
TGAGACGACTCGTAGGCCTTTTACATTT,0,1
TGAGAGAGCTCGGAGTATTGTAACACAT,0,1
TGAGAGTACTGGTAGGTTTGTTTCAACT,0,1
TGAGTAACCTATTAGAGGTGCGGCATTC,1,0
TGAGTAACCTGAAAGTTATGTATCAACT,35,0
TGAGTAACCTTGCAGCCCTGAATCAATA,30,25
TGAGTAAGCTACTAGGTGTGCATCACGA,0,43
TGAGTAAGCTACTAGGTGTGCATCCCGC,0,1
TGAGTAAGCTACTAGGTGTTCATCACTA,0,1
TGAGTAAGCTTGAAGCCTTGTATCAAGT,0,1
TGAGTAATCACACAGTGGTGATGCAGTG,0,1
TGAGTAATCTCCCATAATTTCACCATTT,0,1
TGAGTACACTATAAGTGGTGTTTCAACC,38,28
TGAGTACACTATAAGTGGTGTTTCCCCC,2,1
TGAGTACACTATAAGTGTTGTTTCCACC,1,0
TGAGTACACTATAAGTGTTTTTTCAACC,0,1
TGAGTACACTATAAGTTTTGTTTCAACC,1,0
TGAGTACACTATGAGATATGAAACAGTC,30,16
TGAGTACACTATGAGATATTAAACATTC,1,1
TGAGTACACTCGTAGTTCTGCTACAACC,0,29
TGAGTACACTCGTAGTTCTGCTACCCCC,0,3
TGAGTACACTCGTAGTTCTTCTACACCC,0,1
TGAGTACACTTTAAGGCTTGCTTCATCG,0,1
TGAGTACGCTCCAAGGCCTTCACCACAA,0,1
TGAGTACGCTGAAAGATATTCATCAATT,0,1
TGAGTAGGCTAACAGGATTGTCGCATTG,1,0
TGAGTAGGCTTAGAGATGTTGATCAGCG,1,0
TGAGTAGGCTTCCAGAATTGATCCATCA,1,0
TGAGTATACTGAGAGAGGTGTTTCAATC,0,24
TGAGTATACTGAGAGATTTTTTTCAATC,0,1
TGAGTATACTTGCAGAGGTGGCTCAAAA,0,29
TGAGTATACTTGCAGAGGTGGCTCCCAA,0,1
TGAGTATACTTGCAGAGGTTTCTCAAAA,0,1
TGAGTATACTTGCAGAGTTGTCTCAAAA,0,3
TGAGTATACTTTCAGTTTTTCTCCACAT,1,0
TGAGTATCCTATTAGGTTTGTAGCCGAT,0,1
TGAGTATGCTAGAAGGTTTGAGTCATCA,137,116
TGAGTATGCTAGAAGGTTTGAGTCCTCC,1,0
TGAGTATGCTAGAAGGTTTGATTCCTCA,1,0
TGAGTATGCTAGAAGGTTTTATTCATCA,9,2
TGAGTATGCTCGCAGCGTTGCACCACAT,88,151
TGAGTATGCTCGCAGCTTTGCACCACAA,1,0
TGAGTATGCTCGCAGCTTTGCACCCCAT,0,1
TGAGTATGCTCGCAGCTTTTCACCACAT,4,4
TGAGTATGCTCGCAGTATTGGTTCAGTT,1,0
TGAGTATTCTAGTAGATTTGTGGCAGCC,33,4
TGAGTATTCTAGTAGATTTGTGTCATCC,2,0
TGAGTATTCTAGTAGATTTGTTTCAGCC,1,0
TGAGTATTCTAGTAGATTTTTTCCAGCC,1,0
TGAGTATTCTAGTAGATTTTTTTCATCC,2,0
TGAGTATTCTCACAGTGGTGATGCAGTG,28,19
TGAGTATTCTCACAGTGTTGATTCAGTG,5,1
TGAGTATTCTCACAGTTTTGATGCAGTG,1,0
TGAGTATTCTCACAGTTTTGATTCATTT,1,1
TGAGTCAGCTATAAGTTTTGAGTCATCA,0,1
TGAGTCAGCTTGAAGTAGTGCCTCAATA,0,1
TGAGTCAGCTTGGAGCGGTGAGACAAAT,35,0
TGAGTCAGCTTGGAGCGGTGAGACCCCC,1,0
TGAGTCAGCTTGGAGCGTTGATACAAAT,1,0
TGAGTCAGCTTGGAGCTTTGAGACAAAT,4,0
TGAGTCAGCTTTCAGAATTGTTACAAAA,1,0
TGAGTCATCTCACAGCGGTTTTTCATTA,1,0
TGAGTCATCTCGAAGGTGTGGCGCACAC,28,10
TGAGTCATCTCGAAGGTGTGTCGCACCC,1,0
TGAGTCATCTCGAAGGTGTGTCTCCCCC,1,0
TGAGTCATCTCGAAGGTGTTTCTCACAC,1,0
TGAGTCATCTCGAAGGTTTGTCGCACAC,1,0
TGAGTCATCTCGAAGGTTTTGCTCACAC,3,0
TGAGTCATCTGTAAGTCTTGCCACAGTT,77,0
TGAGTCATCTGTAAGTCTTTCCACATTT,4,0
TGAGTCATCTTGGAGTAGTGAGGCACCC,30,0
TGAGTCATCTTGGAGTAGTGATTCACCC,2,0
TGAGTCATCTTGGAGTAGTTAGTCACCC,1,0
TGAGTCATCTTGGAGTATTTATGCACCC,1,0
TGAGTCCTCTAGTAGCCTTGTTGCACAA,0,1
TGAGTCGACTCGTAGGCCTGTGACATGT,0,32
TGAGTCGACTCGTAGGCCTGTTACATTT,0,3
TGAGTCGCCTTGGAGTGCTGTGTCATAG,35,30
TGAGTCGCCTTGGAGTGCTGTGTCCTAT,1,0
TGAGTCGCCTTGGAGTGCTGTGTCCTCG,0,1
TGAGTCGCCTTGGAGTGCTTTTTCATAT,5,1
TGAGTCGCCTTGGAGTTCTGTGTCATAT,1,0
TGAGTCGCCTTGGAGTTCTGTGTCATCG,0,1
TGAGTCGCCTTGGAGTTCTGTTTCATAG,0,1
TGAGTCGGCTAAGAGGCATGTTCCATTC,1,0
TGAGTCGGCTTTCAGTCATGTTTCACCC,1,0
TGAGTCGTCTACCAGAGGTGCGGCACAG,20,0
TGAGTCGTCTACCAGAGGTGCTGCACAT,1,0
TGAGTCGTCTACCAGAGGTTCGTCACAG,1,0
TGAGTCGTCTACCAGAGGTTCTTCACAT,1,0
TGAGTCGTCTACCAGAGTTGCGGCACAT,1,0
TGAGTCGTCTACCAGATGTGCGTCACAG,1,0
TGAGTCGTCTACCAGATGTTCGGCACAG,3,0
TGAGTCGTCTACCAGATGTTCTTCACAG,1,0
TGAGTCGTCTACCAGATTTTCGTCACAG,1,0
TGAGTCGTCTACCAGATTTTCTTCACAT,3,0
TGAGTCGTCTTAAAGTTGTGCGCCATAA,0,13
TGAGTCGTCTTAAAGTTGTTCTCCATAA,0,1
TGAGTCGTCTTAAAGTTTTTCGCCATAA,0,4
TGAGTCGTCTTTAAGTATTTTTTCACCC,1,0
TGAGTCGTCTTTCAGTATTGTTTCACTA,1,0
TGAGTCGTCTTTCAGTATTTTTTCACGA,11,0
TGAGTCGTCTTTCAGTATTTTTTCCCTA,1,0
TGAGTCTACTGCAAGACTTGTATCATGC,82,146
TGAGTCTACTGCAAGACTTTTAACAATC,0,1
TGAGTCTACTGCAAGACTTTTATCATTC,7,7
TGAGTCTACTTATAGGCGTGTGTCAATA,21,102
TGAGTCTACTTATAGGCGTGTGTCCATC,0,1
TGAGTCTACTTATAGGCGTGTGTCCCTA,0,1
TGAGTCTACTTATAGGCTTGTTTCAATA,3,5
TGAGTCTGCTATGAGCAGGCCCTCCGGG,0,1
TGAGTCTGCTATGAGCAGTGCCTCACCG,0,1
TGAGTCTGCTATGAGCAGTGCCTCAGGG,0,167
TGAGTCTGCTATGAGCAGTGCCTCAGTT,0,3
TGAGTCTGCTATGAGCAGTGCCTCATGT,0,1
TGAGTCTGCTATGAGCAGTGCCTCATTG,0,3
TGAGTCTGCTATGAGCAGTGCCTCCGGT,0,1
TGAGTCTGCTATGAGCAGTTCCTCAGTG,0,2
TGAGTCTGCTATGAGCAGTTCCTCATGG,0,1
TGAGTCTGCTATGAGCATTGCCTCAGGT,0,1
TGAGTCTGCTATGAGCATTGCCTCAGTG,0,2
TGAGTCTGCTATGAGCATTGCCTCATGG,0,1
TGAGTCTGCTATGAGCATTTCCTCATTT,0,6
TGAGTCTGCTGACAGGAATGGACCACTG,0,35
TGAGTCTGCTGACAGGAATGTACCCCTG,0,1
TGAGTCTGCTGACAGGAATTTACCACTT,0,2
TGAGTCTGCTGGGAGTGCTGCGCCACGC,25,0
TGAGTCTGCTGGGAGTGCTTCTCCACTC,2,0
TGAGTCTTCTCTTAGGGTTGGTACAGAC,8,6
TGAGTCTTCTCTTAGGTTTTTTACATAC,0,1
TGAGTCTTCTGTAAGTCTTGCCACACTA,1,0
TGAGTCTTCTTGGAGCAGTGATTCATTC,0,1
TGAGTGAACTGAAAGTCATGTCTCAACA,0,1
TGAGTGAACTTAAAGTGTTGTCTCAACA,34,223
TGAGTGAACTTAAAGTGTTGTCTCCCCA,1,6
TGAGTGAACTTAAAGTGTTTTCTCCCCC,1,0
TGAGTGAACTTAAAGTTTTTTCTCAACA,1,4
TGAGTGAACTTACAGCGGTGTTTCATCA,31,39
TGAGTGAACTTACAGCGTTGATTCATCA,0,1
TGAGTGAACTTACAGCTTTGTTTCATCA,6,2
TGAGTGACCTGTGAGCTGTGGCGCAGCA,0,54
TGAGTGACCTGTGAGCTGTGTCGCAGCC,0,1
TGAGTGACCTGTGAGCTGTGTCTCAGCA,0,6
TGAGTGACCTGTGAGCTGTTTCGCAGCA,0,1
TGAGTGACCTGTGAGCTGTTTCTCATCA,0,4
TGAGTGACCTGTGAGCTGTTTCTCCGCA,0,1
TGAGTGACCTGTGAGCTTTGGCGCATCA,0,1
TGAGTGAGCTATTAGTAATGCTACATAA,1,0
TGAGTGAGCTGTCAGGTGTGAGCCACAC,0,35
TGAGTGAGCTGTCAGGTGTTATCCACAC,0,2
TGAGTGAGCTGTCAGGTTTTAGCCACAC,0,1
TGAGTGAGCTTCAAGTAATGAATCAAAC,0,1
TGAGTGAGCTTGCAGCGATGCCTCATTT,0,57
TGAGTGAGCTTGCAGCTATTCCTCATTT,0,4
TGAGTGAGCTTGTAGAGTTGAATCACAA,0,1
TGAGTGATCTCAGAGAAATGCTACAAGA,1,0
TGAGTGATCTGCGAGAACTGAAACACCC,0,1
TGAGTGATCTTGCAGTATTGAGGCACCC,1,0
TGAGTGCACTGATAGAGGTGGTGCAGTC,129,49
TGAGTGCACTGATAGAGGTGTTTCAGTC,4,1
TGAGTGCACTGATAGAGTTGGTGCCGTC,1,0
TGAGTGCACTGATAGAGTTGGTTCAGTC,1,1
TGAGTGCACTGATAGATGTGGTTCAGTC,2,0
TGAGTGCACTGATAGATTTGTTGCAGTC,5,1
TGAGTGCACTGATAGATTTTTTTCATTC,5,1
TGAGTGCCCTTTTAGCACTGCTCCAGAA,68,46
TGAGTGCCCTTTTAGCACTTCTCCATAA,5,4
TGAGTGCGCTGATAGTACTGTGTCATCG,33,34
TGAGTGCGCTGATAGTACTGTGTCCTCT,0,1
TGAGTGCGCTGATAGTACTGTTTCATCT,4,2
TGAGTGCGCTGGAAGCATTGCTCCAGAA,106,0
TGAGTGCGCTGGAAGCATTGCTCCATCA,1,0
TGAGTGCGCTGGAAGCATTTCTCCATAA,3,0
TGAGTGCTCTACAAGGACTGGGCCAGTC,42,0
TGAGTGCTCTACAAGGACTGTTCCAGTC,6,0
TGAGTGCTCTACAAGGACTTGTCCAGTC,1,0
TGAGTGCTCTACAAGGACTTTTCCATTC,3,0
TGAGTGCTCTACGAGGATTGGGTCATGA,0,28
TGAGTGCTCTACGAGGATTGGTTCCTGA,0,1
TGAGTGCTCTACGAGGATTGTGTCCTGA,0,2
TGAGTGCTCTACGAGGATTTGTTCATTA,0,1
TGAGTGCTCTATCAGGCCTGAGTCACGC,62,95
TGAGTGCTCTATCAGGCCTGATTCACTC,3,8
TGAGTGCTCTATCAGGCCTGATTCCCGC,0,1
TGAGTGCTCTATCAGGCCTTAGTCACTC,2,3
TGAGTGCTCTATCAGTCCTGATACACGC,0,1
TGAGTGCTCTCGTAGATCTTAACCAGGC,0,1
TGAGTGCTCTTTAAGGCCTGTACCAATA,1,0
TGAGTGGCCTACTAGTTTTGTAACAGGG,14,0
TGAGTGGCCTACTAGTTTTTTAACATTT,2,0
TGAGTGGCCTCGCAGGAGTGATACATAC,40,0
TGAGTGGCCTCGCAGGAGTGATACCTCC,1,0
TGAGTGGCCTCGCAGGATTTATACATAC,1,0
TGAGTGGCCTCTAAGCCCTGATACAATG,1,0
TGAGTGGGCTAGCAGCAGTGCCTCATAA,75,307
TGAGTGGGCTAGCAGCAGTGCCTCCTAC,1,0
TGAGTGGGCTAGCAGCAGTGCCTCCTCA,1,5
TGAGTGGGCTAGCAGCATTTCCTCATAA,3,9
TGAGTGGGCTAGCAGCATTTCCTCCTCC,1,1
TGAGTGGGCTCCTAGCCTTGGTACATTA,0,1
TGAGTGGGCTCCTAGCGTTGGGACAGTA,0,45
TGAGTGGGCTCCTAGCGTTGGTACCGTA,0,1
TGAGTGGGCTCCTAGCGTTGTGACATAA,0,1
TGAGTGGGCTCCTAGCTTTGTGACAGTA,0,4
TGAGTGGGCTCCTAGCTTTGTTACATTA,0,2
TGAGTGGGCTCGCAGTCGTGGGCCATTC,1,0
TGAGTGGGCTTAGAGAGCTGCAACAATT,1,0
TGAGTGGGCTTCGAGGCTTGCAGCAACT,0,41
TGAGTGGGCTTCGAGGCTTTCATCAACT,0,3
TGAGTGGTCTAGCAGTCTTGTCTCACCC,35,0
TGAGTGGTCTTAAAGCATTGTCGCACTT,0,27
TGAGTGGTCTTAAAGCATTTTCTCACTT,0,3
TGAGTGTACTAGTAGCTCTGATCCATTT,0,1
TGAGTGTACTCAAAGCCATGATTCAGTT,127,30
TGAGTGTACTCAAAGCCATTATTCATTT,4,0
TGAGTGTACTGGTAGGGGTGTTTCAACG,0,30
TGAGTGTACTGGTAGGGTTGTTTCAACT,0,1
TGAGTGTACTGGTAGGTGTGTTTCAACT,0,1
TGAGTGTACTGGTAGGTTTGTTTCAACG,0,4
TGAGTGTACTGGTAGGTTTTTTTCAACT,0,1
TGAGTGTCCTTGAAGATATGTTTCATTC,83,24
TGAGTGTGCTAGAAGGACTGTTGCAAGG,0,15
TGAGTGTGCTAGAAGGACTGTTGCCCGG,0,1
TGAGTGTGCTAGAAGGACTGTTTCAATT,0,6
TGAGTGTGCTAGAAGGACTTTTGCAAGT,0,1
TGAGTGTGCTAGGAGGCTTTTTCCACAA,0,1
TGAGTGTGCTAGGAGGGTTGGTCCACTA,87,76
TGAGTGTGCTAGGAGGGTTGGTCCCCTC,0,1
TGAGTGTGCTAGGAGGGTTGTTCCCCTA,1,0
TGAGTGTGCTAGGAGGGTTTTTCCACTA,1,0
TGAGTGTGCTAGGAGGTTTGTTCCACTA,3,4
TGAGTGTGCTAGGAGGTTTTGTCCACTA,0,2
TGAGTGTGCTAGGAGTCTTGGTCCACAA,1,0
TGAGTGTGCTCCAAGTTTTGTTCCAATG,33,0
TGAGTGTGCTCCAAGTTTTTTTCCAATT,1,0
TGAGTGTGCTCGGAGTAGTGTAACACAG,106,48
TGAGTGTGCTCGGAGTAGTGTAACCCAT,1,0
TGAGTGTGCTCGGAGTAGTGTAACCCCG,1,1
TGAGTGTGCTCGGAGTATTGTAACACCG,0,1
TGAGTGTGCTCGGAGTATTTTAACACAT,3,6
TGAGTGTGCTTAGAGTCGTGGCACATTC,6,0
TGAGTGTGCTTAGAGTCGTGTCACAATC,1,0
TGAGTGTGCTTAGAGTCTTTTCACAATC,1,0
TGAGTGTTATTGGAGCATTTATTCATTC,1,0
TGAGTGTTCTACAAGGTATGATTCATAG,1,0
TGAGTGTTCTAGGAGAGGTGGCGCATGT,58,39
TGAGTGTTCTAGGAGAGGTGTCTCATGT,6,0
TGAGTGTTCTAGGAGAGTTGTCGCATGT,2,0
TGAGTGTTCTAGGAGATTTGTCTCATTT,1,1
TGAGTGTTCTAGGAGATTTTTCTCATGT,1,1
TGAGTGTTCTCTGAGATGTTCCTCACAC,1,0
TGAGTGTTCTCTGAGTTGTGCCTCACAC,45,0
TGAGTGTTCTCTGAGTTTTTCCTCACAC,1,0
TGAGTGTTCTCTTAGGTATGTGGCACGC,0,34
TGAGTGTTCTCTTAGGTATGTGTCACTC,0,2
TGAGTGTTCTCTTAGGTATGTTGCACTC,0,1
TGAGTGTTCTCTTAGGTATTTTTCACTC,0,1
TGAGTGTTCTGTAAGGAGTGTTTCACTC,33,0
TGAGTGTTCTTCGAGGTATTATACAATC,0,1
TGAGTGTTCTTCGAGGTTTGATACAATC,0,170
TGAGTGTTCTTCGAGGTTTGATACCCTC,0,3
TGAGTGTTCTTCGAGGTTTTATACAATA,0,1
TGAGTGTTCTTGGAGCAGTGAGGCAGTC,106,43
TGAGTGTTCTTGGAGCAGTGAGTCCGTC,2,0
TGAGTGTTCTTGGAGCAGTGATGCATTC,0,1
TGAGTGTTCTTGGAGCAGTGATTCAGTC,6,7
TGAGTGTTCTTGGAGCAGTTAGTCAGTC,1,0
TGAGTGTTCTTGGAGCAGTTATTCATTC,4,2
TGAGTGTTCTTGGAGCATTGAGTCAGTC,1,1
TGAGTGTTCTTGGAGCATTGATTCATTC,0,1
TGAGTTAACTTGCAGCTCAGAAGCATGT,1,0
TGAGTTACCTAGAAGGAATGACTCAAAG,0,1
TGAGTTACCTAGAAGGTATGACGCAAAG,304,156
TGAGTTACCTAGAAGGTATGACGCACCG,2,1
TGAGTTACCTAGAAGGTATGACGCCACG,0,1
TGAGTTACCTAGAAGGTATGACGCCCAG,5,4
TGAGTTACCTAGAAGGTATGACTCACAG,0,1
TGAGTTACCTAGAAGGTATTACTCAAAT,24,22
TGAGTTACCTGGAAGCCCTGCTTCACTT,1,0
TGAGTTACCTTGCAGGCCTGAATCAACT,1,0
TGAGTTACCTTGCAGGGCTGAAGCATGT,155,33
TGAGTTACCTTGCAGGGCTTAATCATGT,1,0
TGAGTTACCTTGCAGGTCTGAAGCATTT,3,1
TGAGTTACCTTGCAGGTCTGAAGCCTGT,1,0
TGAGTTACCTTGCAGGTCTGAATCATGT,7,3
TGAGTTACCTTGCAGGTCTGACGCATGT,1,0
TGAGTTACCTTGCAGGTCTTAAGCATGT,1,0
TGAGTTACCTTGCAGGTCTTAATCATTT,4,1
TGAGTTAGCTACAAGGGTTGATGCATGG,0,47
TGAGTTAGCTACAAGGGTTGATTCATTG,0,1
TGAGTTAGCTACAAGGTTTGATGCATTG,0,2
TGAGTTAGCTACAAGGTTTTATTCATTT,0,1
TGAGTTAGCTCATAGCCATGATCCATCA,0,1
TGAGTTAGCTGCTAGGTGTGCTACATCA,1,0
TGAGTTCACTATGAGAAATGACTCATAA,1,0
TGAGTTCACTATGAGTATTGTGTCATAA,97,39
TGAGTTCACTATGAGTATTGTGTCCTCA,1,1
TGAGTTCACTATGAGTATTTTTTCATAA,6,1
TGAGTTCCCTTGCAGGTCTGCAGCAACT,0,1
TGAGTTCGACTTACAGATTGCTGCACTT,119,84
TGAGTTCGACTTACAGATTTCTTCACTT,10,3
TGAGTTCGCTAAGAGCGTTGTTGCAGTG,34,24
TGAGTTCGCTAAGAGCGTTGTTTCAGTT,0,1
TGAGTTCGCTAAGAGCGTTTTTTCAGTG,1,1
TGAGTTCGCTAAGAGCTTTGTTTCAGTG,1,1
TGAGTTCGCTAAGAGCTTTTTTGCAGTT,1,0
TGAGTTCGCTAAGAGCTTTTTTTCATTT,0,1
TGAGTTCGCTGAAAGAGATGCAGCAAGG,58,104
TGAGTTCGCTGAAAGAGATGCAGCAATT,2,0
TGAGTTCGCTGAAAGAGATGCAGCCAGT,0,1
TGAGTTCGCTGAAAGAGATGCAGCCCGG,1,3
TGAGTTCGCTGAAAGAGATGCATCAAGT,0,1
TGAGTTCGCTGAAAGAGATGCATCAATG,1,0
TGAGTTCGCTGAAAGAGATGCTGCAACT,1,0
TGAGTTCGCTGAAAGAGATTCAGCAAGT,0,1
TGAGTTCGCTGAAAGAGATTCAGCAATG,0,1
TGAGTTCGCTGAAAGAGATTCATCAAGG,1,0
TGAGTTCGCTGAAAGAGATTCATCAATT,4,15
TGAGTTCGCTGAAAGATATGCAGCAATG,1,0
TGAGTTCGCTGAAAGATATTCATCAATG,1,0
TGAGTTCTCTCACAGACATGTACCAACA,0,1
TGAGTTCTCTCAGAGACAGGGTCCCACA,1,0
TGAGTTCTCTCAGAGACATGGTCCAACA,69,28
TGAGTTCTCTCAGAGACATGGTCCCCCA,2,2
TGAGTTCTCTCAGAGACATGTTCCCACA,1,0
TGAGTTCTCTCAGAGACATTTTCCAACA,4,3
TGAGTTCTCTTAGAGAGTATAGTCATCG,0,1
TGAGTTCTCTTTGAGAGTTGAGTCAGCG,97,94
TGAGTTCTCTTTGAGAGTTGAGTCATCT,4,4
TGAGTTCTCTTTGAGAGTTGAGTCCGCT,1,0
TGAGTTCTCTTTGAGAGTTGATTCATCG,1,2
TGAGTTCTCTTTGAGAGTTTAGTCAGCT,2,0
TGAGTTCTCTTTGAGAGTTTAGTCATCG,0,1
TGAGTTCTCTTTGAGAGTTTATTCAGCG,1,0
TGAGTTCTCTTTGAGAGTTTATTCATCT,3,1
TGAGTTCTCTTTGAGATTTCATACAGCG,1,0
TGAGTTCTCTTTGAGATTTGATTCATCT,0,1
TGAGTTCTCTTTGAGATTTTAGTCATCT,0,1
TGAGTTCTCTTTGAGATTTTATTCATCG,1,0
TGAGTTGACTCGAAGTGGTGATACAGGG,43,1
TGAGTTGACTCGAAGTGGTGATACATTG,1,0
TGAGTTGACTCGAAGTGTTGATACAGGT,2,0
TGAGTTGACTCGAAGTGTTGATACAGTG,1,0
TGAGTTGACTCGAAGTGTTGATACATTT,3,1
TGAGTTGACTCGAAGTTTTGATACAGTT,1,0
TGAGTTGACTCGAAGTTTTTATACATTT,3,0
TGAGTTGCCTAGAAGGTATGACTCAAAT,1,0
TGAGTTGCCTAGGAGTGGTGCCACAGGC,0,38
TGAGTTGCCTAGGAGTGGTGCCACATTC,0,3
TGAGTTGCCTAGGAGTGGTTCCACATGC,0,1
TGAGTTGCCTAGGAGTGTTGCCACATGC,0,2
TGAGTTGCCTAGGAGTTGTGCCACAGTC,0,2
TGAGTTGCCTAGGAGTTTTTCCACATTC,0,3
TGAGTTGGCTGAGAGGTCTGCTCCATCT,1,0
TGAGTTGGCTGTGAGCATTTACACATTA,1,0
TGAGTTGGCTTTCAGCCGTGACGCAACG,30,91
TGAGTTGGCTTTCAGCCGTGACGCCCCG,0,3
TGAGTTGGCTTTCAGCCTTGACTCAACT,9,11
TGAGTTGGCTTTCAGCCTTTACGCAACT,1,1
TGAGTTTACTTCTAGTTCTGACTCAATA,1,0
TGAGTTTGCTACAAGTAATGATTCAATA,0,1
TGAGTTTGCTCGCAGTATTGGTGCAGTT,80,0
TGAGTTTGCTCGCAGTATTGGTTCATTT,1,0
TGAGTTTGCTCGCAGTATTGTTGCATTT,1,0
TGAGTTTGCTCGCAGTATTGTTGCCGTT,1,0
TGAGTTTGCTCGCAGTATTGTTTCAGTT,2,0
TGAGTTTGCTCGCAGTATTTGTTCAGTT,2,0
TGAGTTTGCTCGCAGTATTTTTGCAGTT,1,0
TGAGTTTGCTCGCAGTATTTTTTCATTT,1,0
TGAGTTTGCTCGCAGTCTTGACTCACGA,1,0
TGAGTTTGCTGCCAGCGCTGGTGCAATG,0,1
TGAGTTTGCTGTAAGATGTCTGACAGTA,1,0
TGAGTTTGCTGTAAGATGTGTGACAGTT,44,54
TGAGTTTGCTGTAAGATGTGTTACCGTT,0,1
TGAGTTTGCTGTAAGATGTTTGACATTT,0,1
TGAGTTTGCTGTAAGATGTTTTACAGTT,1,0
TGAGTTTGCTGTAAGATTTTTTACATTT,2,2
TGAGTTTGCTTGAAGGTATGACGCAACC,1,0
TGAGTTTTCTGGGAGAAGTGGCACAATG,0,22
TGAGTTTTCTGGGAGAAGTGTCACAATT,0,2
TGAGTTTTCTGGGAGAAGTGTCACCCTG,0,1
TGAGTTTTCTGGGAGAATTTTCACAATT,0,1
TGCATACCCTTCGAGGAATTCTTCACCC,0,1
TGCATCAACTTACAGATTTGGTTCATTG,0,1
TGCATTATCTTTCAGGCTTGTTACCGTT,1,0
TGCGAACCCACGAAGTTCTGATCCCGTT,1,0
TGCGAATGCATAGAGTATTTTTCCATTA,0,1
TGCGCTATCTTTCAGGCTTGGTACAGTT,0,1
TGCGTAAACTATGAGAGTTGCGACAGTT,0,43
TGCGTAAACTATGAGAGTTGCTACATTT,0,1
TGCGTAAACTATGAGAGTTGCTACCGTT,0,1
TGCGTAAACTATGAGAGTTTCTACAGTT,0,3
TGCGTAAACTATGAGATTTGCTACAGTT,0,1
TGCGTAAACTATGAGATTTTCTACATTT,0,1
TGCGTAAACTTTTAGAGTTCCTACAAGT,1,0
TGCGTAAACTTTTAGTGTTGCTACAAGG,18,0
TGCGTAAACTTTTAGTGTTTCTACAATT,2,0
TGCGTAACCTTACAGTTTTGCCTCAACA,36,0
TGCGTAAGCTGGCAGTAATGCTGCAGAG,33,0
TGCGTAAGCTGGCAGTAATGCTTCATAG,1,0
TGCGTAAGCTTTCAGAGGTGATTCAGCC,37,0
TGCGTAAGCTTTCAGAGTTGATTCATCC,2,0
TGCGTAAGCTTTCAGATTTGATTCAGCC,1,0
TGCGTAATCACCCAGAATTGCACCATTT,0,1
TGCGTAATCTCCCAGAATAGAAACATAG,1,0
TGCGTAATCTCCCAGAATTGCACACGTG,0,1
TGCGTAATCTCCCAGAATTGCACCAGTG,259,311
TGCGTAATCTCCCAGAATTGCACCCGTT,1,2
TGCGTAATCTCCCAGAATTTCACCATTT,14,22
TGCGTAATCTCCCAGAATTTCACCCGTG,0,1
TGCGTACACAATCAGGTATGCTACATAC,0,1
TGCGTACACTATCAGGTATGCGACATAC,294,366
TGCGTACACTATCAGGTATGCGACCTCC,5,4
TGCGTACACTATCAGGTATGCTACCTAC,0,2
TGCGTACACTATCAGGTATTAGACATAC,1,0
TGCGTACACTATCAGGTATTCTACATAC,23,23
TGCGTACACTCACAGGACTGGCGCAGGA,0,68
TGCGTACACTCACAGGACTGTCGCAGTA,0,1
TGCGTACACTCACAGGACTGTCGCATGA,0,2
TGCGTACACTCACAGGACTGTCTCCGGA,0,3
TGCGTACACTCACAGGACTTGCGCATGA,0,1
TGCGTACACTCACAGGACTTTCTCAGGA,0,4
TGCGTACACTCACAGGACTTTCTCATTA,0,6
TGCGTACACTTCGAGGAAAGCTTCACCC,0,1
TGCGTACACTTCGAGGGATGGCTCAGTG,72,0
TGCGTACACTTCGAGGGATGGCTCATTT,1,0
TGCGTACACTTCGAGGGATTTCTCAGTT,3,0
TGCGTACACTTCGAGGGATTTCTCATTG,1,0
TGCGTACACTTCGAGGGCTGTCTCCGTG,1,0
TGCGTACACTTCGAGGTATGGCTCATTG,1,0
TGCGTACACTTCGAGGTATGTCTCAGTG,2,0
TGCGTACACTTCGAGGTATTTATCAGTT,1,0
TGCGTACACTTCGAGGTATTTCTCATTT,4,0
TGCGTACCCTAGGAGGCGTGCAGCACAG,0,52
TGCGTACCCTAGGAGGCGTTCATCACAT,0,6
TGCGTACCCTAGGAGGCTTGCAGCCCAG,0,1
TGCGTACCCTAGGAGGCTTGCATCACAG,0,1
TGCGTACCCTATAAGTTATTCGACATAC,0,1
TGCGTACCCTTCGAGCAATGCATCACCC,1,0
TGCGTACCCTTCGAGCATTGCAACAAAC,0,1
TGCGTACCCTTCGAGGAAGGCTTCCCCC,0,3
TGCGTACCCTTCGAGGAATGCTTCACCC,450,564
TGCGTACCCTTCGAGGAATTCTTCACAC,0,1
TGCGTACCCTTCGAGGAATTCTTCCCCC,2,0
TGCGTACCCTTCGAGTAATTCTTCACCC,0,1
TGCGTACCCTTCGATGAATTCTTCACCC,0,1
TGCGTACTCTAGGAGCAATGAGACACCT,1,0
TGCGTACTCTATGAGCTCGGTTTCCTTA,0,1
TGCGTACTCTATGAGCTCTGTTTCATTA,71,219
TGCGTACTCTATGAGCTCTTTTTCATTC,0,1
TGCGTACTCTATGAGCTCTTTTTCCTTA,1,0
TGCGTACTCTCTGAGAGCTGATACAAAT,1,0
TGCGTACTCTGTAAGACGTGGTCCAGTG,0,38
TGCGTACTCTGTAAGACTTGTTCCAGTG,0,3
TGCGTACTCTGTAAGACTTTGTCCAGTG,0,1
TGCGTACTCTGTAAGACTTTTTCCATTG,0,1
TGCGTACTCTTTAAGACTTGTCCCAATG,1,0
TGCGTAGACTAACAGCGTTGAATCAGGC,67,0
TGCGTAGACTAACAGCGTTGAATCATTC,6,0
TGCGTAGACTAACAGCGTTTAATCATGC,1,0
TGCGTAGACTAACAGCTTTGAATCAGTC,2,0
TGCGTAGACTAACAGCTTTTAATCATTC,4,0
TGCGTAGCCTATCAGTAATGACTCATGC,1,0
TGCGTAGCCTATCAGTTATGACGCATGC,74,141
TGCGTAGCCTATCAGTTATGCCGCATCC,1,0
TGCGTAGCCTATCAGTTATTACTCATTC,11,19
TGCGTAGCCTCCAAGAAAAGCAACAGCA,1,0
TGCGTAGCCTCCAAGAAATGCAACAGCT,39,0
TGCGTAGCCTCCAAGAAATTCAACATCT,3,0
TGCGTAGCCTGGAAGTATTGGATCACAG,24,77
TGCGTAGCCTGGAAGTATTGGATCCCCG,0,2
TGCGTAGCCTGGAAGTATTTTATCACAT,2,7
TGCGTAGGCTCACAGTTATTCTTCACTT,0,1
TGCGTAGGCTTACAGGTATGGTCCAAAG,38,84
TGCGTAGGCTTACAGGTATGGTCCCACG,1,1
TGCGTAGGCTTACAGGTATGGTCCCCAG,1,0
TGCGTAGGCTTACAGGTATGTTCCAAAT,1,1
TGCGTAGGCTTACAGGTATGTTCCATAG,1,0
TGCGTAGGCTTACAGGTATTGTCCAAAT,0,1
TGCGTAGGCTTACAGGTATTGTCCCAAG,0,1
TGCGTAGGCTTACAGGTATTTTCCAAAG,2,4
TGCGTAGGCTTACAGGTATTTTCCCCCG,0,1
TGCGTAGTCTGGCAGTGATGTATCATTA,39,10
TGCGTATACTAATAGCGCTGCCACAGAT,0,1
TGCGTATACTACAAGATCTGCCGCACTC,0,39
TGCGTATACTACAAGATCTGCCTCCCTC,0,1
TGCGTATACTACAAGATCTTCCTCACTC,0,5
TGCGTATCCTAGTAGAATTGCGGCATGC,0,1
TGCGTATGCTAGGAGCTATGCCGCACGC,1,0
TGCGTATGCTCTAAGTCCTGTCTCACCA,1,0
TGCGTATGCTCTCAGTCGTGACTCACGA,241,121
TGCGTATGCTCTCAGTCGTTACTCACTA,4,2
TGCGTATGCTCTCAGTCGTTACTCCCGA,2,0
TGCGTATGCTCTCAGTCTTGACTCACGC,1,0
TGCGTATGCTCTCAGTCTTGACTCACTA,14,6
TGCGTATGCTCTCAGTCTTGACTCCCGA,2,1
TGCGTATGCTCTCAGTCTTTACTCACGA,3,2
TGCGTATGCTCTCAGTCTTTACTCCCGC,1,0
TGCGTATGCTGTAAGGCATGTCACATCC,43,0
TGCGTATGCTGTATGGCATCTCACATCC,1,0
TGCGTATGCTTAGAGTATTGGGCCATTA,0,39
TGCGTATGCTTAGAGTATTTTTCCATTA,0,3
TGCGTATGCTTCGAGCTATTCCTCACTA,0,1
TGCGTATGCTTGAAGGTATGATCCATGT,0,1
TGCGTATGCTTGGAGCTATGCCGCACGA,133,82
TGCGTATGCTTGGAGCTATGCCTCACTA,14,8
TGCGTATGCTTGGAGCTATTCCGCACGC,1,0
TGCGTATGCTTGGAGCTATTCCGCACTA,0,1
TGCGTATGCTTGGAGCTATTCCTCACGA,4,3
TGCGTATGCTTGTAGGGAGCTGCCCTGG,0,1
TGCGTATGCTTGTAGGGATGTGCCATGG,0,37
TGCGTATGCTTGTAGGGATGTTCCATGT,0,1
TGCGTATGCTTGTAGGGATGTTCCATTG,0,1
TGCGTATGCTTGTAGGGATTTGCCATTT,0,1
TGCGTATGCTTGTAGGTATGTTCCATTT,0,2
TGCGTATTCTTGCAGATTTGTCTCAATA,0,1
TGCGTCAACTTACAGATTTGGTTCAGGG,224,72
TGCGTCAACTTACAGATTTGGTTCAGTT,1,0
TGCGTCAACTTACAGATTTGGTTCATGT,3,2
TGCGTCAACTTACAGATTTGTTTCAGGT,8,2
TGCGTCAACTTACAGATTTGTTTCATTG,10,6
TGCGTCAACTTACAGATTTTGTTCAGTG,3,1
TGCGTCAACTTACAGATTTTGTTCATGG,2,0
TGCGTCAACTTACAGATTTTTTTCATTT,21,6
TGCGTCAACTTCAAGTCATGGCTCAAGT,24,0
TGCGTCAACTTCAAGTCATGGCTCCCGT,1,0
TGCGTCAACTTCAAGTCATGTCTCAATT,1,0
TGCGTCACCTGGGAGGTATGGGGCACAG,0,29
TGCGTCACCTGGGAGGTATGTGTCACAG,0,3
TGCGTCACCTGGGAGGTATGTTTCACAT,0,2
TGCGTCACCTGGGAGGTATTTGGCACAT,0,1
TGCGTCACCTTTCAGCCATGTCCCAATA,0,1
TGCGTCACCTTTCAGCCTTGTCCCATGA,93,86
TGCGTCACCTTTCAGCCTTGTCCCCTGC,0,1
TGCGTCACCTTTCAGCCTTTTCCCATTA,3,3
TGCGTCAGCTCGCAGCATTTCCTCATGT,1,0
TGCGTCAGCTTGTAGATTTGTAACACTG,1,0
TGCGTCAGCTTGTAGTGTAGTAACACTT,0,1
TGCGTCAGCTTGTAGTGTGGTAACCCTG,1,0
TGCGTCAGCTTGTAGTGTTGTAACACTG,67,167
TGCGTCAGCTTGTAGTGTTGTAACCCTT,1,0
TGCGTCAGCTTGTAGTGTTTTAACACAG,0,1
TGCGTCAGCTTGTAGTTTTTTAACACTT,6,8
TGCGTCATCACAAAGGACTGCTTCAGTG,1,0
TGCGTCATCTCAAAGGACAGCTTCATGG,1,0
TGCGTCATCTCAAAGGACTGCTTCAGGG,176,331
TGCGTCATCTCAAAGGACTGCTTCAGTT,5,8
TGCGTCATCTCAAAGGACTGCTTCATGT,6,3
TGCGTCATCTCAAAGGACTGCTTCATTG,15,32
TGCGTCATCTCAAAGGACTGCTTCCGGT,2,0
TGCGTCATCTCAAAGGACTTCTTCAGTG,0,2
TGCGTCATCTCAAAGGACTTCTTCATGG,1,4
TGCGTCATCTCAAAGGACTTCTTCATTT,1,6
TGCGTCATCTCAAAGGACTTCTTCCGGG,0,1
TGCGTCATCTCAAAGTACTGCTTCAGTG,0,1
TGCGTCATCTCTGAGAAATGAGTCAGGA,32,86
TGCGTCATCTCTGAGAAATGAGTCATTA,0,4
TGCGTCATCTCTGAGAAATGAGTCCGGC,0,1
TGCGTCATCTCTGAGAAATGATTCAGTA,0,1
TGCGTCATCTCTGAGAAATTAGTCAGTA,0,1
TGCGTCATCTCTGAGAAATTAGTCATGA,0,2
TGCGTCATCTCTGAGAAATTATTCATTA,2,8
TGCGTCCACTGATAGGGTTGAGCCATGT,79,101
TGCGTCCACTGATAGGGTTGATCCATTT,0,1
TGCGTCCACTGATAGGTTAGATCCCTGT,0,1
TGCGTCCACTGATAGGTTTGAGCCATTT,1,3
TGCGTCCACTGATAGGTTTGATCCATGT,3,3
TGCGTCCACTGATAGGTTTTATCCATTT,6,10
TGCGTCCCCTATCAGGGAGGTTGCAGTT,0,1
TGCGTCCCCTATCAGGGATGTTGCAGGT,39,31
TGCGTCCCCTATCAGGGATGTTTCATTT,4,6
TGCGTCCCCTATCAGGGATTTTTCAGGT,0,1
TGCGTCCCCTATCAGGTATGTTGCAGTT,0,1
TGCGTCCCCTATCAGGTATGTTTCATGT,1,2
TGCGTCCTCAGCTAGGGGTGGTACAACT,0,1
TGCGTCCTCTCGTAGGTGTGGGACAAGT,1,0
TGCGTCCTCTGGTAGCTTTGCGACAACA,1,0
TGCGTCCTCTGGTAGGGGTGGGACAAGT,153,192
TGCGTCCTCTGGTAGGGGTGGGACCCGT,1,2
TGCGTCCTCTGGTAGGGGTGGTACAATT,1,1
TGCGTCCTCTGGTAGGGGTGGTACACGT,0,1
TGCGTCCTCTGGTAGGGGTGTGACACGT,0,1
TGCGTCCTCTGGTAGGGGTGTGACCAGT,0,1
TGCGTCCTCTGGTAGGGGTGTTACAAGT,5,6
TGCGTCCTCTGGTAGGGGTTTGACAAGT,1,0
TGCGTCCTCTGGTAGGGGTTTTACAATT,2,2
TGCGTCCTCTGGTAGGGGTTTTACACGT,0,1
TGCGTCCTCTGGTAGGGTTGGGACAAGA,0,1
TGCGTCCTCTGGTAGGGTTGGTACAAGT,1,2
TGCGTCCTCTGGTAGGGTTGTGACAAGT,3,7
TGCGTCCTCTGGTAGGGTTGTTACAATT,0,1
TGCGTCCTCTGGTAGGGTTTGGACAAGT,0,1
TGCGTCCTCTGGTAGGTGTGGGACAATT,1,0
TGCGTCCTCTGGTAGGTGTGGTACAAGT,1,1
TGCGTCCTCTGGTAGGTGTGTGACAAGT,3,2
TGCGTCCTCTGGTAGGTGTGTTACAATT,1,0
TGCGTCCTCTGGTAGGTGTTTTACAAGT,1,0
TGCGTCCTCTGGTAGGTTTGGGACAAGT,8,13
TGCGTCCTCTGGTAGGTTTGTGACCCGT,0,1
TGCGTCCTCTGGTAGGTTTGTTACAAGT,1,2
TGCGTCCTCTGGTAGGTTTTGTACAAGT,1,0
TGCGTCCTCTGGTAGGTTTTTGACAAGT,0,2
TGCGTCCTCTGGTAGGTTTTTTACAATT,7,13
TGCGTCCTCTGTGAGAGCTGTTACATAG,18,0
TGCGTCCTCTGTGAGATCTTTTACATAT,3,0
TGCGTCCTCTGTTAGCCTTGAATCAAGT,109,21
TGCGTCCTCTGTTAGCCTTGAATCCCGT,3,1
TGCGTCCTCTGTTAGCCTTTAATCAATT,3,2
TGCGTCCTCTTGAAGGTGTGATTCAGTC,0,123
TGCGTCCTCTTGAAGGTTTGATTCATTC,0,7
TGCGTCGACTTAAAGAACTGGGACACAG,25,0
TGCGTCGACTTAAAGAACTGTTACACAG,2,0
TGCGTCGACTTAAAGAACTTGTACACAG,1,0
TGCGTCGACTTAAAGAACTTTTACACAT,1,0
TGCGTCGACTTAAAGCTGTGAGCCAAGC,0,35
TGCGTCGACTTAAAGCTGTGAGCCCCGC,0,1
TGCGTCGACTTAAAGCTGTGATCCAATC,0,6
TGCGTCGACTTAAAGCTGTTAGCCAATC,0,2
TGCGTCGACTTAAAGCTTTTATCCAATC,0,1
TGCGTCGCCTCATAGGCCTGAACCATTT,1,0
TGCGTCGTCTGGGAGGCATGCGCCATCG,0,27
TGCGTCTACTGACAGACATGAGTCACCT,0,1
TGCGTCTACTGCTAGTAGTGAAGCATAC,34,0
TGCGTCTACTGCTAGTAGTGAATCCTAC,1,0
TGCGTCTACTGCTAGTAGTTAATCATAC,1,0
TGCGTCTACTGCTAGTATTGAATCATAC,2,0
TGCGTCTGCTAGGAGGAGTGGGGCAGTC,0,37
TGCGTCTGCTAGGAGGAGTGTGGCATTC,0,1
TGCGTCTGCTAGGAGGAGTGTGTCAGTC,0,1
TGCGTCTGCTAGGAGGAGTGTTGCAGTC,0,1
TGCGTCTGCTAGGAGGAGTGTTTCATTC,0,1
TGCGTCTGCTAGGAGGAGTTGGTCAGTC,0,1
TGCGTCTGCTAGGAGGATTGTGGCAGTC,0,1
TGCGTCTGCTAGGAGGATTTGTTCATTC,0,1
TGCGTCTGCTAGGAGGATTTTTTCAGTC,0,1
TGCGTCTTCTATGAGGCGTGGCCCAGTT,0,30
TGCGTCTTCTATGAGGCGTTTCCCAGTT,0,1
TGCGTCTTCTATGAGGCTTGTCCCAGTT,0,4
TGCGTCTTCTCGAAGAGCTGGGCCACTG,0,27
TGCGTCTTCTCGAAGAGCTGTGCCCCTG,0,1
TGCGTCTTCTCGAAGAGCTGTTCCACTG,0,2
TGCGTCTTCTCGAAGATCTGGTCCACTG,0,2
TGCGTCTTCTCGTAGGTTTGACGCACAG,16,40
TGCGTCTTCTCGTAGGTTTGACGCCCCG,1,0
TGCGTCTTCTCGTAGGTTTGACTCACAT,0,1
TGCGTCTTCTCGTAGGTTTTACTCACAG,2,4
TGCGTCTTCTGGCAGCTCTTTGGCATGT,0,8
TGCGTGACCTATCAGTGCGGGCGCCTGT,0,1
TGCGTGACCTATCAGTGCTGGCGCATGT,194,191
TGCGTGACCTATCAGTGCTGGCTCATTT,2,0
TGCGTGACCTATCAGTGCTGTCGCATTT,2,3
TGCGTGACCTATCAGTGCTGTCGCCTGT,4,1
TGCGTGACCTATCAGTGCTGTCTCATGT,16,13
TGCGTGACCTATCAGTGCTTGCGCATTT,0,1
TGCGTGACCTATCAGTGCTTGCTCATGT,0,1
TGCGTGACCTATCAGTGCTTTCGCATGT,0,2
TGCGTGACCTATCAGTTCTGGCGCAAGT,0,1
TGCGTGACCTATCAGTTCTGGCTCATGT,1,5
TGCGTGACCTATCAGTTCTTTCTCATTT,12,14
TGCGTGACCTCTTAGCTTTGGCTCAATA,35,0
TGCGTGACCTCTTAGCTTTTTCTCAATA,3,0
TGCGTGATCTGCAAGAGCGGTGTCCTAA,1,0
TGCGTGATCTGCAAGAGCTGTGTCATAA,45,76
TGCGTGATCTGCAAGATCTGTTTCATAA,1,3
TGCGTGATCTGCGAGAGCTGAGTCACTC,0,1
TGCGTGATCTTCGAGGGGTGCCCCAGTG,0,24
TGCGTGATCTTCGAGGTTTGCCCCAGTG,0,1
TGCGTGATCTTCGAGGTTTTCCCCAGTT,0,2
TGCGTGATCTTCGAGTTGTGCCCCATTG,0,1
TGCGTGATCTTCTAGGGGTGCCCCCGTG,0,1
TGCGTGCACTCATAGTTATGATTCATTC,106,39
TGCGTGCACTTAAAGTCCTGGCCCAAGG,0,54
TGCGTGCACTTAAAGTCCTGGCCCAATT,0,1
TGCGTGCACTTAAAGTCCTGTCCCAAGT,0,1
TGCGTGCACTTAAAGTCCTGTCCCAATG,0,7
TGCGTGCACTTAAAGTCCTGTCCCCCGG,0,1
TGCGTGCACTTAAAGTCCTTTCCCAATT,0,3
TGCGTGCCCTCATAGGCCTGAACCACGC,1,0
TGCGTGCGCTCAGAGATGTGTTTCATTG,76,57
TGCGTGCGCTCAGAGATTTTTTTCATTT,1,2
TGCGTGCGCTCTGAGCCGTGGCGCAATT,5,58
TGCGTGCGCTCTGAGCCGTGGCGCCCTT,0,1
TGCGTGCGCTCTGAGCCGTGTCTCAATT,0,8
TGCGTGCGCTCTGAGCCGTTGCTCAATT,0,1
TGCGTGCGCTCTGAGCCTTGGCTCAATT,0,1
TGCGTGCGCTCTGAGCCTTGTCTCCCTT,0,1
TGCGTGCGCTCTGAGCCTTTTCTCAATT,0,2
TGCGTGCGCTTGGAGTTCTGCGACACTC,77,8
TGCGTGCGCTTGGAGTTCTTCTACACTC,3,1
TGCGTGCTCTCGCAGAAATGTAACAGTC,0,71
TGCGTGCTCTCGCAGAAATTTAACATTC,0,1
TGCGTGCTCTGGTAGATGTGAAGCAAGG,0,35
TGCGTGCTCTGGTAGATGTGAATCAAGT,0,2
TGCGTGCTCTGGTAGATGTGAATCAATG,0,1
TGCGTGCTCTGGTAGATTTGAAGCAATT,0,1
TGCGTGCTCTGGTAGATTTTAATCAAGT,0,2
TGCGTGCTCTGGTAGCTATGCTCCACAA,1,0
TGCGTGGACTTATAGGTGTGTCACAGGC,83,49
TGCGTGGACTTATAGGTGTGTCACATTC,8,3
TGCGTGGACTTATAGGTTTGTCACAGTC,1,2
TGCGTGGACTTATAGGTTTGTCACATGC,1,0
TGCGTGGACTTATAGGTTTGTCACCGGC,0,1
TGCGTGGACTTATAGGTTTTTCACATTC,4,3
TGCGTGGCCTAGAAGGGCTGTATCATCA,0,6
TGCGTGGCCTCATAGGCCGGAACCCGGG,0,1
TGCGTGGCCTCATAGGCCTGAAACCTGT,1,0
TGCGTGGCCTCATAGGCCTGAACCAGGG,346,235
TGCGTGGCCTCATAGGCCTGAACCAGTT,6,3
TGCGTGGCCTCATAGGCCTGAACCATGT,3,5
TGCGTGGCCTCATAGGCCTGAACCATTG,22,11
TGCGTGGCCTCATAGGCCTGAACCCGGT,0,3
TGCGTGGCCTCATAGGCCTGAACCCGTG,1,0
TGCGTGGCCTCATAGGCCTTAACCAGTG,1,1
TGCGTGGCCTCATAGGCCTTAACCATGG,1,2
TGCGTGGCCTCATAGGCCTTAACCATTT,11,5
TGCGTGGCCTGCAAGTTCTGTTTCAGCC,0,1
TGCGTGGCCTGTCAGCTATGAGACACTT,34,6
TGCGTGGCCTGTCAGCTATGATACCCTT,1,0
TGCGTGGCCTTATAGCTTTGTCACATTC,0,1
TGCGTGGGCAAGCAGGTAAGCTCCACTA,0,1
TGCGTGGGCTAGCAGCTATGCACCACTA,0,1
TGCGTGGGCTAGCAGGTATGCTCCACTA,75,113
TGCGTGGGCTAGGAGCCCTGGCGCATAA,0,41
TGCGTGGGCTAGGAGCCCTGGCGCCTCC,0,1
TGCGTGGGCTAGGAGCCCTGTCGCATCA,0,1
TGCGTGGGCTAGGAGCCCTGTCTCATAA,0,8
TGCGTGGGCTGCAAGTTTTGACGCATGA,136,154
TGCGTGGGCTGCAAGTTTTGACGCCTGC,0,1
TGCGTGGGCTGCAAGTTTTGACTCCTGA,2,2
TGCGTGGGCTGCAAGTTTTTACTCATTA,13,17
TGCGTGGGCTGTAAGATATTCTACAGGG,1,0
TGCGTGGGCTTGGAGGGGTGCTGCACAA,46,0
TGCGTGGGCTTGGAGGGGTGCTGCCCCA,1,0
TGCGTGGGCTTGGAGGGTTGCTGCCCCC,1,0
TGCGTGGGCTTGGAGGGTTTCTGCACAA,1,0
TGCGTGGGCTTGGAGGTTTGCTGCACAA,5,0
TGCGTGGGCTTGGAGGTTTTCTTCACAA,1,0
TGCGTGGGCTTTTAGCATTGTTGCAAGT,115,170
TGCGTGGGCTTTTAGCATTGTTGCCCGT,5,2
TGCGTGGGCTTTTAGCATTGTTTCAATT,4,9
TGCGTGGGCTTTTAGCATTGTTTCCAGT,1,0
TGCGTGGGCTTTTAGCATTTTTGCAATT,1,1
TGCGTGGGCTTTTAGCATTTTTTCAAGT,1,3
TGCGTGGGCTTTTAGCGTTGTTTCAAGT,0,1
TGCGTGGTCTAACAGGGCTGCTGCATTG,23,0
TGCGTGGTCTAACAGGTCTGCTTCATTG,1,0
TGCGTGGTCTAACAGGTCTTCTGCATTG,3,0
TGCGTGGTCTAACAGGTCTTCTTCATTT,1,0
TGCGTGGTCTCGCAGATTTGGCTCATCT,68,66
TGCGTGGTCTCGCAGATTTGTCTCCTCT,0,1
TGCGTGGTCTCGCAGATTTTTCTCATCT,5,8
TGCGTGGTCTGTAAGAGTTGAGACATTA,1,0
TGCGTGGTCTGTAAGATTTGAGACATGA,46,0
TGCGTGGTCTGTAAGATTTTAGACATTA,1,0
TGCGTGGTCTTATAGCGATGTTGCATTT,3,0
TGCGTGGTCTTATAGCTATTTTTCATTT,1,0
TGCGTGTACTTTCAGGCGTGGAACACCG,1,0
TGCGTGTACTTTCAGGGGTGGTACACCG,106,25
TGCGTGTACTTTCAGGGGTGTTACACAG,1,0
TGCGTGTACTTTCAGGGGTTTTACACCT,0,1
TGCGTGTACTTTCAGGGTTGTTACACCT,3,1
TGCGTGTACTTTCAGGGTTTGTACACCG,1,0
TGCGTGTACTTTCAGGTGTGGTACCCCG,1,0
TGCGTGTACTTTCAGGTGTGTTACACCT,1,0
TGCGTGTACTTTCAGGTGTTGTACACCT,1,0
TGCGTGTACTTTCAGGTTTGGTACACCG,5,2
TGCGTGTACTTTCAGGTTTTTTACACCT,7,4
TGCGTGTCCTAGCAGAAGTTCTACACTG,1,0
TGCGTGTCCTAGCAGTAGGGCTACCCTG,1,0
TGCGTGTCCTAGCAGTAGTGCTACACTG,254,211
TGCGTGTCCTAGCAGTAGTGCTACCCTT,1,1
TGCGTGTCCTAGCAGTATTTCTACACTT,16,7
TGCGTGTCCTAGCAGTATTTCTACCCTG,2,1
TGCGTGTCCTTTCAGGCGGGTTGCCCTA,1,0
TGCGTGTCCTTTCAGGCGTGTTGCACTA,260,28
TGCGTGTCCTTTCAGGCGTGTTTCACTC,1,0
TGCGTGTCCTTTCAGGCGTGTTTCCCTA,2,0
TGCGTGTCCTTTCAGGCGTTTTTCACTA,3,0
TGCGTGTCCTTTCAGGCTTGTTTCACTA,23,4
TGCGTGTGCTGTGAGCGATGAGCCAGTC,40,106
TGCGTGTGCTGTGAGCGATTATCCATTC,3,7
TGCGTGTGCTGTGAGCTATGATCCATTC,0,4
TGCGTGTGCTGTGAGCTATTATCCAGTC,2,1
TGCGTGTGCTTCTAGAATAGTACCATCT,0,1
TGCGTGTGCTTCTAGAATTGGACCATCT,28,52
TGCGTGTGCTTCTAGAATTTTACCATCT,1,3
TGCGTGTTCTGCTAGTTATGGTACAATG,0,29
TGCGTGTTCTGCTAGTTATGTTACAATT,0,1
TGCGTGTTCTGCTAGTTATTGTACAATT,0,2
TGCGTGTTCTGCTAGTTATTTTACAATG,0,1
TGCGTGTTCTGTCAGTTTTTTCTCACTT,0,1
TGCGTTAACTATTAGGCATGTACCAGTG,6,0
TGCGTTACCTCCGAGGGCTGAATCACGG,40,0
TGCGTTACCTCCGAGGGCTGAATCACTT,1,0
TGCGTTACCTCCGAGGTCTGAATCACGT,2,0
TGCGTTACCTCCGAGGTCTGAATCACTG,6,0
TGCGTTACCTGGAAGGCATGTGGCATGA,111,0
TGCGTTACCTGGAAGGCATGTGTCATTA,2,0
TGCGTTACCTGGAAGGCATGTTTCATGA,1,0
TGCGTTACCTGGAAGGCATTTGTCATGA,1,0
TGCGTTACCTGGAAGGCATTTTTCATTA,9,0
TGCGTTAGCTGCAAGAACTGCACCACCG,0,1
TGCGTTAGCTGCAAGAACTGGACCAGCT,0,1
TGCGTTAGCTGCAAGTTCAGTACCATCT,1,0
TGCGTTAGCTGCAAGTTCGGGACCCGCG,1,0
TGCGTTAGCTGCAAGTTCTGGACCAGCG,323,193
TGCGTTAGCTGCAAGTTCTGGACCATCT,7,3
TGCGTTAGCTGCAAGTTCTGGACCCGCT,0,1
TGCGTTAGCTGCAAGTTCTGTACCAGCT,5,1
TGCGTTAGCTGCAAGTTCTGTACCATCG,12,6
TGCGTTAGCTGCAAGTTCTGTACCCGCG,2,0
TGCGTTAGCTGCAAGTTCTGTACCCTCT,1,0
TGCGTTAGCTGCAAGTTCTTGACCAGCT,1,0
TGCGTTAGCTGCAAGTTCTTGACCATCG,6,1
TGCGTTAGCTGCAAGTTCTTGACCCGCG,1,0
TGCGTTAGCTGCAAGTTCTTTACCAGCG,0,1
TGCGTTAGCTGCAAGTTCTTTACCATCT,23,19
TGCGTTAGCTGGCAGTGATGGTTCACCC,0,22
TGCGTTAGCTGGCAGTTATTTTTCACCC,0,4
TGCGTTAGCTTTGAGCTATGCTTCAACA,1,0
TGCGTTAGCTTTTAGGCGTGCTCCAGAA,0,26
TGCGTTAGCTTTTAGGCGTGCTCCAGCC,0,1
TGCGTTAGCTTTTAGGCTTGCTCCATAA,0,1
TGCGTTATCTGCTAGATTTGGAACAGGT,43,0
TGCGTTATCTGCTAGATTTTGAACAGTT,1,0
TGCGTTATCTGCTAGATTTTTAACATTT,4,0
TGCGTTATCTTTCAGGCGTGGTACAGTT,313,106
TGCGTTATCTTTCAGGCGTGGTACATAT,1,0
TGCGTTATCTTTCAGGCGTGTTACATTT,1,1
TGCGTTATCTTTCAGGCGTTTTACAGTT,0,1
TGCGTTATCTTTCAGGCTTGGTACATTT,2,0
TGCGTTATCTTTCAGGCTTGGTACCGTT,1,1
TGCGTTATCTTTCAGGCTTGTTACAGTT,18,10
TGCGTTATCTTTCAGGCTTTGTACAGTT,5,0
TGCGTTATCTTTCAGGCTTTTTACATTT,7,1
TGCGTTCCCTGCTAGGTATGCCGCAGCC,28,0
TGCGTTCCCTGCTAGGTATTCCTCATCC,5,0
TGCGTTCCCTGCTAGTAATGCCTCAGCC,1,0
TGCGTTCCCTGGAAGTTCTGATCCAGTT,57,0
TGCGTTCCCTTCCAGGGGTGAGGCATGC,0,21
TGCGTTCCCTTCCAGGGGTGAGTCATTC,0,1
TGCGTTCCCTTCCAGGTGTGAGTCATGC,0,1
TGCGTTCCCTTCCAGGTTTGAGTCATTC,0,1
TGCGTTCCCTTCCAGGTTTGATGCATTC,0,1
TGCGTTCCCTTCCAGGTTTTATTCATTC,0,1
TGCGTTCGCTATCAGCCTTGAGACATAA,31,33
TGCGTTCGCTATCAGCCTTGAGACCTCC,2,0
TGCGTTCGCTATCAGCCTTGATACCTAA,1,0
TGCGTTCGCTATCAGCCTTTATACATAA,2,0
TGCGTTCGCTGTCAGGACTGGGCCATTA,37,0
TGCGTTCGCTGTCAGGACTTTTCCATTA,2,0
TGCGTTCGCTGTGAGTGCTTCCCCATCT,1,0
TGCGTTCGCTTTGAGCTATGCTGCAAGA,43,0
TGCGTTCGCTTTGAGCTATGCTGCCCGA,2,0
TGCGTTCGCTTTGAGCTATTCTTCAAGA,3,0
TGCGTTGACTTTGAGCACTGTTCCAGTA,32,103
TGCGTTGACTTTGAGCACTTTTCCATTA,0,1
TGCGTTGCCTAACAGGGCTGTCGCACAG,118,39
TGCGTTGCCTAACAGGGCTGTCTCACAT,1,1
TGCGTTGCCTAACAGGGCTTTCTCACAG,2,1
TGCGTTGCCTAACAGGTCTGTCGCCCAG,2,0
TGCGTTGCCTAACAGGTCTGTCTCACAG,12,4
TGCGTTGCCTAACAGGTCTTTCTCACAT,1,0
TGCGTTGCCTCACAGGCTTGCGGCAAGA,0,1
TGCGTTGCCTCTCAGGCGTGCGGCATGT,51,138
TGCGTTGCCTCTCAGGCGTGCTGCCTGT,0,1
TGCGTTGCCTCTCAGGCGTGCTTCATGT,0,8
TGCGTTGCCTCTCAGGCGTTCGTCATGT,0,3
TGCGTTGCCTCTCAGGCTTGATTCATTT,0,1
TGCGTTGCCTCTCAGGCTTGCGGCCTGT,1,0
TGCGTTGCCTCTCAGGCTTGCGTCATGT,2,2
TGCGTTGCCTCTCAGGCTTGCTGCATGT,2,2
TGCGTTGCCTCTCAGGCTTTCGGCATGT,0,1
TGCGTTGCCTCTCAGGCTTTCTTCATTT,4,4
TGCGTTGCCTTCCAGAGTCGTCACCTGC,1,0
TGCGTTGCCTTCCAGAGTTGTCACATGC,211,117
TGCGTTGCCTTCCAGAGTTTTCACATTC,13,3
TGCGTTGCCTTCCAGATTTGTCACAAGC,0,1
TGCGTTGCCTTCCAGATTTGTCACATTC,2,0
TGCGTTGGCTAGCAGGTATTCTCCACTA,1,0
TGCGTTGGCTGTGAGTGCTGCCCCAGCG,171,83
TGCGTTGGCTGTGAGTGCTGCCCCATCT,2,0
TGCGTTGGCTGTGAGTGCTGCCCCCTCG,2,0
TGCGTTGGCTGTGAGTGCTTCCCCAGCT,0,1
TGCGTTGGCTGTGAGTGCTTCCCCATCG,3,2
TGCGTTGGCTGTGAGTTCTGCCCCAGCT,1,1
TGCGTTGGCTGTGAGTTCTGCCCCATCG,1,0
TGCGTTGGCTGTGAGTTCTTCCCCATCT,13,4
TGCGTTGGCTGTGAGTTCTTCCCCCGCG,1,0
TGCGTTGGCTTGGAGATGTGTTTCATCC,49,0
TGCGTTGGCTTGGAGATTTGTTTCCTCC,1,0
TGCGTTGTCTGTTAGTAGTGGCCCATTC,0,21
TGCGTTGTCTGTTAGTAGTTTCCCATTC,0,2
TGCGTTGTCTGTTAGTATTGTCCCATTC,0,1
TGCGTTGTCTGTTAGTTATGAGACATAC,52,0
TGCGTTGTCTGTTAGTTATTATACATAC,2,0
TGCGTTTACTATAAGGGGTCTGGCCTGG,0,1
TGCGTTTACTATAAGGGGTGTGGCATGG,74,114
TGCGTTTACTATAAGGGGTGTGTCATGT,1,3
TGCGTTTACTATAAGGGGTGTGTCATTG,1,3
TGCGTTTACTATAAGGGGTGTTTCCTGG,1,1
TGCGTTTACTATAAGGGGTTTGGCATTT,0,1
TGCGTTTACTATAAGGGGTTTTTCATTT,1,2
TGCGTTTACTATAAGGGTTGTGGCATGT,1,1
TGCGTTTACTATAAGGGTTGTGTCATGG,0,5
TGCGTTTACTATAAGGTGTGTGGCATTG,1,0
TGCGTTTACTATAAGGTGTGTGTCATGG,0,2
TGCGTTTACTATAAGGTGTGTGTCCTGT,0,1
TGCGTTTACTATAAGGTGTGTTGCATGG,1,1
TGCGTTTACTATAAGGTTTGTGGCATGG,8,7
TGCGTTTACTATAAGGTTTGTGTCATGT,3,2
TGCGTTTACTATAAGGTTTGTGTCATTG,0,2
TGCGTTTACTATAAGGTTTGTTGCATGT,1,0
TGCGTTTACTATAAGGTTTGTTGCATTG,0,1
TGCGTTTACTATAAGGTTTGTTTCATTT,0,2
TGCGTTTACTATAAGGTTTTTGGCATGT,1,0
TGCGTTTACTATAAGGTTTTTGTCATTT,1,0
TGCGTTTACTATAAGGTTTTTTTCCTGG,1,0
TGCGTTTACTCTCAGGGGTGTCGCACTT,38,34
TGCGTTTACTCTCAGGGTTGTCTCACTT,0,1
TGCGTTTACTCTCAGGGTTTTCGCACTT,0,1
TGCGTTTACTCTCAGGTGTGTCGCCCTT,0,1
TGCGTTTACTCTCAGGTGTGTCTCACTT,3,0
TGCGTTTACTCTCAGGTTTGTCTCCCTT,0,2
TGCGTTTACTCTCAGGTTTTTCTCACTT,4,4
TGCGTTTACTGCTAGGTATGGTTCATTT,5,0
TGCGTTTACTGCTAGGTATTTTTCATTT,2,0
TGCGTTTCCTCTGAGGGTTGGCCCACAT,40,19
TGCGTTTCCTCTGAGGGTTGGCCCCCCT,1,1
TGCGTTTCCTCTGAGGGTTTTCCCACAT,2,1
TGCGTTTCCTCTGAGGTTTGGCCCCCAT,1,0
TGCGTTTCCTCTGAGGTTTGTCCCACAT,3,2
TGCGTTTCCTCTGAGGTTTTTCCCCCCT,1,0
TGCGTTTCCTTTCAGTTGTGTGGCATGA,0,34
TGCGTTTCCTTTCAGTTGTGTTGCATTA,0,1
TGCGTTTCCTTTCAGTTGTGTTTCATGA,0,2
TGCGTTTCCTTTCAGTTGTTTGTCATGA,0,1
TGCGTTTCCTTTCAGTTTTTTTTCATTA,0,3
TGCGTTTTCTATTAGTCCTGTTTCAGTA,0,1
TGCGTTTTCTCTCAGCGTTGTCGCACTA,1,0
TGCGTTTTCTCTCAGTGTTGTCTCACAA,1,0
TGCGTTTTCTGATAGGTGTGGGTCAGGC,0,9
TGCGTTTTCTGATAGGTGTTTTTCATTC,0,1
TGCGTTTTCTGTTAGTCCTGGTGCAGTA,0,29
TGCGTTTTCTGTTAGTCCTGGTTCCGTA,0,1
TGCGTTTTCTGTTAGTCCTTTTTCATTA,0,1
TGCGTTTTCTGTTAGTCCTTTTTCCGTA,0,1
TGCGTTTTCTTGCAGATTTGTCGCAATA,35,116
TGCGTTTTCTTGCAGATTTGTCGCCCTA,0,6
TGCGTTTTCTTGCAGATTTGTCTCACTA,1,0
TGCGTTTTCTTGCAGATTTTTCTCAATA,1,7
TGGCAGCGCTGGGAGAGCTGTGGCAAGA,1,0
TGGCTCGCCTCGGAGATATGCTTCAAAT,0,1
TGGCTGCGCTGGGAGAGCTGTGTCAATA,1,0
TGGGAATGCTAGAAGGTATGCTACATAA,0,1
TGGGAGGGCTGATAGATATGTCACACTC,0,1
TGGGATATCTTGCAGTTCTTTTCCAGCT,0,1
TGGGTAAACTGGCAGTGATGGCGCAGGA,30,0
TGGGTAAACTGGCAGTGATGGCGCCGGC,2,0
TGGGTAAACTGGCAGTGATGGCTCAGTA,1,0
TGGGTAAACTGGCAGTGATGGCTCCGGA,1,0
TGGGTAAACTGGCAGTGATGTCGCCGGA,1,0
TGGGTAAACTGGCAGTGATGTCTCAGGA,2,0
TGGGTAAACTGGCAGTGATTTCTCATTA,3,0
TGGGTAAACTGGCAGTTATTTCTCAGTA,1,0
TGGGTAATCTAGCAGGCGTGAGGCATTG,27,26
TGGGTAATCTAGCAGGCTTGAGTCATTG,1,3
TGGGTAATCTAGCAGGCTTTATTCATTT,0,1
TGGGTAATCTAGCAGTTCTGTTCCAGCT,1,0
TGGGTAATCTCCCAGTAGTGGTTCATCG,80,62
TGGGTAATCTCCCAGTAGTGGTTCCTCT,1,1
TGGGTAATCTCCCAGTAGTGTTTCATCT,5,4
TGGGTAATCTCCCAGTAGTTGTTCATCT,3,2
TGGGTAATCTCCCAGTATTGGTTCATCT,2,1
TGGGTAATCTCCCAGTATTGTTTCATCG,2,0
TGGGTAATCTCCCAGTATTGTTTCCTCT,1,0
TGGGTAATCTCCCAGTATTTTTTCATCT,1,1
TGGGTAATCTCGCAGGGGTGCGACCCGC,1,0
TGGGTAATCTGGCAGGGGTGCGACACGC,33,23
TGGGTAATCTGGCAGGGTTGCTACACGC,2,0
TGGGTAATCTGGCAGGGTTTCGACACTC,1,0
TGGGTAATCTGGCAGGTGTGCGACACTC,2,3
TGGGTAATCTGGCAGGTGTGCGACCCGC,1,0
TGGGTAATCTGGCAGGTGTTCGACACGC,0,1
TGGGTAATCTGGCAGGTTTGCGACACGC,2,0
TGGGTAATCTGGCAGGTTTGCTACACTC,0,1
TGGGTACACTACGAGAGTTGTTACATAT,0,28
TGGGTACACTCATAGGCGTGGGTCAACC,109,0
TGGGTACACTCATAGGCGTGGGTCCCCC,9,0
TGGGTACACTCATAGGCGTTTTTCAACC,5,0
TGGGTACACTCATAGGCTTGCCTCAACC,1,0
TGGGTACACTCATAGGCTTGGTTCCACC,1,0
TGGGTACACTCATAGGCTTGTGTCAACC,9,0
TGGGTACACTCATAGGCTTTGTTCAACC,1,0
TGGGTACACTCGAAGCTCTGAGTCACAG,0,1
TGGGTACACTCGAAGGGCTGAGGCACTG,0,75
TGGGTACACTCGAAGGGCTGAGTCACTT,0,1
TGGGTACACTCGAAGGGCTTAGTCACTG,0,2
TGGGTACACTCGAAGGTCTGAGTCACTG,0,5
TGGGTACACTCGAAGGTCTTATTCACTT,0,3
TGGGTACCCTCCGAGGGGTGCGACAGGG,0,30
TGGGTACCCTCCGAGGGGTGCTACAGGT,0,1
TGGGTACCCTCCGAGGTTTGCGACAGGG,0,3
TGGGTACCCTCCGAGGTTTGCTACATTG,0,1
TGGGTACCCTCCGAGGTTTTCGACATTG,0,1
TGGGTACCCTCCGAGGTTTTCTACATTT,0,1
TGGGTACGCTGCGAGTATTGTAGCAGCC,26,28
TGGGTACGCTGCGAGTATTGTATCATCC,10,4
TGGGTACTCTCGAAGGTCTGATTCACTG,0,1
TGGGTACTCTGGCAGAAATGTATCAGTT,1,0
TGGGTACTCTGGCAGATATGTATCAGGT,158,131
TGGGTACTCTGGCAGATATGTATCATTT,9,10
TGGGTACTCTGGCAGATATGTATCCGTT,0,1
TGGGTACTCTGGCAGATATTTATCAGTT,2,1
TGGGTACTCTGGCAGATATTTATCATGT,0,1
TGGGTACTCTTGGAGTGTTGTCGCATGT,29,0
TGGGTACTCTTGGAGTGTTTACGCATGT,1,0
TGGGTACTCTTGGAGTTTTGTCTCATGT,1,0
TGGGTAGACTGGAAGTTTTGATTCAGTC,20,34
TGGGTAGACTGGAAGTTTTTATTCATTC,0,4
TGGGTAGACTGGAAGTTTTTATTCCGTC,1,0
TGGGTAGGCTCACAGTGTTGCGTCACGG,49,105
TGGGTAGGCTCACAGTGTTGCGTCACTT,1,1
TGGGTAGGCTCACAGTGTTGCGTCCCGT,0,2
TGGGTAGGCTCACAGTGTTGCTTCACTG,2,4
TGGGTAGGCTCACAGTGTTTCGTCACGT,1,0
TGGGTAGGCTCACAGTGTTTCGTCACTG,1,4
TGGGTAGGCTCACAGTGTTTCGTCCCGG,0,1
TGGGTAGGCTCACAGTTATTCTTCACTG,0,1
TGGGTAGGCTCACAGTTTTTCTTCACTT,3,3
TGGGTAGGCTTCTAGAAGTGCTTCATCT,0,1
TGGGTAGTCTCGCAGCGCTGAACCACGG,50,53
TGGGTAGTCTCGCAGCGCTGAACCACTT,0,2
TGGGTAGTCTCGCAGCGCTTAACCACTG,0,1
TGGGTAGTCTCGCAGCTCTGAACCACTG,1,7
TGGGTAGTCTCGCAGCTCTGAACCCCGG,0,1
TGGGTAGTCTCGCAGCTCTTAACCACTT,2,2
TGGGTAGTCTGGTAGCAGTGCGTCAGCC,29,0
TGGGTAGTCTGGTAGCATTGCGTCATCC,1,0
TGGGTAGTCTTTTAGTACTGAGGCAAGG,31,32
TGGGTAGTCTTTTAGTACTGAGGCAATT,0,1
TGGGTAGTCTTTTAGTACTGAGTCAAGT,2,2
TGGGTAGTCTTTTAGTACTGAGTCAATG,1,0
TGGGTAGTCTTTTAGTACTGATGCAAGT,1,0
TGGGTAGTCTTTTAGTACTGATTCAATT,2,2
TGGGTAGTCTTTTAGTACTTATTCAAGT,1,0
TGGGTATACTAAGAGTTGTGTGTCAAAT,34,0
TGGGTATACTAAGAGTTGTGTGTCCCCT,2,0
TGGGTATACTATTAGCTATGGGTCAATC,0,26
TGGGTATACTATTAGCTATGGGTCCCTC,0,2
TGGGTATACTATTAGCTATGTTTCAATC,0,1
TGGGTATACTGCTAGACTTGAGTCATGA,0,21
TGGGTATACTGCTAGACTTGATTCATTA,0,1
TGGGTATACTGCTAGACTTTAGTCATTA,0,1
TGGGTATACTGTGAGCATTGCGACACAC,11,26
TGGGTATACTGTGAGCATTTCTACACAC,0,4
TGGGTATACTGTGAGCATTTCTACCCCC,0,1
TGGGTATACTTTAAGGGATGTTACATTT,25,42
TGGGTATACTTTAAGGTATTTTACATTT,0,1
TGGGTATCCTAAAAGTGATGCACCAACT,0,26
TGGGTATCCTAAAAGTGATGCCCCACCT,0,1
TGGGTATCCTAAAAGTTATGCACCACCT,0,1
TGGGTATCCTTGGAGGTATGTCGCACGA,1,0
TGGGTATGCTAGTAGCTGTGAGTCACCG,0,10
TGGGTATGCTAGTAGCTGTTATTCACCT,0,1
TGGGTATGCTAGTAGCTTTGAGTCACCT,0,2
TGGGTATGCTAGTAGGTATGCTACATAA,78,103
TGGGTATGCTAGTAGGTATGCTACCTAC,1,1
TGGGTATGCTAGTAGGTATGCTACCTCA,0,2
TGGGTATGCTAGTAGGTATTCTACCTAA,1,0
TGGGTATGCTCGAAGACATGCGGCAGCC,0,45
TGGGTATGCTCGAAGACATGCTGCCGCC,0,1
TGGGTATGCTCGAAGACATTCTGCAGCC,0,1
TGGGTATGCTCGAAGACATTCTTCATCC,0,7
TGGGTATGCTCGAAGTGATGCATCACAC,0,30
TGGGTATGCTCGAAGTGATGCATCCCCC,0,2
TGGGTATGCTCGAAGTTATTCATCACAC,0,1
TGGGTATGCTCTTAGCGCTGTATCATGC,0,30
TGGGTATGCTCTTAGCTCTGTATCATTC,0,5
TGGGTATTCTCTGAGTTGTGAGACAGTT,222,126
TGGGTATTCTCTGAGTTGTGATACATTT,6,0
TGGGTATTCTCTGAGTTGTTAGACATTT,1,0
TGGGTATTCTCTGAGTTTTGAGACATTT,1,1
TGGGTATTCTCTGAGTTTTGATACAGTT,2,5
TGGGTATTCTCTGAGTTTTTAGACAGTT,1,0
TGGGTATTCTCTGAGTTTTTATACATTT,1,0
TGGGTATTCTTCTAGGGGTGGGGCAAAC,28,0
TGGGTATTCTTCTAGGGGTGGGGCCCAC,1,0
TGGGTATTCTTCTAGGGGTGTTGCAAAC,2,0
TGGGTATTCTTCTAGGTTTGGTGCAAAC,1,0
TGGGTATTCTTCTAGGTTTTTTTCAAAC,4,0
TGGGTCAACTCAAAGGCTTGACTCAGCG,0,1
TGGGTCAACTCAAAGGGGTGTCGCAGCG,1,42
TGGGTCAACTCAAAGGGTTTTCTCATCT,1,2
TGGGTCAACTCAAAGGTGTTTCGCATCT,0,1
TGGGTCAACTCAAAGGTTTGACGCATCC,0,1
TGGGTCAACTCAAAGGTTTGTCGCCGCG,0,1
TGGGTCAACTCAAAGGTTTGTCTCAGCG,0,2
TGGGTCAACTCAAAGGTTTGTCTCATCT,0,2
TGGGTCAACTTCGAGTATTTCCACATGT,0,1
TGGGTCACCTCGGAGGAGTGTAGCAAGG,1,0
TGGGTCACCTCTCAGTTATGAACCACCA,35,92
TGGGTCACCTTGGAGGAGTGGAGCAAGG,37,0
TGGGTCACCTTGGAGGAGTGGAGCCCGG,1,0
TGGGTCACCTTGGAGGAGTGTATCAAGG,2,0
TGGGTCACCTTGGAGGAGTTGATCAAGG,1,0
TGGGTCACCTTGGAGGATTGGATCAATG,3,0
TGGGTCACCTTGGAGGATTTTATCAATT,2,0
TGGGTCAGCTCGCAGCATTGCCTCATGT,48,124
TGGGTCAGCTCGCAGCATTTCCTCATTT,2,3
TGGGTCAGCTCTCAGCAATGATCCATCA,0,1
TGGGTCAGCTCTCAGCATTGAATCATCA,1,0
TGGGTCAGCTCTCAGCATTGATGCATCA,450,323
TGGGTCAGCTCTCAGCATTGATGCCTCC,2,0
TGGGTCAGCTCTCAGCATTGATTCCTCA,3,1
TGGGTCAGCTCTCAGCATTTATGCAGCA,0,1
TGGGTCAGCTCTCAGCATTTATTCATCA,55,24
TGGGTCAGCTCTCAGCATTTATTCCTCC,0,1
TGGGTCAGCTGATAGTGGTGCTACATTT,229,130
TGGGTCAGCTGATAGTGTTTCTACATTT,4,1
TGGGTCAGCTGATAGTTTTGCTACATTT,14,9
TGGGTCAGCTTGGAGCAGTGAGACATGT,0,31
TGGGTCAGCTTGGAGCAGTGATACATTT,0,1
TGGGTCAGCTTGGAGCAGTTAGACATTT,0,1
TGGGTCAGCTTGGAGCATTGAGACATTT,0,1
TGGGTCAGCTTTGAGGCTTTCAGCACTA,0,1
TGGGTCATCTAGCAGCGCTGCGCCACCT,86,68
TGGGTCATCTAGCAGCGCTTCTCCACCT,5,8
TGGGTCCACTTTGAGGAGTGTCCCACGT,41,50
TGGGTCCACTTTGAGGATTTTCCCACTT,3,0
TGGGTCCGCTTAAAGAGGTGGGGCACAG,21,5
TGGGTCCGCTTAAAGAGGTGGTTCACAG,4,0
TGGGTCCGCTTAAAGAGGTGTGTCACAG,1,0
TGGGTCCGCTTAAAGAGTTGGTTCACAT,1,0
TGGGTCCGCTTAAAGAGTTGTGGCACAG,1,0
TGGGTCCGCTTAAAGATTTGTGTCACAG,1,0
TGGGTCCGCTTAAAGATTTGTTTCACAT,2,0
TGGGTCGACTCCGAGCCCTGGGTCACTT,0,5
TGGGTCGACTCGTAGCACTGCTTCACGG,1,0
TGGGTCGACTGCAAGTTTTGGGCCAAAT,127,51
TGGGTCGACTGCAAGTTTTGGGCCACCT,1,0
TGGGTCGACTGCAAGTTTTGGTCCCCAT,0,1
TGGGTCGACTGCAAGTTTTGTTCCAAAT,17,6
TGGGTCGACTGCAAGTTTTTGTCCAAAT,1,0
TGGGTCGACTGCAAGTTTTTTGCCAAAT,1,2
TGGGTCGACTGCAATTTTTTTTCCAAAT,1,0
TGGGTCGCCTCGGACATATGCGACACAC,0,1
TGGGTCGCCTCGGAGATATGCGTCAAAG,67,119
TGGGTCGCCTCGGAGATATGCGTCCCAG,0,2
TGGGTCGCCTCGGAGATATTCTTCAAAT,9,17
TGGGTCGCCTCGGAGATATTCTTCACCG,0,1
TGGGTCGCCTCGGAGATATTCTTCCAAG,1,0
TGGGTCGCCTGCTAGATATGCTGCATAT,1,0
TGGGTCGCCTGCTAGTGAGGCGGCCTAG,1,0
TGGGTCGCCTGCTAGTGATGCGGCATAG,175,65
TGGGTCGCCTGCTAGTGATGCGGCCTCG,1,0
TGGGTCGCCTGCTAGTGATGCTGCATAT,2,1
TGGGTCGCCTGCTAGTGATGCTGCATCG,1,1
TGGGTCGCCTGCTAGTGATGCTTCATAG,3,2
TGGGTCGCCTGCTAGTGATTCGTCATAG,4,1
TGGGTCGCCTGCTAGTGATTCTGCATAG,4,2
TGGGTCGCCTGCTAGTGATTCTTCATAT,15,10
TGGGTCGCCTGCTAGTGATTCTTCATCG,1,1
TGGGTCGCCTGCTAGTTATGCGTCATAG,0,1
TGGGTCGCCTGCTAGTTATGCTGCATAG,1,0
TGGGTCGCCTGCTAGTTATGCTTCATAT,1,0
TGGGTCGCCTGCTAGTTATTCTGCATAT,1,0
TGGGTCGCCTGCTAGTTATTCTTCATAG,3,0
TGGGTCGCCTGGCAGGAGTGGCGCATCT,16,0
TGGGTCGCCTGGCAGGAGTGTCTCATCT,1,0
TGGGTCGGCTGCTAGAGGTGATTCATTT,0,52
TGGGTCGGCTGCTAGATTTGATTCATTT,0,2
TGGGTCGGCTTAAAGGAGAGATTCATTA,1,0
TGGGTCGGCTTAAAGGAGTGTGGCATGT,46,63
TGGGTCGGCTTAAAGGAGTGTGTCATTT,3,2
TGGGTCGGCTTAAAGGAGTGTGTCCTGT,0,1
TGGGTCGGCTTAAAGGAGTTTTTCATTT,1,1
TGGGTCGGCTTAAAGGATTGTGGCATTT,0,1
TGGGTCGGCTTAAAGGATTGTTGCTTGT,1,0
TGGGTCGGCTTAAAGGATTGTTTCATGT,2,3
TGGGTCGGCTTGCAGGACTGATGCAAGT,0,18
TGGGTCGGCTTGCAGGACTGATGCCCGT,0,1
TGGGTCGGCTTGCAGGACTGATTCAATT,0,1
TGGGTCGTCTGAGAGAACTGGAACATCC,67,0
TGGGTCGTCTGAGAGAACTGTAACCTCC,1,0
TGGGTCGTCTGAGAGAACTTTAACATCC,5,0
TGGGTCGTCTTTGAGCATTGCATCATAC,0,1
TGGGTCGTCTTTGAGGATTGCATCAGAC,0,23
TGGGTCGTCTTTGAGGATTGCATCCGCC,0,1
TGGGTCGTCTTTGAGGATTTCATCATAC,0,5
TGGGTCTACTAAGAGCGTTGCGTCACTA,0,28
TGGGTCTACTAAGAGCTTTTCTTCACTA,0,1
TGGGTCTACTTATAGGCGTGTGTCCATA,1,0
TGGGTCTCCTCCGAGTAGTGAGCCAAGG,0,3
TGGGTCTCCTGCTAGATATGCCTCAAAC,1,0
TGGGTCTGCTGATAGTGTTGCTACATTT,1,0
TGGGTCTGCTTTGAGGCGTGCAGCACGA,203,268
TGGGTCTGCTTTGAGGCGTGCAGCCCGC,1,1
TGGGTCTGCTTTGAGGCGTGCATCACTA,2,5
TGGGTCTGCTTTGAGGCGTGCCGCACTC,0,1
TGGGTCTGCTTTGAGGCGTTCAGCACTA,1,0
TGGGTCTGCTTTGAGGCGTTCATCACGA,3,2
TGGGTCTGCTTTGAGGCTTGCAGCACTA,3,6
TGGGTCTGCTTTGAGGCTTGCATCACGA,7,3
TGGGTCTGCTTTGAGGCTTTCAGCACGA,1,0
TGGGTCTGCTTTGAGGCTTTCATCACTA,10,21
TGGGTCTTCTACCAGACGTGAATCATTG,70,0
TGGGTCTTCTACCAGACGTTAATCATTT,1,0
TGGGTCTTCTACCAGACTTGAATCATTT,5,0
TGGGTCTTCTACCAGACTTGAATCCTTG,1,0
TGGGTCTTCTACCAGACTTTAATCATTG,1,0
TGGGTGAACACTTAGAAATTTACCATAC,0,1
TGGGTGAACTACCAGATGGGACTCCGTG,1,0
TGGGTGAACTACCAGATGTGACTCAGTG,365,148
TGGGTGAACTACCAGATGTGACTCCGTT,2,1
TGGGTGAACTACCAGATGTTACTCATTT,8,3
TGGGTGAACTACCAGATTTGACACAGTT,1,0
TGGGTGAACTACCAGATTTGACTCATTT,21,4
TGGGTGAACTACCAGATTTGACTCCGTG,3,0
TGGGTGAACTACCAGATTTTACTCAGTT,1,2
TGGGTGAACTACCAGATTTTACTCATTG,6,3
TGGGTGAACTCTTAGAAAAGTACCAAAC,0,1
TGGGTGAACTCTTAGAAAGGTACCCTAC,1,0
TGGGTGAACTCTTAGAAATGTACCATAC,229,170
TGGGTGAACTCTTAGAAATGTACCCTCC,2,3
TGGGTGAACTCTTAGAAATTTACCAAAC,1,0
TGGGTGAACTCTTAGAAATTTACCATCC,0,1
TGGGTGACCTAAGAGGAGGGGGCCCCAG,0,1
TGGGTGACCTAAGAGGAGTGGGCCACAG,32,39
TGGGTGACCTAAGAGGAGTGGTCCACAT,1,0
TGGGTGACCTAAGAGGAGTGGTCCCCCG,1,1
TGGGTGACCTAAGAGGAGTGTTCCACAG,6,5
TGGGTGACCTAAGAGGAGTTTTCCACAT,2,3
TGGGTGACCTAAGAGGATTGTGCCACAG,0,2
TGGGTGACCTAAGAGGATTGTTCCCCAG,1,0
TGGGTGACCTAAGAGTATTTTTCCACAT,0,1
TGGGTGACCTCACAGCCTTGCGGCAATT,1,0
TGGGTGAGCTTGCAGCGCTGCCCCATGT,167,204
TGGGTGAGCTTGCAGCTCTGCCCCCTGT,1,1
TGGGTGAGCTTGCAGCTCTTCCCCATTT,10,10
TGGGTGAGCTTTCAGGATGGTGTCCATG,0,1
TGGGTGAGCTTTCAGGATTGTGTCAATG,13,122
TGGGTGAGCTTTCAGGATTGTGTCACTT,0,1
TGGGTGAGCTTTCAGGATTGTGTCCCTG,0,3
TGGGTGAGCTTTCAGGATTGTTTCAATT,0,2
TGGGTGAGCTTTCAGGATTTTGTCAATT,2,2
TGGGTGATCTAATAGTAGTGTGTCATTA,0,1
TGGGTGATCTAGGAGCGTTGAGGCAGGG,188,228
TGGGTGATCTAGGAGCGTTGAGGCATTT,0,1
TGGGTGATCTAGGAGCGTTGAGTCAGGT,0,5
TGGGTGATCTAGGAGCGTTGAGTCATTG,3,7
TGGGTGATCTAGGAGCGTTGATGCAGTG,0,3
TGGGTGATCTAGGAGCGTTGATGCATGG,0,1
TGGGTGATCTAGGAGCGTTGATTCAGGG,4,1
TGGGTGATCTAGGAGCGTTGATTCAGTT,3,6
TGGGTGATCTAGGAGCGTTTAGGCATTG,1,0
TGGGTGATCTAGGAGCGTTTATGCAGGG,1,0
TGGGTGATCTAGGAGCGTTTATGCATTT,0,1
TGGGTGATCTAGGAGCGTTTATTCAGTG,1,1
TGGGTGATCTAGGAGCTTTGAGGCAGTG,5,5
TGGGTGATCTAGGAGCTTTGAGTCAGGG,2,2
TGGGTGATCTAGGAGCTTTGAGTCAGTT,1,1
TGGGTGATCTAGGAGCTTTGATTCAGTG,1,2
TGGGTGATCTAGGAGCTTTGATTCATGG,0,1
TGGGTGATCTAGGAGCTTTTATTCATTT,5,7
TGGGTGATCTAGGAGCTTTTATTCCGGG,0,3
TGGGTGATCTCAGAGTCCTGCGTCATCA,174,196
TGGGTGATCTCAGAGTCCTGCGTCCTCC,2,0
TGGGTGATCTCAGAGTCCTGCTTCCTCA,1,0
TGGGTGATCTCAGAGTCCTTCTTCATCA,7,6
TGGGTGATCTGGGAGCGTTTATTCATGT,0,1
TGGGTGATCTGTCAGCTTTGGTTCATGC,0,1
TGGGTGATCTTTCAGACCTGCCTCATCC,104,21
TGGGTGATCTTTCAGACCTTCCTCCTCC,1,0
TGGGTGCACTCATAGGCATTAGGCACTC,1,0
TGGGTGCACTGTAAGGCTTGCGACACTC,0,39
TGGGTGCACTGTAAGGCTTTCTACACTC,0,2
TGGGTGCCCTGGGAGTTGTGCGTCAGAA,36,0
TGGGTGCCCTGGGAGTTGTTCGTCATAA,4,0
TGGGTGCCCTGGGAGTTGTTCTTCAGAA,1,0
TGGGTGCCCTGGGAGTTTTGCTTCAGAA,1,0
TGGGTGCCCTGGGAGTTTTTCGTCAGAA,1,0
TGGGTGCCCTGGGAGTTTTTCTTCATAA,1,0
TGGGTGCGCTGGGAGAGCTGTGGCAAGA,141,201
TGGGTGCGCTGGGAGAGCTGTGGCACGC,0,2
TGGGTGCGCTGGGAGAGCTGTGGCCAGC,1,0
TGGGTGCGCTGGGAGAGCTGTGGCCCGA,3,3
TGGGTGCGCTGGGAGAGCTGTTTCAATA,5,10
TGGGTGCGCTGGGAGAGCTTTGTCAAGA,1,4
TGGGTGCGCTGGGAGATCTGAGTCAAGA,0,1
TGGGTGCGCTGGGAGATCTGTGTCAATA,3,0
TGGGTGCGCTGGGAGATCTGTTTCAAGA,2,4
TGGGTGCGCTGGGAGATCTTTTTCAATA,3,5
TGGGTGGACTCAGAGCGTTGTCACCTTC,1,0
TGGGTGGACTCAGAGGCTAGTCACAGTC,1,0
TGGGTGGACTCAGAGGGTTGTCACAGTC,240,235
TGGGTGGACTCAGAGGGTTGTCACATAC,1,0
TGGGTGGACTCAGAGGTTTTTCACATTC,9,18
TGGGTGGACTCAGAGTTTTGTCACAGTC,1,0
TGGGTGGACTGACAGGCTGGCGACCTCG,1,0
TGGGTGGACTGACAGGCTTGCGACATCG,33,44
TGGGTGGACTGACAGGCTTGCTACCTCG,1,0
TGGGTGGACTGACAGGCTTTCTACATCT,1,8
TGGGTGGACTGCCAGAAATGGCGCAGTA,0,8
TGGGTGGACTGCCAGAAATGTCTCAGTA,0,1
TGGGTGGACTGTAAGAGGATCCGCAAAG,0,1
TGGGTGGACTGTAAGAGGTGCCGCAAAG,37,16
TGGGTGGACTGTAAGAGGTGCCGCCCCG,2,0
TGGGTGGACTGTAAGAGGTTCCTCAAAG,0,1
TGGGTGGACTGTAAGAGTTGCCTCAAAT,3,3
TGGGTGGACTGTAAGATGTTCCGCAAAG,0,1
TGGGTGGACTGTAAGATTTGCCGCAAAG,1,0
TGGGTGGACTGTAAGATTTTCCTCAAAT,2,1
TGGGTGGACTTTAAGATATTTTCCATTC,1,0
TGGGTGGCCTAAGAGCATAGTATCACAC,1,0
TGGGTGGCCTAAGAGCATTGTATCACGC,130,121
TGGGTGGCCTAAGAGCATTTTATCACTC,7,3
TGGGTGGCCTGGCAGGTGTGGAACATAT,16,107
TGGGTGGCCTGGCAGGTGTGGAACCTCT,0,1
TGGGTGGCCTGGCAGGTGTTTAACATAT,0,1
TGGGTGGCCTGGCAGGTTTGTAACATAT,2,5
TGGGTGGCCTGGCAGGTTTTGAACATAT,0,2
TGGGTGGCCTTTAAGAATTGCATCAGGC,33,6
TGGGTGGCCTTTAAGAATTTCATCAGTC,2,0
TGGGTGGGCTACCAGATTTGACACACGG,0,62
TGGGTGGGCTACCAGATTTTACACACTT,0,3
TGGGTGGGCTAGGAGTTGTGGGACAACT,38,25
TGGGTGGGCTAGGAGTTGTGTTACAACT,4,0
TGGGTGGGCTAGGAGTTGTTTGACAACT,1,0
TGGGTGGGCTAGGAGTTTTGGGACACCT,1,0
TGGGTGGGCTAGGAGTTTTGTGACAACT,0,1
TGGGTGGGCTAGGAGTTTTTGGACAACT,1,0
TGGGTGGGCTGACAGCTCTGCTCCAACG,1,0
TGGGTGGGCTGATAGAGATGTCACACGC,0,12
TGGGTGGGCTGATAGAGATTTCACCCTC,0,1
TGGGTGGGCTGATAGATATTTCACACTC,0,3
TGGGTGGGCTGGAAGGCTTGTTTCATCG,1,0
TGGGTGGGCTTGCAGCTCTGACCCATGA,0,1
TGGGTGGGCTTTGAGCTCTGCTTCACCC,1,0
TGGGTGGTCTCAGAGGCTTGGGTCAGTC,0,34
TGGGTGGTCTCAGAGGCTTTTTTCATTC,0,2
TGGGTGGTCTCCAAGCCTTGAACCATCA,35,66
TGGGTGGTCTCCAAGCCTTGAACCCTCC,1,0
TGGGTGGTCTCCAAGTGGTGGGTCAATA,33,65
TGGGTGGTCTCCAAGTGGTGGGTCCCTA,0,1
TGGGTGGTCTCCAAGTGGTGTGTCACTA,0,1
TGGGTGGTCTCCAAGTGGTGTTTCCATA,0,1
TGGGTGGTCTCCAAGTGGTTTGTCAATA,0,4
TGGGTGGTCTCCAAGTGTTGTTTCAATA,2,2
TGGGTGGTCTCCAAGTGTTTGGTCAATA,1,0
TGGGTGGTCTCCAAGTTTTGTGTCAATA,1,4
TGGGTGGTCTCCAAGTTTTGTTTCCATA,1,0
TGGGTGGTCTCCAAGTTTTTTTTCAATA,0,1
TGGGTGGTCTGACAGAAGAGTTTCAAAC,1,0
TGGGTGGTCTGACAGATGTGTGTCAAAC,65,91
TGGGTGGTCTGACAGATGTTTTTCAAAC,1,1
TGGGTGGTCTGACAGATTTGTTTCCCAC,0,1
TGGGTGGTCTGCGAGAATTGTGCCAGCA,83,35
TGGGTGGTCTGCGAGAATTTTGCCATCC,1,0
TGGGTGGTCTGCGAGAATTTTTCCATCA,8,3
TGGGTGGTCTTTTAGATATGGGCCATGC,54,46
TGGGTGGTCTTTTAGATATGGTCCATTC,2,0
TGGGTGGTCTTTTAGATATGTGCCAATC,0,1
TGGGTGGTCTTTTAGATATGTTCCATGC,1,1
TGGGTGGTCTTTTAGATATTGTCCATGC,0,1
TGGGTGGTCTTTTAGATATTTTCCATTC,8,6
TGGGTGTACTAGAAGCGATGTGCCAGTG,0,23
TGGGTGTACTAGAAGCTATGTTCCAGTT,0,1
TGGGTGTACTGCCAGACTTGACACAGTG,0,10
TGGGTGTACTTCAAGAATAGCTTCAACG,0,1
TGGGTGTACTTCAAGAATTGCCTCAACC,0,1
TGGGTGTACTTCAAGAATTGCGTCAACG,119,119
TGGGTGTACTTCAAGAATTGCGTCCCCG,3,1
TGGGTGTACTTCAAGAATTGCTTCACCG,0,1
TGGGTGTACTTCAAGAATTGCTTCCACT,0,1
TGGGTGTACTTCAAGAATTTCTTCAACT,17,10
TGGGTGTACTTCAAGAATTTCTTCCCCT,0,1
TGGGTGTACTTGTAGGCCTGAGTCACTA,1,0
TGGGTGTACTTGTAGGGCTGAGGCAATA,34,0
TGGGTGTACTTGTAGGGCTGATGCCCTA,1,0
TGGGTGTACTTGTAGGTCTGAGTCAATA,3,0
TGGGTGTACTTGTAGGTCTTATTCAATA,1,0
TGGGTGTCCTCAGAGCCTTGCGGCATGT,49,0
TGGGTGTCCTCAGAGCCTTGCTGCATTT,3,0
TGGGTGTCCTCAGAGCCTTGCTTCATGT,1,0
TGGGTGTCCTCAGAGCCTTTCGTCATGT,6,0
TGGGTGTCCTCAGAGCCTTTCTTCATTT,1,0
TGGGTGTCCTCGAAGCATTGGAGCACGA,42,0
TGGGTGTCCTCGAAGCATTGTAGCACTA,1,0
TGGGTGTCCTCGAAGCATTTGATCACGA,1,0
TGGGTGTCCTCGAAGCATTTTATCACTA,4,0
TGGGTGTCCTGCGAGGTCTGGGCCAATT,3,38
TGGGTGTCCTGCGAGGTCTGGGCCCCTT,0,1
TGGGTGTCCTGCGAGGTCTGTGCCACTT,0,1
TGGGTGTCCTGCGAGGTCTGTTCCAATT,0,3
TGGGTGTCCTTCCAGTTGTGCAGCACAT,0,14
TGGGTGTCCTTCCAGTTGTTCATCACAT,0,1
TGGGTGTGCTAGGAGCCGTGTGACATGT,1,0
TGGGTGTGCTAGGAGGGGTCTGTCCTGT,1,0
TGGGTGTGCTAGGAGGGGTGTGTCATGT,253,252
TGGGTGTGCTAGGAGGGGTGTTTCATTT,1,0
TGGGTGTGCTAGGAGGGGTTTGTCATTT,1,2
TGGGTGTGCTAGGAGGGTTGTGTCATTT,0,2
TGGGTGTGCTAGGAGGGTTGTGTCCTGT,0,1
TGGGTGTGCTAGGAGGGTTGTTTCATGT,2,0
TGGGTGTGCTAGGAGGGTTTTTTCATTT,0,1
TGGGTGTGCTAGGAGGTGTGTGTCATTT,0,2
TGGGTGTGCTAGGAGGTGTGTGTCCTGT,1,2
TGGGTGTGCTAGGAGGTGTGTTTCATGT,2,0
TGGGTGTGCTAGGAGGTTAGTTTCATGT,0,1
TGGGTGTGCTAGGAGGTTTGTGTCATGT,22,31
TGGGTGTGCTAGGAGGTTTGTTTCATTT,4,5
TGGGTGTGCTAGGAGGTTTTTGTCATTT,0,1
TGGGTGTGCTAGGAGGTTTTTTTCATGT,0,1
TGGGTGTGCTCAAAGACGTGAGGCAGGC,0,33
TGGGTGTGCTCAAAGACGTGATTCATTC,0,3
TGGGTGTGCTCAAAGACTTGAGTCAGGC,0,1
TGGGTGTGCTCAAAGACTTGATGCATGC,0,1
TGGGTGTGCTCAAAGACTTTATTCATTC,0,1
TGGGTGTGCTGCCAGAAGTGCTACAAGG,56,0
TGGGTGTGCTGCCAGAAGTGCTACAATT,3,0
TGGGTGTGCTGCCAGAAGTGCTACCCGG,3,0
TGGGTGTGCTGCCAGAAGTTCTACAAGT,1,0
TGGGTGTGCTGCCAGAAGTTCTACAATG,1,0
TGGGTGTGCTGCCAGAATTGCTACAATG,2,0
TGGGTGTGCTGCCAGAATTTCTACAATT,1,0
TGGGTGTGCTGCTAGTACTGTGTCAATG,37,9
TGGGTGTGCTGCTAGTACTGTGTCCCTG,2,0
TGGGTGTGCTGCTAGTACTGTTTCAAAG,1,0
TGGGTGTGCTGGTAGTACTGTGTCAATT,1,0
TGGGTGTTCTAGTAGGCTTGGGTCATGA,5,0
TGGGTGTTCTCGGAGGGTTGCGTCAGAG,31,37
TGGGTGTTCTCGGAGGGTTGCGTCCGCG,1,1
TGGGTGTTCTCGGAGGGTTGCTTCCGAG,0,1
TGGGTGTTCTCGGAGGGTTTCTTCATAG,1,2
TGGGTGTTCTCGGAGGTTTGCGTCAGAT,1,0
TGGGTGTTCTCGGAGGTTTGCTTCAGAG,3,0
TGGGTGTTCTCGGAGGTTTTCGTCAGAG,1,0
TGGGTGTTCTCGGAGGTTTTCTTCAGAT,1,1
TGGGTGTTCTTGGAGCGGTGATGCAGGG,126,0
TGGGTGTTCTTGGAGCGGTGATGCAGTT,1,0
TGGGTGTTCTTGGAGCGGTGATGCCTGG,1,0
TGGGTGTTCTTGGAGCGGTGATTCATTT,4,0
TGGGTGTTCTTGGAGCGGTGATTCCGGG,1,0
TGGGTGTTCTTGGAGCGGTTATGCATGG,1,0
TGGGTGTTCTTGGAGCGGTTATTCAGTT,1,0
TGGGTGTTCTTGGAGCGGTTATTCATTG,1,0
TGGGTGTTCTTGGAGCGTTGATGCAGTG,2,0
TGGGTGTTCTTGGAGCGTTGATTCATGG,1,0
TGGGTGTTCTTGGAGCGTTTATTCATGT,1,0
TGGGTGTTCTTGGAGCTCTGAAGCAGGG,1,0
TGGGTGTTCTTGGAGCTGAGATGCAGGG,1,0
TGGGTGTTCTTGGAGCTGTGATGCAGGT,2,0
TGGGTGTTCTTGGAGCTGTGATGCAGTG,2,0
TGGGTGTTCTTGGAGCTGTGATTCAGGG,3,0
TGGGTGTTCTTGGAGCTGTGATTCATTG,1,0
TGGGTGTTCTTGGAGCTGTTATTCAGTG,1,0
TGGGTGTTCTTGGAGCTTTGATGCAGGG,1,0
TGGGTGTTCTTGGAGCTTTGATGCATTT,2,0
TGGGTGTTCTTGGAGCTTTTATTCATTT,5,0
TGGGTTAACTGGGAGATTTGTACCACGG,13,27
TGGGTTAACTGGGAGATTTGTACCACTT,1,9
TGGGTTAACTGGGAGATTTTTACCACGT,0,1
TGGGTTAACTTACAGGGTTGCAGCAAAC,0,34
TGGGTTAACTTACAGGGTTTCATCAAAC,0,4
TGGGTTAACTTTAAGTCTTGCAGCATTC,52,0
TGGGTTAACTTTAAGTCTTTCATCATTC,5,0
TGGGTTACCTCCAAGAACTGAGGCACGT,24,88
TGGGTTACCTCCAAGAACTGAGTCACTT,4,6
TGGGTTACCTCCAAGAACTGAGTCCCGT,0,1
TGGGTTACCTCCAAGAACTGATGCACTT,0,1
TGGGTTACCTCCAAGAACTGATTCACGT,2,1
TGGGTTACCTCCAAGAACTTAGTCACGT,0,1
TGGGTTACCTCCAAGAACTTATTCACTT,3,4
TGGGTTAGCTGCCAGAATTGATCCATCA,0,1
TGGGTTAGCTGCCAGCCGTGGGTCAAGC,1,0
TGGGTTAGCTGCCAGGGGTGGGGCAAGC,189,182
TGGGTTAGCTGCCAGGGGTGGGGCCCGC,5,5
TGGGTTAGCTGCCAGGGGTGGTTCAAGC,3,1
TGGGTTAGCTGCCAGGGGTGTGTCAAGC,12,6
TGGGTTAGCTGCCAGGGGTGTGTCCCGC,0,1
TGGGTTAGCTGCCAGGGGTGTTGCAAGC,0,1
TGGGTTAGCTGCCAGGGGTGTTTCAATC,6,8
TGGGTTAGCTGCCAGGGGTTTGTCAATC,0,2
TGGGTTAGCTGCCAGGGGTTTTTCAAGC,0,3
TGGGTTAGCTGCCAGGGTTGGGGCAATC,0,1
TGGGTTAGCTGCCAGGGTTGGTGCAAGC,3,3
TGGGTTAGCTGCCAGGGTTGGTTCAATC,1,0
TGGGTTAGCTGCCAGGGTTGTGGCAAGC,1,2
TGGGTTAGCTGCCAGGGTTGTGTCAATC,0,1
TGGGTTAGCTGCCAGGGTTTTTGCAAGC,0,1
TGGGTTAGCTGCCAGGTGTGGGGCAATC,2,0
TGGGTTAGCTGCCAGGTGTGGGTCAAGC,1,0
TGGGTTAGCTGCCAGGTGTGGTGCAAGC,1,1
TGGGTTAGCTGCCAGGTGTGGTTCAATC,0,1
TGGGTTAGCTGCCAGGTGTGTGGCAAGC,2,3
TGGGTTAGCTGCCAGGTGTGTGTCAATC,0,1
TGGGTTAGCTGCCAGGTGTGTTTCCAGC,0,1
TGGGTTAGCTGCCAGGTTTGCTTCAATC,0,1
TGGGTTAGCTGCCAGGTTTGGGGCAAGC,9,8
TGGGTTAGCTGCCAGGTTTGGGTCAATC,4,3
TGGGTTAGCTGCCAGGTTTGTGGCAATC,2,1
TGGGTTAGCTGCCAGGTTTGTTTCAAGC,6,2
TGGGTTAGCTGCCAGGTTTTTTTCAATC,14,13
TGGGTTAGCTTAAAGTTTTGCGCCAGCA,0,30
TGGGTTAGCTTAAAGTTTTTCTCCATCA,0,1
TGGGTTAGCTTTCAGCATTGTTTCACTT,0,1
TGGGTTATCTGGCAGTAATGGATCAGGT,63,0
TGGGTTATCTGGCAGTAATTGATCAGTT,3,0
TGGGTTATCTGGCAGTAATTGATCATGT,1,0
TGGGTTATCTGGCAGTAATTTATCATTT,5,0
TGGGTTATCTTGCAGTACTGTTCCAGCT,0,1
TGGGTTATCTTGCAGTTCTGATCCATCG,0,1
TGGGTTATCTTGCAGTTCTGTTCCAGCG,46,37
TGGGTTATCTTGCAGTTCTGTTCCATCT,3,0
TGGGTTCACTGAAAGGAATGTATCAAAG,0,1
TGGGTTCACTGAAAGGTAGGTATCCTTG,1,0
TGGGTTCACTGAAAGGTATGTATCATTG,216,51
TGGGTTCACTGAAAGGTATTTATCATTT,6,4
TGGGTTCACTGTTAGTAGTTATTCAACA,0,1
TGGGTTCCCTGTTAGTAGTGAGTCAACA,0,35
TGGGTTCCCTGTTAGTAGTGAGTCCCCA,0,1
TGGGTTCCCTGTTAGTATTTAGTCAACA,0,4
TGGGTTCGCTACCAGAGTTGTACCAGAG,13,26
TGGGTTCGCTACCAGAGTTGTACCATAT,1,1
TGGGTTCGCTACCAGATTTGTACCATAG,0,1
TGGGTTCGCTACCAGATTTTTACCATAT,0,1
TGGGTTCGCTACCGGAGTTGTACCCGCG,1,0
TGGGTTCGCTAGGAGCTGTGGTACAACT,39,0
TGGGTTCGCTAGGAGCTTTTTTACAACT,2,0
TGGGTTCGCTGAAAGCTCTGCGGCAACT,5,0
TGGGTTCGCTGAAAGCTCTTCTTCAACT,3,0
TGGGTTCGCTGCGAGGCAAGTATCATCC,1,0
TGGGTTCGCTGCGAGGCATGTCTCATCC,1,0
TGGGTTCGCTGCGAGGCTTGTATCAGCC,144,7
TGGGTTCGCTGCGAGGCTTTTATCATCC,2,0
TGGGTTCGCTGCGAGGCTTTTATCCGCC,1,0
TGGGTTCGCTTGAAGGGCTGGACCAACG,2,0
TGGGTTCTCTATGAGACATGGTACATCA,1,0
TGGGTTGACTAGGAGCGGTGCGGCAGCG,0,18
TGGGTTGACTAGGAGCGGTTCTTCATCT,0,3
TGGGTTGACTAGGAGCTTTTCTTCATCT,0,1
TGGGTTGCCTCATAGGATTGCTTCAGGA,25,96
TGGGTTGCCTCATAGGATTGCTTCCGGC,0,1
TGGGTTGCCTCATAGGATTTCTTCATTA,4,15
TGGGTTGGCTAACAGCATTGCGCCACTA,0,57
TGGGTTGGCTAACAGCATTGCGCCCCTC,0,1
TGGGTTGGCTAACAGCATTTCTCCACTA,0,3
TGGGTTGGCTAAGAGAAATGCATCATAC,0,1
TGGGTTGGCTAGTAGCTATGAATCAGTA,135,0
TGGGTTGGCTGAGAGGACTGCTCCATCT,1,0
TGGGTTGGCTGAGAGGTCTGCGCCATCT,120,169
TGGGTTGGCTGAGAGGTCTGCTCCCTCT,1,1
TGGGTTGGCTGAGAGGTCTTCTCCATCT,7,5
TGGGTTGTCTAGTAGCTTTGATGCATAC,0,1
TGGGTTGTCTAGTAGCTTTGTGGCATAC,0,36
TGGGTTGTCTAGTAGCTTTGTTTCATAC,0,2
TGGGTTTACTACAAGAAGTGCAACAGCG,76,71
TGGGTTTACTACAAGAAGTGCAACATCT,3,7
TGGGTTTACTACAAGAAGTTCAACAGCT,1,0
TGGGTTTACTACAAGAAGTTCAACATCG,1,0
TGGGTTTACTACAAGAATTGCAACAGCT,1,1
TGGGTTTACTACAAGAATTGCAACATCG,2,0
TGGGTTTACTACAAGAATTTCAACATCT,1,1
TGGGTTTACTTTAAGGGAGGTTACCTTT,0,1
TGGGTTTCCTCCAAGATCTGAGTCACTT,1,0
TGGGTTTCCTTGGAGGGTTGTGGCACGT,73,14
TGGGTTTCCTTGGAGGGTTGTTGCACTT,1,0
TGGGTTTCCTTGGAGGGTTGTTTCACGT,2,0
TGGGTTTCCTTGGAGGGTTTTGTCACTT,1,0
TGGGTTTCCTTGGAGGTTTGTGGCACTT,1,0
TGGGTTTCCTTGGAGGTTTGTGTCACGT,2,0
TGGGTTTCCTTGGAGGTTTGTTTCACGA,1,0
TGGGTTTCCTTGGAGGTTTGTTTCACTT,8,2
TGGGTTTCCTTGGAGGTTTTTTTCACGT,1,0
TGGGTTTTCTACTAGCGGTGCGTCACTA,116,97
TGGGTTTTCTACTAGCGGTGCTTCCCTA,0,1
TGGGTTTTCTACTAGCGGTTCTTCACTA,2,3
TGGGTTTTCTACTAGCGTTGCGTCACTC,0,2
TGGGTTTTCTACTAGCGTTGCGTCCCTA,0,2
TGGGTTTTCTACTAGCGTTTCGTCACTA,1,1
TGGGTTTTCTACTAGCTGTTCGTCACTA,1,0
TGGGTTTTCTACTAGCTTTGCGTCACTA,10,7
TGGGTTTTCTACTAGCTTTTCTTCACTA,2,2
TGGGTTTTCTGACAGACGTGGCGCACGC,15,0
TGGGTTTTCTGACAGACGTGGCTCACTC,1,0
TGGGTTTTCTGACAGACTTGTCTCACTC,4,0
TGGGTTTTCTTCTAGCTTTGAGACACAA,1,0
TGTCTAACCTATTAGAGGTTCGTCATTC,1,0
TGTCTAGGCTCGCAGAAATTTTTCAGCT,0,1
TGTGAGCACTTGAAGGTTTTATTCATTT,1,0
TGTGAGGTCTTTGAGTTCTTTTCCACCA,1,0
TGTGATTGCTGCCAGCTCTTTGTCAATT,0,1
TGTGTAAACTTGGAGCCTTGACGCACAC,0,35
TGTGTAAACTTGGAGCCTTGACGCCCCC,0,2
TGTGTAAACTTGGAGCCTTTACTCACAC,0,2
TGTGTAAACTTTGAGTGGTGGTCCAGGT,0,15
TGTGTAAACTTTGAGTGGTGTTCCAGTT,0,1
TGTGTAAACTTTGAGTGGTTGTCCATTT,0,1
TGTGTAAACTTTGAGTGTTTTTCCATGT,0,1
TGTGTAAACTTTGAGTTTTTTTCCATTT,0,1
TGTGTAACCTATTAGAGCTGCGTCAATC,0,1
TGTGTAACCTATTAGAGGTGCGGCATGC,341,245
TGTGTAACCTATTAGAGGTGCGTCATTC,6,3
TGTGTAACCTATTAGAGGTGCGTCCTGC,0,2
TGTGTAACCTATTAGAGGTGCTGCATTC,2,1
TGTGTAACCTATTAGAGGTGCTGCCTGC,0,1
TGTGTAACCTATTAGAGGTGCTTCATGC,11,7
TGTGTAACCTATTAGAGGTTCGGCATTC,0,1
TGTGTAACCTATTAGAGGTTCGTCATGC,0,1
TGTGTAACCTATTAGAGGTTCTGCATGC,1,0
TGTGTAACCTATTAGAGGTTCTTCATTC,5,3
TGTGTAACCTATTAGAGTTGCGGCATTC,1,0
TGTGTAACCTATTAGAGTTGCGGCCTGC,1,1
TGTGTAACCTATTAGAGTTGCGTCATGC,11,3
TGTGTAACCTATTAGAGTTGCTGCATGC,17,6
TGTGTAACCTATTAGAGTTGCTTCATTC,4,2
TGTGTAACCTATTAGAGTTGCTTCCTGC,1,1
TGTGTAACCTATTAGAGTTTCGGCATGC,1,0
TGTGTAACCTATTAGAGTTTCGTCATTC,1,0
TGTGTAACCTATTAGAGTTTCTTCATGC,1,1
TGTGTAACCTATTAGATGTGCGGCATTC,0,1
TGTGTAACCTATTAGATGTGCGTCATGC,1,1
TGTGTAACCTATTAGATGTGCTGCATGC,1,0
TGTGTAACCTATTAGATGTGCTTCATTC,0,1
TGTGTAACCTATTAGATTTGCGGCATGC,0,3
TGTGTAACCTATTAGATTTGCGTCATTC,1,0
TGTGTAACCTATTAGATTTGCTTCATGC,3,4
TGTGTAACCTATTAGATTTTCGTCATGC,0,1
TGTGTAACCTATTAGATTTTCTTCATTC,17,13
TGTGTAACCTGTGAGTGATGGAGCATTA,6,0
TGTGTAAGCTATTAGATCTGCGCCAAGC,0,1
TGTGTAAGCTGTGAGGGGTGGGCCATCC,23,0
TGTGTAAGCTGTGAGGGTTGGTCCATCC,2,0
TGTGTAAGCTGTGAGGTGTGTGCCATCC,2,0
TGTGTAAGCTGTGAGGTTTGGGCCATCC,2,0
TGTGTACACTAGGAGGCTTTATCCATTA,0,1
TGTGTACACTGGTAGGGATGGATCAATT,0,3
TGTGTACACTGGTAGGTATGTATCAATT,0,1
TGTGTACGCTCCAAGGCCTGCACCACAA,2,72
TGTGTACGCTCCAAGGCCTGCACCCCCA,0,4
TGTGTACGCTGGAAGTGCTTGGCCACTC,0,1
TGTGTACGCTTCCAGGATTGAAGCAGTC,0,1
TGTGTACGCTTCCAGGTTTGAAGCAGGC,34,79
TGTGTACGCTTCCAGGTTTGAAGCATTC,1,1
TGTGTACGCTTCCAGGTTTGAATCAGTC,3,6
TGTGTACGCTTCCAGGTTTGAATCATGC,1,2
TGTGTACGCTTCCAGGTTTGAATCCGGC,0,1
TGTGTACGCTTCCAGGTTTTAATCATTC,0,1
TGTGTACGCTTGAAGGCTTGGCGCAAAA,1,0
TGTGTAGCCTACTAGGTTTGTTGCACTC,64,132
TGTGTAGCCTACTAGGTTTGTTTCCCTC,1,0
TGTGTAGCCTACTAGGTTTTTTTCACTC,1,1
TGTGTAGCCTCCTAGTCCTCTACCACGG,1,0
TGTGTAGCCTCCTAGTCCTGTACCAAGG,104,164
TGTGTAGCCTCCTAGTCCTGTACCAATT,6,17
TGTGTAGCCTCCTAGTCCTGTACCCATG,0,1
TGTGTAGCCTCCTAGTCCTGTACCCCGG,0,6
TGTGTAGCCTCCTAGTCCTTTACCAAGT,2,1
TGTGTAGCCTCCTAGTCCTTTACCAATG,1,1
TGTGTAGCCTTCAAGGCCTGTGACAGGC,0,9
TGTGTAGCCTTCAAGGCCTGTTACAGTC,0,1
TGTGTAGGCTATGAGTAGTGAGCCAATA,0,1
TGTGTAGGCTCATAGTCATGAATCATAA,0,1
TGTGTAGGCTCATAGTCATGTATCAGTA,0,166
TGTGTAGGCTCATAGTCATGTATCCGTC,0,2
TGTGTAGGCTCATAGTCATTTATCATTA,0,5
TGTGTAGGCTCCGAGAGGTGAATCAGTT,0,1
TGTGTAGGCTCGCAGAAATGGGGCAGCT,12,38
TGTGTAGGCTCGCAGAAATGGTGCCGCT,0,1
TGTGTAGGCTCGCAGAAATGGTTCAGCT,1,0
TGTGTAGGCTCGCAGAAATGTGGCATCT,1,1
TGTGTAGGCTCGCAGAAATGTTGCAGCT,0,2
TGTGTAGGCTCGCAGAAATTTGGCCTCT,1,0
TGTGTAGGCTCGCAGAAATTTTTCATCT,2,3
TGTGTAGGCTGATAGTATTGCCGCAGAT,31,0
TGTGTAGGCTGATAGTATTTCCTCATAT,3,0
TGTGTAGGCTTAGAGATGTCGATCCGCG,1,0
TGTGTAGGCTTAGAGATGTGGATCAGCG,22,0
TGTGTAGGCTTAGAGATGTGTATCATCT,2,0
TGTGTAGGCTTAGAGATGTGTATCCGCT,1,0
TGTGTAGGCTTAGAGATTTTGATCATCT,2,0
TGTGTAGGCTTAGAGATTTTTATCAGCT,1,0
TGTGTAGGCTTGTAGGACTGCCACAGAC,0,1
TGTGTAGGCTTGTAGGACTGGGACAGAC,0,31
TGTGTAGGCTTGTAGGACTGTGACCGAC,0,2
TGTGTAGGCTTGTAGGACTGTTACATAC,0,1
TGTGTAGGCTTGTAGGACTTTTACAGAC,0,1
TGTGTAGTCTTACAGGTCTGGATCATCG,32,0
TGTGTAGTCTTACAGGTCTTGATCATCT,3,0
TGTGTATACTATGAGCAGTGCCCCAAAG,0,26
TGTGTATACTATGAGCAGTGCCCCCCCG,0,2
TGTGTATACTATGAGCAGTTCCCCAAAT,0,1
TGTGTATCCTATTAGACTTGATTCATTC,1,0
TGTGTATGCTAGAAGCTTTGATCCAGTG,8,0
TGTGTATGCTCTTAGGAATGGACCACGA,0,1
TGTGTATGCTCTTAGGAATGGTCCAGGT,78,101
TGTGTATGCTCTTAGGAATGGTCCATTT,3,0
TGTGTATGCTCTTAGGAATGTTCCAGTT,0,1
TGTGTATGCTCTTAGGAATGTTCCATCA,1,0
TGTGTATGCTCTTAGGAATGTTCCATGT,1,3
TGTGTATGCTCTTAGGAATGTTCCCGGT,0,2
TGTGTATGCTCTTAGGAATTGTCCAGTT,0,1
TGTGTATGCTCTTAGGAATTGTCCATGT,1,0
TGTGTATGCTCTTAGGAATTTTCCAGGT,0,1
TGTGTATGCTCTTAGGAATTTTCCATTT,11,9
TGTGTATGCTGTAAGTATTGGCGCAAGA,0,22
TGTGTATGCTGTAAGTATTGGCGCCCGA,0,1
TGTGTATGCTGTAAGTATTTTCGCAAGA,0,1
TGTGTATGCTGTAAGTATTTTCTCAATA,0,5
TGTGTATTCTGAAAGTCGTGCGTCACAG,75,26
TGTGTATTCTGAAAGTCGTGCGTCCCCG,1,0
TGTGTATTCTGAAAGTCGTGCTTCACAT,1,0
TGTGTATTCTGAAAGTCGTGCTTCCCAG,1,0
TGTGTATTCTGAAAGTCGTTCTTCACAG,1,0
TGTGTATTCTGAAAGTCTTGCGTCACAT,1,0
TGTGTATTCTGAAAGTCTTGCTTCACAG,3,3
TGTGTATTCTGAAAGTCTTGCTTCCCCG,1,0
TGTGTATTCTGAAAGTCTTTCTTCACAT,2,1
TGTGTATTCTGCAAGGTCTGTCTCAGTT,0,1
TGTGTATTCTGTAAGCTCTGACTCAGAT,0,1
TGTGTATTCTGTAAGGTCTGTCGCAGTT,270,120
TGTGTATTCTGTAAGGTCTGTCTCAGAT,0,1
TGTGTATTCTGTAAGGTCTGTCTCATTT,11,3
TGTGTATTCTGTAAGGTCTGTCTCCGTT,0,1
TGTGTATTCTGTAAGGTCTTTCTCAGTT,1,0
TGTGTATTCTGTAAGTTCTTTCTCATTT,0,1
TGTGTATTCTTAGAGATCTGTTTCAGAG,0,1
TGTGTATTCTTTAAGTTATGTCGCATTT,1,0
TGTGTCAACTCAGAGGAGTGTAGCAACG,140,27
TGTGTCAACTCAGAGGAGTGTAGCCCCG,6,1
TGTGTCAACTCAGAGGAGTGTATCAACT,16,3
TGTGTCAACTCAGAGGAGTTTAGCAACT,1,0
TGTGTCAACTCAGAGGATTGTATCAACG,2,1
TGTGTCAACTCAGAGGATTTTATCAACT,3,1
TGTGTCAACTCAGAGTATTGTAGCAACG,1,0
TGTGTCACCTGAGAGAACTGCGCCAGTT,71,47
TGTGTCACCTGAGAGAACTGCGCCCTTT,1,0
TGTGTCACCTGAGAGAACTGCTCCATTT,1,0
TGTGTCACCTGAGAGAACTTCGCCATTT,1,0
TGTGTCACCTGAGAGAACTTCTCCAGTT,2,0
TGTGTCACCTTATAGAGTTGTACCACCA,0,57
TGTGTCAGCTATGAGTGCTGTGGCACAA,0,19
TGTGTCAGCTATGAGTGCTGTTTCACAA,0,1
TGTGTCAGCTATGAGTTCTGTTGCACAA,0,1
TGTGTCAGCTATGAGTTCTTTTTCACAA,0,1
TGTGTCAGCTCCTAGCATTGTTGCAATT,18,68
TGTGTCAGCTCCTAGCATTGTTGCCCTT,0,3
TGTGTCAGCTCCTAGCATTTTTTCAATT,2,5
TGTGTCAGCTGTAAGCTATGTCTCACAG,2,0
TGTGTCAGCTTTGAGTAATGACGCACCA,1,0
TGTGTCATCTAATAGTAGTTTTTCATTA,0,1
TGTGTCATCTCACAGCGGTGGGGCATGA,48,15
TGTGTCATCTCACAGCGGTGTGGCCTGC,1,0
TGTGTCATCTCACAGCGGTGTGTCATGA,1,0
TGTGTCATCTCACAGCGGTGTTTCATTA,5,1
TGTGTCATCTCACAGCGTTGGGTCATGA,1,0
TGTGTCATCTCACAGCGTTTGGGCATGA,0,1
TGTGTCATCTCACAGCGTTTGGTCATTA,1,0
TGTGTCATCTCACAGCTGTGTTGCATGA,1,0
TGTGTCATCTCACAGCTTAGTGGCATGA,1,0
TGTGTCATCTCACAGCTTTGGGGCATGA,2,0
TGTGTCATCTCACAGCTTTGTGTCATGA,1,0
TGTGTCATCTCACAGCTTTGTTTCATTA,11,2
TGTGTCATCTCACAGCTTTTTTTCATGA,1,0
TGTGTCCACTAGGAGGCGGGATCCCGTA,1,0
TGTGTCCACTAGGAGGCGTGATCCAGTA,256,400
TGTGTCCACTAGGAGGCGTGATCCCGTC,0,1
TGTGTCCACTAGGAGGCGTTATCCATTA,1,2
TGTGTCCACTAGGAGGCTTGATCCATTA,17,15
TGTGTCCACTAGGAGGCTTGATCCCGTA,0,1
TGTGTCCACTAGGAGGCTTTATCCAGTA,1,1
TGTGTCCACTAGGAGGCTTTATCCCGTC,1,0
TGTGTCCACTAGGAGGCTTTATCCCTTA,0,2
TGTGTCCACTAGGAGTCTTGATCCAGTA,1,1
TGTGTCCACTATCAGTCCTGAGGCATCC,0,43
TGTGTCCACTATCAGTCCTTATTCATCC,0,5
TGTGTCCACTCAAAGGCATGATGCAAGC,18,108
TGTGTCCACTCAAAGGCATGATGCCCGC,0,3
TGTGTCCACTCAAAGGCATTATTCAATC,5,20
TGTGTCCACTGTCAGAGCTGCTACATAG,0,60
TGTGTCCACTGTCAGAGCTGCTACCTAT,0,1
TGTGTCCACTGTCAGAGCTGCTACCTCG,0,4
TGTGTCCACTGTCAGATCTTCTACATAT,0,1
TGTGTCCCCTGGAAGCGTTGTTGCAGAG,0,57
TGTGTCCCCTGGAAGCGTTGTTTCAGAT,0,1
TGTGTCCCCTGGAAGCGTTGTTTCATAG,0,2
TGTGTCCCCTGGAAGCTTTTTTGCATAG,0,1
TGTGTCCCCTGGAAGCTTTTTTTCAGAG,0,1
TGTGTCCCCTGGAAGCTTTTTTTCATAT,0,1
TGTGTCCCCTGTGAGTATTGTGACAAAG,0,4
TGTGTCCCCTGTGAGTATTGTTACAAAT,0,1
TGTGTCCGCTTACAGCGATGGGGCATTC,0,21
TGTGTCCGCTTACAGCGATGTGTCATTC,0,1
TGTGTCCGCTTACAGCTATGGGTCATTC,0,1
TGTGTCCGCTTACAGCTATGTTTCATTC,0,5
TGTGTCCTCTAGTAGCCTTGTGGCACAA,119,224
TGTGTCCTCTAGTAGCCTTGTGGCCCCA,5,1
TGTGTCCTCTAGTAGCCTTGTGTCCCAA,1,0
TGTGTCCTCTAGTAGCCTTGTTGCCCAA,0,1
TGTGTCCTCTAGTAGCCTTGTTTCACAA,18,14
TGTGTCCTCTAGTAGCCTTTTGTCACAA,3,4
TGTGTCCTCTATGAGTCTTTTCACAAAT,1,0
TGTGTCCTCTCGGAGGAGTGGCCCATCC,53,24
TGTGTCCTCTCGGAGGAGTGTCCCCTCC,1,0
TGTGTCCTCTCGGAGGAGTTTCCCATCC,1,1
TGTGTCCTCTCGGAGGATTGGCCCCTCC,1,0
TGTGTCCTCTCGGAGGATTGTCCCATCC,3,0
TGTGTCCTCTTGTAGCCTTGTGCCACAA,1,0
TGTGTCCTCTTTGAGGCTTGGCACAAAT,42,0
TGTGTCCTCTTTGAGGCTTGGCACCCAT,1,0
TGTGTCCTCTTTGAGGCTTGTCACAAAA,1,0
TGTGTCCTCTTTGAGGCTTGTCACCAAT,1,0
TGTGTCCTCTTTGAGGCTTTTCACAAAT,2,0
TGTGTCGACAAGCAGCAGTGTCTCATCT,1,0
TGTGTCGACTAGCAGCAGAGTCTCATCT,1,0
TGTGTCGACTAGCAGCAGTGCCACAACT,0,1
TGTGTCGACTAGCAGCAGTGGCTCATCT,42,43
TGTGTCGACTAGCAGCATTGGCTCCTCT,1,0
TGTGTCGACTAGCAGCATTGTCTCATCT,2,3
TGTGTCGCCTAATAGCCATGCTGCAGTC,0,1
TGTGTCGCCTTACAGCCTTGGGACATGT,29,85
TGTGTCGCCTTACAGCCTTGGTACATTT,1,0
TGTGTCGCCTTACAGCCTTGTGACATTT,1,1
TGTGTCGCCTTACAGCCTTGTTACATGT,2,6
TGTGTCGCCTTACAGCCTTTGGACATTT,1,0
TGTGTCGCCTTACAGCCTTTTGACCTGT,1,0
TGTGTCGCCTTACAGCCTTTTTACATTT,2,4
TGTGTCGCCTTGAAGTTCTGCTCCACGT,67,0
TGTGTCGCCTTGAAGTTCTGCTCCCCTT,1,0
TGTGTCGCCTTGAAGTTCTTCTCCACTT,5,0
TGTGTCGCCTTGAAGTTCTTCTCCCCGT,1,0
TGTGTCGCCTTTTAGCCATGCGGCAGTC,0,30
TGTGTCGCCTTTTAGCCATGCTGCATTC,0,1
TGTGTCGCCTTTTAGCCATGCTTCAGTC,0,6
TGTGTCGGCTAAGAGGCATGGGCCATGC,70,96
TGTGTCGGCTAAGAGGCATGGTCCATTC,3,2
TGTGTCGGCTAAGAGGCATGTGCCATTC,1,0
TGTGTCGGCTAAGAGGCATGTGCCCTGC,0,1
TGTGTCGGCTAAGAGGCATGTTCCATGC,3,4
TGTGTCGGCTAAGAGGCATTTGCCATGC,1,0
TGTGTCGGCTAAGAGGCATTTTCCATTC,11,8
TGTGTCGGCTGGGAGGCGTGGGTCAACA,1,0
TGTGTCGTCTTGAAGATTTGCTTCATCA,0,1
TGTGTCGTCTTTAAGCTTTGCTGCATCA,0,39
TGTGTCGTCTTTAAGCTTTTCTTCCTCA,0,1
TGTGTCTACTCAGAGGAGTGTATCAACG,1,0
TGTGTCTGCTGTAAGTCATGGCTCACTG,28,27
TGTGTCTGCTGTAAGTCATGTCTCACTT,1,0
TGTGTCTGCTGTAAGTCATTGCTCACTT,1,0
TGTGTCTGCTGTAAGTCATTTCTCACTG,3,1
TGTGTCTTCTGTCAGTATTGGCTCATCA,34,0
TGTGTCTTCTGTCAGTATTTTCTCATCA,2,0
TGTGTCTTCTTCGAGCGATGCAACACTC,93,75
TGTGTCTTCTTCGAGCTATTCAACACTC,4,3
TGTGTGAACTGTCAGGAATGAGCCATTG,60,88
TGTGTGAACTGTCAGGAATGATCCATTT,5,5
TGTGTGAACTGTCAGGAATTATCCATTG,2,2
TGTGTGAACTTAGAGATCTGAGTCATGG,74,38
TGTGTGAACTTAGAGATCTGAGTCATTT,9,1
TGTGTGAACTTAGAGATCTTAGTCATGT,1,0
TGTGTGAACTTAGAGATCTTAGTCATTG,1,0
TGTGTGAACTTAGAGATCTTATTCATTT,0,1
TGTGTGACCTGGTAGACCTGCGGCATGC,195,296
TGTGTGACCTGGTAGACCTGCGTCATTC,3,5
TGTGTGACCTGGTAGACCTGCTGCATTC,2,1
TGTGTGACCTGGTAGACCTGCTGCCTGC,1,0
TGTGTGACCTGGTAGACCTGCTTCATGC,5,12
TGTGTGACCTGGTAGACCTTCGGCATTC,1,0
TGTGTGACCTGGTAGACCTTCGTCATGC,3,1
TGTGTGACCTGGTAGACCTTCTGCATGC,2,1
TGTGTGACCTGGTAGACCTTCTTCATTC,18,26
TGTGTGACCTGGTAGCCCTGCGTCATGC,1,0
TGTGTGACCTTACAGCTATGGCACATTC,0,22
TGTGTGACCTTACAGCTATGTCACCTTC,0,1
TGTGTGACCTTGGAGATATGGCACAAAG,0,1
TGTGTGACCTTGGAGATATGGCTCATTG,106,135
TGTGTGACCTTGGAGATATGGCTCCTTT,0,1
TGTGTGACCTTGGAGATATTTCTCATTT,15,14
TGTGTGAGCTGGAAGTTCTGTTCCACTC,0,1
TGTGTGAGCTTCAAGTTATGATTCAATC,0,83
TGTGTGATCTAATAGTAGTGGGGCAGTA,39,69
TGTGTGATCTAATAGTAGTGGTTCAGTA,1,3
TGTGTGATCTAATAGTAGTGTGTCAGTA,1,2
TGTGTGATCTAATAGTAGTGTTGCAGTA,2,8
TGTGTGATCTAATAGTATTGGGGCATTA,1,0
TGTGTGATCTAATAGTATTGTTTCAGTA,0,2
TGTGTGATCTAATAGTATTTTTTCATTA,0,2
TGTGTGATCTATCAGCCTTGTCTCATTA,45,0
TGTGTGATCTTAGAGTACTGAACCACGC,0,1
TGTGTGCACTTGAAGGCGTGATTCATGT,1,0
TGTGTGCACTTGAAGGTGTGAGGCATGT,47,0
TGTGTGCACTTGAAGGTGTGAGTCATTT,3,0
TGTGTGCACTTGAAGGTTTGATTCATGT,2,0
TGTGTGCACTTTTAGCCATGGTGCATTA,26,0
TGTGTGCACTTTTAGCCATGTTTCATTA,1,0
TGTGTGCGCTAACAGACGAGCCTCAATA,0,1
TGTGTGCGCTAACAGACGTGCCGCAATT,0,33
TGTGTGCGCTAACAGACTTGCCTCAATT,0,3
TGTGTGCGCTAACAGACTTTCCGCAATT,0,1
TGTGTGCGCTATGAGCTGTTAAACACTT,1,0
TGTGTGCGCTGGAAGAGCTGGGCCACTC,0,1
TGTGTGCGCTGGAAGTGCTGGGCCACGC,0,96
TGTGTGCGCTGGAAGTGCTGGTCCACTC,0,1
TGTGTGCGCTGGAAGTGCTGGTCCCCGC,0,1
TGTGTGCGCTGGAAGTGCTGTGCCACTC,0,2
TGTGTGCGCTGGAAGTGCTGTTCCACGC,0,8
TGTGTGCGCTGGAAGTTCTTTTCCACTC,0,6
TGTGTGCGCTTGGAGAGCTGAGCCAATA,0,1
TGTGTGCGCTTTGAGCTGTGAAACACTT,44,0
TGTGTGCGCTTTGAGCTTTTAAACACTT,1,0
TGTGTGCGCTTTTAGATCTGATTCACGC,52,50
TGTGTGCGCTTTTAGATCTGATTCCCTC,1,0
TGTGTGCGCTTTTAGATCTTATTCACTC,1,0
TGTGTGCTCTACCAGGTTTGATGCACGC,0,74
TGTGTGCTCTACCAGGTTTGATTCACTC,0,7
TGTGTGCTCTAGTAGTCCTGGTTCACTT,102,11
TGTGTGCTCTAGTAGTCCTTTTTCACTT,3,0
TGTGTGCTCTCGTAGAGCTGAACCAGGC,55,75
TGTGTGCTCTCGTAGAGCTGAACCATTC,5,11
TGTGTGCTCTCGTAGATCTGAACCAGTC,2,3
TGTGTGCTCTCGTAGATCTGAACCATGC,1,0
TGTGTGCTCTCGTAGATCTGAACCCGGC,2,0
TGTGTGCTCTCGTAGATCTTAACCATTC,1,0
TGTGTGCTCTCGTAGATCTTAACCCTGC,0,1
TGTGTGGACTGGGAGTAATGGAGCATGC,0,3
TGTGTGGACTGGTAGAGATGCCCCATGG,0,34
TGTGTGGACTGGTAGAGATGCCCCATTT,0,1
TGTGTGGACTGGTAGAGATTCCCCATGT,0,1
TGTGTGGACTGGTAGAGATTCCCCATTG,0,1
TGTGTGGCCTAAGAGCATTGTATCACTC,1,0
TGTGTGGCCTAAGAGCGCTGCTTCATGT,68,0
TGTGTGGCCTAAGAGCGCTTCTTCATTT,4,0
TGTGTGGCCTAAGAGCTCTGCTTCATTT,2,0
TGTGTGGCCTATTAGAACTGCTCCACTA,18,0
TGTGTGGCCTCGTAGATCTGTGGCATTT,0,31
TGTGTGGCCTCGTAGATCTGTGTCCTTT,0,2
TGTGTGGCCTCGTAGATCTGTTTCATTT,0,1
TGTGTGGCCTTGCAGATATGTTCCACCC,1,0
TGTGTGGCCTTGCAGATTTGGGCCACAT,1,0
TGTGTGGCCTTGCAGATTTGGGCCACCC,102,40
TGTGTGGCCTTGCAGATTTGGTCCCCCC,1,0
TGTGTGGCCTTGCAGATTTGTGCCCCCC,0,2
TGTGTGGCCTTGCAGATTTTTTCCACCC,23,5
TGTGTGGGCTACTAGATTTGGGTCACGT,0,30
TGTGTGGGCTACTAGATTTGTGTCACTT,0,3
TGTGTGGGCTACTAGATTTTTTTCACTT,0,1
TGTGTGGGCTAGCAGTCATGCACCACGA,0,21
TGTGTGGGCTAGCAGTCATTCACCACTA,0,3
TGTGTGGGCTGCGAGGCCTGCTCCAAAA,36,6
TGTGTGGGCTGCGAGGCCTGCTCCCCAA,2,0
TGTGTGGGCTGCGAGGCCTGCTCCCCCC,1,0
TGTGTGGGCTGCGAGTCATGCAACAGAC,22,0
TGTGTGGGCTGGAAGGAGTGTGTCACAG,0,42
TGTGTGGGCTGGAAGGAGTTTGTCCCAT,0,1
TGTGTGGGCTGGAAGGAGTTTTTCACAT,0,3
TGTGTGGTCTAGGAGAAGTGCTACATTT,0,1
TGTGTGGTCTAGGAGATGTGCGTCAGGT,0,20
TGTGTGGTCTAGGAGATTTGCGTCAGTT,0,1
TGTGTGGTCTAGGAGATTTTCTTCAGTT,0,1
TGTGTGGTCTCGAAGGTTTGCGTCAGTT,0,12
TGTGTGGTCTCGAAGGTTTGCTTCATTT,0,2
TGTGTGGTCTCTGAGGGCTGGTTCAGCA,29,0
TGTGTGGTCTCTGAGGTCTGGTTCATCA,1,0
TGTGTGGTCTCTGAGGTCTGTTTCAGCA,2,0
TGTGTGGTCTCTGAGGTCTTGTTCAGCA,1,0
TGTGTGGTCTTAGAGGTTTGTGACACAT,53,0
TGTGTGGTCTTAGAGGTTTGTGACCCCT,1,0
TGTGTGGTCTTTGAGTACAGGGCCACCA,0,1
TGTGTGGTCTTTGAGTTCTCGGCCCCCA,0,1
TGTGTGGTCTTTGAGTTCTGGGCCACCA,103,111
TGTGTGGTCTTTGAGTTCTGGGCCCCCC,0,2
TGTGTGGTCTTTGAGTTCTGGTCCCCCA,3,0
TGTGTGGTCTTTGAGTTCTGTGCCCCCA,1,0
TGTGTGGTCTTTGAGTTCTGTTCCACCA,21,16
TGTGTGGTCTTTGAGTTCTTGTCCACCA,1,2
TGTGTGGTCTTTGAGTTCTTTGCCACCA,0,1
TGTGTGGTCTTTTAGAATTGACCCATCC,1,0
TGTGTGTACTACTAGTGTTGTAGCATAT,29,30
TGTGTGTACTACTAGTGTTTTATCATAT,1,3
TGTGTGTCCTAGCAGTAGTGTAGCACGA,39,0
TGTGTGTCCTAGCAGTAGTGTATCACTA,8,0
TGTGTGTCCTAGCAGTATTTTATCACTA,2,0
TGTGTGTCCTCGCAGTTCTTTCCCATGT,1,0
TGTGTGTCCTCGCAGTTGGGGCCCCGGT,1,0
TGTGTGTCCTCGCAGTTGTGGCCCACTT,0,1
TGTGTGTCCTCGCAGTTGTGGCCCAGGT,111,96
TGTGTGTCCTCGCAGTTGTGTCCCAGTT,4,2
TGTGTGTCCTCGCAGTTGTGTCCCATGT,4,5
TGTGTGTCCTCGCAGTTGTTGCCCATGT,1,1
TGTGTGTCCTCGCAGTTTTGGCCCAGTT,0,3
TGTGTGTCCTCGCAGTTTTGGCCCATGT,0,1
TGTGTGTCCTCGCAGTTTTTTCCCATTT,5,3
TGTGTGTCCTCGCAGTTTTTTCCCCGGT,0,1
TGTGTGTCCTGTCAGCTGTGCGTCACCG,0,35
TGTGTGTCCTGTCAGCTGTGCTTCACCT,0,2
TGTGTGTCCTGTCAGCTTTGCTTCACCG,0,4
TGTGTGTCCTTAGAGTGTTTTACCAACT,1,0
TGTGTGTCCTTCTAGAAGTGAGTCATCC,26,0
TGTGTGTCCTTCTAGAATTGATTCATCC,1,0
TGTGTGTGCTCGTAGGAATGCGTCAGCC,28,79
TGTGTGTGCTCGTAGGAATGCTTCATCC,1,0
TGTGTGTGCTCGTAGGAATTCGTCATCC,0,3
TGTGTGTGCTCGTAGGAATTCTTCAGCC,1,1
TGTGTGTGCTGATAGATTTGAGCCATTG,0,74
TGTGTGTGCTGATAGATTTGATCCATTT,0,3
TGTGTGTGCTGGTAGACATGCTGCACCT,38,50
TGTGTGTGCTGGTAGACATTCTTCACCT,1,3
TGTGTGTGCTTAGAGTGTACGACCCACG,0,1
TGTGTGTGCTTAGAGTGTAGTACCAACT,0,1
TGTGTGTGCTTAGAGTGTTGGACCAACG,31,38
TGTGTGTGCTTAGAGTGTTGGACCCCCG,0,1
TGTGTGTGCTTAGAGTGTTTTACCAACG,1,1
TGTGTGTGCTTAGAGTTTTTTACCAACT,1,0
TGTGTGTGCTTGTAGCCCTGAGGCATAG,70,0
TGTGTGTGCTTGTAGCCCTGAGGCCTCG,1,0
TGTGTGTGCTTGTAGCCCTGATGCATAT,1,0
TGTGTGTGCTTGTAGCCCTGATTCATAG,2,0
TGTGTGTGCTTTGAGGGGTGCGGCATAA,67,19
TGTGTGTGCTTTGAGGGGTGCTGCCTAA,1,0
TGTGTGTGCTTTGAGGGGTGCTTCATAA,2,2
TGTGTGTGCTTTGAGGGTTGCGTCATAA,1,0
TGTGTGTGCTTTGAGGTGTGCGTCATAA,2,2
TGTGTGTGCTTTGAGGTTTGCGGCATAA,2,5
TGTGTGTGCTTTGAGGTTTGCTTCATAA,4,0
TGTGTGTGCTTTGAGGTTTGCTTCCTCA,1,0
TGTGTTAACTAGCAGGATTGGCTCAAGG,0,12
TGTGTTAACTAGCAGGATTGGCTCCCGG,0,1
TGTGTTAACTAGCAGGATTTTCTCAATT,0,1
TGTGTTAACTTAGAGTACTGAACCACGC,315,327
TGTGTTAACTTAGAGTACTGCACCACTC,1,0
TGTGTTAACTTAGAGTACTTAACCACTC,11,19
TGTGTTAACTTAGAGTACTTAACCCCGC,1,0
TGTGTTAACTTGGAGTACTGAACCACTC,1,0
TGTGTTACCTATTAGAGGTGCTGCATGC,1,0
TGTGTTACCTGGAAGCACTGATACACGT,0,1
TGTGTTACCTGTAAGCCCGGAGTCCCGG,1,1
TGTGTTACCTGTAAGCCCTGAGTCACGG,154,281
TGTGTTACCTGTAAGCCCTGAGTCACTT,11,15
TGTGTTACCTGTAAGCCCTGAGTCCCGT,1,0
TGTGTTACCTGTAAGCCCTGATTCACGT,1,0
TGTGTTACCTGTAAGCCCTGATTCACTG,1,4
TGTGTTACCTGTAAGCCCTTAGTCACGT,0,1
TGTGTTACCTGTAAGCCCTTAGTCACTG,2,1
TGTGTTACCTGTAAGCCCTTATTCACGG,0,1
TGTGTTACCTGTAAGCCCTTATTCACTT,5,7
TGTGTTACCTGTAAGCCCTTATTCCCGT,0,1
TGTGTTAGCTAATAGCCATGATACCTCA,1,0
TGTGTTAGCTACTAGCGGTGTTCCACAC,32,29
TGTGTTAGCTACTAGCTCTGATCCACAC,0,1
TGTGTTAGCTACTAGCTTTGTTCCACAC,2,2
TGTGTTAGCTAGGAGCTTTGAAACAATC,0,1
TGTGTTAGCTATTAGTTGTGATGCAGGA,0,66
TGTGTTAGCTATTAGTTGTGATTCATTA,0,7
TGTGTTAGCTATTAGTTTTGATTCAGGA,0,1
TGTGTTAGCTATTAGTTTTTATTCATGA,0,1
TGTGTTAGCTCATAGCCAGGAGCCAACA,0,1
TGTGTTAGCTCATAGCCAGGAGCCCTCA,1,0
TGTGTTAGCTCATAGCCATGAGCCATCA,208,101
TGTGTTAGCTCATAGCCATGAGCCCTCC,3,1
TGTGTTAGCTCATAGCCATTATCCATCA,24,4
TGTGTTAGCTCTTAGCACTGTGCCATTA,1,0
TGTGTTAGCTGCAAGTCATGAATCATCA,0,1
TGTGTTAGCTGCAAGTCATGTAGCATCT,488,477
TGTGTTAGCTGCAAGTCATGTATCAACT,1,0
TGTGTTAGCTGCAAGTCATGTATCCTCT,1,1
TGTGTTAGCTGCAAGTCATTTAGCCTCT,1,0
TGTGTTAGCTGCAAGTCATTTATCATCT,20,18
TGTGTTAGCTTCAAGTCATGTATCATCT,1,0
TGTGTTCGCACGTAGCGATTTGGCATTA,0,1
TGTGTTCGCTCGTAGCGATGAGTCATTA,1,0
TGTGTTCGCTCGTAGCGATGTGGCATTA,50,87
TGTGTTCGCTCGTAGCGATGTGGCCTTC,0,1
TGTGTTCGCTCGTAGCGATGTGTCCTTA,1,0
TGTGTTCGCTCGTAGCGATGTTTCATTA,3,5
TGTGTTCGCTCGTAGCGATTTGTCATTA,1,0
TGTGTTCGCTCGTAGCTATGTGTCATTA,1,1
TGTGTTCGCTCGTAGCTATTTTTCATTA,1,4
TGTGTTGACTTCTAGGGGTGCTGCACCA,40,16
TGTGTTGACTTCTAGGTGTGCTGCCCCA,1,0
TGTGTTGACTTCTAGGTTTGCTTCACCA,8,2
TGTGTTGACTTCTAGGTTTTCTGCACCA,0,1
TGTGTTGCCTATGAGCTTTGCTTCACCT,1,0
TGTGTTGCCTTGCAGTATTGGGACACTG,68,0
TGTGTTGCCTTGCAGTATTGGTACCCTG,1,0
TGTGTTGCCTTGCAGTATTGTTACACTG,2,0
TGTGTTGCCTTGCAGTATTTTGACACTG,1,0
TGTGTTGCCTTGCAGTATTTTTACACTT,3,0
TGTGTTGGCTGGGAGACATGTAACATGG,0,86
TGTGTTGGCTGGGAGACATGTAACCTGT,0,1
TGTGTTGGCTGGGAGACATTTAACATTT,0,4
TGTGTTGGCTGTGAGCAGTGACACAGTA,151,44
TGTGTTGGCTGTGAGCAGTTACACATTA,4,0
TGTGTTGGCTGTGAGCATTGACACATTA,1,0
TGTGTTGGCTGTGAGCATTGACACCGTC,1,0
TGTGTTGGCTGTGAGCATTTACACAGTA,1,0
TGTGTTGGCTGTTAGCATTGCCACATAA,1,0
TGTGTTGGCTTAGAGTCCTGGTACATCT,98,0
TGTGTTGGCTTAGAGTCCTGTTACCTCT,1,0
TGTGTTGGCTTAGAGTCCTTTTACATCT,6,0
TGTGTTGGCTTTCAGAAATGGTGCATCT,15,0
TGTGTTGGCTTTCAGAAATTTTGCATCT,1,0
TGTGTTGTCTGGTAGTACTGCCCCACCT,0,1
TGTGTTGTCTGTGAGCATTGACACAGTA,0,1
TGTGTTTACTACGAGTCTTGTAGCACAA,0,3
TGTGTTTACTAGAAGCGGTGATCCACCC,0,33
TGTGTTTACTAGAAGCTGTTATCCACCC,0,1
TGTGTTTACTAGAAGCTTTGATCCACCC,0,3
TGTGTTTACTCTAAGGTCTGTCGCAGTT,1,0
TGTGTTTACTTGTAGCGTTGGGGCATCG,0,20
TGTGTTTACTTGTAGCGTTGGTGCATCT,0,1
TGTGTTTACTTGTAGCGTTGTTTCATCT,0,2
TGTGTTTACTTGTAGCTTTTTTTCATCT,0,3
TGTGTTTCCTGGAAGTGGTGCCTCAGTT,113,72
TGTGTTTCCTGGAAGTGGTGCCTCATTA,1,0
TGTGTTTCCTGGAAGTGGTTCCTCATTT,1,2
TGTGTTTCCTGGAAGTGTTGCCTCAGTA,1,0
TGTGTTTCCTGGAAGTGTTGCCTCCGTT,1,1
TGTGTTTCCTGGAAGTGTTTCCTCAGTT,4,0
TGTGTTTCCTGGAAGTTGTGCCTCATTT,0,1
TGTGTTTCCTGGAAGTTGTTCCTCAGTT,1,0
TGTGTTTCCTGGAAGTTTTGCCTCAGTT,11,4
TGTGTTTCCTGGAAGTTTTTCCTCATTT,8,2
TGTGTTTGCTGCCAGCGCTGGGGCAATG,56,34
TGTGTTTGCTGCCAGCGCTGGTTCAATG,1,1
TGTGTTTGCTGCCAGCGCTGGTTCCCTT,1,0
TGTGTTTGCTGCCAGCGCTGTGTCAATG,0,1
TGTGTTTGCTGCCAGCGCTGTTGCAATG,0,1
TGTGTTTGCTGCCAGCGCTGTTTCAATT,1,0
TGTGTTTGCTGCCAGCTCTGTGGCAATG,2,0
TGTGTTTGCTGCCAGCTCTGTTTCAATG,5,2
TGTGTTTGCTGCCAGCTCTTGTGCAATG,1,0
TGTGTTTGCTGCCAGCTCTTTTTCAATT,9,3
TTACAGCCCAATAAGTAATTTTTCATCA,0,1
TTACTCCTCTAACAGAATTTATCCAATC,0,1
TTACTGCGCTCTTAGCTATGTATCATTT,0,1
TTAGATCCCTGGGAGTTCTTGGTCACTT,0,1
TTAGTAAACTATAAGATTTGAAACAACC,0,1
TTAGTAAACTTAAAGCGGTGTATCACGG,0,22
TTAGTAAACTTAAAGCGTTGTATCACTG,0,1
TTAGTAAACTTAAAGCTTTGTATCACGG,0,1
TTAGTAAACTTAAAGCTTTGTATCACTT,0,3
TTAGTAAACTTTCAGTCCTGCAGCAGGG,27,52
TTAGTAAACTTTCAGTCCTGCAGCAGTT,2,2
TTAGTAAACTTTCAGTCCTGCATCATGG,0,1
TTAGTAAACTTTCAGTCCTTCAGCATGG,1,1
TTAGTAAACTTTCAGTCCTTCATCATTT,3,0
TTAGTAACCTATCAGAGCTGTTTCAGTC,0,74
TTAGTAACCTATCAGAGCTTTTTCATTC,0,2
TTAGTAACCTATCAGATCTGTTTCCGTC,0,1
TTAGTAACCTTTCAGAGCTGTTTCATTC,0,1
TTAGTAAGCTTGAAGCCATGTATCATGT,200,181
TTAGTAAGCTTGAAGCCATTTATCATGA,1,0
TTAGTAAGCTTGAAGCCATTTATCATTT,6,8
TTAGTAAGCTTGAAGCCATTTATCCTGT,0,1
TTAGTAATCTCTTAGCTATGCTACAGCC,0,1
TTAGTACACTAGCAGGATTGAACCATTA,0,1
TTAGTACACTTACAGGAGTGGTGCACTG,0,45
TTAGTACACTTACAGGAGTGTTTCACTG,0,1
TTAGTACACTTACAGGAGTTTTTCACTT,0,2
TTAGTACACTTGCAGATATAATACAAGG,50,0
TTAGTACACTTGCAGATATAATACAATT,5,0
TTAGTACACTTGCAGATATAATACCCGG,1,0
TTAGTACGCTGTAAGCTGTGCCTCACGT,0,1
TTAGTACTCTTGCAGTGGGGAGGCCGCA,1,0
TTAGTACTCTTGCAGTGGTGAGGCAGCA,124,75
TTAGTACTCTTGCAGTGGTGAGTCATCA,1,4
TTAGTACTCTTGCAGTGGTGAGTCCGCA,0,1
TTAGTACTCTTGCAGTGGTGATGCCGCA,1,0
TTAGTACTCTTGCAGTGGTGATTCAGCA,2,2
TTAGTACTCTTGCAGTGGTTATTCATCA,1,2
TTAGTACTCTTGCAGTGTTGAGGCATCA,2,0
TTAGTACTCTTGCAGTGTTGAGGCCGCA,1,0
TTAGTACTCTTGCAGTGTTGAGTCAGCA,7,1
TTAGTACTCTTGCAGTTGTGATGCAGCA,0,1
TTAGTACTCTTGCAGTTTTGAGGCAGCA,1,1
TTAGTACTCTTGCAGTTTTGATTCATCA,3,5
TTAGTACTCTTGCAGTTTTTAGTCATCA,2,0
TTAGTAGACTGGAAGATTTGTGCCAACG,43,24
TTAGTAGACTGGAAGATTTGTTCCAACT,2,2
TTAGTAGACTGGAAGATTTTTGCCAACT,1,0
TTAGTAGACTGGAAGATTTTTTCCAACG,1,0
TTAGTAGGCTATAAGAACTGTATCATTA,0,1
TTAGTAGGCTATTAGGTGTGCGGCAGTA,0,37
TTAGTAGGCTATTAGGTGTGCTTCCGTC,0,1
TTAGTAGGCTATTAGGTGTTCTTCAGTA,0,5
TTAGTAGGCTATTAGGTTTGCTTCAGTA,0,1
TTAGTAGGCTATTAGGTTTTCTTCATTA,0,1
TTAGTATACTTGTAGTGTTGTATCACTG,1,0
TTAGTATCCTCCCAGTAATGTCACATTC,1,0
TTAGTATGCTCGTAGACGTGTGTCACCT,0,83
TTAGTATGCTCGTAGACTTTTTTCACCT,0,5
TTAGTATGCTCGTAGGTATGTTACATTT,0,23
TTAGTATTCTCTTAGGTATGCTTCAGCC,39,45
TTAGTATTCTCTTAGGTATTCTTCATCC,3,1
TTAGTATTCTGGGAGGTCTGTAACACAT,28,0
TTAGTATTCTGTTAGCGCTGATTCATGG,34,25
TTAGTATTCTGTTAGCGCTGATTCATTT,4,2
TTAGTATTCTGTTAGCTCTGATTCATGT,4,0
TTAGTATTCTGTTAGCTCTGATTCATTG,0,1
TTAGTATTCTGTTAGCTCTTATTCATTT,0,1
TTAGTATTCTGTTAGTTCTGTTACATCT,0,6
TTAGTCAACTCCAAGCGATGACCCATAT,0,69
TTAGTCAACTCCAAGCTATTACCCATAT,0,5
TTAGTCAGCTGCTAGTTATGATACATTC,0,1
TTAGTCAGCTGGGACGTATGATACATGC,0,1
TTAGTCAGCTGGGAGGGAGGATACCTGC,1,1
TTAGTCAGCTGGGAGGGATGATACATGC,157,348
TTAGTCAGCTGGGAGGGATTATACATTC,3,5
TTAGTCAGCTGGGAGGTATGATACATTC,10,31
TTAGTCAGCTGGGAGGTATTATACATGC,0,2
TTAGTCAGCTGGGTGCTATTATACATTC,1,0
TTAGTCAGCTTGTAGCCATGTGTCAAGC,25,0
TTAGTCAGCTTGTAGCCATGTGTCCCGC,1,0
TTAGTCAGCTTGTAGCCATTTGTCAATC,1,0
TTAGTCCACTGCTAGGTCTGACGCATGT,0,1
TTAGTCCGCTACAAGACGTGAGCCATAC,0,19
TTAGTCCGCTACAAGACGTGAGCCCTCC,0,2
TTAGTCCGCTACAAGACTTGATCCCTAC,0,1
TTAGTCCGCTACAAGACTTTAGCCATAC,0,1
TTAGTCCGCTCACAGCTATTGTACACAG,0,1
TTAGTCCTCTCAGAGAGGTGTTCCATCT,76,72
TTAGTCCTCTCAGAGAGTTTTTCCATCT,0,1
TTAGTCCTCTCAGAGATGTGTTCCCTCT,1,0
TTAGTCCTCTCAGAGATTTGTTCCATCT,7,3
TTAGTCGACTCAGAGCGCTGGCACATGT,0,41
TTAGTCGACTCAGAGCTCTGTCACATGT,0,4
TTAGTCGACTCAGAGCTCTTGCACATTT,0,1
TTAGTCGACTCTTAGGCGTGTTACATGG,36,0
TTAGTCGACTCTTAGGCGTGTTACATTT,2,0
TTAGTCGACTCTTAGGCTTTTTACATTT,2,0
TTAGTCGGCTCCGAGTACTGGACCATGA,0,46
TTAGTCGGCTCCGAGTACTGTACCCTGA,0,1
TTAGTCGGCTCCGAGTACTTTACCATTA,0,1
TTAGTCGTCTGGGAGTTATTATACACTC,1,0
TTAGTCGTCTTCAAGGTCTGCGTCAGCC,57,0
TTAGTCGTCTTCAAGGTCTTCTTCATCC,6,0
TTAGTCTACTTAGAGTTTTGTCACAAGT,129,26
TTAGTCTACTTAGAGTTTTGTCACCCGT,2,2
TTAGTCTACTTAGAGTTTTTTCACAATT,3,0
TTAGTCTGCTATGAGATTTGACCCATCC,0,1
TTAGTCTGCTTGTAGTCTTTTTACATAT,1,0
TTAGTCTTCTGACAGTTATGTGACAATC,0,1
TTAGTCTTCTGTAAGTGTTGCGACAACA,11,0
TTAGTCTTCTGTAAGTTTTTCGACAACA,1,0
TTAGTGAACTCAAAGCGTTGGATCAGGG,0,35
TTAGTGAACTCAAAGCGTTGGATCATTG,0,1
TTAGTGAACTCAAAGCGTTGTATCCTTG,0,1
TTAGTGAACTCAAAGCTTTGGATCATGT,0,1
TTAGTGAACTCAAAGCTTTGTATCATTT,0,2
TTAGTGAACTCAAAGCTTTTGATCAGTG,0,1
TTAGTGACCTAGAAGAACTGCACCACCG,0,1
TTAGTGACCTATCAGTCTTGATGCACAA,1,0
TTAGTGACCTGTCAGCGGTGGCGCACGA,248,251
TTAGTGACCTGTCAGCGGTGGCGCACTC,13,7
TTAGTGACCTGTCAGCGGTGGCTCACTA,2,1
TTAGTGACCTGTCAGCGGTGTCGCACTA,3,2
TTAGTGACCTGTCAGCGGTGTCTCACGA,8,6
TTAGTGACCTGTCAGCGGTTGCGCACTA,2,2
TTAGTGACCTGTCAGCGGTTGCTCACGA,3,5
TTAGTGACCTGTCAGCGGTTTCGCACGA,11,6
TTAGTGACCTGTCAGCGGTTTCTCACTA,1,4
TTAGTGACCTGTCAGCTGTTGCTCACTA,0,1
TTAGTGACCTTTGAGGTCTGATTCAGAC,0,1
TTAGTGAGCTGCGAGTCCTGACACAATA,1,0
TTAGTGATCTATTAGAGATGAACCACTC,1,0
TTAGTGATCTATTAGAGTTGTACCACTC,191,119
TTAGTGATCTATTAGATTTGTACCCCTC,1,0
TTAGTGATCTATTAGATTTTTACCACTC,0,1
TTAGTGATCTCAAAGCGTTGCATCATGG,0,1
TTAGTGCCCTAAAAGGCGTGTACCAGTC,155,63
TTAGTGCCCTAAAAGGCGTTTACCATTC,2,0
TTAGTGCCCTAAAAGGCTTGTACCATTC,5,2
TTAGTGCCCTAAAAGTCTTGTACCAGTC,1,0
TTAGTGCCCTAGAAGGCTTGTACCAGTC,1,0
TTAGTGCGCTATTAGTAATGGTTCAGCA,60,31
TTAGTGCGCTATTAGTAATGTTTCATCA,8,3
TTAGTGCGCTATTAGTAATGTTTCCGCA,0,1
TTAGTGCGCTATTAGTAATTTTTCAGCA,0,1
TTAGTGCGCTATTAGTAATTTTTCCTCA,1,0
TTAGTGCGCTGCTAGGTATGCCTCACTG,49,58
TTAGTGCGCTGCTAGGTATTCCTCACTT,1,1
TTAGTGCGCTGCTAGTAATGCCTCACTT,1,0
TTAGTGCGCTGTTAGCTATGTATCATTT,183,206
TTAGTGCGCTGTTATCTATTTATCATTT,0,1
TTAGTGCGCTTGCAGGAGTGGAACATTA,1,0
TTAGTGCGCTTGCAGGAGTGTAACAGTA,0,1
TTAGTGCGCTTGCAGGTGTGGAACAGTA,37,77
TTAGTGCGCTTGCAGGTGTGTAACCGTA,1,0
TTAGTGCGCTTGCAGGTGTTTAACATTA,1,4
TTAGTGCGCTTGCAGGTTTTTAACAGTA,0,1
TTAGTGCTCTAGTAGGTGTGTCACACGT,0,9
TTAGTGCTCTAGTAGGTTTGTCACACTT,0,2
TTAGTGCTCTATTAGAGTTGAACCACTC,0,1
TTAGTGCTCTTGAAGTAATGACACACAG,3,0
TTAGTGGACTGAAAGTTGTGACCCATCT,0,190
TTAGTGGACTGAAAGTTTAGACCCATCA,0,1
TTAGTGGACTGAAAGTTTTTACCCATCT,0,4
TTAGTGGACTGAAGGTTGTGACCCCTCT,0,1
TTAGTGGCCTCGCAGGTGTTTTCCACCG,1,0
TTAGTGGCCTTCAAGCTTTTCTACATGA,1,0
TTAGTGGCCTTGGAGACCTGGAACATCG,0,25
TTAGTGGCCTTGGAGACCTGTAACATCT,0,3
TTAGTGGGCTACAAGTGCTGCAACAGAA,0,6
TTAGTGGGCTGACAGCTATGCGTCACCG,0,34
TTAGTGGGCTGACAGCTATGCTTCCCCG,0,1
TTAGTGGGCTGACAGCTATTCTTCACCT,0,3
TTAGTGGGCTGGAAGATTTGTACCAACT,0,1
TTAGTGGGCTGGAAGATTTTTTCCAACT,0,1
TTAGTGGGCTGGAAGTGTAGTTCCAACT,0,1
TTAGTGGGCTGGAAGTGTTGCTCCAACT,0,1
TTAGTGGGCTGGAAGTGTTGTTCCAACG,113,190
TTAGTGGGCTGGAAGTGTTGTTCCCCCG,6,5
TTAGTGGGCTGGAAGTGTTTTTCCAACT,7,6
TTAGTGGGCTGGAAGTTTTGTTCCAACT,1,3
TTAGTGGTCTCCAAGTATTGCAACACAT,36,47
TTAGTGGTCTCCAAGTATTGCAACCCCT,0,1
TTAGTGGTCTCCAAGTATTGCTACCCAT,0,1
TTAGTGGTCTCTGAGGCTAGAATCATAC,0,1
TTAGTGGTCTCTGAGGCTTGAAGCAGAC,0,25
TTAGTGGTCTCTGAGGCTTGAATCCGAC,0,1
TTAGTGGTCTGGCAGAGTTGGAACACTT,45,9
TTAGTGGTCTGGCAGAGTTGTAACCCTT,1,0
TTAGTGGTCTGGCAGAGTTTTAACACTT,3,0
TTAGTGTACTATAAGACGTGCGACACCC,40,0
TTAGTGTACTATAAGACTTGCTACACCC,1,0
TTAGTGTACTGATAGTAGTGCCCCATCA,0,1
TTAGTGTCCTCCGAGGTATGCAGCATAT,1,0
TTAGTGTCCTGGGAGTTTTGTGGCATTT,0,27
TTAGTGTCCTGGGAGTTTTGTTTCATTT,0,4
TTAGTGTGCTCCGAGGGATGCAGCATAT,272,167
TTAGTGTGCTCCGAGGGATGCAGCCTCT,4,6
TTAGTGTGCTCCGAGGGATTCAGCCTAT,1,0
TTAGTGTGCTCCGAGGTATGCATCCTAT,0,1
TTAGTGTGCTCCGAGGTATTCATCATAT,14,9
TTAGTGTGCTCCGAGGTTTGCAGCATAT,0,1
TTAGTGTGCTGCGAGACATGCCACATGC,0,1
TTAGTGTGCTGCGAGACATGCCTCAGGA,24,28
TTAGTGTGCTGCGAGACATTCCTCAGTA,2,0
TTAGTGTGCTGCGAGACATTCCTCATGA,0,1
TTAGTGTGCTGGAAGTTTTGGGGCATTA,34,0
TTAGTGTGCTGGAAGTTTTGTTTCATTA,1,0
TTAGTGTGCTGGAAGTTTTTGGTCATTA,1,0
TTAGTGTGCTGGAAGTTTTTTTGCATTA,1,0
TTAGTGTGCTTGTAGTCTTGGTACAGAT,120,123
TTAGTGTGCTTGTAGTCTTGTTACATAT,7,9
TTAGTGTGCTTGTAGTCTTGTTACCTCT,1,0
TTAGTGTGCTTGTAGTCTTTGTACATAT,3,0
TTAGTGTGCTTGTAGTCTTTTTACAGAT,2,1
TTAGTGTGCTTTAAGAAGTGCAGCAATT,0,18
TTAGTGTGCTTTAAGAAGTGCAGCCCTT,0,1
TTAGTGTGCTTTAAGAAGTTCATCAATT,0,1
TTAGTGTGCTTTTAGCTGTGTCCCAAGG,48,56
TTAGTGTGCTTTTAGCTGTGTCCCAATT,1,6
TTAGTGTGCTTTTAGCTGTGTCCCCCGG,1,3
TTAGTGTGCTTTTAGCTGTTTCCCAAGT,1,0
TTAGTGTGCTTTTAGCTGTTTCCCAATG,1,0
TTAGTGTGCTTTTAGCTTTTTCCCAATT,0,1
TTAGTGTTCTACAAGCTAAGATACAGCG,1,0
TTAGTGTTCTACAAGGGAGGAGTCCGCG,1,0
TTAGTGTTCTACAAGGGATGAGTCAGCG,248,334
TTAGTGTTCTACAAGGGATGAGTCATCT,17,4
TTAGTGTTCTACAAGGGATGAGTCCGCT,1,2
TTAGTGTTCTACAAGGGATGAGTCCTCG,1,1
TTAGTGTTCTACAAGGGATGATTCAGCT,2,3
TTAGTGTTCTACAAGGGATGATTCCGCG,0,1
TTAGTGTTCTACAAGGGATTAGTCAGCT,1,1
TTAGTGTTCTACAAGGGATTATTCAGCG,0,1
TTAGTGTTCTACAAGGGATTATTCATCT,3,2
TTAGTGTTCTACAAGGTATGAGTCAGCT,1,9
TTAGTGTTCTACAAGGTATGAGTCATCG,1,3
TTAGTGTTCTACAAGGTATGAGTCCGCG,0,1
TTAGTGTTCTACAAGGTATGATTCAGCG,1,3
TTAGTGTTCTACAAGGTATGATTCATCT,7,4
TTAGTGTTCTACAAGGTATTAGTCAGCG,0,1
TTAGTGTTCTACAAGGTATTAGTCATCT,1,0
TTAGTGTTCTACAAGGTATTATTCAGCT,0,1
TTAGTGTTCTACAAGGTATTATTCATCG,0,1
TTAGTGTTCTACAAGGTTTGAGTCAGCG,0,1
TTAGTGTTCTACAAGTTATGAGTCAGCG,0,1
TTAGTGTTCTTTGAGGTGTGCTCCAGGC,24,35
TTAGTGTTCTTTGAGGTGTGCTCCATTC,2,1
TTAGTGTTCTTTGAGGTGTTCTCCAGTC,1,0
TTAGTGTTCTTTGAGGTTTGCTCCAGTC,1,0
TTAGTGTTCTTTGAGGTTTTCTCCATTC,2,0
TTAGTTAACTTCTAGGAGTGTGGCATCG,17,0
TTAGTTAACTTCTAGGAGTGTGTCATCT,1,0
TTAGTTATCTAGGAGGACTGCTTCAGTC,0,1
TTAGTTATCTCGCAGAAATGTCTCAGGG,45,6
TTAGTTATCTCGCAGAAATGTCTCAGTT,2,0
TTAGTTATCTCGCAGAAATGTCTCATTG,3,0
TTAGTTATCTCGCAGAAATGTCTCCTGG,1,0
TTAGTTATCTCGCAGAAATTTCTCAGTG,2,0
TTAGTTATCTCGCAGAAATTTCTCATTT,1,0
TTAGTTCACTAGTAGTGGTGTGCCACGC,19,0
TTAGTTCACTAGTAGTGTTGTGCCACTC,2,0
TTAGTTCACTAGTAGTGTTGTTCCACGC,2,0
TTAGTTCACTAGTAGTGTTTTGCCACGC,1,0
TTAGTTCACTAGTAGTTTTTTTCCACTC,1,0
TTAGTTCACTAGTAGTTTTTTTCCCCGC,1,0
TTAGTTCACTGAGAGTAATGATACACTC,1,0
TTAGTTCACTTTAAGGTTTGGTCCAAGT,29,0
TTAGTTCACTTTAAGGTTTGTTCCCAGT,1,0
TTAGTTCACTTTAAGGTTTTTTCCAAGT,1,0
TTAGTTCCCTGGGAGTTCTGGGGCACGT,130,77
TTAGTTCCCTGGGAGTTCTGGGTCACTT,2,0
TTAGTTCCCTGGGAGTTCTGGGTCCCGT,1,0
TTAGTTCCCTGGGAGTTCTGGTGCACTT,1,0
TTAGTTCCCTGGGAGTTCTGGTGCCCGT,0,1
TTAGTTCCCTGGGAGTTCTGGTTCACGT,7,2
TTAGTTCCCTGGGAGTTCTGTGGCACTT,1,0
TTAGTTCCCTGGGAGTTCTGTGGCCCGT,1,0
TTAGTTCCCTGGGAGTTCTGTGTCACGT,4,1
TTAGTTCCCTGGGAGTTCTGTTGCACGT,12,4
TTAGTTCCCTGGGAGTTCTGTTTCCCGT,2,1
TTAGTTCCCTGGGAGTTCTTGGTCACGT,2,0
TTAGTTCCCTGGGAGTTCTTTGGCACGT,0,1
TTAGTTCCCTGGGAGTTCTTTTTCACTT,12,7
TTAGTTCGCTATGAGTGATGTAGCAAAG,1,0
TTAGTTCGCTCGAAGTGCTGCTCCATGT,0,68
TTAGTTCGCTCGAAGTTCTGCTCCATGA,0,1
TTAGTTCGCTCGAAGTTCTTCTCCATTT,0,5
TTAGTTCGCTGCCAGGGGTGTTTCAGGT,29,0
TTAGTTCGCTGCCAGGGGTGTTTCATTT,1,0
TTAGTTCGCTGCCAGGTTTGTTTCAGGT,5,0
TTAGTTCGCTGTCAGCTATGACTCACCA,0,46
TTAGTTCTCTCCAAGCAGTGTCACACCT,35,0
TTAGTTCTCTCGAAGATATGAAACCTTT,1,0
TTAGTTCTCTCGAAGCTGTGAGACACAA,25,0
TTAGTTCTCTCGAAGCTTTTATACACAA,1,0
TTAGTTCTCTCGTAGGCGTGTGTCATCA,10,0
TTAGTTCTCTCGTAGGCTTTTGTCATCA,1,0
TTAGTTGACTACAAGGTCTGTAACAGTG,38,19
TTAGTTGACTACAAGGTCTGTAACATTT,1,3
TTAGTTGACTACAAGGTCTTTAACAGTT,0,1
TTAGTTGACTACAAGGTCTTTAACATTG,2,0
TTAGTTGCCTTATAGGGTTGGAACATAC,1,0
TTAGTTGGCTCACAGAGGTGCAACATGC,26,0
TTAGTTGGCTCACAGTCCTGCGTCACTA,1,0
TTAGTTGGCTTCTAGGCATGTGTCAGTG,22,0
TTAGTTGGCTTCTAGGCATTTGTCATTG,1,0
TTAGTTGGCTTCTAGGCATTTTTCATTT,2,0
TTAGTTGTCTATAAGGCTTGCTGCACCG,0,1
TTAGTTGTCTGAGAGAGATGATCCATCA,1,0
TTAGTTGTCTGCCAGAGGTGCGGCATTT,76,115
TTAGTTGTCTGCCAGAGGTGCGTCCTTT,1,0
TTAGTTGTCTGCCAGAGGTGCTTCATTT,2,11
TTAGTTGTCTGCCAGAGTTTCTGCATTT,0,1
TTAGTTGTCTGCCAGAGTTTCTTTATTT,0,1
TTAGTTGTCTGCCAGATCTTCGTCAATT,0,1
TTAGTTGTCTGCCAGATGTGCGTCATTT,0,2
TTAGTTGTCTGCCAGATTAGCGTCAATT,0,1
TTAGTTGTCTGCCAGATTTGCTGCATTT,1,2
TTAGTTGTCTGCCAGATTTTCTTCATTT,3,6
TTAGTTTACTTCTAGCGCGGTATCCCGT,0,1
TTAGTTTACTTCTAGCGCTGTAACACGA,0,1
TTAGTTTACTTCTAGCGCTGTATCACGT,0,68
TTAGTTTACTTCTAGCGCTTTATCACTT,0,3
TTAGTTTACTTCTAGCTCTGTATCACTT,0,3
TTAGTTTACTTCTAGCTCTTTATCACGT,0,1
TTAGTTTGCTAAGAGCATTGTTACACTT,1,0
TTAGTTTTCTCACAGTTATGTAGCAAAA,1,0
TTCGAATGCTCCGACCATTGTATCAGAC,1,0
TTCGATACCTCTCAGCTATTGCACAATT,1,0
TTCGATCACTACGAGAATTGTGTCATTG,1,0
TTCGTAACCTCTCAGCTATGGCACAAAC,1,0
TTCGTAACCTGCTAGGACTGCTCCAAAA,1,0
TTCGTAATCTTTTAGATGATTTTCAAAC,0,1
TTCGTAATCTTTTAGATGTGTTTCAAAC,38,133
TTCGTAATCTTTTAGATGTGTTTCACCC,0,1
TTCGTAATCTTTTAGATGTGTTTCCCAC,0,3
TTCGTAATCTTTTAGATTTTTTTCAAAC,0,2
TTCGTACACTGGGAGGATTGTATCACGC,0,38
TTCGTACACTGGGAGGATTTTATCACTC,0,2
TTCGTACGCTATCAGAACTGATGCACTT,0,92
TTCGTACGCTCGAAGCGGTGGGGCAGGA,41,57
TTCGTACGCTCGAAGCGGTGGGGCATTA,1,0
TTCGTACGCTCGAAGCGGTGGGGCCGGC,1,0
TTCGTACGCTCGAAGCGGTGGTGCATGA,0,1
TTCGTACGCTCGAAGCGGTGGTTCAGGA,1,0
TTCGTACGCTCGAAGCGGTGTGGCATGA,0,2
TTCGTACGCTCGAAGCGGTGTGTCAGGA,2,1
TTCGTACGCTCGAAGCGGTGTTGCAGGA,1,1
TTCGTACGCTCGAAGCGGTGTTTCATGA,3,3
TTCGTACGCTCGAAGCGGTTGGTCATGA,0,1
TTCGTACGCTCGAAGCGGTTTTTCAGTA,1,0
TTCGTACGCTCGAAGCGTTGGGGCAGTA,1,0
TTCGTACGCTCGAAGCGTTGGGTCAGGA,0,1
TTCGTACGCTCGAAGCGTTTGGGCAGGA,1,0
TTCGTACGCTCGAAGCGTTTGTTCATGA,1,0
TTCGTACGCTCGAAGCGTTTTGGCATGA,1,0
TTCGTACGCTCGAAGCGTTTTGTCAGTA,0,1
TTCGTACGCTCGAAGCTGAGGCTCCTTA,0,1
TTCGTACGCTCGAAGCTGTGGGGCATGA,2,1
TTCGTACGCTCGAAGCTGTGGGTCAGGA,1,0
TTCGTACGCTCGAAGCTTTGGGGCAGGA,1,0
TTCGTACGCTCGAAGCTTTGGTTCATTA,0,1
TTCGTACGCTCGAAGCTTTGTTTCATGA,2,1
TTCGTACGCTCGAAGCTTTTGGTCATGA,0,1
TTCGTACGCTCGAAGCTTTTGTGCAGTA,1,0
TTCGTACGCTCGAAGCTTTTTTTCATTA,2,1
TTCGTAGCCTGTGAGTGTTGCCGCACCT,31,0
TTCGTAGCCTGTGAGTGTTTCCTCACCT,4,0
TTCGTAGCCTTTCAGTTGTGGCGCAGGC,31,106
TTCGTAGCCTTTCAGTTGTGGCGCATTC,0,2
TTCGTAGCCTTTCAGTTGTGGCTCAGTC,0,1
TTCGTAGCCTTTCAGTTGTGGCTCATGC,1,0
TTCGTAGCCTTTCAGTTGTGTCGCAGTC,0,2
TTCGTAGCCTTTCAGTTGTGTCGCCGGC,0,2
TTCGTAGCCTTTCAGTTGTGTCTCAGGC,0,2
TTCGTAGCCTTTCAGTTGTGTCTCATTC,4,12
TTCGTAGCCTTTCAGTTGTTTCTCAGTC,1,0
TTCGTAGCCTTTCAGTTTTGGCTCAGGC,0,1
TTCGTAGCCTTTCAGTTTTGTCGCAGGC,0,1
TTCGTAGCCTTTCAGTTTTGTCTCACTC,0,1
TTCGTAGCCTTTCAGTTTTGTCTCCGGC,0,1
TTCGTAGCCTTTCAGTTTTTTCTCATTC,0,2
TTCGTAGGCTAAAAGATTTGATACACGC,0,6
TTCGTAGGCTCTCAGTATTGTAACACTC,1,0
TTCGTAGGCTCTCAGTGTTGGTACAGTG,78,40
TTCGTAGGCTCTCAGTGTTGTTACAGTT,1,1
TTCGTAGGCTCTCAGTGTTGTTACATTG,1,1
TTCGTAGGCTCTCAGTGTTTGTACATTT,2,0
TTCGTAGGCTCTCAGTTTTGTTACAGTG,3,1
TTCGTAGGCTCTCAGTTTTTTTACATTT,5,1
TTCGTATACTGGAAGTGGTGTTACAATG,58,85
TTCGTATACTGGAAGTGGTGTTACCATT,1,1
TTCGTATACTGGAAGTGGTGTTACCCTG,1,4
TTCGTATACTGGAAGTGTTGTTACAAAG,1,1
TTCGTATACTGGAAGTGTTGTTACAATT,0,3
TTCGTATACTGGAAGTGTTGTTACCATG,1,0
TTCGTATACTGGAAGTGTTTTTACAATG,0,1
TTCGTATACTGGAAGTTTTGTTACAATG,2,5
TTCGTATACTGGAAGTTTTGTTACCCTG,1,0
TTCGTATACTGGAAGTTTTTTTACAATT,1,2
TTCGTATACTTTAAGTGTGGAGGCCTGC,1,0
TTCGTATACTTTAAGTGTTGAGGCATGC,48,0
TTCGTATACTTTAAGTGTTGATTCATTC,7,0
TTCGTATACTTTAAGTGTTTAGTCATGC,1,0
TTCGTATGCTGCGAGCATTGTATCAGAC,47,0
TTCGTATGCTGCGAGCATTGTATCCGCC,1,0
TTCGTATTCTCATAGACGTGGACCAACT,37,0
TTCGTATTCTCATAGACGTGGACCCCCT,2,0
TTCGTATTCTCATAGACTTGTACCAACT,3,0
TTCGTATTCTCATAGACTTTGACCAACT,1,0
TTCGTCACCTGTCAGGGGTGTTGCAAGG,0,55
TTCGTCACCTGTCAGGGGTGTTTCAATT,0,3
TTCGTCACCTGTCAGGGTTGTTTCAAGT,0,4
TTCGTCACCTGTCAGGTGTGTTGCAAGT,0,1
TTCGTCACCTGTCAGGTTTGTTTCAAGG,0,4
TTCGTCACCTGTCAGGTTTGTTTCAATT,0,2
TTCGTCACCTGTCAGGTTTGTTTCCCGG,0,1
TTCGTCAGCTCAAAGATATGGCACATAG,55,63
TTCGTCAGCTCAAAGATATGGCACCTCG,3,1
TTCGTCAGCTCAAAGATATGTCACATAT,2,1
TTCGTCAGCTCAAAGATATGTCACCTAG,1,0
TTCGTCAGCTCAAAGATATTGCACATAT,1,1
TTCGTCAGCTCAAAGATATTTCACATAG,15,9
TTCGTCAGCTCAAAGATATTTCACCTCG,1,0
TTCGTCAGCTTCGAGTGATGGGTCATGC,37,0
TTCGTCAGCTTCGAGTGATGTGTCATTC,5,0
TTCGTCAGCTTCGAGTGATTTTTCATTC,1,0
TTCGTCAGCTTCGAGTTATGGTTCATGC,1,0
TTCGTCAGCTTCGAGTTATTTGTCATTC,1,0
TTCGTCATCTCAAAGGACTGCTTCATTT,0,1
TTCGTCATCTGAAAGGGATGAATCACTT,30,34
TTCGTCATCTGCGAGAGTTGAGGCATTC,0,41
TTCGTCATCTGCGAGAGTTGATTCATTC,0,6
TTCGTCATCTGCGAGAGTTTAGTCATTC,0,1
TTCGTCATCTGCGAGATTTGATTCCTTC,0,1
TTCGTCATCTGCGAGATTTTATTCATTC,0,1
TTCGTCCACTGATAGGTATGATCCATCA,0,1
TTCGTCCACTGGAAGGTATTTTTCAGTT,0,1
TTCGTCCCCAGGAAGGAATGCCGCATTT,1,0
TTCGTCCCCTAGAAGACGTGCTACAGAG,70,0
TTCGTCCCCTAGAAGACGTTCTACATAT,1,0
TTCGTCCCCTAGAAGACGTTCTACCGAT,1,0
TTCGTCCCCTAGAAGACTTGCTACAGAT,2,0
TTCGTCCCCTAGAAGACTTTCTACAGAG,2,0
TTCGTCCCCTGGAAGGAAGGCCGCCTGT,1,1
TTCGTCCCCTGGAAGGAATGCCGCATGT,195,201
TTCGTCCCCTGGAAGGAATGCCTCCTGT,2,2
TTCGTCCCCTGGAAGGAATTCCTCATTT,27,26
TTCGTCCCCTGGAAGTAATGCCTCATTT,1,0
TTCGTCCCCTTTTAGTATTGGTCCAGCT,0,6
TTCGTCCCCTTTTAGTATTGTTCCATCT,0,2
TTCGTCCGCTCCGAGTCTTGTCACCGGG,1,0
TTCGTCCGCTGGGAGGCATGAGTCACTC,0,1
TTCGTCCTCTGAGAGTTGTGCGACAGGG,0,39
TTCGTCCTCTGAGAGTTGTGCTACAGGT,0,1
TTCGTCCTCTGAGAGTTGTTCGACATGG,0,2
TTCGTCCTCTGAGAGTTGTTCTACAGTT,0,4
TTCGTCCTCTGAGAGTTTTGCGACAGTT,0,1
TTCGTCCTCTGAGAGTTTTGCTACATTG,0,2
TTCGTCCTCTGAGAGTTTTTCTACATTT,0,1
TTCGTCCTCTTCGAGAATTGTAGCAAGA,0,1
TTCGTCGACTGCGAGGTGTGTCACAGCG,19,0
TTCGTCGACTGCGAGGTGTGTCACATCT,1,0
TTCGTCGACTGGAAGGGATGTGTCAGTT,0,31
TTCGTCGCCTGGGAGGATTGCCGCAGGA,26,46
TTCGTCGCCTGGGAGGATTGCCGCATTA,0,1
TTCGTCGCCTGGGAGGATTGCCTCAGTA,1,0
TTCGTCGCCTGGGAGGATTGCCTCCGGA,1,1
TTCGTCGCCTGGGAGGATTTCCGCAGTA,2,1
TTCGTCGCCTGGGAGGATTTCCTCATTA,5,3
TTCGTCGTCTGCTAGTAATGATTCAGAA,0,1
TTCGTCGTCTGCTAGTAATGTGTCAGTT,41,52
TTCGTCGTCTGCTAGTAATTTTTCATTT,5,3
TTCGTCGTCTGGGAGTGATGTGACACGC,72,19
TTCGTCGTCTGGGAGTGATTTTACACTC,15,0
TTCGTCGTCTGGGAGTTATGTGACACTC,5,0
TTCGTCGTCTGGGAGTTATGTTACACGC,1,0
TTCGTCGTCTGGGAGTTATTTTACCCGC,1,0
TTCGTGACCTATCAGTGCTGTCTCATTT,0,1
TTCGTGACCTCAAAGCCTTGCGCCCTGC,1,0
TTCGTGACCTCAAAGCCTTGCGGCAGGA,22,0
TTCGTGACCTCAAAGCCTTGCTTCAGTA,1,0
TTCGTGACCTCAAAGCCTTGCTTCATGA,1,0
TTCGTGACCTCAAAGCCTTTCTTCAGGA,1,0
TTCGTGACCTCAAAGCCTTTCTTCATTA,4,0
TTCGTGACCTGAAAGGAATGAAGCAGAA,58,39
TTCGTGACCTGAAAGGAATGAAGCCGCA,1,0
TTCGTGACCTGAAAGGAATGAATCATAA,7,7
TTCGTGACCTGAAAGGAATTAAGCATAA,2,0
TTCGTGACCTGAAAGGAATTAATCAGAA,0,1
TTCGTGACCTGGGAGTCCTGTAGCATCC,129,125
TTCGTGACCTGGGAGTCCTGTATCCTCC,1,3
TTCGTGACCTGGGAGTCCTTTATCATCC,6,3
TTCGTGACCTGGGATTCCTGTAGCCTCC,1,0
TTCGTGAGCTAAGAGACTTGGAGCAGGT,10,13
TTCGTGAGCTAAGAGACTTGTAGCAGTT,0,2
TTCGTGAGCTAAGAGACTTGTATCAGGT,0,1
TTCGTGAGCTAAGAGACTTTGATCAGGT,0,1
TTCGTGAGCTAAGAGACTTTTATCATTT,0,2
TTCGTGAGCTCCTAGGTGTGTCGCAGGC,135,74
TTCGTGAGCTCCTAGGTGTGTCGCATTC,4,1
TTCGTGAGCTCCTAGGTGTGTCTCAGTC,11,7
TTCGTGAGCTCCTAGGTGTTTCTCCTGC,1,0
TTCGTGAGCTCCTAGGTTTGTCGCCGGC,0,1
TTCGTGAGCTCCTAGGTTTGTCTCATGC,0,5
TTCGTGAGCTCCTAGGTTTTTCTCAGGC,1,0
TTCGTGAGCTCCTAGGTTTTTCTCATTC,11,6
TTCGTGCACTATAAGGAATGGATCATCG,0,1
TTCGTGCACTCTAAGGTTTGGATCATGG,310,200
TTCGTGCACTCTAAGGTTTGGATCATTT,5,4
TTCGTGCACTCTAAGGTTTGGATCCTGT,1,0
TTCGTGCACTCTAAGGTTTGTATCATGT,7,9
TTCGTGCACTCTAAGGTTTGTATCATTG,3,3
TTCGTGCACTCTAAGGTTTGTATCCTGG,0,1
TTCGTGCACTCTAAGGTTTTGATCATGT,1,0
TTCGTGCACTCTAAGGTTTTGATCATTG,2,0
TTCGTGCACTCTAAGGTTTTTATCATTT,36,26
TTCGTGCACTCTAAGGTTTTTATCCTGT,1,0
TTCGTGCACTCTAAGTTTTTGATCATTT,1,0
TTCGTGCCCTACGAGGGGTGCGCCATAT,20,49
TTCGTGCCCTACGAGGGGTTCTCCATAT,0,1
TTCGTGCCCTACGAGGTTTGCTCCATAT,1,14
TTCGTGCCCTACGAGGTTTTCGCCATAT,1,0
TTCGTGCCCTGGCAGTATTGTCGCAACT,0,42
TTCGTGCCCTGGCAGTATTGTCGCCCCT,0,2
TTCGTGCCCTGGCAGTATTTTCTCAACT,0,3
TTCGTGCGCTGAAAGTGATGCTACAGTA,1,0
TTCGTGCGCTGTAAGTGATGCGACAGTT,104,218
TTCGTGCGCTGTAAGTGATGCTACATTT,0,2
TTCGTGCGCTGTAAGTGATGCTACCGTT,0,2
TTCGTGCGCTGTAAGTGATTCTACAGTT,8,9
TTCGTGCGCTGTAAGTTATGCGACATTT,0,1
TTCGTGCGCTGTAAGTTATGCTACAGTT,1,2
TTCGTGCGCTGTAAGTTATTCGACAGTT,0,4
TTCGTGCGCTGTAAGTTATTCTACATTT,2,1
TTCGTGGACTGAAAGGTGAGGATCACTA,0,1
TTCGTGGACTGAAAGGTGGGGTTCCCTA,1,0
TTCGTGGACTGAAAGGTGTGGTTCACTA,80,32
TTCGTGGACTGAAAGGTGTGGTTCCCTC,1,0
TTCGTGGACTGAAAGGTGTTTTTCACTA,1,0
TTCGTGGACTGAAAGGTTTGGTTCCCTA,1,0
TTCGTGGACTGAAAGGTTTGTTTCACTA,3,1
TTCGTGGCCTACTAGGTATGGGCCATGG,0,1
TTCGTGGCCTAGAAGCCGTGGTTCACCT,0,32
TTCGTGGGCTCCGAGGGATGAGGCAACT,16,0
TTCGTGGGCTCCGAGGTATGATTCAACT,1,0
TTCGTGGGCTGGGAGGGGGGTCCCCGCC,1,0
TTCGTGGGCTGGGAGGGGTGTCCCAGCC,46,23
TTCGTGGGCTGGGAGGGGTTTCCCATCC,1,1
TTCGTGGGCTGGGAGGTTTGTCCCATCC,3,4
TTCGTGGGCTTACAGGAGTGTAGCAATG,29,31
TTCGTGGGCTTACAGGAGTGTAGCCCTG,1,0
TTCGTGGGCTTACAGGAGTGTATCAATT,2,0
TTCGTGGGCTTACAGGATTGTATCAATG,1,0
TTCGTGGGCTTACAGTAGTTTATCAATT,1,0
TTCGTGGTCTCACAGAAATGCACCATTC,0,1
TTCGTGGTCTTACAGCCTTGACCCATTC,1,0
TTCGTGGTCTTTCAGGCTTGACCCATTC,1,0
TTCGTGGTCTTTGAGGCCTGTGGCACTA,39,0
TTCGTGGTCTTTGAGGCCTGTTTCACTA,2,0
TTCGTGTACTGACAGATGTGGCACAACG,34,36
TTCGTGTACTGACAGATGTGTCACAACT,3,1
TTCGTGTACTGACAGATTTGTCACAACG,0,2
TTCGTGTACTGACAGATTTTTCACAACT,1,0
TTCGTGTACTTTCAGGTATGGCGCAGGA,7,0
TTCGTGTACTTTCAGGTATGTCTCAGGA,1,0
TTCGTGTACTTTCAGGTATTGCGCAGTA,1,0
TTCGTGTACTTTCAGGTATTGCTCAGGA,2,0
TTCGTGTACTTTCAGGTATTTCGCAGGA,1,0
TTCGTGTACTTTCAGGTATTTCTCATTA,1,0
TTCGTGTCCTCTGAGTCATGTCGCACCC,1,0
TTCGTGTCCTGTGAGCCATGGTTCAGAG,52,4
TTCGTGTCCTGTGAGCCATGGTTCCGAT,0,1
TTCGTGTCCTGTGAGCCATGTTTCAGAT,1,0
TTCGTGTCCTGTGAGCCATGTTTCATAG,1,0
TTCGTGTCCTGTGAGCCATTGTTCATAG,1,0
TTCGTGTCCTGTGAGCCATTTTTCATAT,1,0
TTCGTGTCCTGTGAGTATTGGGCCAGGG,19,0
TTCGTGTCCTGTGAGTATTGGGCCATTG,1,0
TTCGTGTCCTGTGAGTATTGTTCCAGGG,3,0
TTCGTGTCCTGTGAGTATTGTTCCATTT,1,0
TTCGTGTGCTCGTAGATTTGGGTCACTG,11,2
TTCGTGTGCTCGTAGATTTGGTTCCCTG,1,0
TTCGTGTGCTCGTAGATTTTTGTCACTG,0,1
TTCGTGTGCTCGTAGATTTTTTTCACTT,1,0
TTCGTGTGCTCTTAGGGGTGAGCCATCT,0,25
TTCGTGTGCTCTTAGGGGTTATCCATCT,0,4
TTCGTGTGCTGGTAGGCTTGCGCCAGGA,59,58
TTCGTGTGCTGGTAGGCTTGCGCCATTA,1,0
TTCGTGTGCTGGTAGGCTTGCGCCCGGC,0,1
TTCGTGTGCTGGTAGGCTTGCTCCATGA,2,2
TTCGTGTGCTGGTAGGCTTGCTCCCGGA,0,1
TTCGTGTGCTGGTAGGCTTTCGCCATGA,1,0
TTCGTGTGCTGGTAGGCTTTCTCCAGTA,4,5
TTCGTGTGCTGTTAGGGGTGCGACACGC,5,0
TTCGTGTGCTGTTAGGGTTTCGACACGC,1,0
TTCGTGTTCTAAGAGGTCTGGTCCAGCG,42,0
TTCGTGTTCTAAGAGGTCTGTTCCAGCT,1,0
TTCGTGTTCTAAGAGGTCTGTTCCATCG,3,0
TTCGTGTTCTCCTAGGTTTGTTCCATAC,33,5
TTCGTGTTCTCCTAGGTTTGTTCCCTCC,1,0
TTCGTGTTCTGCGAGTGGTGAGTCACTC,29,25
TTCGTGTTCTGCGAGTGTTGATTCACTC,2,3
TTCGTGTTCTGCGAGTGTTTAGTCACTC,1,0
TTCGTGTTCTGCGAGTTGTGATTCACTC,0,2
TTCGTGTTCTGCGAGTTTTGAGTCACTC,1,0
TTCGTGTTCTGCGAGTTTTTATTCACTC,1,1
TTCGTTAACTAAGAGCGGTGCTACAACA,15,12
TTCGTTAACTAAGAGCGGTGCTACCCCA,1,0
TTCGTTAACTAAGAGCGTAGCTACAACA,0,1
TTCGTTAACTAAGAGCTTTGCTACCCCA,1,0
TTCGTTAACTAAGAGCTTTTCTACAACA,3,1
TTCGTTACCTCTCAGCGATGGCACAATG,97,0
TTCGTTACCTCTCAGCGATGTCACCATG,2,0
TTCGTTACCTCTCAGCGATTTCACAATT,1,0
TTCGTTACCTCTCAGCTATAGCACCCTG,1,0
TTCGTTACCTCTCAGCTATGTCACAATT,7,0
TTCGTTACCTCTCAGCTATGTCACACTG,1,0
TTCGTTACCTCTCAGCTATTTCACAATG,1,0
TTCGTTAGCCCGGAGGCGTGATTCAGCG,22,71
TTCGTTAGCCCGGAGGCGTGATTCCTCT,1,0
TTCGTTAGCCCGGAGGCGTTATTCATCT,2,4
TTCGTTAGCCCGGAGGCTTGATTCAGCT,0,1
TTCGTTAGCCCGGAGGCTTGATTCATCG,0,3
TTCGTTAGCCCGGAGGCTTTATTCAGCG,0,1
TTCGTTAGCTTCGAGGCTTGTTCCACAA,25,0
TTCGTTATCTGCGAGAGTTGGGTCAACT,0,17
TTCGTTATCTGCGAGAGTTGTTTCAACT,0,4
TTCGTTCACTACGAGAATTGTGTCATGG,72,0
TTCGTTCACTACGAGAATTGTGTCATTT,3,0
TTCGTTCACTACGAGAATTGTTTCATTG,1,0
TTCGTTCACTACGAGAATTTTTTCATTT,1,0
TTCGTTCACTCCAAGGATTGGTTCACTC,31,0
TTCGTTCACTCCAAGGATTTTTTCACTC,5,0
TTCGTTCACTCTAAGGTTTGGATCCTGG,1,0
TTCGTTCACTGGCAGCTGTGATTCAGGT,0,13
TTCGTTCACTGGCAGCTGTTATTCAGTT,0,1
TTCGTTCACTGGCAGTTCAGGGACAGTC,0,1
TTCGTTCACTGGCAGTTCTGGGACAGGC,0,52
TTCGTTCACTGGCAGTTCTGGGACATTC,0,2
TTCGTTCACTGGCAGTTCTGTGACAGTC,0,3
TTCGTTCACTGGCAGTTCTGTGACATGC,0,1
TTCGTTCACTGGCAGTTCTGTGACCGGC,0,1
TTCGTTCACTGGCAGTTCTTTTACATTC,0,5
TTCGTTCACTGGCAGTTCTTTTACCGTC,0,1
TTCGTTCACTGTGAGTTTTGATTCCGGC,0,1
TTCGTTCACTGTGAGTTTTGTGTCAGGC,155,126
TTCGTTCACTGTGAGTTTTGTGTCATTC,9,7
TTCGTTCACTGTGAGTTTTGTGTCCTGC,1,0
TTCGTTCACTGTGAGTTTTGTTTCAGTC,1,1
TTCGTTCACTGTGAGTTTTTTGTCAGTC,0,3
TTCGTTCACTGTGAGTTTTTTGTCATGC,2,3
TTCGTTCACTGTGAGTTTTTTTTCATTC,6,5
TTCGTTCGCTTGGAGTTTTGTGTCAACG,0,33
TTCGTTCGCTTGGAGTTTTGTGTCCACT,0,1
TTCGTTCGCTTGGAGTTTTGTGTCCCCG,0,2
TTCGTTCGCTTGGAGTTTTGTTTCAACT,0,1
TTCGTTCGCTTGGAGTTTTTTGTCAACT,0,2
TTCGTTCGCTTGTAGACGTGATTCAGCC,48,41
TTCGTTCGCTTGTAGACGTTATTCATCC,1,1
TTCGTTCGCTTGTAGACTTGATTCATCC,1,2
TTCGTTGGCTAGCAGCAGTTGATCATTT,0,1
TTCGTTGTCTATAAGGCTTGCGGCACCG,0,26
TTCGTTGTCTATAAGGCTTGCTTCACCG,0,3
TTCGTTGTCTATAAGGCTTTCTTCACCT,0,3
TTCGTTGTCTTTCAGAAGTGTGCCACGA,62,117
TTCGTTGTCTTTCAGAAGTGTGCCCCGC,1,0
TTCGTTGTCTTTCAGAAGTGTTCCACTA,3,8
TTCGTTGTCTTTCAGAAGTTTGCCACTA,0,1
TTCGTTGTCTTTCAGAATTGTTCCACGA,1,1
TTCGTTGTCTTTCAGAATTTTTCCACTA,3,0
TTCGTTTACTCCGAGTCTTGGCGCAACA,19,43
TTCGTTTACTCCGAGTCTTGTCGCAACG,0,3
TTCGTTTACTCCGAGTCTTGTCTCAACA,3,6
TTCGTTTACTCCGAGTCTTGTCTCCACG,0,1
TTCGTTTACTCCGAGTCTTGTCTCCCCA,0,1
TTCGTTTACTCCGAGTCTTTGCGCCCCA,1,1
TTCGTTTACTCCGAGTCTTTGCTCAACA,1,1
TTCGTTTACTCCGAGTCTTTTCTCAACG,0,4
TTCGTTTACTCCGAGTCTTTTCTCCACA,1,0
TTCGTTTACTGACAGATTTGTCACAACT,0,1
TTCGTTTACTGATAGCGGTGGGTCAGAT,22,53
TTCGTTTACTGATAGCGTTGGTTTCGAT,0,1
TTCGTTTACTGATAGCGTTGTGTCAGAT,0,1
TTCGTTTACTGATAGCGTTGTTTCATAT,1,0
TTCGTTTACTGATAGCTGTGTGTCAGAT,0,1
TTCGTTTACTGATAGCTTTGGGTCAGAT,1,2
TTCGTTTACTGATAGCTTTGTGTCATAT,0,1
TTCGTTTACTGATAGCTTTTTTTCAGAT,1,4
TTCGTTTACTTCAAGTCTCGGTTCAAGC,0,1
TTCGTTTACTTCAAGTGTTGGGTCAAGC,0,57
TTCGTTTACTTCAAGTGTTGGGTCCCGC,0,4
TTCGTTTACTTCAAGTGTTGTTTCAATC,0,8
TTCGTTTACTTCAAGTGTTTTGTCAATC,0,3
TTCGTTTACTTCAAGTTTTGTGTCAATC,0,2
TTCGTTTACTTCAAGTTTTTGGTCAATC,0,1
TTCGTTTACTTCAAGTTTTTTTTCAATC,0,7
TTCGTTTCCTCGGAGTCATGCCTCATCG,0,1
TTCGTTTCCTGCTAGATATGTTCCAGAA,0,18
TTCGTTTCCTGGAAGGCATGTATCATGA,1,0
TTCGTTTCCTGTAAGTCTTGCACCATTG,0,6
TTCGTTTCCTGTAAGTCTTGCACCCTGG,0,1
TTCGTTTCCTGTAAGTCTTTCACCATGG,0,1
TTCGTTTCCTGTAAGTCTTTCACCATTT,0,1
TTCGTTTCCTGTAAGTCTTTCACCCTGT,0,1
TTCGTTTGCTCGAAGGCTTGTGCCAATC,114,55
TTCGTTTGCTCGAAGGCTTGTGCCCCTC,4,0
TTCGTTTGCTCGAAGGCTTTTTCCAATC,5,3
TTCGTTTGCTCGAAGTCTTGTTCCAATC,1,0
TTCGTTTTCTCGTAGACTTGCCCCAACG,7,0
TTCGTTTTCTGAAAGCTTTGGAGCACGA,29,57
TTCGTTTTCTGAAAGCTTTGGAGCCCGC,0,1
TTCGTTTTCTGAAAGCTTTGTAGCACTA,0,2
TTCGTTTTCTGAAAGCTTTTGAGCACTA,1,0
TTCGTTTTCTGAAAGCTTTTTATCACTA,3,6
TTCGTTTTCTGTAAGTACTGTAACATAC,1,0
TTCGTTTTCTGTAAGTACTGTTACACTC,1,0
TTGCACAACTTCAAGATTTTTTACACTA,0,1
TTGCTGCGCTTATAGCTCTGATTCAGTT,1,0
TTGCTGTGCTTATAGATTTTAATCAATC,1,0
TTGGAAAGCTTCGAGGACTGTTTCATGA,0,1
TTGGAAGCCTTCGAGGTTTGGAGCAATC,0,1
TTGGATGCCTTCGAGGTTTGTATCAATC,0,1
TTGGGCCGCTCTCAGCGGTGGAGCATAG,1,0
TTGGTAAACTGACAGAAATGACGCATAG,106,46
TTGGTAAACTGACAGAAATGACGCCTCG,2,0
TTGGTAAACTGACAGAAATGACTCATAT,3,1
TTGGTAAACTGACAGAAATTACTCATAG,6,2
TTGGTAAACTGCGAGATATGTGGCAACT,0,42
TTGGTAAACTGCGAGATATGTTTCAACT,0,3
TTGGTAAACTGCGAGATATTTTGCAACT,0,1
TTGGTAAGCTGGTAGATGTGGTTCATTG,37,0
TTGGTAAGCTGGTAGATTTTTTTCATTT,3,0
TTGGTAAGCTGGTAGTGCTGGCACAGCT,34,0
TTGGTAAGCTGGTAGTTCTGTCACATCT,6,0
TTGGTAAGCTTCGAGCACTGTTGCAGTA,1,0
TTGGTAAGCTTCGAGGACTGGTGCAGGA,156,172
TTGGTAAGCTTCGAGGACTGGTGCATGC,1,0
TTGGTAAGCTTCGAGGACTGGTGCCGGC,2,0
TTGGTAAGCTTCGAGGACTGGTTCATGA,3,1
TTGGTAAGCTTCGAGGACTGTTGCATTA,2,2
TTGGTAAGCTTCGAGGACTGTTTCAGTA,5,5
TTGGTAAGCTTCGAGGACTGTTTCCTGA,0,1
TTGGTAAGCTTCGAGGACTTGTGCAGTA,1,2
TTGGTAAGCTTCGAGGACTTGTGCATGA,0,2
TTGGTAAGCTTCGAGGACTTGTGCCGTC,0,1
TTGGTAAGCTTCGAGGACTTGTTCAGGA,0,2
TTGGTAAGCTTCGAGGACTTTTTCATTA,6,7
TTGGTAAGCTTCTAGGACTGTTGCAGTA,1,0
TTGGTAATCTGGAAGTCGTGTGCCAGCT,1,0
TTGGTACTCTAAGAGTTCTGCTACAAGT,0,35
TTGGTACTCTAAGAGTTCTGCTACCCGT,0,3
TTGGTACTCTTAAAGAATTGAAACAAAT,1,0
TTGGTAGACTGCGAGAGGAGAGACCGAT,1,0
TTGGTAGACTGCGAGAGGTGAGACAGAT,42,5
TTGGTAGACTGCGAGAGGTTATACATAT,0,1
TTGGTAGACTGCGAGATTTGATACATAT,2,1
TTGGTAGACTTACAGCGGTGCGACAAGA,24,33
TTGGTAGACTTACAGCGGTGCGACCCGA,0,1
TTGGTAGACTTACAGCTGTGCGACAATA,0,1
TTGGTAGACTTACAGCTTTGCGACAAGA,0,1
TTGGTAGACTTACAGCTTTGCTACAATA,0,1
TTGGTAGACTTACAGCTTTTCTACAAGA,1,6
TTGGTAGACTTACAGTTGTGTGACATCG,75,0
TTGGTAGACTTACAGTTGTTTGACATCT,2,0
TTGGTAGACTTACAGTTTTGTGACATCT,3,0
TTGGTAGACTTACAGTTTTGTTACATCG,2,0
TTGGTAGGCTGTTAGGTTTGTAACAGTA,36,0
TTGGTAGGCTGTTAGGTTTGTAACATTC,1,0
TTGGTAGGCTGTTAGGTTTTTAACATTA,2,0
TTGGTAGTCTTCGAGGAATGTGCCATAC,0,1
TTGGTAGTCTTCGAGGATTGTGGCATTC,90,155
TTGGTAGTCTTCGAGGATTGTTGCATAC,0,1
TTGGTAGTCTTCGAGGATTGTTGCCTTC,0,1
TTGGTAGTCTTCGAGGATTGTTTCATTC,8,12
TTGGTAGTCTTCGAGGATTTTGTCATTC,1,0
TTGGTATACTCGTAGTGTTGGTGCACGG,79,58
TTGGTATACTCGTAGTGTTGGTTCACTG,4,0
TTGGTATACTCGTAGTGTTGTTGCACTG,0,1
TTGGTATACTCGTAGTGTTGTTTCACGG,1,0
TTGGTATACTCGTAGTTTTGGTGCACTG,1,0
TTGGTATACTCGTAGTTTTGTTTCACTG,0,1
TTGGTATACTCGTAGTTTTGTTTCCCGG,1,0
TTGGTATACTGGCAGGGTTGTGCCATCA,15,0
TTGGTATACTGGCAGGGTTTTTCCATCA,1,0
TTGGTATACTGGCAGGTTTGTTCCATCA,2,0
TTGGTATGCTCGCAGGCGTGGCTCACAT,119,170
TTGGTATGCTCGCAGGCGTGGCTCCCCT,0,1
TTGGTATGCTCGCAGGCGTGTCTCCCAT,1,1
TTGGTATGCTCGCAGGCGTTTCTCACAT,1,1
TTGGTATGCTCGCAGGCTTGTCTCACAT,8,14
TTGGTATGCTCGCAGGCTTTGCTCACAT,1,1
TTGGTATGCTCGCAGTCGTGTCTCACAT,1,0
TTGGTATGCTGAAAGAGTTGACTCAGCC,23,35
TTGGTATGCTGAAAGAGTTTACTCATCC,2,1
TTGGTATGCTGAAAGATTTTACTCAGCC,0,1
TTGGTATGCTGACACCTTTTAAACAACA,0,1
TTGGTATGCTGACAGCGGTGAAACAACA,0,38
TTGGTATGCTGACAGCTGTGAAACCCCA,0,1
TTGGTATGCTGACAGCTTTGAAACAACA,0,2
TTGGTATGCTTCGAGCGATGTGTCAAAG,19,0
TTGGTATGCTTCTAGTATTGAGTCAAAT,0,1
TTGGTATGCTTCTAGTTGTGTGTCAAAT,0,66
TTGGTATGCTTCTAGTTGTGTGTCCCAT,0,4
TTGGTATGCTTCTAGTTTTGTGTCCCCT,0,1
TTGGTATGCTTCTAGTTTTGTTTCACAT,0,1
TTGGTATGCTTCTAGTTTTTTTTCAAAT,0,1
TTGGTATTCTTCAAGGGGTGTATCAGAA,0,11
TTGGTATTCTTCAAGGTTTGTATCAGAA,0,2
TTGGTATTCTTTCAGCAATGCTTCATTA,33,23
TTGGTCAACTTCGAGTAATGCCACATCT,1,0
TTGGTCAACTTCGAGTATTGCCACATGT,54,54
TTGGTCAACTTCGAGTATTTCCACATTT,4,2
TTGGTCAACTTCGAGTATTTCCACCTGT,1,0
TTGGTCACCTATGAGAAGTGTTCCAGGG,36,28
TTGGTCACCTATGAGAAGTGTTCCAGTT,0,1
TTGGTCACCTATGAGAAGTGTTCCATTG,3,4
TTGGTCACCTATGAGAATTGTTCCAGGT,1,0
TTGGTCACCTATGAGAATTGTTCCAGTG,1,0
TTGGTCACCTATGAGAATTTTTCCATTT,0,1
TTGGTCATCTACCAGAGCTGACACACCG,43,34
TTGGTCATCTACCAGATCTTACACACCT,4,2
TTGGTCATCTATCAGGGGTGGATCACGC,0,34
TTGGTCATCTATCAGGGGTGTATCACTC,0,1
TTGGTCATCTATCAGGGTTGGATCACTC,0,2
TTGGTCATCTATCAGGTGTGGATCACTC,0,2
TTGGTCATCTATCAGGTTTTTATCACTC,0,1
TTGGTCATCTGCAAGGGGTGTCCCAGGT,0,25
TTGGTCATCTGCAAGGGTTGTCACATTT,0,1
TTGGTCATCTGCAAGGTGTGTCCCAGTT,0,2
TTGGTCATCTGCAAGGTTTGTCCCAGGT,0,4
TTGGTCATCTGCAAGGTTTTTCCCATTT,0,2
TTGGTCATCTTATAGATCTGACTCAGAG,55,23
TTGGTCATCTTATAGATCTGACTCATAT,3,2
TTGGTCATCTTATAGATCTTACTCATAG,0,1
TTGGTCATCTTGAAGCAATGCCCCAGTG,34,0
TTGGTCATCTTGAAGCAATTCCCCAGTT,2,0
TTGGTCATCTTGGAGGTTTGTTTCACGG,0,31
TTGGTCATCTTGGAGGTTTGTTTCACTT,0,2
TTGGTCATCTTGGAGGTTTTTTTCACTG,0,1
TTGGTCCCCTCGAAGTGGTGCCACACAA,0,1
TTGGTCCCCTCGAAGTGGTGGGACACAA,0,29
TTGGTCCCCTCGAAGTGGTGTTACACAA,0,3
TTGGTCCCCTCGAAGTTTTGTGACACAA,0,2
TTGGTCCCCTCGAAGTTTTTTTACACTA,0,1
TTGGTCCCCTCGTAGCTGTGGTCCACGA,14,39
TTGGTCCCCTCGTAGCTGTGTTCCACTA,2,0
TTGGTCCCCTCGTAGCTTTGTTCCACGA,1,1
TTGGTCCCCTCGTAGCTTTGTTCCCCTA,1,0
TTGGTCCCCTCTGAGTCTTGGTCCATGT,122,49
TTGGTCCCCTCTGAGTCTTGGTCCATTA,1,0
TTGGTCCCCTCTGAGTCTTGTTCCATTT,9,1
TTGGTCCCCTCTGAGTCTTGTTCCCTGT,1,0
TTGGTCCCCTCTGAGTCTTTGTCCATTT,1,1
TTGGTCCCCTCTGAGTCTTTTTCCATGT,2,0
TTGGTCCGCTCTCAGCGTTGTAGCATAG,1,0
TTGGTCCGCTTCTAGTTATGGTGCACCT,14,0
TTGGTCCGCTTCTAGTTATTTTTCACCT,3,0
TTGGTCCGCTTGAAGGCTTGCTTCATAG,1,0
TTGGTCCGCTTTAAGTTTTGAATCAATA,1,0
TTGGTCCGCTTTAAGTTTTGTATCATTA,99,90
TTGGTCCGCTTTAAGTTTTGTATCCTTC,0,1
TTGGTCCTCTTTGAGGACTGGAGCAGCC,0,35
TTGGTCCTCTTTGAGGACTGTATCAGCC,0,2
TTGGTCCTCTTTGAGGACTTGATCAGCC,0,1
TTGGTCCTCTTTGAGGACTTTATCATCC,0,7
TTGGTCGACTGGCAGGAGTGCATCACGA,29,41
TTGGTCGACTGGCAGGAGTGCATCCTGA,1,0
TTGGTCGACTGGCAGGATTGCATCACTA,1,1
TTGGTCGCCTGGTAGCGATGGATCAGGA,30,0
TTGGTCGCCTGGTAGCGATGGATCATTA,1,0
TTGGTCGCCTGGTAGCGATGTATCATGA,1,0
TTGGTCGCCTGGTAGCGATTTATCAGTA,1,0
TTGGTCGCCTGGTAGCTATGTATCAGGA,1,0
TTGGTCGCCTTCGAGTTGTGGATCACGG,0,22
TTGGTCGCCTTCGAGTTGTTGATCACGT,0,1
TTGGTCGCCTTCGAGTTTTGGATCACTG,0,1
TTGGTCGCCTTCGAGTTTTGTATCACTT,0,1
TTGGTCGGCTATAAGCGCTGGTACATGG,71,132
TTGGTCGGCTATAAGCGCTGTTACATTG,2,4
TTGGTCGGCTATAAGCGCTTGTACATGT,1,0
TTGGTCGGCTATAAGCGCTTTTACATTT,1,2
TTGGTCGGCTATAAGCTCTGGTACATGT,0,1
TTGGTCGGCTATAAGCTCTGGTACATTG,1,2
TTGGTCGGCTATAAGCTCTGGTACCTGG,0,1
TTGGTCGGCTATAAGCTCTGTTACATTT,2,0
TTGGTCGGCTATAAGCTCTTGTACATTT,3,12
TTGGTCGGCTATAAGCTCTTGTACCTGT,0,1
TTGGTCGGCTATAAGCTCTTTTACATGT,1,0
TTGGTCGGCTTACAGATATGGGCCATTA,39,0
TTGGTCGGCTTACAGATATGTGCCCTTA,1,0
TTGGTCGGCTTACAGATATGTGCTATTA,1,0
TTGGTCGGCTTACAGATATGTTCCATTA,6,0
TTGGTCGGCTTACAGATATTGTCCATTA,1,0
TTGGTCGGCTTACAGATATTTTCCATTC,1,0
TTGGTCGGCTTCGAGCCGTGAATCATGC,0,6
TTGGTCGTCTGAGAGGTCTGGGCCAATC,0,54
TTGGTCGTCTGAGAGGTCTGGGCCCCTC,0,1
TTGGTCGTCTGAGAGGTCTGTTCCAATC,0,9
TTGGTCGTCTGAGAGGTCTTTGCCAATC,0,1
TTGGTCGTCTGTGAGTCGTGATCCACGG,23,0
TTGGTCGTCTGTGAGTCGTGATCCACTT,1,0
TTGGTCGTCTTGGAGGCTTGCCGCATTG,23,59
TTGGTCGTCTTGGAGGCTTGCCTCCTTG,1,0
TTGGTCGTCTTGGAGGCTTTCCTCATTT,4,2
TTGGTCGTCTTTAAGTCATGCCTCACGT,0,24
TTGGTCGTCTTTAAGTCATTCCTCACTT,0,2
TTGGTCTACATGAAGATTTGGGACCCTA,1,0
TTGGTCTACTCACAGATTTGGCGCACGG,26,0
TTGGTCTACTCACAGATTTGTCGCACTG,3,0
TTGGTCTACTCACAGATTTGTCTCACGT,1,0
TTGGTCTACTCACAGATTTTGCTCACTG,1,0
TTGGTCTACTCACAGATTTTTCTCACGG,3,0
TTGGTCTACTCACAGATTTTTCTCACTT,5,0
TTGGTCTACTCGGAGCTGTGTGACAGTA,7,28
TTGGTCTACTCGGAGCTGTTTTACCGTA,0,1
TTGGTCTACTTCGAGTATTGCCACAATT,1,0
TTGGTCTACTTGAAGATTGGGGACCCTA,1,0
TTGGTCTACTTGAAGATTTCGGACCCTA,0,1
TTGGTCTACTTGAAGATTTGGGACACTA,396,305
TTGGTCTACTTGAAGATTTGGGACCCTC,2,1
TTGGTCTACTTGAAGATTTGGTACCCTA,1,0
TTGGTCTACTTGAAGATTTGTGACACTC,1,2
TTGGTCTACTTGAAGATTTGTGACCCTA,4,2
TTGGTCTACTTGAAGATTTTTTACACTA,60,27
TTGGTCTGCTAAGAGGAGTGTCACAGTA,0,35
TTGGTCTGCTAAGAGGATTTTCACATTA,0,2
TTGGTCTGCTGGTAGGGTTGTATCAGGT,38,0
TTGGTCTGCTGGTAGGTTTGTATCATTT,6,0
TTGGTCTTCTATAAGTTTTGTTGCAGAG,24,31
TTGGTCTTCTATAAGTTTTGTTGCCGAT,1,0
TTGGTCTTCTATAAGTTTTGTTGCCGCG,1,0
TTGGTCTTCTATAAGTTTTGTTTCATAG,1,2
TTGGTCTTCTATAAGTTTTTTTTCAGAG,0,2
TTGGTCTTCTATAAGTTTTTTTTCATAT,0,2
TTGGTCTTCTATTAGACGTCTTTCCGAT,1,0
TTGGTCTTCTATTAGACGTGGTGCAGAT,26,24
TTGGTCTTCTATTAGACGTGGTGCCGCT,1,0
TTGGTCTTCTATTAGACGTGGTTCATAT,2,1
TTGGTCTTCTATTAGACGTGTTGCATAT,1,0
TTGGTCTTCTATTAGACGTGTTGCCGAT,1,0
TTGGTCTTCTATTAGACGTTGTTCATCA,1,0
TTGGTCTTCTATTAGACGTTTTTCATAT,0,2
TTGGTCTTCTATTAGACTTCGAGCAGAT,0,1
TTGGTCTTCTATTAGACTTGGTGCATAT,2,1
TTGGTCTTCTATTAGACTTGTTTCATAT,2,0
TTGGTCTTCTATTAGACTTTGTTCAGAT,1,2
TTGGTGAACTGAAAGTCTTGCTTCATGC,47,0
TTGGTGAACTGAAAGTCTTTCTTCATTC,4,0
TTGGTGAACTTTTAGACGTGGGACATAT,25,0
TTGGTGAACTTTTAGACGTGTGACATAA,1,0
TTGGTGAACTTTTAGACGTGTTACATAT,1,0
TTGGTGAACTTTTAGACTTGTGACATAT,3,0
TTGGTGAACTTTTAGACTTTTTACATAT,1,0
TTGGTGACCTCCCAGTCATGGAGCAACA,28,80
TTGGTGACCTCCCAGTCATGGAGCACCC,0,1
TTGGTGACCTCCCAGTCATGGAGCCCCA,0,5
TTGGTGACCTCCCAGTCATTTATCAACA,4,16
TTGGTGACCTCGGAGCAGTGACCCATTA,27,27
TTGGTGACCTCGGAGCATTTACCCATTA,1,0
TTGGTGACCTGTGAGATGTGATTCATGA,1,0
TTGGTGACCTGTGAGTTGTGATGCATGA,111,0
TTGGTGACCTGTGAGTTGTGATTCATTA,5,0
TTGGTGACCTGTGAGTTGTTATTCATGA,2,0
TTGGTGACCTGTGAGTTTTGATTCATGA,2,0
TTGGTGACCTGTGAGTTTTTATTCATTA,1,0
TTGGTGACCTTTCAGTGATGCCGCAGGC,34,59
TTGGTGACCTTTCAGTGATGCCTCATGC,0,1
TTGGTGACCTTTCAGTGATTCCGCAGTC,3,8
TTGGTGACCTTTCAGTGATTCCGCATGC,0,1
TTGGTGACCTTTCAGTGATTCCTCAGGC,1,3
TTGGTGACCTTTCAGTGATTCCTCATTC,4,7
TTGGTGACCTTTCAGTTATTCCTCAGTC,0,1
TTGGTGAGCTACAAGCATTGTCGCATAG,0,36
TTGGTGAGCTACAAGCATTGTCGCCTCG,0,1
TTGGTGAGCTACAAGCATTGTCTCATAT,0,2
TTGGTGAGCTACAAGCATTGTCTCATCG,0,1
TTGGTGAGCTCGGAGATATGGTCCACCG,30,118
TTGGTGAGCTCGGAGATATGTTCCCCCG,0,1
TTGGTGAGCTCGGAGATATTTTCCACCT,4,14
TTGGTGAGCTCGGAGCATTGTGTCATTG,34,50
TTGGTGAGCTCGGAGCATTGTTTCATTT,3,0
TTGGTGAGCTCGGAGCATTGTTTCCTTG,0,1
TTGGTGAGCTCTGAGATATGGTCCCCCG,0,1
TTGGTGAGCTGCTAGTGTTGCTGCACAA,0,1
TTGGTGATCTCACAGACTTGGTTCATCA,77,50
TTGGTGATCTCACAGACTTGTTTCCTCA,2,0
TTGGTGATCTCACAGACTTTTTTCATCA,1,0
TTGGTGATCTGAGAGTATTGGCACAGTG,1,0
TTGGTGATCTGGTAGCCCTGAGTCATGT,41,10
TTGGTGATCTGGTAGCCCTTATTCATTT,0,1
TTGGTGATCTGTGAGTATTGTCACATTT,0,1
TTGGTGCACTGGCAGCGGTGGGCCAGCC,25,0
TTGGTGCACTGGCAGCGGTGTGCCATCC,2,0
TTGGTGCACTGGCAGCGTTGGTCCAGCC,1,0
TTGGTGCACTGGCAGCGTTGTGCCAGCC,3,0
TTGGTGCACTGGCAGCTTTTTTCCATCC,1,0
TTGGTGCGATGCTAGTGTTGCGGCCCTA,1,0
TTGGTGCGCTATCAGGATGGTTACCGCC,0,1
TTGGTGCGCTATCAGGATTGTTACAGCC,0,52
TTGGTGCGCTATCAGGATTGTTACCTCC,0,1
TTGGTGCGCTATCAGGATTTTTACATCC,0,1
TTGGTGCGCTCGTAGTGCTGCACCACTC,45,31
TTGGTGCGCTCGTAGTTCTTCACCACTC,1,2
TTGGTGCGCTGCAAGAACTGCCACACGT,34,32
TTGGTGCGCTGCAAGAACTTCCACACTT,0,4
TTGGTGCGCTGCTAGTGATGCGTCACTA,1,0
TTGGTGCGCTGCTAGTGTTGCGGCACTA,201,182
TTGGTGCGCTGCTAGTGTTGCGGCCCTC,3,0
TTGGTGCGCTGCTAGTGTTGCTGCCCTA,0,1
TTGGTGCGCTGCTAGTGTTGCTTCACTA,19,21
TTGGTGCGCTGCTAGTGTTTCGGCCCTA,0,1
TTGGTGCGCTGCTAGTGTTTCGTCACTA,6,6
TTGGTGCGCTGCTAGTGTTTCGTCCCTC,1,0
TTGGTGCGCTGCTAGTGTTTCTGCACTA,3,1
TTGGTGCGCTGCTAGTTTTGCGTCACTA,3,1
TTGGTGCGCTGCTAGTTTTTCTTCACTA,12,9
TTGGTGCGCTGGAAGCTCTGGGTCAGAT,0,34
TTGGTGCGCTGGAAGCTCTGTTTCAGAT,0,2
TTGGTGCGCTTATAGCTCTGAAGCCGTA,0,1
TTGGTGCGCTTATAGCTCTGATGCAGTT,50,191
TTGGTGCGCTTATAGCTCTGATTCATTT,4,9
TTGGTGCGCTTATAGCTCTGATTCCGTT,1,0
TTGGTGCGCTTATAGCTCTTATTCAGTT,1,2
TTGGTGCTCTGCTAGCATTGACTCAGCA,0,72
TTGGTGCTCTGCTAGCATTTACTCATCA,0,1
TTGGTGCTCTGTAAGGAGTGTTTCAACG,125,342
TTGGTGCTCTGTAAGGAGTGTTTCACCT,0,3
TTGGTGCTCTGTAAGGAGTGTTTCCACT,0,1
TTGGTGCTCTGTAAGGAGTGTTTCCCCG,5,7
TTGGTGCTCTGTAAGGAGTTTTTCAACT,0,6
TTGGTGCTCTGTAAGGATTGTTTCAACT,11,20
TTGGTGGACTTCAAGGTATGTGGCACTG,1,77
TTGGTGGACTTCAAGGTATGTTTCACTG,0,8
TTGGTGGACTTCAAGGTATTTTTCACTT,0,3
TTGGTGGCCTATCAGTACAGTTCCAAAC,1,0
TTGGTGGCCTATCAGTACTGTGCCAAAC,37,4
TTGGTGGCCTATCAGTACTGTGCCCCAC,4,0
TTGGTGGCCTATCAGTACTGTTCCCACC,1,0
TTGGTGGCCTATCAGTACTTTTCCAAAC,0,1
TTGGTGGCCTCGCAGGTGTGATCCACCT,0,1
TTGGTGGCCTCGCAGGTGTGTTCCACCG,191,316
TTGGTGGCCTCGCAGGTGTGTTCCCCCT,1,0
TTGGTGGCCTCGCAGGTTTTTTCCACCT,9,17
TTGGTGGCCTTAAAGTGAGGCTTCCTGT,0,1
TTGGTGGCCTTAAAGTGATGCTTCATGT,0,50
TTGGTGGCCTTAAAGTTATTCTTCATGT,0,1
TTGGTGGGCTAAGAGGCCGGTTTCCGGG,1,0
TTGGTGGGCTAAGAGGCCTGTTTCAGGG,66,37
TTGGTGGGCTAAGAGGCCTGTTTCAGTT,3,3
TTGGTGGGCTAAGAGGCCTGTTTCATGT,1,2
TTGGTGGGCTAAGAGGCCTGTTTCATTG,1,1
TTGGTGGGCTAAGAGGCCTGTTTCCGGT,1,0
TTGGTGGGCTAAGAGGCCTTTTTCATTT,1,1
TTGGTGGGCTACCAGTAATGCATCACCA,1,0
TTGGTGGGCTCGCAGTCGTGATGCAGGA,0,53
TTGGTGGGCTCGCAGTCGTGATTCATGA,0,3
TTGGTGGGCTCGCAGTCGTTATTCAGGA,0,1
TTGGTGGGCTCGCAGTCGTTATTCATGC,0,1
TTGGTGGGCTCGCAGTCGTTATTCATTA,0,1
TTGGTGGGCTCGCAGTCTTGATGCAGTA,0,1
TTGGTGGGCTCGCAGTCTTGATGCATGA,0,2
TTGGTGGGCTCGCAGTCTTGATTCATTA,0,3
TTGGTGGGCTGAGAGTAGAGACACACGC,1,0
TTGGTGGGCTGAGAGTAGTGAGTCACGC,76,0
TTGGTGGGCTGAGAGTAGTGATTCACTC,2,0
TTGGTGGGCTGAGAGTAGTTAGTCACTC,1,0
TTGGTGGGCTGAGAGTAGTTATTCACGC,1,0
TTGGTGGGCTGAGAGTATTTATTCACTC,5,0
TTGGTGGGCTGTTAGTTCTGCAGCAAAT,1,0
TTGGTGGGCTTTTAGGTCTGCAGCATTT,51,0
TTGGTGGGCTTTTAGGTCTGCATCATTA,1,0
TTGGTGGGCTTTTAGGTCTTCATCATTT,1,0
TTGGTGGTCTAAAAGTAGTGAAGCATCC,1,0
TTGGTGGTCTAAAAGTAGTGTTGCATCC,58,30
TTGGTGGTCTAAAAGTAGTTTTTCATCC,1,0
TTGGTGGTCTAAAAGTATTGTTTCATCC,0,2
TTGGTGGTCTAACAGCTGTGAACCATAA,0,37
TTGGTGGTCTAACAGCTGTGAACCCTCC,0,1
TTGGTGGTCTTGGAGGATTGGGACACTT,1,2
TTGGTGGTCTTTTAGATATTTTCCATGC,0,1
TTGGTGTGCTAGGAGCGCTGTAACAGTG,45,0
TTGGTGTGCTAGGAGCTCTGTAACAGTT,1,0
TTGGTGTGCTAGGAGCTCTTTAACATTT,1,0
TTGGTGTGCTGAAAGATTTGCCTCACCC,0,1
TTGGTGTGCTGCAAGATTTGAGTCACGA,25,0
TTGGTGTGCTGCAAGATTTGATTCACTA,1,0
TTGGTGTGCTGCAAGATTTTAGTCACTA,1,0
TTGGTGTGCTGGTAGCATTGATGCATTA,0,37
TTGGTGTGCTGGTAGCATTTATTCATTA,0,2
TTGGTGTGCTGTAAGTCATGCATCAATC,0,41
TTGGTGTGCTGTAAGTCATGCATCCCTC,0,1
TTGGTGTGCTGTAAGTCATTCATCACTC,0,1
TTGGTGTGCTTACAGGCCGGGTACCGAG,0,1
TTGGTGTGCTTACAGGCCTGGTACAGAG,0,34
TTGGTGTGCTTACAGGCCTGTTACAGAT,0,1
TTGGTGTGCTTACAGGCCTGTTACATAG,0,3
TTGGTGTGCTTTTAGATTTGAAGCAATC,37,0
TTGGTGTTCTCGCAGGAGTGGGACAGTG,0,31
TTGGTGTTCTCGCAGGAGTGTTACCGTG,0,1
TTGGTGTTCTCGCAGGATTTTTACCGTG,0,1
TTGGTGTTCTTGTAGCGTTGGGTCACAG,22,0
TTGGTGTTCTTGTAGCGTTGGGTCCCCG,1,0
TTGGTGTTCTTTAAGGCGTGGGTCAGAA,0,58
TTGGTGTTCTTTAAGGCGTGGGTCCGCA,0,1
TTGGTGTTCTTTAAGGCGTGTTTCAGAA,0,3
TTGGTGTTCTTTAAGGCGTTGTTCAGAA,0,1
TTGGTGTTCTTTAAGGCGTTTTTCATAA,0,1
TTGGTGTTCTTTAAGGCTTGTGTCAGAA,0,3
TTGGTGTTCTTTAAGGCTTGTTTCATAA,0,1
TTGGTGTTCTTTAAGGCTTTTTTCAGAA,0,3
TTGGTTAACTAGCAGTGATGTAGCACAA,1,0
TTGGTTACCTAGCAGTGATGGCGCACAA,28,15
TTGGTTACCTAGCAGTGATTTCTCACAA,1,6
TTGGTTACCTAGCAGTTATGTCGCACAA,1,0
TTGGTTACCTCACAGTCGTGTCACAGCA,0,1
TTGGTTACCTCACAGTGGGGTCACCGGA,0,1
TTGGTTACCTCACAGTGGTGTCACAGGA,130,255
TTGGTTACCTCACAGTGGTGTCACATTA,3,9
TTGGTTACCTCACAGTGGTGTCACCGGC,0,1
TTGGTTACCTCACAGTGTTGTCACAGTA,1,8
TTGGTTACCTCACAGTGTTGTCACCGGA,0,2
TTGGTTACCTCACAGTGTTTTCACAGGA,2,4
TTGGTTACCTCACAGTTGTGTCACAGTA,1,3
TTGGTTACCTCACAGTTGTTTCACATGA,0,1
TTGGTTACCTCACAGTTTTGTCACATGA,7,11
TTGGTTACCTCACAGTTTTTTCACATTA,13,16
TTGGTTAGCTAGTAGTTTTGTGACACCG,0,26
TTGGTTAGCTAGTAGTTTTTTGACACCT,0,2
TTGGTTAGCTATAAGGGCTGGTCCATTG,50,0
TTGGTTAGCTATAAGGGCTTTTCCCTTG,1,0
TTGGTTAGCTATAAGGTCTGTTCCATTT,4,0
TTGGTTAGCTATAAGGTCTTTTCCATTG,1,0
TTGGTTAGCTTGCAGCTGTGACCCACTT,1,2
TTGGTTATCTCCCAGAGTTGATTCAAAG,0,36
TTGGTTATCTCCCAGAGTTGATTCCCCG,0,1
TTGGTTATCTCCCAGATTTTATTCAAAT,0,1
TTGGTTATCTGAGAGGTGTGGACCACTT,106,97
TTGGTTATCTGAGAGGTGTTGACCACTA,1,0
TTGGTTATCTGAGAGGTGTTTACCACTT,10,0
TTGGTTATCTGAGAGGTTTGTACCACTA,0,1
TTGGTTATCTGAGAGGTTTGTACCCCTT,1,2
TTGGTTATCTGAGAGGTTTTGACCACTT,1,0
TTGGTTATCTGAGATGTTTTTACCACTT,0,1
TTGGTTATCTGTGAGGTGTGTACCACAA,1,0
TTGGTTATCTGTTAGATCTGTATCACAG,1,0
TTGGTTCGCACCTAGGTGTGTGGCACGC,0,1
TTGGTTCGCTCCTAGGTGTGGGGCACGC,14,27
TTGGTTCGCTCCTAGGTGTGGGTCACTC,0,1
TTGGTTCGCTCCTAGGTGTGTGGCACTC,1,1
TTGGTTCGCTCCTAGGTGTGTTGCACGC,1,2
TTGGTTCGCTCCTAGGTGTTTTTCACTC,1,3
TTGGTTCGCTCCTAGGTTTGGGTCACGC,1,0
TTGGTTCGCTCCTAGGTTTGTTGCACTC,0,2
TTGGTTCTCTCAGAGCGCTGCTCCATCT,1,0
TTGGTTCTCTCAGAGGGCTGGTGCATCG,54,0
TTGGTTCTCTCAGAGGGCTGGTGCCTCT,1,0
TTGGTTCTCTCAGAGGGCTGTTTCATCG,7,0
TTGGTTCTCTCAGAGGGCTTTTGCATCG,1,0
TTGGTTCTCTCAGAGGGCTTTTTCATCT,2,0
TTGGTTCTCTCAGAGGTCTGGTTCATCG,2,0
TTGGTTCTCTCGAAGATATGAAACATTT,24,0
TTGGTTCTCTCTGAGCATATTCTCACTT,1,0
TTGGTTCTCTCTGAGCATTGGCTCACTG,23,25
TTGGTTCTCTCTGAGCATTGGCTCCCTT,1,0
TTGGTTCTCTCTGAGCATTGTCTCACTT,0,1
TTGGTTCTCTCTGAGCATTTTCTCACTG,2,3
TTGGTTGACTCCAAGTGATGTTGCAAGG,0,29
TTGGTTGACTCCAAGTGATGTTGCAATT,0,1
TTGGTTGACTCCAAGTGATGTTGCCCGG,0,1
TTGGTTGACTCCAAGTGATGTTTCAATG,0,1
TTGGTTGACTCCAAGTTATGTTGCAATG,0,1
TTGGTTGACTCCAAGTTATGTTTCAAGT,0,1
TTGGTTGACTCCAAGTTATTTTTCAATT,0,1
TTGGTTGACTCCTAGCGTTGCTGCATTA,69,0
TTGGTTGACTCCTAGCTTTTCTTCATTA,3,0
TTGGTTGACTGGTAGCTATTCTCCAATT,0,1
TTGGTTGACTTATAGCTATGAAACATGA,1,0
TTGGTTGACTTATAGCTTTGTATCATGA,0,1
TTGGTTGCCTACTAGGAGTGGCACAATG,38,0
TTGGTTGCCTACTAGGAGTGTCACAATT,2,0
TTGGTTGCCTTCGAGGGTTGGAGCAATC,0,46
TTGGTTGCCTTCGAGGTTTGTAGCAATC,0,1
TTGGTTGCCTTCGAGGTTTTGATCAATC,0,1
TTGGTTGGCTCCAAGATCTGCGGCATTT,0,5
TTGGTTGGCTCCAAGATCTGCTTCATTT,0,1
TTGGTTGGCTCCAAGATCTTCTGCATTT,0,1
TTGGTTGGCTGAGAGGCATGGGGCACCT,0,22
TTGGTTGGCTGAGAGGCATGTTTCACCT,0,7
TTGGTTGGCTGAGAGGCATTGGTCACCT,0,1
TTGGTTGGCTGTTAGAGGTGTAACAGTA,33,0
TTGGTTGGCTGTTAGAGGTTTAACCTTA,1,0
TTGGTTGGCTGTTAGAGTTGTAACATTA,1,0
TTGGTTGGCTTCGAGCTATGTTGCACAT,27,0
TTGGTTGGCTTCGAGCTATTTTTCACAT,1,0
TTGGTTGTCTCTAAGCGGTGTCGCATCG,0,22
TTGGTTGTCTCTAAGCGTTGTCGCATCT,0,2
TTGGTTGTCTCTAAGCTGTGTCTCATCT,0,1
TTGGTTGTCTCTAAGCTTTGTCTCATCG,0,2
TTGGTTGTCTGGAAGGCATGACCCCCAA,0,1
TTGGTTGTCTGGAAGGCATGATCCACAA,77,41
TTGGTTGTCTGGAAGGCATGATCCCCAC,1,0
TTGGTTGTCTGGCAGCGATTCGCCAATT,0,1
TTGGTTGTCTGGTAGCGATGCGCCAAGG,76,106
TTGGTTGTCTGGTAGCGATGCGCCAATT,0,1
TTGGTTGTCTGGTAGCGATGCGCCCCGG,0,1
TTGGTTGTCTGGTAGCGATGCTCCAAGT,0,1
TTGGTTGTCTGGTAGCGATTCGCCAAGT,0,2
TTGGTTGTCTGGTAGCGATTCGCCAATG,2,6
TTGGTTGTCTGGTAGCGATTCTCCAAGG,4,12
TTGGTTGTCTGGTAGCGATTCTCCAATT,6,6
TTGGTTGTCTGGTAGCTATGCGCCAATG,1,0
TTGGTTGTCTGGTAGCTATGCTCCAAGG,1,0
TTGGTTGTCTGGTAGCTATGCTCCCCGT,1,0
TTGGTTGTCTGGTAGCTATTCGCCAAGG,0,1
TTGGTTGTCTGGTAGCTATTCGCCAATT,1,0
TTGGTTGTCTGGTAGCTATTCTCCAAGT,1,1
TTGGTTGTCTGGTAGCTATTCTCCCCGG,1,1
TTGGTTGTCTGTAAGGTCTGGAGCACCT,0,35
TTGGTTGTCTTCGAGTAATGTCGCAAAC,1,0
TTGGTTTACTATGAGTGCTGACGCAGTT,86,72
TTGGTTTACTATGAGTGCTTACTCATTT,5,3
TTGGTTTACTATGAGTTCTGACTCAGTT,3,6
TTGGTTTGCTACAAGGCTTGTACCATCG,1,0
TTGGTTTGCTGGTAGTAGTGTGGCAGCG,25,39
TTGGTTTGCTGGTAGTAGTGTGGCCTCG,0,1
TTGGTTTGCTGGTAGTAGTGTGTCAGCT,1,3
TTGGTTTGCTGGTAGTAGTGTTTCAGCG,0,4
TTGGTTTGCTGGTAGTAGTTTGTCATCT,0,2
TTGGTTTGCTGGTAGTATTGTGTCAGCG,0,1
TTGGTTTGCTGGTAGTATTTTTTCATCT,0,2
TTGGTTTTCTTTCAGCTGTGAAACATCA,24,0
TTGGTTTTCTTTCAGCTTTTAAACATCA,1,0
TTGTTATGATGAAAGAGTTGACTCAGCC,0,1
TTTATCTTCTAGCAGCCCTTCCTCACTT,1,0
TTTCTACGCTCGCAGGTTTGAATCCCAC,1,0
TTTCTGCGCTCACAGCTATGTGACACAG,0,1
TTTGAGCTCTAGGAGGAATTCACCACGC,0,1
TTTGATATCTGGTAGAAATTTGTCAACT,0,1
TTTGTAAACTCGGAGTGTTGAGGCACTT,18,0
TTTGTAAACTCGGAGTGTTGATTCACTT,5,0
TTTGTAAACTGGAAGAGTTGAGTCATTC,0,13
TTTGTAAACTGGAAGATTTGATTCATTC,0,1
TTTGTAAGCTTGAAGGTCTGTTGCACTA,30,27
TTTGTAAGCTTGAAGGTCTTTTTCACTA,1,1
TTTGTAATCTCCTAGTCATGCTGCATCG,0,4
TTTGTAATCTCCTAGTCATTCTGCATCT,0,1
TTTGTAATCTTTAAGCTCTGCTCCATCA,1,0
TTTGTAATCTTTAAGTTCTGGGTCACTC,19,14
TTTGTAATCTTTAAGTTCTGTGTCCCTC,0,1
TTTGTAATCTTTAAGTTCTGTTTCACTC,1,2
TTTGTAATCTTTAAGTTCTTTGTCACTC,1,0
TTTGTACCATTTAAGTTGTTTGCCATAG,0,1
TTTGTACCCTGACAGACATGCTTCACAA,1,0
TTTGTACCCTTTAAGTTGTGTGCCATAG,245,281
TTTGTACCCTTTAAGTTGTGTGCCCTAT,1,0
TTTGTACCCTTTAAGTTGTGTGCCCTCG,3,3
TTTGTACCCTTTAAGTTGTTTTCCATAT,7,9
TTTGTACCCTTTAAGTTTTGTGCCATAT,0,8
TTTGTACCCTTTAAGTTTTGTGCCCTAG,1,0
TTTGTACCCTTTAAGTTTTGTTCCATAG,2,7
TTTGTACCCTTTAAGTTTTGTTCCCTCG,1,0
TTTGTACGCTATTAGGGCTGATACATGC,16,31
TTTGTACGCTATTAGGTCTGATACATTC,4,3
TTTGTACGCTATTAGGTCTGATACCTGC,0,1
TTTGTACGCTCGAAGGAATGACGCAACC,1,0
TTTGTACGCTCGCAGGTTTGAAGCAAAC,66,44
TTTGTACGCTCGCAGGTTTGAAGCCCCC,1,0
TTTGTACGCTCGCAGGTTTTAAGCCCAC,1,0
TTTGTACGCTCGCAGGTTTTAATCAAAC,2,1
TTTGTACGCTGTAAGCGGTGCCTCACGT,0,125
TTTGTACGCTGTAAGCGTTTCCTCACGT,0,3
TTTGTACGCTGTAAGCTTTGCCTCACTT,0,9
TTTGTACGCTTTTAGGTCTGGGGCACTT,22,11
TTTGTACGCTTTTAGGTCTGTTTCACTT,5,0
TTTGTACGCTTTTAGGTCTTGTGCACTT,1,0
TTTGTACTCTAAGAGATATGTTCCACAG,1,0
TTTGTAGACTGAGAGAGGTGTTCCATGA,0,66
TTTGTAGACTGAGAGAGGTGTTCCCTGC,0,1
TTTGTAGACTGAGAGATTTGTTCCATGA,0,1
TTTGTAGACTGAGAGATTTTTTCCATTA,0,2
TTTGTAGACTTAAAGGTGTGGCCCATCG,28,0
TTTGTAGACTTAAAGGTGTGTCCCATCT,7,0
TTTGTAGACTTAAAGGTTTGTCCCATCG,1,0
TTTGTAGACTTAAAGGTTTTTCCCATCT,2,0
TTTGTAGGCTAGTAGCGTTGCGCCATCA,36,0
TTTGTAGGCTAGTAGCGTTGCGCCCTCC,1,0
TTTGTAGGCTAGTAGCTTTGCTCCATCA,6,0
TTTGTAGGCTAGTAGCTTTTCTCCCTCA,1,0
TTTGTAGTCTCCGAGAGTTGTTGCAACA,59,0
TTTGTAGTCTCCGAGAGTTGTTGCACCC,1,0
TTTGTAGTCTCCGAGAGTTGTTGCCCCA,5,0
TTTGTAGTCTCCGAGAGTTTTTTCAACA,1,0
TTTGTAGTCTTCCAGTCCTGTCTCACCT,39,0
TTTGTATACTTGTAGTGGTGTAGCACTG,25,83
TTTGTATACTTGTAGTGGTTTAGCACTT,0,1
TTTGTATACTTGTAGTGGTTTATCACTG,0,1
TTTGTATACTTGTAGTGTTGTATCACTT,1,2
TTTGTATACTTGTAGTTTTGTATCACTG,0,4
TTTGTATACTTGTAGTTTTTTATCACTT,0,1
TTTGTATTCTGAAAGGGATGAATCATTC,0,43
TTTGTATTCTGAAAGGTATTAATCATTC,0,2
TTTGTATTCTTAGAGTGGTGTGGCAGAT,0,17
TTTGTATTCTTAGAGTGGTGTGTCCGCT,0,1
TTTGTATTCTTAGAGTGGTGTTTCATAT,0,1
TTTGTATTCTTAGAGTGTTGTGTCAGAT,0,1
TTTGTATTCTTAGAGTTGTGTGTCATAT,0,1
TTTGTATTCTTAGAGTTGTGTTGCATAT,0,1
TTTGTATTCTTAGAGTTTTTTTTCATAT,0,1
TTTGTATTCTTTTAGTGGTGCTCCAAGT,0,15
TTTGTCAACTCGAAGGCGTGCTTCAAGC,22,0
TTTGTCAACTCGAAGGCTTGCTTCAATC,2,0
TTTGTCACCTGTGAGGCGTGACCCAGGC,0,19
TTTGTCACCTGTGAGGCGTGACCCATTC,0,1
TTTGTCACCTGTGAGGCTTGACCCATGC,0,1
TTTGTCCACTGCTAGGGCTGACGCATGT,0,27
TTTGTCCACTGCTAGGGCTGACTCATTT,0,1
TTTGTCCACTGCTAGGGCTTACGCATTT,0,1
TTTGTCCACTGCTAGGTCTGACGCATGA,0,1
TTTGTCCACTGCTAGGTCTGACGCCTGT,0,1
TTTGTCCACTGCTAGGTCTGACTCATGT,0,3
TTTGTCCACTGCTAGGTCTTACTCATTT,0,2
TTTGTCCCCTGTTAGCCATGACCCAATC,0,1
TTTGTCCGCTGTGAGGTTTGGGGCAGGG,18,15
TTTGTCCGCTGTGAGGTTTGGGTCAGTG,0,2
TTTGTCCGCTGTGAGGTTTGGTGCAGTG,0,1
TTTGTCCGCTGTGAGGTTTGTGGCAGGT,0,1
TTTGTCCGCTGTGAGGTTTGTTGCAGGG,2,2
TTTGTCCGCTGTGAGGTTTGTTTCAGTG,1,1
TTTGTCCGCTGTGAGGTTTTTTTCATTG,1,1
TTTGTCCTCTATCAGTAGAGATCCAATC,1,1
TTTGTCCTCTATCAGTAGTGAGCCAATC,653,500
TTTGTCCTCTATCAGTAGTGAGCCCCTC,16,11
TTTGTCCTCTATCAGTAGTGATCCAAAC,1,1
TTTGTCCTCTATCAGTAGTGATCCACTC,2,1
TTTGTCCTCTATCAGTAGTGATCCCATC,0,1
TTTGTCCTCTATCAGTAGTTATCCCCTC,0,1
TTTGTCCTCTATCAGTATTGATCCCCTC,0,1
TTTGTCCTCTATCAGTATTTATCCAATC,47,45
TTTGTCGACTTAGAGTTATGACTCAAGT,0,41
TTTGTCGACTTAGAGTTATTACTCAATT,0,3
TTTGTCGGCTAATAGAGCTGTGGCATGG,58,0
TTTGTCGGCTAATAGAGCTGTGTCATGT,2,0
TTTGTCGGCTAATAGAGCTGTGTCATTG,3,0
TTTGTCGGCTAATAGAGCTGTTGCATGT,1,0
TTTGTCGGCTAATAGAGCTGTTTCATTT,2,0
TTTGTCGGCTAATAGAGCTTTGGCATTT,1,0
TTTGTCGGCTAATAGATCTGTGGCATTG,1,0
TTTGTCGGCTAATAGATCTGTGTCATGG,1,0
TTTGTCGGCTAATAGATCTGTTTCATTG,1,0
TTTGTCGGCTAATAGATCTTTTTCATTT,1,0
TTTGTCGTCTATCAGTATTGATCCAATC,1,0
TTTGTCGTCTGGAACACGTGAAACAGTT,1,0
TTTGTCTACTACGAGTTGTGTGTCATTC,0,33
TTTGTCTACTACGAGTTTAGTTTCATTC,0,1
TTTGTCTACTCGCAGTAATGTCACAGTG,0,37
TTTGTCTACTCGCAGTAATTTCACATTG,0,1
TTTGTCTACTTCTAGATTTGATACACTC,1,0
TTTGTCTCCTGCGAGGTATGTTGCAATT,22,0
TTTGTCTTCTAGCAGCCCTGCCGCACGT,81,25
TTTGTCTTCTAGCAGCCCTGCCTCACTT,5,3
TTTGTCTTCTAGCAGCCCTGCCTCCCGT,0,2
TTTGTCTTCTAGCAGCCCTTCCGCACTT,1,0
TTTGTCTTCTAGCAGCCCTTCCTCACGT,0,1
TTTGTGACCTCACAGCGATGGTGCAGGG,19,33
TTTGTGACCTCACAGCGATGGTTCAGTG,0,1
TTTGTGACCTCACAGCGATTTTTCAGTT,1,0
TTTGTGACCTCACAGCTATGTTTCAGTG,0,1
TTTGTGACCTCACAGCTATTGTGCATTT,1,0
TTTGTGACCTCACAGCTATTTTGCAGTT,0,1
TTTGTGACCTTGGAGATATGTCTCATAT,0,1
TTTGTGACCTTTGAGGGCGCATTCCGAC,1,0
TTTGTGACCTTTGAGGGCTGATTCAGAC,111,223
TTTGTGACCTTTGAGGGCTGATTCCGCC,2,5
TTTGTGACCTTTGAGGGCTTATTCATAC,1,1
TTTGTGACCTTTGAGGTCTGATTCATAC,6,9
TTTGTGACCTTTGAGGTCTTATTCAGAC,1,3
TTTGTGAGCTAACAGCTATGTTACACAG,1,0
TTTGTGATCTGAGAGTATTGTCACATTT,0,1
TTTGTGATCTGGAAGATATGGAACACTG,315,221
TTTGTGATCTGGAAGATATGGACCACAG,0,1
TTTGTGATCTGGAAGATATGTAACCCTG,2,1
TTTGTGATCTGGAAGATATTTAACACTT,18,16
TTTGTGATCTGGAGGATATGTAACACTG,0,1
TTTGTGATCTGTGAGTAGTGGATCAGGC,16,0
TTTGTGATCTGTGAGTAGTGTATCAGTC,2,0
TTTGTGATCTGTGAGTATTGTATCATTC,2,0
TTTGTGCACTCTTAGGTATGTATCAGTC,1,0
TTTGTGCCCTCATAGACTTGTGGCATTT,0,13
TTTGTGCCCTCATAGACTTTTGTCATTT,0,1
TTTGTGCGCTCACAGCTAGGGGACCCAG,0,2
TTTGTGCGCTCACAGCTATGGGACACAG,604,333
TTTGTGCGCTCACAGCTATGGGACCCCG,8,7
TTTGTGCGCTCACAGCTATGGTACACAT,2,2
TTTGTGCGCTCACAGCTATGGTACCCAG,3,1
TTTGTGCGCTCACAGCTATGTGACACAT,4,3
TTTGTGCGCTCACAGCTATGTGACACCG,0,3
TTTGTGCGCTCACAGCTATGTGACCCAG,2,3
TTTGTGCGCTCACAGCTATGTTACACAG,57,28
TTTGTGCGCTCACAGCTATGTTACCCAT,3,0
TTTGTGCGCTCACAGCTATGTTACCCCG,2,0
TTTGTGCGCTCACAGCTATTGGACACAT,1,0
TTTGTGCGCTCACAGCTATTGTACACAG,3,0
TTTGTGCGCTCACAGCTATTTGACACAG,9,2
TTTGTGCGCTCACAGCTATTTTACACAT,11,9
TTTGTGCGCTCCAAGTAGTGATTCAAGA,1,0
TTTGTGCGCTCCAAGTTGTGATTCATGA,59,0
TTTGTGCGCTCCAAGTTGTTATTCATTA,1,0
TTTGTGCGCTCCAAGTTTTGATTCATTA,2,0
TTTGTGCGCTGTGAGGTTTTGTACACAT,0,1
TTTGTGCGCTTTAAGCAGTCTGACCGTA,1,0
TTTGTGCGCTTTAAGCAGTGGGACAGTA,45,41
TTTGTGCGCTTTAAGCAGTGTGACATTA,2,0
TTTGTGCGCTTTAAGCAGTGTTACAGTA,2,7
TTTGTGCGCTTTAAGCATTGTTACATTA,1,1
TTTGTGCTCTAGGAGGAATGCACCACGC,0,57
TTTGTGCTCTAGGAGGAATTCACCACTC,0,1
TTTGTGCTCTAGGAGGAATTCACCCCGC,0,1
TTTGTGCTCTAGGAGTAATGCACCACTC,0,1
TTTGTGCTCTCAAAGTTGTGATTCATTA,1,0
TTTGTGCTCTGAGAGGCTAGGTGCATGG,1,0
TTTGTGCTCTGAGAGGCTTGGTGCAGGG,36,10
TTTGTGCTCTGAGAGGCTTGTTGCAGTG,1,1
TTTGTGCTCTGAGAGGCTTGTTTCAGGT,1,0
TTTGTGCTCTGAGAGGCTTGTTTCATTG,1,0
TTTGTGCTCTGAGAGGCTTTTTTCATTT,2,1
TTTGTGCTCTGAGAGTCTTGTTTCATCG,1,0
TTTGTGCTCTGTAAGATCATCCTCCGCC,0,1
TTTGTGCTCTGTAAGATCTGCCTCAGCC,0,51
TTTGTGCTCTGTAAGATCTTCCTCATCC,0,2
TTTGTGGACTAGAAGTGTTGTGACAAAG,29,0
TTTGTGGACTAGTAGCCTTGAGTCACAT,14,0
TTTGTGGACTAGTAGCCTTTATTCACAT,1,0
TTTGTGGACTGAAAGATTTGACCCAACT,0,1
TTTGTGGCCTTCAAGCGGTGCGACATGA,98,32
TTTGTGGCCTTCAAGCGGTGCTACATTA,1,1
TTTGTGGCCTTCAAGCTGTGCTACATGA,3,2
TTTGTGGCCTTCAAGCTTTGCGACATTA,1,0
TTTGTGGCCTTCAAGCTTTGCGACCTGA,1,0
TTTGTGGCCTTCAAGCTTTGCTACCTTA,0,1
TTTGTGGCCTTCAAGCTTTTCGACATGA,1,0
TTTGTGGCCTTCAAGCTTTTCTACATTA,5,4
TTTGTGGGCTACAAGCATTGCGACACAC,22,0
TTTGTGGGCTACAAGCATTGCGACCCCC,1,0
TTTGTGGGCTACAAGCATTGCTACACCC,1,0
TTTGTGGGCTACAAGCATTTCTACACAC,2,0
TTTGTGGGCTCGAAGTGATGATCCACCG,0,9
TTTGTGGGCTCGGAGGTATGAGGCATTG,15,0
TTTGTGGGCTGAAAGTAGTGCTACAGGA,53,46
TTTGTGGGCTGAAAGTAGTGCTACATTA,2,3
TTTGTGGGCTGAAAGTAGTTCTACAGTA,0,1
TTTGTGGGCTGAAAGTATTGCTACAGTA,0,1
TTTGTGGGCTGAAAGTATTGCTACATGA,0,1
TTTGTGGGCTGAAAGTATTTCTACATTA,1,0
TTTGTGGGCTGGGAGTGTTGCATCATTG,52,10
TTTGTGGGCTGGGAGTGTTGCATCCTTT,1,0
TTTGTGGGCTGGGAGTGTTTCATCATTT,2,0
TTTGTGGGCTGTGAGGGTTGGGACACAG,143,70
TTTGTGGGCTGTGAGGGTTGGGACCCCG,4,1
TTTGTGGGCTGTGAGGGTTGTGACACAT,2,0
TTTGTGGGCTGTGAGGGTTGTGACCCAG,1,0
TTTGTGGGCTGTGAGGGTTGTTACACAG,8,2
TTTGTGGGCTGTGAGGGTTTGTACACAG,1,0
TTTGTGGGCTGTGAGGGTTTTGACACAG,2,0
TTTGTGGGCTGTGAGGGTTTTTACACAT,2,1
TTTGTGGGCTGTGAGGTTTGGGACCCAG,0,1
TTTGTGGGCTGTGAGGTTTGGTACACAG,1,0
TTTGTGGGCTGTGAGGTTTGGTACCCAT,1,0
TTTGTGGGCTGTGAGGTTTGTGACACAG,2,0
TTTGTGGGCTGTGAGGTTTGTTACACAT,6,3
TTTGTGGGCTGTGAGGTTTTGGACACAG,1,0
TTTGTGGGCTGTGAGGTTTTTTACACAG,4,0
TTTGTGGGCTGTGAGTGTTGGGACACAT,0,1
TTTGTGGGCTGTGAGTTTTTTTACACAT,1,0
TTTGTGGGCTGTTAGGGTTGGTCCACAG,1,0
TTTGTGGTCTCGCAGCTAGGAGGCCGCC,1,0
TTTGTGGTCTCGCAGCTATGAGGCAGCC,89,93
TTTGTGGTCTCGCAGCTATGAGTCATCC,2,4
TTTGTGGTCTCGCAGCTATGATGCATCC,2,3
TTTGTGGTCTCGCAGCTATGATGCCGCC,0,1
TTTGTGGTCTCGCAGCTATGATTCAGCC,6,6
TTTGTGGTCTCGCAGCTATTATTCATCC,0,2
TTTGTGGTCTCGCAGCTATTATTCCGCC,1,0
TTTGTGGTCTGGGAGAATTGTTTCAGTT,27,0
TTTGTGGTCTGGTAGACGGGAAACCGTG,1,0
TTTGTGGTCTGGTAGACGTGAAACAGTG,141,77
TTTGTGGTCTGGTAGACGTGAAACATTT,0,1
TTTGTGGTCTGGTAGACGTTAAACAGTT,1,0
TTTGTGGTCTGGTAGACGTTAAACATTG,1,0
TTTGTGGTCTGGTAGACTTGAAACAGTT,5,1
TTTGTGGTCTGGTAGACTTGAAACATTG,1,1
TTTGTGGTCTGGTAGACTTGCAACATTT,1,0
TTTGTGGTCTGGTAGACTTTAAACAGTG,1,0
TTTGTGGTCTGGTAGACTTTAAACATTT,0,1
TTTGTGTACTGCTAGTAGTGAACCACCC,0,1
TTTGTGTACTGCTAGTAGTGATCCAAAC,18,14
TTTGTGTACTGCTAGTAGTGATCCCCCC,1,2
TTTGTGTACTGCTAGTATTTATCCAAAC,0,1
TTTGTGTACTGTAAGCGCTGGGGCACCT,51,0
TTTGTGTACTGTAAGCGCTGTGTCACCT,6,0
TTTGTGTACTGTAAGCGCTGTTGCACCT,1,0
TTTGTGTACTGTAAGCTCTGTTTCACCT,2,0
TTTGTGTACTGTAAGCTCTTGGTCACCT,1,0
TTTGTGTACTGTGAGCGTTGATTCACCT,1,0
TTTGTGTCCTAGGAGTCGTGCGTCACCG,0,1
TTTGTGTCCTGTGAGCCTTTAGACACCT,0,1
TTTGTGTCCTGTGAGCGTTGAGTCACCT,24,49
TTTGTGTCCTGTGAGCGTTTATTCACCT,1,2
TTTGTGTCCTGTGAGCTTTGATTCACCT,0,4
TTTGTGTCCTGTGAGCTTTTAGTCACCT,1,0
TTTGTGTGCTACGAGTATTGATTCACTC,0,1
TTTGTGTTCTGGTAGATATGTGTCAACT,0,1
TTTGTGTTCTTAAAGTATTGTGCCATCT,23,15
TTTGTGTTCTTAAAGTATTTTTCCATCT,2,0
TTTGTTAGCTCTCAGTTCTGGTACACCG,0,19
TTTGTTAGCTCTCAGTTCTTTTACACCT,0,1
TTTGTTAGCTGTGAGACTTGGCCCATCA,18,29
TTTGTTAGCTGTGAGACTTGTCCCCTCA,0,1
TTTGTTAGCTGTGAGACTTTTCCCATCA,1,3
TTTGTTAGCTTGCAGATTTGATGCATTT,0,22
TTTGTTATCTCGCAGGCATGTTCCAGGG,4,37
TTTGTTATCTCGCAGGCATGTTCCAGTT,0,1
TTTGTTATCTCGCAGGCATTTTCCATTT,0,3
TTTGTTATCTGAGAGACTTTATTCATTA,0,1
TTTGTTATCTGCCAGACATGGAACATCC,34,0
TTTGTTATCTGCCAGACATTTAACATCC,3,0
TTTGTTATCTGGTAGAAATGCTGCAACG,1,0
TTTGTTATCTGGTAGAAATGGGGCAACG,123,77
TTTGTTATCTGGTAGAAATGGGGCCCCG,5,0
TTTGTTATCTGGTAGAAATGGTGCCACG,0,1
TTTGTTATCTGGTAGAAATGGTTCAACT,1,0
TTTGTTATCTGGTAGAAATGTGTCAACT,3,0
TTTGTTATCTGGTAGAAATGTTGCAACT,5,4
TTTGTTATCTGGTAGAAATGTTTCAACG,19,13
TTTGTTATCTGGTAGAAATGTTTCCCCT,2,1
TTTGTTATCTGGTAGAAATTGGTCAACT,1,0
TTTGTTATCTGGTAGAAATTTTTCAACT,2,2
TTTGTTATCTGGTAGAAATTTTTCCCCG,1,0
TTTGTTATCTGGTAGAATTGTTTCAACT,0,1
TTTGTTATCTTTCAGATGTGACTCACAG,42,71
TTTGTTATCTTTCAGATGTGACTCCCAT,0,1
TTTGTTATCTTTCAGATGTTACTCACAT,1,0
TTTGTTATCTTTCAGATTTGACTCACAT,2,4
TTTGTTATCTTTCAGATTTGACTCACCG,1,1
TTTGTTCACTTTTAGTAATGCGTCACGA,27,0
TTTGTTCACTTTTAGTAATGCTTCACTA,1,0
TTTGTTCACTTTTAGTAATTCGTCACTA,1,0
TTTGTTCCCTGAAAGCAATGGACCAGAG,0,1
TTTGTTCCCTGACAGCTATGGTCCAGAG,25,25
TTTGTTCCCTGACAGCTATGTTCCATAG,3,0
TTTGTTCCCTGACAGCTATTTTCCAGAG,0,1
TTTGTTCCCTTTAAGGTTTGCTGCAGGG,37,0
TTTGTTCCCTTTAAGGTTTGCTGCATGT,1,0
TTTGTTCCCTTTAAGGTTTGCTTCATGG,1,0
TTTGTTCCCTTTAAGGTTTGCTTCATTT,2,0
TTTGTTCCCTTTAAGGTTTTCTGCATGG,2,0
TTTGTTCCCTTTAAGGTTTTCTTCAGTG,1,0
TTTGTTCCCTTTAAGGTTTTCTTCATGT,2,0
TTTGTTCCCTTTAATGTTTTCTTCATTT,1,0
TTTGTTCGCTCCTAGTTTTTGGTCACGC,0,1
TTTGTTCGCTCGGAGCGTGGATTCCTAT,1,0
TTTGTTCGCTCGGAGCGTTGATTCATAT,38,0
TTTGTTCGCTCGGAGCGTTGATTCCTCT,1,0
TTTGTTCTCTGCCAGTGCTGGCGCATCT,151,149
TTTGTTCTCTGCCAGTGCTGGCTCCTCT,0,1
TTTGTTCTCTGCCAGTGCTGTCTCATCT,17,14
TTTGTTCTCTGCCAGTGCTTTCTCCTCT,0,1
TTTGTTCTCTGCCAGTTCTGGCTCATCT,2,1
TTTGTTCTCTGCCAGTTCTGTCGCATCT,2,1
TTTGTTCTCTGCCAGTTCTTGCGCATCT,1,1
TTTGTTCTCTGCCAGTTCTTTCTCATCT,2,6
TTTGTTCTCTGTTAGAACTGGTCCACTT,1,0
TTTGTTCTCTTGTAGCTATGTCTCACTT,0,1
TTTGTTGACTGGGAGGGATGTCACAAGT,0,53
TTTGTTGACTGGGAGGGATGTCACCCGT,0,3
TTTGTTGACTGGGAGGGATTTCACAATT,0,2
TTTGTTGACTGGGAGGTATGTCACAATT,0,1
TTTGTTGACTGGGAGGTATTTCACAAGT,0,1
TTTGTTGCCTGTAAGCGTTGCGCAGAGA,1,0
TTTGTTGCCTGTAAGCTTTGCTCATAGA,1,0
TTTGTTGCCTTTAAGGAATGCTTCATAC,1,0
TTTGTTGGCTCTGAGACTTGTGCCAATC,32,37
TTTGTTGGCTCTGAGACTTGTGCCCCTC,1,1
TTTGTTGGCTCTGAGACTTTTTCCAATC,1,1
TTTGTTGTCTAAAAGTTCTGGTACACAT,21,50
TTTGTTGTCTAAAAGTTCTTTTACACAT,0,3
TTTGTTGTCTAGTAGCAATGTCACACCA,1,0
TTTGTTGTCTGTTAGCTATGCTCCAAGG,1,0
TTTGTTGTCTTGTAGCTATGTCTCACGT,215,114
TTTGTTGTCTTGTAGCTATTTCTCACTT,4,4
TTTGTTTACTTAAAGTATTGCTGCAACT,0,1
TTTGTTTCCTATTAGGAATGAGGCAATA,0,51
TTTGTTTCCTATTAGGAATGATTCACTA,0,2
TTTGTTTCCTATTAGGAATTAGTCACTC,0,1
TTTGTTTCCTATTAGGAATTATTCAATA,0,7
TTTGTTTGCTGAGAGCCACCGCCCCTCC,0,1
TTTGTTTGCTGAGAGCCATGGCCCATCC,22,30
TTTGTTTGCTGAGAGCCATTTCCCATCC,1,1
TTTGTTTGCTTAGAGAGATGTCGCACTT,3,48
TTTGTTTGCTTAGAGAGATTTCTCACTT,0,6
TTTGTTTGCTTAGAGATATGTCTCACTT,0,1
TTTGTTTGCTTCCAGCTCTGGTGCTATC,0,1
